date,season,league,home,away,home_score,away_score,neutral,espn_id
2023-01-01T00:00:00Z,2023,nba,Charlotte Hornets,Brooklyn Nets,106,123,0,401468694
2023-01-01T00:00:00Z,2023,nba,Chicago Bulls,Cleveland Cavaliers,102,103,0,401468695
2023-01-01T00:00:00Z,2023,nba,Houston Rockets,New York Knicks,88,108,0,401468696
2023-01-01T00:00:00Z,2023,nba,San Antonio Spurs,Dallas Mavericks,125,126,0,401468697
2023-01-01T01:00:00Z,2023,nba,Memphis Grizzlies,New Orleans Pelicans,116,101,0,401468698
2023-01-01T01:00:00Z,2023,nba,Minnesota Timberwolves,Detroit Pistons,104,116,0,401468699
2023-01-01T01:00:00Z,2023,nba,Oklahoma City Thunder,Philadelphia 76ers,96,115,0,401468700
2023-01-01T02:00:00Z,2023,nba,Utah Jazz,Miami Heat,123,126,0,401468701
2023-01-02T01:00:00Z,2023,nba,Memphis Grizzlies,Sacramento Kings,118,108,0,401468702
2023-01-02T01:00:00Z,2023,nba,Milwaukee Bucks,Washington Wizards,95,118,0,401468703
2023-01-02T01:00:00Z,2023,nba,Denver Nuggets,Boston Celtics,123,111,0,401468704
2023-01-02T20:00:00Z,2023,nba,New York Knicks,Phoenix Suns,102,83,0,401468705
2023-01-03T00:00:00Z,2023,nba,Charlotte Hornets,Los Angeles Lakers,115,121,0,401468706
2023-01-03T00:00:00Z,2023,nba,Cleveland Cavaliers,Chicago Bulls,145,134,0,401468707
2023-01-03T00:00:00Z,2023,nba,Indiana Pacers,Toronto Raptors,122,114,0,401468708
2023-01-03T00:00:00Z,2023,nba,Philadelphia 76ers,New Orleans Pelicans,120,111,0,401468709
2023-01-03T00:30:00Z,2023,nba,Brooklyn Nets,San Antonio Spurs,139,103,0,401468710
2023-01-03T01:00:00Z,2023,nba,Houston Rockets,Dallas Mavericks,106,111,0,401468711
2023-01-03T01:00:00Z,2023,nba,Minnesota Timberwolves,Denver Nuggets,124,111,0,401468712
2023-01-03T03:00:00Z,2023,nba,Golden State Warriors,Atlanta Hawks,143,141,0,401468713
2023-01-03T03:00:00Z,2023,nba,Portland Trail Blazers,Detroit Pistons,135,106,0,401468714
2023-01-03T03:30:00Z,2023,nba,LA Clippers,Miami Heat,100,110,0,401468715
2023-01-04T01:00:00Z,2023,nba,Milwaukee Bucks,Washington Wizards,123,113,0,401468716
2023-01-04T01:00:00Z,2023,nba,Oklahoma City Thunder,Boston Celtics,150,117,0,401468717
2023-01-04T02:00:00Z,2023,nba,Utah Jazz,Sacramento Kings,115,117,0,401468718
2023-01-05T00:00:00Z,2023,nba,Charlotte Hornets,Memphis Grizzlies,107,131,0,401468719
2023-01-05T00:00:00Z,2023,nba,Cleveland Cavaliers,Phoenix Suns,90,88,0,401468720
2023-01-05T00:00:00Z,2023,nba,Orlando Magic,Oklahoma City Thunder,126,115,0,401468721
2023-01-05T00:00:00Z,2023,nba,Philadelphia 76ers,Indiana Pacers,129,126,0,401468722
2023-01-05T00:30:00Z,2023,nba,New York Knicks,San Antonio Spurs,117,114,0,401468723
2023-01-05T00:30:00Z,2023,nba,Toronto Raptors,Milwaukee Bucks,101,104,0,401468724
2023-01-05T01:00:00Z,2023,nba,Chicago Bulls,Brooklyn Nets,121,112,0,401468725
2023-01-05T01:00:00Z,2023,nba,Minnesota Timberwolves,Portland Trail Blazers,113,106,0,401468726
2023-01-05T01:00:00Z,2023,nba,New Orleans Pelicans,Houston Rockets,119,108,0,401468727
2023-01-05T03:00:00Z,2023,nba,Golden State Warriors,Detroit Pistons,119,122,0,401468728
2023-01-05T03:00:00Z,2023,nba,Los Angeles Lakers,Miami Heat,112,109,0,401468729
2023-01-05T03:00:00Z,2023,nba,Sacramento Kings,Atlanta Hawks,117,120,0,401468730
2023-01-06T00:00:00Z,2023,nba,Orlando Magic,Memphis Grizzlies,115,123,0,401468731
2023-01-06T00:30:00Z,2023,nba,Dallas Mavericks,Boston Celtics,95,124,0,401468732
2023-01-06T01:00:00Z,2023,nba,Houston Rockets,Utah Jazz,114,131,0,401468733
2023-01-06T03:00:00Z,2023,nba,Denver Nuggets,LA Clippers,122,91,0,401468734
2023-01-07T00:00:00Z,2023,nba,Indiana Pacers,Portland Trail Blazers,108,99,0,401468735
2023-01-07T00:00:00Z,2023,nba,Philadelphia 76ers,Chicago Bulls,112,126,0,401468736
2023-01-07T00:30:00Z,2023,nba,Toronto Raptors,New York Knicks,108,112,0,401468737
2023-01-07T00:30:00Z,2023,nba,New Orleans Pelicans,Brooklyn Nets,102,108,0,401468741
2023-01-07T01:00:00Z,2023,nba,Milwaukee Bucks,Charlotte Hornets,109,138,0,401468738
2023-01-07T01:00:00Z,2023,nba,Oklahoma City Thunder,Washington Wizards,127,110,0,401468739
2023-01-07T01:00:00Z,2023,nba,San Antonio Spurs,Detroit Pistons,121,109,0,401468740
2023-01-07T02:00:00Z,2023,nba,Minnesota Timberwolves,LA Clippers,128,115,0,401468742
2023-01-07T02:00:00Z,2023,nba,Denver Nuggets,Cleveland Cavaliers,121,108,0,401468743
2023-01-07T03:00:00Z,2023,nba,Phoenix Suns,Miami Heat,96,104,0,401468744
2023-01-07T03:30:00Z,2023,nba,Los Angeles Lakers,Atlanta Hawks,130,114,0,401468745
2023-01-07T23:00:00Z,2023,nba,San Antonio Spurs,Boston Celtics,116,121,0,401468746
2023-01-08T01:00:00Z,2023,nba,Chicago Bulls,Utah Jazz,126,118,0,401468747
2023-01-08T01:00:00Z,2023,nba,Dallas Mavericks,New Orleans Pelicans,127,117,0,401468748
2023-01-08T01:30:00Z,2023,nba,Golden State Warriors,Orlando Magic,101,115,0,401468749
2023-01-08T03:00:00Z,2023,nba,Sacramento Kings,Los Angeles Lakers,134,136,0,401468750
2023-01-08T20:00:00Z,2023,nba,Detroit Pistons,Philadelphia 76ers,111,123,0,401468751
2023-01-08T20:30:00Z,2023,nba,Toronto Raptors,Portland Trail Blazers,117,105,0,401468752
2023-01-08T22:00:00Z,2023,nba,Indiana Pacers,Charlotte Hornets,116,111,0,401468753
2023-01-08T23:00:00Z,2023,nba,Miami Heat,Brooklyn Nets,101,102,0,401468754
2023-01-08T23:00:00Z,2023,nba,Memphis Grizzlies,Utah Jazz,123,118,0,401468755
2023-01-09T00:00:00Z,2023,nba,Houston Rockets,Minnesota Timberwolves,96,104,0,401468756
2023-01-09T00:00:00Z,2023,nba,Oklahoma City Thunder,Dallas Mavericks,120,109,0,401468757
2023-01-09T01:00:00Z,2023,nba,Phoenix Suns,Cleveland Cavaliers,98,112,0,401468758
2023-01-09T02:00:00Z,2023,nba,LA Clippers,Atlanta Hawks,108,112,0,401468759
2023-01-10T00:00:00Z,2023,nba,Washington Wizards,New Orleans Pelicans,112,132,0,401468760
2023-01-10T00:30:00Z,2023,nba,Boston Celtics,Chicago Bulls,107,99,0,401468761
2023-01-10T00:30:00Z,2023,nba,New York Knicks,Milwaukee Bucks,107,111,0,401468762
2023-01-10T01:00:00Z,2023,nba,Memphis Grizzlies,San Antonio Spurs,121,113,0,401468763
2023-01-10T02:00:00Z,2023,nba,Denver Nuggets,Los Angeles Lakers,122,109,0,401468764
2023-01-10T03:00:00Z,2023,nba,Sacramento Kings,Orlando Magic,136,111,0,401468765
2023-01-11T00:00:00Z,2023,nba,Philadelphia 76ers,Detroit Pistons,147,116,0,401468767
2023-01-11T00:30:00Z,2023,nba,Miami Heat,Oklahoma City Thunder,112,111,0,401468766
2023-01-11T00:30:00Z,2023,nba,Toronto Raptors,Charlotte Hornets,132,120,0,401468768
2023-01-11T02:00:00Z,2023,nba,Utah Jazz,Cleveland Cavaliers,116,114,0,401468769
2023-01-11T03:00:00Z,2023,nba,Golden State Warriors,Phoenix Suns,113,125,0,401468770
2023-01-11T03:00:00Z,2023,nba,Portland Trail Blazers,Orlando Magic,106,109,0,401468771
2023-01-11T03:30:00Z,2023,nba,LA Clippers,Dallas Mavericks,113,101,0,401468772
2023-01-12T00:00:00Z,2023,nba,Detroit Pistons,Minnesota Timberwolves,135,118,0,401468773
2023-01-12T00:00:00Z,2023,nba,Washington Wizards,Chicago Bulls,100,97,0,401468774
2023-01-12T00:30:00Z,2023,nba,Atlanta Hawks,Milwaukee Bucks,105,114,0,401468775
2023-01-12T00:30:00Z,2023,nba,Boston Celtics,New Orleans Pelicans,125,114,0,401468776
2023-01-12T00:30:00Z,2023,nba,New York Knicks,Indiana Pacers,119,113,0,401468777
2023-01-12T01:00:00Z,2023,nba,Memphis Grizzlies,San Antonio Spurs,135,129,0,401468778
2023-01-12T03:00:00Z,2023,nba,Denver Nuggets,Phoenix Suns,126,97,0,401468779
2023-01-12T03:00:00Z,2023,nba,Sacramento Kings,Houston Rockets,135,115,0,401468780
2023-01-13T00:00:00Z,2023,nba,Philadelphia 76ers,Oklahoma City Thunder,114,133,0,401468781
2023-01-13T00:30:00Z,2023,nba,Brooklyn Nets,Boston Celtics,98,109,0,401468782
2023-01-13T00:30:00Z,2023,nba,Miami Heat,Milwaukee Bucks,108,102,0,401468783
2023-01-13T00:30:00Z,2023,nba,Toronto Raptors,Charlotte Hornets,124,114,0,401468784
2023-01-13T03:00:00Z,2023,nba,Los Angeles Lakers,Dallas Mavericks,115,119,0,401468785
2023-01-13T03:00:00Z,2023,nba,Portland Trail Blazers,Cleveland Cavaliers,113,119,0,401468786
2023-01-14T00:00:00Z,2023,nba,Detroit Pistons,New Orleans Pelicans,110,116,0,401468787
2023-01-14T00:00:00Z,2023,nba,Indiana Pacers,Atlanta Hawks,111,113,0,401468788
2023-01-14T00:00:00Z,2023,nba,Washington Wizards,New York Knicks,108,112,0,401468789
2023-01-14T00:30:00Z,2023,nba,San Antonio Spurs,Golden State Warriors,113,144,0,401468790
2023-01-14T01:00:00Z,2023,nba,Chicago Bulls,Oklahoma City Thunder,110,124,0,401468791
2023-01-14T01:00:00Z,2023,nba,Minnesota Timberwolves,Phoenix Suns,121,116,0,401468792
2023-01-14T02:00:00Z,2023,nba,Utah Jazz,Orlando Magic,112,108,0,401468793
2023-01-14T03:00:00Z,2023,nba,LA Clippers,Denver Nuggets,103,115,0,401468794
2023-01-14T03:00:00Z,2023,nba,Sacramento Kings,Houston Rockets,139,114,0,401468795
2023-01-14T18:00:00Z,2023,nba,Miami Heat,Milwaukee Bucks,111,95,0,401468796
2023-01-15T00:00:00Z,2023,nba,Charlotte Hornets,Boston Celtics,106,122,0,401468797
2023-01-15T00:00:00Z,2023,nba,Indiana Pacers,Memphis Grizzlies,112,130,0,401468798
2023-01-15T00:30:00Z,2023,nba,Toronto Raptors,Atlanta Hawks,103,114,0,401468799
2023-01-15T01:00:00Z,2023,nba,Minnesota Timberwolves,Cleveland Cavaliers,110,102,0,401468800
2023-01-15T02:00:00Z,2023,nba,Utah Jazz,Philadelphia 76ers,117,118,0,401468801
2023-01-15T03:00:00Z,2023,nba,Portland Trail Blazers,Dallas Mavericks,136,119,0,401468802
2023-01-15T18:00:00Z,2023,nba,Detroit Pistons,New York Knicks,104,117,0,401468803
2023-01-15T20:00:00Z,2023,nba,LA Clippers,Houston Rockets,121,100,0,401468804
2023-01-15T20:30:00Z,2023,nba,Chicago Bulls,Golden State Warriors,132,118,0,401468805
2023-01-15T23:00:00Z,2023,nba,Brooklyn Nets,Oklahoma City Thunder,102,112,0,401468806
2023-01-16T00:00:00Z,2023,nba,San Antonio Spurs,Sacramento Kings,119,132,0,401468807
2023-01-16T01:00:00Z,2023,nba,Denver Nuggets,Orlando Magic,119,116,0,401468808
2023-01-16T02:00:00Z,2023,nba,Portland Trail Blazers,Dallas Mavericks,140,123,0,401468809
2023-01-16T02:30:00Z,2023,nba,Los Angeles Lakers,Philadelphia 76ers,112,113,0,401468810
2023-01-16T18:00:00Z,2023,nba,Charlotte Hornets,Boston Celtics,118,130,0,401468811
2023-01-16T19:30:00Z,2023,nba,Milwaukee Bucks,Indiana Pacers,132,119,0,401468812
2023-01-16T20:00:00Z,2023,nba,Cleveland Cavaliers,New Orleans Pelicans,113,103,0,401468813
2023-01-16T20:00:00Z,2023,nba,New York Knicks,Toronto Raptors,121,123,0,401468814
2023-01-16T20:00:00Z,2023,nba,Washington Wizards,Golden State Warriors,118,127,0,401468815
2023-01-16T20:30:00Z,2023,nba,Atlanta Hawks,Miami Heat,121,113,0,401468816
2023-01-16T21:00:00Z,2023,nba,Minnesota Timberwolves,Utah Jazz,125,126,0,401468817
2023-01-16T23:00:00Z,2023,nba,Memphis Grizzlies,Phoenix Suns,136,106,0,401468818
2023-01-17T03:30:00Z,2023,nba,Los Angeles Lakers,Houston Rockets,140,132,0,401468819
2023-01-18T00:30:00Z,2023,nba,Milwaukee Bucks,Toronto Raptors,130,122,0,401468820
2023-01-18T01:00:00Z,2023,nba,San Antonio Spurs,Brooklyn Nets,106,98,0,401468821
2023-01-18T02:00:00Z,2023,nba,Denver Nuggets,Portland Trail Blazers,122,113,0,401468822
2023-01-18T03:00:00Z,2023,nba,LA Clippers,Philadelphia 76ers,110,120,0,401468823
2023-01-19T00:30:00Z,2023,nba,New York Knicks,Washington Wizards,105,116,0,401468824
2023-01-19T00:30:00Z,2023,nba,Dallas Mavericks,Atlanta Hawks,122,130,0,401468825
2023-01-19T01:00:00Z,2023,nba,Houston Rockets,Charlotte Hornets,117,122,0,401468826
2023-01-19T01:00:00Z,2023,nba,Memphis Grizzlies,Cleveland Cavaliers,115,114,0,401468827
2023-01-19T01:00:00Z,2023,nba,New Orleans Pelicans,Miami Heat,98,124,0,401468828
2023-01-19T01:00:00Z,2023,nba,Oklahoma City Thunder,Indiana Pacers,126,106,0,401468829
2023-01-19T02:00:00Z,2023,nba,Utah Jazz,LA Clippers,126,103,0,401468830
2023-01-19T03:12:00Z,2023,nba,Denver Nuggets,Minnesota Timberwolves,122,118,0,401468831
2023-01-19T03:30:00Z,2023,nba,Los Angeles Lakers,Sacramento Kings,111,116,0,401468832
2023-01-19T20:00:00Z,2023,nba,Detroit Pistons,Chicago Bulls,108,126,1,401468833
2023-01-20T00:30:00Z,2023,nba,Boston Celtics,Golden State Warriors,121,118,0,401468834
2023-01-20T01:00:00Z,2023,nba,Minnesota Timberwolves,Toronto Raptors,128,126,0,401468835
2023-01-20T03:00:00Z,2023,nba,Phoenix Suns,Brooklyn Nets,117,112,0,401468836
2023-01-20T03:00:00Z,2023,nba,Portland Trail Blazers,Philadelphia 76ers,95,105,0,401468837
2023-01-21T00:00:00Z,2023,nba,Orlando Magic,New Orleans Pelicans,123,110,0,401468838
2023-01-21T00:30:00Z,2023,nba,Atlanta Hawks,New York Knicks,139,124,0,401468839
2023-01-21T00:30:00Z,2023,nba,Cleveland Cavaliers,Golden State Warriors,114,120,0,401468840
2023-01-21T00:30:00Z,2023,nba,Dallas Mavericks,Miami Heat,115,90,0,401468841
2023-01-21T01:00:00Z,2023,nba,San Antonio Spurs,LA Clippers,126,131,0,401468842
2023-01-21T02:00:00Z,2023,nba,Denver Nuggets,Indiana Pacers,134,111,0,401468843
2023-01-21T02:00:00Z,2023,nba,Utah Jazz,Brooklyn Nets,106,117,0,401468844
2023-01-21T03:00:00Z,2023,nba,Los Angeles Lakers,Memphis Grizzlies,122,121,0,401468845
2023-01-21T03:00:00Z,2023,nba,Sacramento Kings,Oklahoma City Thunder,118,113,0,401468846
2023-01-21T22:00:00Z,2023,nba,Toronto Raptors,Boston Celtics,104,106,0,401468847
2023-01-22T00:00:00Z,2023,nba,Washington Wizards,Orlando Magic,138,118,0,401468848
2023-01-22T00:30:00Z,2023,nba,Atlanta Hawks,Charlotte Hornets,118,122,0,401468849
2023-01-22T00:30:00Z,2023,nba,Cleveland Cavaliers,Milwaukee Bucks,114,102,0,401468850
2023-01-22T01:00:00Z,2023,nba,Minnesota Timberwolves,Houston Rockets,113,104,0,401468851
2023-01-22T02:00:00Z,2023,nba,Phoenix Suns,Indiana Pacers,112,107,0,401468852
2023-01-22T03:00:00Z,2023,nba,Sacramento Kings,Philadelphia 76ers,127,129,0,401468853
2023-01-22T19:30:00Z,2023,nba,Dallas Mavericks,LA Clippers,98,112,0,401468856
2023-01-22T20:30:00Z,2023,nba,Miami Heat,New Orleans Pelicans,100,96,0,401468854
2023-01-22T23:00:00Z,2023,nba,Toronto Raptors,New York Knicks,125,116,0,401468855
2023-01-23T01:00:00Z,2023,nba,Denver Nuggets,Oklahoma City Thunder,99,101,0,401468857
2023-01-23T01:00:00Z,2023,nba,Phoenix Suns,Memphis Grizzlies,112,110,0,401468858
2023-01-23T01:30:00Z,2023,nba,Golden State Warriors,Brooklyn Nets,116,120,0,401468859
2023-01-23T02:00:00Z,2023,nba,Portland Trail Blazers,Los Angeles Lakers,112,121,0,401468860
2023-01-24T00:00:00Z,2023,nba,Detroit Pistons,Milwaukee Bucks,130,150,0,401468861
2023-01-24T00:00:00Z,2023,nba,Orlando Magic,Boston Celtics,113,98,0,401468862
2023-01-24T01:00:00Z,2023,nba,Chicago Bulls,Atlanta Hawks,111,100,0,401468863
2023-01-24T01:00:00Z,2023,nba,Houston Rockets,Minnesota Timberwolves,119,114,0,401468864
2023-01-24T02:00:00Z,2023,nba,Utah Jazz,Charlotte Hornets,120,102,0,401468865
2023-01-24T03:00:00Z,2023,nba,Portland Trail Blazers,San Antonio Spurs,147,127,0,401468866
2023-01-24T03:30:00Z,2023,nba,Sacramento Kings,Memphis Grizzlies,133,100,0,401468867
2023-01-25T00:00:00Z,2023,nba,Indiana Pacers,Chicago Bulls,116,110,0,401468868
2023-01-25T00:30:00Z,2023,nba,Miami Heat,Boston Celtics,98,95,0,401468869
2023-01-25T00:30:00Z,2023,nba,New York Knicks,Cleveland Cavaliers,105,103,0,401468870
2023-01-25T01:00:00Z,2023,nba,New Orleans Pelicans,Denver Nuggets,98,99,0,401468871
2023-01-25T01:30:00Z,2023,nba,Dallas Mavericks,Washington Wizards,126,127,0,401468872
2023-01-25T02:00:00Z,2023,nba,Phoenix Suns,Charlotte Hornets,128,97,0,401468873
2023-01-25T03:00:00Z,2023,nba,Los Angeles Lakers,LA Clippers,115,133,0,401468874
2023-01-26T00:00:00Z,2023,nba,Orlando Magic,Indiana Pacers,126,120,0,401468875
2023-01-26T00:30:00Z,2023,nba,Philadelphia 76ers,Brooklyn Nets,137,133,0,401468876
2023-01-26T01:00:00Z,2023,nba,Houston Rockets,Washington Wizards,103,108,0,401468877
2023-01-26T01:00:00Z,2023,nba,Milwaukee Bucks,Denver Nuggets,107,99,0,401468878
2023-01-26T01:00:00Z,2023,nba,New Orleans Pelicans,Minnesota Timberwolves,102,111,0,401468879
2023-01-26T01:00:00Z,2023,nba,Oklahoma City Thunder,Atlanta Hawks,132,137,0,401468880
2023-01-26T03:00:00Z,2023,nba,Golden State Warriors,Memphis Grizzlies,122,120,0,401468881
2023-01-26T03:00:00Z,2023,nba,Portland Trail Blazers,Utah Jazz,134,124,0,401468882
2023-01-26T03:00:00Z,2023,nba,Sacramento Kings,Toronto Raptors,95,113,0,401468883
2023-01-26T03:30:00Z,2023,nba,Los Angeles Lakers,San Antonio Spurs,113,104,0,401468884
2023-01-27T00:30:00Z,2023,nba,Boston Celtics,New York Knicks,117,120,0,401468885
2023-01-27T00:30:00Z,2023,nba,Brooklyn Nets,Detroit Pistons,122,130,0,401468886
2023-01-27T00:30:00Z,2023,nba,Charlotte Hornets,Chicago Bulls,111,96,0,401468887
2023-01-27T01:00:00Z,2023,nba,Houston Rockets,Cleveland Cavaliers,95,113,0,401468888
2023-01-27T03:00:00Z,2023,nba,Phoenix Suns,Dallas Mavericks,95,99,0,401468889
2023-01-27T03:30:00Z,2023,nba,LA Clippers,San Antonio Spurs,138,100,0,401468890
2023-01-28T00:00:00Z,2023,nba,Indiana Pacers,Milwaukee Bucks,131,141,0,401468891
2023-01-28T00:30:00Z,2023,nba,Minnesota Timberwolves,Memphis Grizzlies,111,100,0,401468892
2023-01-28T01:00:00Z,2023,nba,Miami Heat,Orlando Magic,110,105,0,401468893
2023-01-28T01:00:00Z,2023,nba,Oklahoma City Thunder,Cleveland Cavaliers,112,100,0,401468894
2023-01-28T03:00:00Z,2023,nba,Golden State Warriors,Toronto Raptors,129,117,0,401468895
2023-01-28T20:00:00Z,2023,nba,Philadelphia 76ers,Denver Nuggets,126,119,0,401468896
2023-01-28T22:30:00Z,2023,nba,Brooklyn Nets,New York Knicks,122,115,0,401468897
2023-01-29T00:00:00Z,2023,nba,Detroit Pistons,Houston Rockets,114,117,0,401468898
2023-01-29T00:00:00Z,2023,nba,Orlando Magic,Chicago Bulls,109,128,0,401468899
2023-01-29T00:30:00Z,2023,nba,Atlanta Hawks,LA Clippers,113,120,0,401468900
2023-01-29T01:00:00Z,2023,nba,Minnesota Timberwolves,Sacramento Kings,117,110,0,401468901
2023-01-29T01:00:00Z,2023,nba,New Orleans Pelicans,Washington Wizards,103,113,0,401468902
2023-01-29T01:00:00Z,2023,nba,San Antonio Spurs,Phoenix Suns,118,128,0,401468903
2023-01-29T01:30:00Z,2023,nba,Boston Celtics,Los Angeles Lakers,125,121,0,401468904
2023-01-29T02:00:00Z,2023,nba,Utah Jazz,Dallas Mavericks,108,100,0,401468905
2023-01-29T03:00:00Z,2023,nba,Portland Trail Blazers,Toronto Raptors,105,123,0,401468906
2023-01-29T18:00:00Z,2023,nba,Charlotte Hornets,Miami Heat,122,117,0,401468907
2023-01-29T23:00:00Z,2023,nba,Memphis Grizzlies,Indiana Pacers,112,100,0,401468908
2023-01-30T00:00:00Z,2023,nba,Cleveland Cavaliers,LA Clippers,122,99,0,401468909
2023-01-30T01:00:00Z,2023,nba,Milwaukee Bucks,New Orleans Pelicans,135,110,0,401468910
2023-01-31T00:00:00Z,2023,nba,Philadelphia 76ers,Orlando Magic,109,119,0,401468911
2023-01-31T00:30:00Z,2023,nba,Brooklyn Nets,Los Angeles Lakers,121,104,0,401468912
2023-01-31T01:00:00Z,2023,nba,Minnesota Timberwolves,Sacramento Kings,111,118,0,401468913
2023-01-31T01:00:00Z,2023,nba,Oklahoma City Thunder,Golden State Warriors,120,128,0,401468914
2023-01-31T01:00:00Z,2023,nba,San Antonio Spurs,Washington Wizards,106,127,0,401468915
2023-01-31T01:30:00Z,2023,nba,Dallas Mavericks,Detroit Pistons,111,105,0,401468916
2023-01-31T02:00:00Z,2023,nba,Phoenix Suns,Toronto Raptors,114,106,0,401468917
2023-01-31T03:00:00Z,2023,nba,Portland Trail Blazers,Atlanta Hawks,129,125,0,401468918
2023-02-01T00:00:00Z,2023,nba,Cleveland Cavaliers,Miami Heat,97,100,0,401468919
2023-02-01T00:30:00Z,2023,nba,New York Knicks,Los Angeles Lakers,123,129,0,401468920
2023-02-01T01:00:00Z,2023,nba,Chicago Bulls,LA Clippers,103,108,0,401468921
2023-02-01T01:00:00Z,2023,nba,Milwaukee Bucks,Charlotte Hornets,124,115,0,401468922
2023-02-01T03:00:00Z,2023,nba,Denver Nuggets,New Orleans Pelicans,122,113,0,401468923
2023-02-02T00:00:00Z,2023,nba,Philadelphia 76ers,Orlando Magic,105,94,0,401468925
2023-02-02T00:00:00Z,2023,nba,Memphis Grizzlies,Portland Trail Blazers,112,122,0,401468926
2023-02-02T00:30:00Z,2023,nba,Boston Celtics,Brooklyn Nets,139,96,0,401468927
2023-02-02T01:00:00Z,2023,nba,Houston Rockets,Oklahoma City Thunder,112,106,0,401468928
2023-02-02T01:00:00Z,2023,nba,Minnesota Timberwolves,Golden State Warriors,119,114,0,401468929
2023-02-02T01:00:00Z,2023,nba,San Antonio Spurs,Sacramento Kings,109,119,0,401468930
2023-02-02T02:00:00Z,2023,nba,Utah Jazz,Toronto Raptors,131,128,0,401468931
2023-02-02T03:00:00Z,2023,nba,Phoenix Suns,Atlanta Hawks,100,132,0,401468932
2023-02-03T00:00:00Z,2023,nba,Indiana Pacers,Los Angeles Lakers,111,112,0,401468933
2023-02-03T00:30:00Z,2023,nba,Cleveland Cavaliers,Memphis Grizzlies,128,113,0,401468934
2023-02-03T00:30:00Z,2023,nba,New York Knicks,Miami Heat,106,104,0,401468935
2023-02-03T01:00:00Z,2023,nba,Chicago Bulls,Charlotte Hornets,114,98,0,401468936
2023-02-03T01:30:00Z,2023,nba,Dallas Mavericks,New Orleans Pelicans,111,106,0,401468937
2023-02-03T02:00:00Z,2023,nba,Denver Nuggets,Golden State Warriors,134,117,0,401468938
2023-02-03T03:00:00Z,2023,nba,Milwaukee Bucks,LA Clippers,106,105,0,401468939
2023-02-04T00:00:00Z,2023,nba,Detroit Pistons,Charlotte Hornets,118,112,0,401468940
2023-02-04T00:00:00Z,2023,nba,Indiana Pacers,Sacramento Kings,107,104,0,401468941
2023-02-04T00:00:00Z,2023,nba,Washington Wizards,Portland Trail Blazers,116,124,0,401468942
2023-02-04T00:30:00Z,2023,nba,Boston Celtics,Phoenix Suns,94,106,0,401468943
2023-02-04T01:00:00Z,2023,nba,Houston Rockets,Toronto Raptors,111,117,0,401468944
2023-02-04T01:00:00Z,2023,nba,Minnesota Timberwolves,Orlando Magic,120,127,0,401468945
2023-02-04T01:00:00Z,2023,nba,San Antonio Spurs,Philadelphia 76ers,125,137,0,401468946
2023-02-04T02:00:00Z,2023,nba,Utah Jazz,Atlanta Hawks,108,115,0,401468947
2023-02-04T23:00:00Z,2023,nba,Brooklyn Nets,Washington Wizards,125,123,0,401468948
2023-02-04T23:00:00Z,2023,nba,New Orleans Pelicans,Los Angeles Lakers,131,126,0,401468953
2023-02-05T00:00:00Z,2023,nba,Detroit Pistons,Phoenix Suns,100,116,0,401468949
2023-02-05T00:00:00Z,2023,nba,New York Knicks,LA Clippers,128,134,0,401468950
2023-02-05T01:00:00Z,2023,nba,Chicago Bulls,Portland Trail Blazers,129,121,0,401468951
2023-02-05T01:00:00Z,2023,nba,Milwaukee Bucks,Miami Heat,123,115,0,401468952
2023-02-05T01:00:00Z,2023,nba,Oklahoma City Thunder,Houston Rockets,153,121,0,401468954
2023-02-05T01:30:00Z,2023,nba,Golden State Warriors,Dallas Mavericks,119,113,0,401468955
2023-02-05T02:00:00Z,2023,nba,Denver Nuggets,Atlanta Hawks,128,108,0,401468956
2023-02-05T18:00:00Z,2023,nba,Charlotte Hornets,Orlando Magic,113,119,0,401468957
2023-02-05T22:00:00Z,2023,nba,Indiana Pacers,Cleveland Cavaliers,103,122,0,401468958
2023-02-05T23:00:00Z,2023,nba,New York Knicks,Philadelphia 76ers,108,97,0,401468959
2023-02-05T23:00:00Z,2023,nba,Memphis Grizzlies,Toronto Raptors,103,106,0,401468960
2023-02-06T00:00:00Z,2023,nba,Minnesota Timberwolves,Denver Nuggets,128,98,0,401468961
2023-02-06T00:00:00Z,2023,nba,New Orleans Pelicans,Sacramento Kings,136,104,0,401468962
2023-02-07T00:00:00Z,2023,nba,Detroit Pistons,Boston Celtics,99,111,0,401468963
2023-02-07T00:00:00Z,2023,nba,Washington Wizards,Cleveland Cavaliers,91,114,0,401468964
2023-02-07T00:30:00Z,2023,nba,Brooklyn Nets,LA Clippers,116,124,0,401468965
2023-02-07T01:00:00Z,2023,nba,Chicago Bulls,San Antonio Spurs,128,104,0,401468966
2023-02-07T01:00:00Z,2023,nba,Houston Rockets,Sacramento Kings,120,140,0,401468967
2023-02-07T02:00:00Z,2023,nba,Utah Jazz,Dallas Mavericks,111,124,0,401468968
2023-02-07T03:00:00Z,2023,nba,Golden State Warriors,Oklahoma City Thunder,141,114,0,401468969
2023-02-07T03:00:00Z,2023,nba,Portland Trail Blazers,Milwaukee Bucks,108,127,0,401468970
2023-02-08T00:00:00Z,2023,nba,Orlando Magic,New York Knicks,98,102,0,401468971
2023-02-08T00:30:00Z,2023,nba,Brooklyn Nets,Phoenix Suns,112,116,0,401468972
2023-02-08T00:30:00Z,2023,nba,New Orleans Pelicans,Atlanta Hawks,116,107,0,401468973
2023-02-08T01:00:00Z,2023,nba,Memphis Grizzlies,Chicago Bulls,104,89,0,401468974
2023-02-08T02:00:00Z,2023,nba,Denver Nuggets,Minnesota Timberwolves,146,112,0,401468975
2023-02-08T03:00:00Z,2023,nba,Los Angeles Lakers,Oklahoma City Thunder,130,133,0,401468976
2023-02-09T00:00:00Z,2023,nba,Cleveland Cavaliers,Detroit Pistons,113,85,0,401468977
2023-02-09T00:00:00Z,2023,nba,Washington Wizards,Charlotte Hornets,118,104,0,401468978
2023-02-09T00:30:00Z,2023,nba,Boston Celtics,Philadelphia 76ers,106,99,0,401468979
2023-02-09T00:30:00Z,2023,nba,Miami Heat,Indiana Pacers,116,111,0,401468980
2023-02-09T00:30:00Z,2023,nba,Toronto Raptors,San Antonio Spurs,112,98,0,401468981
2023-02-09T01:00:00Z,2023,nba,Houston Rockets,Sacramento Kings,128,130,0,401468982
2023-02-09T02:00:00Z,2023,nba,Utah Jazz,Minnesota Timberwolves,118,143,0,401468983
2023-02-09T03:00:00Z,2023,nba,LA Clippers,Dallas Mavericks,104,110,0,401468984
2023-02-09T03:00:00Z,2023,nba,Portland Trail Blazers,Golden State Warriors,125,122,0,401468985
2023-02-10T00:00:00Z,2023,nba,Orlando Magic,Denver Nuggets,115,104,0,401468986
2023-02-10T00:30:00Z,2023,nba,Atlanta Hawks,Phoenix Suns,116,107,0,401468987
2023-02-10T00:30:00Z,2023,nba,Brooklyn Nets,Chicago Bulls,116,105,0,401468988
2023-02-10T03:00:00Z,2023,nba,Los Angeles Lakers,Milwaukee Bucks,106,115,0,401468989
2023-02-11T00:00:00Z,2023,nba,Detroit Pistons,San Antonio Spurs,138,131,0,401468990
2023-02-11T00:00:00Z,2023,nba,Indiana Pacers,Phoenix Suns,104,117,0,401468991
2023-02-11T00:00:00Z,2023,nba,Philadelphia 76ers,New York Knicks,119,108,0,401468992
2023-02-11T00:30:00Z,2023,nba,Boston Celtics,Charlotte Hornets,127,116,0,401468993
2023-02-11T00:30:00Z,2023,nba,Toronto Raptors,Utah Jazz,116,122,0,401468994
2023-02-11T01:00:00Z,2023,nba,Miami Heat,Houston Rockets,97,95,0,401468995
2023-02-11T01:00:00Z,2023,nba,Memphis Grizzlies,Minnesota Timberwolves,128,107,0,401468996
2023-02-11T03:00:00Z,2023,nba,New Orleans Pelicans,Cleveland Cavaliers,107,118,0,401468997
2023-02-11T03:00:00Z,2023,nba,Portland Trail Blazers,Oklahoma City Thunder,129,138,0,401468998
2023-02-11T03:00:00Z,2023,nba,Sacramento Kings,Dallas Mavericks,114,122,0,401468999
2023-02-11T03:30:00Z,2023,nba,LA Clippers,Milwaukee Bucks,106,119,0,401469000
2023-02-11T23:00:00Z,2023,nba,Brooklyn Nets,Philadelphia 76ers,98,101,0,401469001
2023-02-12T00:00:00Z,2023,nba,Charlotte Hornets,Denver Nuggets,105,119,0,401469002
2023-02-12T00:00:00Z,2023,nba,Orlando Magic,Miami Heat,103,107,0,401469003
2023-02-12T00:00:00Z,2023,nba,Washington Wizards,Indiana Pacers,127,113,0,401469004
2023-02-12T00:30:00Z,2023,nba,Atlanta Hawks,San Antonio Spurs,125,106,0,401469005
2023-02-12T00:30:00Z,2023,nba,New York Knicks,Utah Jazz,126,120,0,401469006
2023-02-12T01:00:00Z,2023,nba,Cleveland Cavaliers,Chicago Bulls,97,89,0,401469007
2023-02-12T01:30:00Z,2023,nba,Golden State Warriors,Los Angeles Lakers,103,109,0,401469008
2023-02-12T03:00:00Z,2023,nba,Sacramento Kings,Dallas Mavericks,133,128,0,401469009
2023-02-12T19:00:00Z,2023,nba,Boston Celtics,Memphis Grizzlies,119,109,0,401469010
2023-02-12T20:00:00Z,2023,nba,Toronto Raptors,Detroit Pistons,119,118,0,401469011
2023-02-14T00:00:00Z,2023,nba,Charlotte Hornets,Atlanta Hawks,144,138,0,401469012
2023-02-14T00:00:00Z,2023,nba,Cleveland Cavaliers,San Antonio Spurs,117,109,0,401469013
2023-02-14T00:00:00Z,2023,nba,Indiana Pacers,Utah Jazz,117,123,0,401469014
2023-02-14T00:00:00Z,2023,nba,Philadelphia 76ers,Houston Rockets,123,104,0,401469015
2023-02-14T00:30:00Z,2023,nba,Miami Heat,Denver Nuggets,108,112,0,401469016
2023-02-14T00:30:00Z,2023,nba,New York Knicks,Brooklyn Nets,124,106,0,401469017
2023-02-14T01:00:00Z,2023,nba,Chicago Bulls,Orlando Magic,91,100,0,401469018
2023-02-14T01:00:00Z,2023,nba,Oklahoma City Thunder,New Orleans Pelicans,100,103,0,401469019
2023-02-14T01:30:00Z,2023,nba,Dallas Mavericks,Minnesota Timberwolves,121,124,0,401469020
2023-02-14T03:00:00Z,2023,nba,Golden State Warriors,Washington Wizards,135,126,0,401469021
2023-02-14T03:00:00Z,2023,nba,Portland Trail Blazers,Los Angeles Lakers,127,115,0,401469022
2023-02-15T00:30:00Z,2023,nba,Toronto Raptors,Orlando Magic,123,113,0,401469023
2023-02-15T00:30:00Z,2023,nba,Milwaukee Bucks,Boston Celtics,131,125,0,401469024
2023-02-15T02:00:00Z,2023,nba,Phoenix Suns,Sacramento Kings,120,109,0,401469025
2023-02-15T03:00:00Z,2023,nba,LA Clippers,Golden State Warriors,134,124,0,401469026
2023-02-15T03:00:00Z,2023,nba,Portland Trail Blazers,Washington Wizards,101,126,0,401469027
2023-02-16T00:00:00Z,2023,nba,Charlotte Hornets,San Antonio Spurs,120,110,0,401469028
2023-02-16T00:00:00Z,2023,nba,Indiana Pacers,Chicago Bulls,117,113,0,401469029
2023-02-16T00:30:00Z,2023,nba,Philadelphia 76ers,Cleveland Cavaliers,118,112,0,401469030
2023-02-16T00:30:00Z,2023,nba,Atlanta Hawks,New York Knicks,101,122,0,401469031
2023-02-16T00:30:00Z,2023,nba,Boston Celtics,Detroit Pistons,127,109,0,401469032
2023-02-16T00:30:00Z,2023,nba,Brooklyn Nets,Miami Heat,116,105,0,401469033
2023-02-16T01:00:00Z,2023,nba,Memphis Grizzlies,Utah Jazz,117,111,0,401469034
2023-02-16T01:00:00Z,2023,nba,Oklahoma City Thunder,Houston Rockets,133,96,0,401469035
2023-02-16T02:00:00Z,2023,nba,Denver Nuggets,Dallas Mavericks,118,109,0,401469036
2023-02-16T03:00:00Z,2023,nba,Los Angeles Lakers,New Orleans Pelicans,120,102,0,401469037
2023-02-17T00:30:00Z,2023,nba,Chicago Bulls,Milwaukee Bucks,100,112,0,401469038
2023-02-17T01:00:00Z,2023,nba,Minnesota Timberwolves,Washington Wizards,106,114,0,401469039
2023-02-17T03:00:00Z,2023,nba,Phoenix Suns,LA Clippers,107,116,0,401469040
2023-02-20T00:30:00Z,2023,nba,Team LeBron,Team Giannis,175,184,1,401524696
2023-02-24T00:00:00Z,2023,nba,Cleveland Cavaliers,Denver Nuggets,109,115,0,401469041
2023-02-24T00:00:00Z,2023,nba,Indiana Pacers,Boston Celtics,138,142,0,401469042
2023-02-24T00:00:00Z,2023,nba,Orlando Magic,Detroit Pistons,108,106,0,401469043
2023-02-24T00:30:00Z,2023,nba,Philadelphia 76ers,Memphis Grizzlies,110,105,0,401469044
2023-02-24T00:30:00Z,2023,nba,Toronto Raptors,New Orleans Pelicans,115,110,0,401469045
2023-02-24T01:30:00Z,2023,nba,Dallas Mavericks,San Antonio Spurs,142,116,0,401469046
2023-02-24T02:00:00Z,2023,nba,Utah Jazz,Oklahoma City Thunder,120,119,0,401469047
2023-02-24T03:00:00Z,2023,nba,Los Angeles Lakers,Golden State Warriors,124,111,0,401469048
2023-02-24T03:00:00Z,2023,nba,Sacramento Kings,Portland Trail Blazers,133,116,0,401469049
2023-02-25T00:00:00Z,2023,nba,Washington Wizards,New York Knicks,109,115,0,401469050
2023-02-25T00:30:00Z,2023,nba,Atlanta Hawks,Cleveland Cavaliers,136,119,0,401469051
2023-02-25T00:30:00Z,2023,nba,Milwaukee Bucks,Miami Heat,128,99,0,401469052
2023-02-25T01:00:00Z,2023,nba,Minnesota Timberwolves,Charlotte Hornets,113,121,0,401469053
2023-02-25T01:00:00Z,2023,nba,Chicago Bulls,Brooklyn Nets,131,87,0,401469055
2023-02-25T03:00:00Z,2023,nba,Phoenix Suns,Oklahoma City Thunder,124,115,0,401469054
2023-02-25T03:00:00Z,2023,nba,Golden State Warriors,Houston Rockets,116,101,0,401469056
2023-02-25T03:30:00Z,2023,nba,LA Clippers,Sacramento Kings,175,176,0,401469057
2023-02-25T17:00:00Z,2023,nba,Detroit Pistons,Toronto Raptors,91,95,0,401469058
2023-02-26T00:00:00Z,2023,nba,Charlotte Hornets,Miami Heat,108,103,0,401469059
2023-02-26T00:00:00Z,2023,nba,Orlando Magic,Indiana Pacers,108,121,0,401469060
2023-02-26T00:30:00Z,2023,nba,New York Knicks,New Orleans Pelicans,128,106,0,401469061
2023-02-26T01:00:00Z,2023,nba,Memphis Grizzlies,Denver Nuggets,112,94,0,401469062
2023-02-26T01:30:00Z,2023,nba,Philadelphia 76ers,Boston Celtics,107,110,0,401469063
2023-02-26T02:00:00Z,2023,nba,Utah Jazz,San Antonio Spurs,118,102,0,401469064
2023-02-26T18:00:00Z,2023,nba,Milwaukee Bucks,Phoenix Suns,104,101,0,401469065
2023-02-26T20:00:00Z,2023,nba,Atlanta Hawks,Brooklyn Nets,129,127,0,401469066
2023-02-26T20:30:00Z,2023,nba,Chicago Bulls,Washington Wizards,102,82,0,401469067
2023-02-26T20:30:00Z,2023,nba,Dallas Mavericks,Los Angeles Lakers,108,111,0,401469068
2023-02-26T23:00:00Z,2023,nba,Cleveland Cavaliers,Toronto Raptors,118,93,0,401469069
2023-02-27T00:00:00Z,2023,nba,Oklahoma City Thunder,Sacramento Kings,115,124,0,401469070
2023-02-27T00:30:00Z,2023,nba,Golden State Warriors,Minnesota Timberwolves,109,104,0,401469071
2023-02-27T02:00:00Z,2023,nba,Portland Trail Blazers,Houston Rockets,131,114,0,401469072
2023-02-27T03:00:00Z,2023,nba,Denver Nuggets,LA Clippers,134,124,0,401469073
2023-02-28T00:00:00Z,2023,nba,Charlotte Hornets,Detroit Pistons,117,106,0,401469074
2023-02-28T00:00:00Z,2023,nba,Philadelphia 76ers,Miami Heat,99,101,0,401469075
2023-02-28T00:30:00Z,2023,nba,New York Knicks,Boston Celtics,109,94,0,401469076
2023-02-28T01:00:00Z,2023,nba,New Orleans Pelicans,Orlando Magic,93,101,0,401469077
2023-03-01T00:30:00Z,2023,nba,Atlanta Hawks,Washington Wizards,116,119,0,401469078
2023-03-01T00:30:00Z,2023,nba,Brooklyn Nets,Milwaukee Bucks,104,118,0,401469079
2023-03-01T00:30:00Z,2023,nba,Toronto Raptors,Chicago Bulls,104,98,0,401469080
2023-03-01T00:30:00Z,2023,nba,Memphis Grizzlies,Los Angeles Lakers,121,109,0,401469082
2023-03-01T01:00:00Z,2023,nba,Houston Rockets,Denver Nuggets,112,133,0,401469081
2023-03-01T01:00:00Z,2023,nba,Oklahoma City Thunder,Sacramento Kings,117,123,0,401469083
2023-03-01T01:30:00Z,2023,nba,Dallas Mavericks,Indiana Pacers,122,124,0,401469084
2023-03-01T02:00:00Z,2023,nba,Utah Jazz,San Antonio Spurs,94,102,0,401469085
2023-03-01T03:00:00Z,2023,nba,Golden State Warriors,Portland Trail Blazers,123,105,0,401469086
2023-03-01T03:00:00Z,2023,nba,LA Clippers,Minnesota Timberwolves,101,108,0,401469087
2023-03-02T00:00:00Z,2023,nba,Charlotte Hornets,Phoenix Suns,91,105,0,401469088
2023-03-02T00:00:00Z,2023,nba,Detroit Pistons,Chicago Bulls,115,117,0,401469089
2023-03-02T00:30:00Z,2023,nba,Boston Celtics,Cleveland Cavaliers,117,113,0,401469090
2023-03-02T00:30:00Z,2023,nba,Miami Heat,Philadelphia 76ers,96,119,0,401469091
2023-03-02T00:30:00Z,2023,nba,New York Knicks,Brooklyn Nets,142,118,0,401469092
2023-03-02T01:00:00Z,2023,nba,Houston Rockets,Memphis Grizzlies,99,113,0,401469093
2023-03-02T01:00:00Z,2023,nba,Milwaukee Bucks,Orlando Magic,139,117,0,401469094
2023-03-02T01:00:00Z,2023,nba,Oklahoma City Thunder,Los Angeles Lakers,117,123,0,401469095
2023-03-02T03:00:00Z,2023,nba,Portland Trail Blazers,New Orleans Pelicans,110,121,0,401469096
2023-03-03T00:00:00Z,2023,nba,Washington Wizards,Toronto Raptors,119,108,0,401469097
2023-03-03T00:30:00Z,2023,nba,Dallas Mavericks,Philadelphia 76ers,133,126,0,401469098
2023-03-03T01:30:00Z,2023,nba,San Antonio Spurs,Indiana Pacers,110,99,0,401469099
2023-03-03T03:00:00Z,2023,nba,Golden State Warriors,LA Clippers,115,91,0,401469100
2023-03-04T00:00:00Z,2023,nba,Charlotte Hornets,Orlando Magic,106,117,0,401469101
2023-03-04T00:30:00Z,2023,nba,Atlanta Hawks,Portland Trail Blazers,129,111,0,401469102
2023-03-04T00:30:00Z,2023,nba,Boston Celtics,Brooklyn Nets,105,115,0,401469103
2023-03-04T01:00:00Z,2023,nba,Miami Heat,New York Knicks,120,122,0,401469104
2023-03-04T01:00:00Z,2023,nba,Chicago Bulls,Phoenix Suns,104,125,0,401469105
2023-03-04T01:00:00Z,2023,nba,Oklahoma City Thunder,Utah Jazz,130,103,0,401469106
2023-03-04T03:00:00Z,2023,nba,Denver Nuggets,Memphis Grizzlies,113,97,0,401469107
2023-03-04T03:00:00Z,2023,nba,Golden State Warriors,New Orleans Pelicans,108,99,0,401469108
2023-03-04T03:00:00Z,2023,nba,Sacramento Kings,LA Clippers,128,127,0,401469109
2023-03-04T03:30:00Z,2023,nba,Los Angeles Lakers,Minnesota Timberwolves,102,110,0,401469110
2023-03-04T22:00:00Z,2023,nba,Washington Wizards,Toronto Raptors,109,116,0,401469111
2023-03-05T00:30:00Z,2023,nba,Cleveland Cavaliers,Detroit Pistons,114,90,0,401469112
2023-03-05T01:00:00Z,2023,nba,Miami Heat,Atlanta Hawks,117,109,0,401469113
2023-03-05T01:00:00Z,2023,nba,San Antonio Spurs,Houston Rockets,110,122,0,401469114
2023-03-05T01:30:00Z,2023,nba,Milwaukee Bucks,Philadelphia 76ers,130,133,0,401469115
2023-03-05T03:00:00Z,2023,nba,Sacramento Kings,Minnesota Timberwolves,134,138,0,401469116
2023-03-05T18:00:00Z,2023,nba,Dallas Mavericks,Phoenix Suns,126,130,0,401469117
2023-03-05T20:30:00Z,2023,nba,Chicago Bulls,Indiana Pacers,122,125,0,401469118
2023-03-05T20:45:00Z,2023,nba,Los Angeles Lakers,Golden State Warriors,113,105,0,401469119
2023-03-05T23:00:00Z,2023,nba,Brooklyn Nets,Charlotte Hornets,102,86,0,401469120
2023-03-05T23:00:00Z,2023,nba,Orlando Magic,Portland Trail Blazers,119,122,0,401469121
2023-03-06T00:00:00Z,2023,nba,Houston Rockets,San Antonio Spurs,142,110,0,401469122
2023-03-06T00:00:00Z,2023,nba,Oklahoma City Thunder,Utah Jazz,129,119,0,401469123
2023-03-06T00:30:00Z,2023,nba,Boston Celtics,New York Knicks,129,131,0,401469124
2023-03-06T00:30:00Z,2023,nba,Washington Wizards,Milwaukee Bucks,111,117,0,401469128
2023-03-06T03:00:00Z,2023,nba,LA Clippers,Memphis Grizzlies,135,129,0,401469125
2023-03-07T00:00:00Z,2023,nba,Cleveland Cavaliers,Boston Celtics,118,114,0,401469126
2023-03-07T00:00:00Z,2023,nba,Indiana Pacers,Philadelphia 76ers,143,147,0,401469127
2023-03-07T00:00:00Z,2023,nba,Detroit Pistons,Portland Trail Blazers,104,110,0,401469132
2023-03-07T00:30:00Z,2023,nba,Miami Heat,Atlanta Hawks,130,128,0,401469129
2023-03-07T02:00:00Z,2023,nba,Denver Nuggets,Toronto Raptors,118,113,0,401469130
2023-03-07T03:00:00Z,2023,nba,Sacramento Kings,New Orleans Pelicans,123,108,0,401469131
2023-03-08T00:00:00Z,2023,nba,Orlando Magic,Milwaukee Bucks,123,134,0,401469133
2023-03-08T00:00:00Z,2023,nba,Detroit Pistons,Washington Wizards,117,119,0,401526670
2023-03-08T00:30:00Z,2023,nba,New York Knicks,Charlotte Hornets,105,112,0,401469134
2023-03-08T00:30:00Z,2023,nba,Minnesota Timberwolves,Philadelphia 76ers,94,117,0,401469135
2023-03-08T01:00:00Z,2023,nba,Houston Rockets,Brooklyn Nets,96,118,0,401469136
2023-03-08T01:00:00Z,2023,nba,Oklahoma City Thunder,Golden State Warriors,137,128,0,401469137
2023-03-08T01:30:00Z,2023,nba,Dallas Mavericks,Utah Jazz,120,116,0,401469138
2023-03-08T03:00:00Z,2023,nba,Los Angeles Lakers,Memphis Grizzlies,112,103,0,401469139
2023-03-09T00:00:00Z,2023,nba,Washington Wizards,Atlanta Hawks,120,122,0,401469140
2023-03-09T00:30:00Z,2023,nba,Boston Celtics,Portland Trail Blazers,115,93,0,401469141
2023-03-09T00:30:00Z,2023,nba,Miami Heat,Cleveland Cavaliers,100,104,0,401469142
2023-03-09T00:30:00Z,2023,nba,New Orleans Pelicans,Dallas Mavericks,113,106,0,401469143
2023-03-09T02:00:00Z,2023,nba,Denver Nuggets,Chicago Bulls,96,117,0,401469144
2023-03-09T02:00:00Z,2023,nba,Phoenix Suns,Oklahoma City Thunder,132,101,0,401469145
2023-03-09T03:00:00Z,2023,nba,LA Clippers,Toronto Raptors,108,100,0,401469146
2023-03-10T00:00:00Z,2023,nba,Detroit Pistons,Charlotte Hornets,103,113,0,401469147
2023-03-10T00:00:00Z,2023,nba,Indiana Pacers,Houston Rockets,134,125,0,401469148
2023-03-10T00:00:00Z,2023,nba,Orlando Magic,Utah Jazz,124,131,0,401469149
2023-03-10T00:30:00Z,2023,nba,Memphis Grizzlies,Golden State Warriors,131,110,0,401469151
2023-03-10T01:00:00Z,2023,nba,Milwaukee Bucks,Brooklyn Nets,118,113,0,401469150
2023-03-10T03:00:00Z,2023,nba,Sacramento Kings,New York Knicks,122,117,0,401469152
2023-03-11T00:00:00Z,2023,nba,Philadelphia 76ers,Portland Trail Blazers,120,119,0,401469153
2023-03-11T00:00:00Z,2023,nba,Washington Wizards,Atlanta Hawks,107,114,0,401469154
2023-03-11T01:00:00Z,2023,nba,Miami Heat,Cleveland Cavaliers,119,115,0,401469155
2023-03-11T01:00:00Z,2023,nba,Minnesota Timberwolves,Brooklyn Nets,123,124,0,401469156
2023-03-11T01:00:00Z,2023,nba,San Antonio Spurs,Denver Nuggets,128,120,0,401469157
2023-03-11T03:30:00Z,2023,nba,Los Angeles Lakers,Toronto Raptors,122,112,0,401469158
2023-03-11T21:00:00Z,2023,nba,LA Clippers,New York Knicks,106,95,0,401469159
2023-03-12T00:00:00Z,2023,nba,Charlotte Hornets,Utah Jazz,111,119,0,401469160
2023-03-12T00:00:00Z,2023,nba,Detroit Pistons,Indiana Pacers,115,121,0,401469161
2023-03-12T00:00:00Z,2023,nba,Orlando Magic,Miami Heat,126,114,0,401469162
2023-03-12T00:30:00Z,2023,nba,Atlanta Hawks,Boston Celtics,125,134,0,401469163
2023-03-12T01:00:00Z,2023,nba,Houston Rockets,Chicago Bulls,111,119,0,401469164
2023-03-12T01:00:00Z,2023,nba,Memphis Grizzlies,Dallas Mavericks,112,108,0,401469165
2023-03-12T01:30:00Z,2023,nba,New Orleans Pelicans,Oklahoma City Thunder,96,110,0,401469166
2023-03-12T01:30:00Z,2023,nba,Golden State Warriors,Milwaukee Bucks,125,116,0,401469167
2023-03-12T02:00:00Z,2023,nba,Phoenix Suns,Sacramento Kings,119,128,0,401469168
2023-03-12T19:30:00Z,2023,nba,Denver Nuggets,Brooklyn Nets,120,122,0,401469169
2023-03-12T21:00:00Z,2023,nba,Charlotte Hornets,Cleveland Cavaliers,108,114,0,401469170
2023-03-12T22:00:00Z,2023,nba,Philadelphia 76ers,Washington Wizards,112,93,0,401469171
2023-03-12T23:00:00Z,2023,nba,New Orleans Pelicans,Portland Trail Blazers,127,110,0,401469172
2023-03-12T23:00:00Z,2023,nba,San Antonio Spurs,Oklahoma City Thunder,90,102,0,401469173
2023-03-13T01:00:00Z,2023,nba,Los Angeles Lakers,New York Knicks,108,112,0,401469174
2023-03-13T23:00:00Z,2023,nba,Detroit Pistons,Indiana Pacers,117,97,0,401469175
2023-03-13T23:30:00Z,2023,nba,Atlanta Hawks,Minnesota Timberwolves,115,136,0,401469176
2023-03-13T23:30:00Z,2023,nba,Miami Heat,Utah Jazz,119,115,0,401469177
2023-03-13T23:30:00Z,2023,nba,Dallas Mavericks,Memphis Grizzlies,88,104,0,401469178
2023-03-14T00:00:00Z,2023,nba,Houston Rockets,Boston Celtics,111,109,0,401469179
2023-03-14T02:00:00Z,2023,nba,Golden State Warriors,Phoenix Suns,123,112,0,401469180
2023-03-14T02:00:00Z,2023,nba,Sacramento Kings,Milwaukee Bucks,124,133,0,401469181
2023-03-14T23:00:00Z,2023,nba,Charlotte Hornets,Cleveland Cavaliers,104,120,0,401469182
2023-03-14T23:00:00Z,2023,nba,Washington Wizards,Detroit Pistons,117,97,0,401469183
2023-03-14T23:30:00Z,2023,nba,Toronto Raptors,Denver Nuggets,125,110,0,401469184
2023-03-15T00:00:00Z,2023,nba,New Orleans Pelicans,Los Angeles Lakers,108,123,0,401469185
2023-03-15T00:00:00Z,2023,nba,Oklahoma City Thunder,Brooklyn Nets,121,107,0,401469186
2023-03-15T00:00:00Z,2023,nba,San Antonio Spurs,Orlando Magic,132,114,0,401469187
2023-03-15T02:00:00Z,2023,nba,Phoenix Suns,Milwaukee Bucks,104,116,0,401469188
2023-03-15T02:00:00Z,2023,nba,Portland Trail Blazers,New York Knicks,107,123,0,401469189
2023-03-15T23:30:00Z,2023,nba,Cleveland Cavaliers,Philadelphia 76ers,109,118,0,401469190
2023-03-15T23:30:00Z,2023,nba,Miami Heat,Memphis Grizzlies,138,119,0,401469191
2023-03-16T00:00:00Z,2023,nba,Chicago Bulls,Sacramento Kings,114,117,0,401469192
2023-03-16T00:00:00Z,2023,nba,Houston Rockets,Los Angeles Lakers,114,110,0,401469193
2023-03-16T00:00:00Z,2023,nba,Minnesota Timberwolves,Boston Celtics,102,104,0,401469194
2023-03-16T00:30:00Z,2023,nba,San Antonio Spurs,Dallas Mavericks,128,137,0,401469195
2023-03-16T02:00:00Z,2023,nba,LA Clippers,Golden State Warriors,134,126,0,401469196
2023-03-16T23:00:00Z,2023,nba,Detroit Pistons,Denver Nuggets,100,119,0,401469197
2023-03-16T23:30:00Z,2023,nba,Brooklyn Nets,Sacramento Kings,96,101,0,401469198
2023-03-16T23:30:00Z,2023,nba,Toronto Raptors,Oklahoma City Thunder,128,111,0,401469199
2023-03-17T00:00:00Z,2023,nba,Milwaukee Bucks,Indiana Pacers,123,139,0,401469200
2023-03-17T02:00:00Z,2023,nba,Phoenix Suns,Orlando Magic,116,113,0,401469201
2023-03-17T23:00:00Z,2023,nba,Charlotte Hornets,Philadelphia 76ers,82,121,0,401469202
2023-03-17T23:30:00Z,2023,nba,Atlanta Hawks,Golden State Warriors,127,119,0,401469203
2023-03-17T23:30:00Z,2023,nba,Cleveland Cavaliers,Washington Wizards,117,94,0,401469204
2023-03-18T00:00:00Z,2023,nba,Chicago Bulls,Minnesota Timberwolves,139,131,0,401469205
2023-03-18T00:00:00Z,2023,nba,Houston Rockets,New Orleans Pelicans,114,112,0,401469206
2023-03-18T00:00:00Z,2023,nba,San Antonio Spurs,Memphis Grizzlies,120,126,0,401469207
2023-03-18T02:00:00Z,2023,nba,Portland Trail Blazers,Boston Celtics,112,126,0,401469208
2023-03-18T02:30:00Z,2023,nba,Los Angeles Lakers,Dallas Mavericks,110,111,0,401469209
2023-03-18T17:00:00Z,2023,nba,New York Knicks,Denver Nuggets,116,110,0,401469210
2023-03-18T19:00:00Z,2023,nba,LA Clippers,Orlando Magic,108,113,0,401469211
2023-03-18T23:00:00Z,2023,nba,Indiana Pacers,Philadelphia 76ers,121,141,0,401469212
2023-03-18T23:00:00Z,2023,nba,Toronto Raptors,Minnesota Timberwolves,122,107,0,401469213
2023-03-19T00:00:00Z,2023,nba,Washington Wizards,Sacramento Kings,118,132,0,401469214
2023-03-19T00:00:00Z,2023,nba,Chicago Bulls,Miami Heat,113,99,0,401469215
2023-03-19T00:00:00Z,2023,nba,Memphis Grizzlies,Golden State Warriors,133,119,0,401469216
2023-03-19T01:00:00Z,2023,nba,Utah Jazz,Boston Celtics,118,117,0,401469217
2023-03-19T19:30:00Z,2023,nba,Brooklyn Nets,Denver Nuggets,102,108,0,401469218
2023-03-19T19:30:00Z,2023,nba,Oklahoma City Thunder,Phoenix Suns,124,120,0,401469219
2023-03-19T20:00:00Z,2023,nba,San Antonio Spurs,Atlanta Hawks,126,118,0,401469220
2023-03-19T22:00:00Z,2023,nba,Detroit Pistons,Miami Heat,100,112,0,401469221
2023-03-19T23:00:00Z,2023,nba,Houston Rockets,New Orleans Pelicans,107,117,0,401469222
2023-03-20T00:00:00Z,2023,nba,Milwaukee Bucks,Toronto Raptors,118,111,0,401469223
2023-03-20T01:00:00Z,2023,nba,Portland Trail Blazers,LA Clippers,102,117,0,401469224
2023-03-20T01:30:00Z,2023,nba,Los Angeles Lakers,Orlando Magic,111,105,0,401469225
2023-03-20T23:00:00Z,2023,nba,Charlotte Hornets,Indiana Pacers,115,109,0,401469226
2023-03-20T23:00:00Z,2023,nba,Philadelphia 76ers,Chicago Bulls,105,109,0,401469227
2023-03-20T23:30:00Z,2023,nba,New York Knicks,Minnesota Timberwolves,134,140,0,401469228
2023-03-21T00:00:00Z,2023,nba,Houston Rockets,Golden State Warriors,108,121,0,401469229
2023-03-21T00:00:00Z,2023,nba,Memphis Grizzlies,Dallas Mavericks,112,108,0,401469230
2023-03-21T01:00:00Z,2023,nba,Utah Jazz,Sacramento Kings,128,120,0,401469231
2023-03-21T23:00:00Z,2023,nba,Orlando Magic,Washington Wizards,122,112,0,401469232
2023-03-21T23:30:00Z,2023,nba,Atlanta Hawks,Detroit Pistons,129,107,0,401469233
2023-03-21T23:30:00Z,2023,nba,Brooklyn Nets,Cleveland Cavaliers,109,115,0,401469234
2023-03-22T00:00:00Z,2023,nba,New Orleans Pelicans,San Antonio Spurs,119,84,0,401469235
2023-03-22T02:00:00Z,2023,nba,Sacramento Kings,Boston Celtics,109,132,0,401469236
2023-03-22T02:30:00Z,2023,nba,LA Clippers,Oklahoma City Thunder,100,101,0,401469237
2023-03-22T23:00:00Z,2023,nba,Washington Wizards,Denver Nuggets,104,118,0,401469238
2023-03-22T23:30:00Z,2023,nba,Miami Heat,New York Knicks,127,120,0,401469239
2023-03-22T23:30:00Z,2023,nba,Toronto Raptors,Indiana Pacers,114,118,0,401469240
2023-03-22T23:30:00Z,2023,nba,Dallas Mavericks,Golden State Warriors,125,127,0,401469241
2023-03-23T00:00:00Z,2023,nba,Chicago Bulls,Philadelphia 76ers,91,116,0,401469242
2023-03-23T00:00:00Z,2023,nba,Memphis Grizzlies,Houston Rockets,130,125,0,401469243
2023-03-23T00:00:00Z,2023,nba,Milwaukee Bucks,San Antonio Spurs,130,94,0,401469244
2023-03-23T00:00:00Z,2023,nba,Minnesota Timberwolves,Atlanta Hawks,125,124,0,401469245
2023-03-23T01:00:00Z,2023,nba,Utah Jazz,Portland Trail Blazers,115,127,0,401469246
2023-03-23T02:00:00Z,2023,nba,Los Angeles Lakers,Phoenix Suns,122,111,0,401469247
2023-03-23T23:00:00Z,2023,nba,Orlando Magic,New York Knicks,111,106,0,401469248
2023-03-23T23:30:00Z,2023,nba,Brooklyn Nets,Cleveland Cavaliers,114,116,0,401469249
2023-03-24T00:00:00Z,2023,nba,New Orleans Pelicans,Charlotte Hornets,115,96,0,401469250
2023-03-24T02:30:00Z,2023,nba,LA Clippers,Oklahoma City Thunder,127,105,0,401469251
2023-03-24T23:00:00Z,2023,nba,Boston Celtics,Indiana Pacers,120,95,0,401469252
2023-03-24T23:00:00Z,2023,nba,Washington Wizards,San Antonio Spurs,136,124,0,401469253
2023-03-24T23:30:00Z,2023,nba,Toronto Raptors,Detroit Pistons,118,97,0,401469254
2023-03-25T00:00:00Z,2023,nba,Memphis Grizzlies,Houston Rockets,151,114,0,401469255
2023-03-25T00:30:00Z,2023,nba,Dallas Mavericks,Charlotte Hornets,109,117,0,401469256
2023-03-25T01:00:00Z,2023,nba,Utah Jazz,Milwaukee Bucks,116,144,0,401469257
2023-03-25T02:00:00Z,2023,nba,Golden State Warriors,Philadelphia 76ers,120,112,0,401469258
2023-03-25T02:00:00Z,2023,nba,Portland Trail Blazers,Chicago Bulls,96,124,0,401469259
2023-03-25T02:00:00Z,2023,nba,Sacramento Kings,Phoenix Suns,135,127,0,401469260
2023-03-25T02:30:00Z,2023,nba,Los Angeles Lakers,Oklahoma City Thunder,116,111,0,401469261
2023-03-25T21:00:00Z,2023,nba,Atlanta Hawks,Indiana Pacers,143,130,0,401469262
2023-03-26T00:00:00Z,2023,nba,Miami Heat,Brooklyn Nets,100,129,0,401469263
2023-03-26T01:00:00Z,2023,nba,Denver Nuggets,Milwaukee Bucks,129,106,0,401469264
2023-03-26T02:00:00Z,2023,nba,Phoenix Suns,Philadelphia 76ers,125,105,0,401469265
2023-03-26T02:00:00Z,2023,nba,Sacramento Kings,Utah Jazz,121,113,0,401469266
2023-03-26T02:30:00Z,2023,nba,LA Clippers,New Orleans Pelicans,110,131,0,401469267
2023-03-26T17:00:00Z,2023,nba,Charlotte Hornets,Dallas Mavericks,110,104,0,401469268
2023-03-26T19:30:00Z,2023,nba,Los Angeles Lakers,Chicago Bulls,108,118,0,401469269
2023-03-26T22:00:00Z,2023,nba,Atlanta Hawks,Memphis Grizzlies,119,123,0,401469270
2023-03-26T22:00:00Z,2023,nba,Boston Celtics,San Antonio Spurs,137,93,0,401469271
2023-03-26T22:00:00Z,2023,nba,Cleveland Cavaliers,Houston Rockets,108,91,0,401469272
2023-03-26T22:00:00Z,2023,nba,Orlando Magic,Brooklyn Nets,119,106,0,401469273
2023-03-26T22:00:00Z,2023,nba,Toronto Raptors,Washington Wizards,114,104,0,401469274
2023-03-26T23:00:00Z,2023,nba,Portland Trail Blazers,Oklahoma City Thunder,112,118,0,401469275
2023-03-27T00:30:00Z,2023,nba,Golden State Warriors,Minnesota Timberwolves,96,99,0,401469276
2023-03-27T23:00:00Z,2023,nba,Detroit Pistons,Milwaukee Bucks,117,126,0,401469277
2023-03-27T23:00:00Z,2023,nba,Indiana Pacers,Dallas Mavericks,104,127,0,401469278
2023-03-27T23:30:00Z,2023,nba,New York Knicks,Houston Rockets,137,115,0,401469279
2023-03-28T01:00:00Z,2023,nba,Utah Jazz,Phoenix Suns,103,117,0,401469280
2023-03-28T01:30:00Z,2023,nba,Denver Nuggets,Philadelphia 76ers,116,111,0,401469281
2023-03-28T02:00:00Z,2023,nba,Portland Trail Blazers,New Orleans Pelicans,90,124,0,401469282
2023-03-28T02:00:00Z,2023,nba,Sacramento Kings,Minnesota Timberwolves,115,119,0,401469283
2023-03-28T02:30:00Z,2023,nba,LA Clippers,Chicago Bulls,124,112,0,401469284
2023-03-28T23:00:00Z,2023,nba,Washington Wizards,Boston Celtics,130,111,0,401469285
2023-03-28T23:30:00Z,2023,nba,Atlanta Hawks,Cleveland Cavaliers,120,118,0,401469286
2023-03-28T23:30:00Z,2023,nba,Toronto Raptors,Miami Heat,106,92,0,401469287
2023-03-29T00:00:00Z,2023,nba,Memphis Grizzlies,Orlando Magic,113,108,0,401469288
2023-03-29T00:00:00Z,2023,nba,Oklahoma City Thunder,Charlotte Hornets,134,137,0,401469289
2023-03-29T02:00:00Z,2023,nba,Golden State Warriors,New Orleans Pelicans,120,109,0,401469290
2023-03-29T23:00:00Z,2023,nba,Indiana Pacers,Milwaukee Bucks,136,149,0,401469291
2023-03-29T23:30:00Z,2023,nba,Brooklyn Nets,Houston Rockets,123,114,0,401469292
2023-03-29T23:30:00Z,2023,nba,New York Knicks,Miami Heat,101,92,0,401469293
2023-03-29T23:30:00Z,2023,nba,Philadelphia 76ers,Dallas Mavericks,116,108,0,401469294
2023-03-30T00:00:00Z,2023,nba,Chicago Bulls,Los Angeles Lakers,110,121,0,401469295
2023-03-30T00:00:00Z,2023,nba,Memphis Grizzlies,LA Clippers,132,141,0,401469296
2023-03-30T00:00:00Z,2023,nba,Oklahoma City Thunder,Detroit Pistons,107,106,0,401469297
2023-03-30T00:00:00Z,2023,nba,San Antonio Spurs,Utah Jazz,117,128,0,401469298
2023-03-30T02:00:00Z,2023,nba,Portland Trail Blazers,Sacramento Kings,80,120,0,401469300
2023-03-30T02:15:00Z,2023,nba,Phoenix Suns,Minnesota Timberwolves,107,100,0,401469299
2023-03-30T23:30:00Z,2023,nba,Milwaukee Bucks,Boston Celtics,99,140,0,401469301
2023-03-31T02:00:00Z,2023,nba,Denver Nuggets,New Orleans Pelicans,88,107,0,401469302
2023-03-31T23:00:00Z,2023,nba,Charlotte Hornets,Chicago Bulls,91,121,0,401469303
2023-03-31T23:00:00Z,2023,nba,Indiana Pacers,Oklahoma City Thunder,121,117,0,401469304
2023-03-31T23:00:00Z,2023,nba,Philadelphia 76ers,Toronto Raptors,117,110,0,401469305
2023-03-31T23:00:00Z,2023,nba,Washington Wizards,Orlando Magic,109,116,0,401469306
2023-03-31T23:30:00Z,2023,nba,Boston Celtics,Utah Jazz,122,114,0,401469307
2023-03-31T23:30:00Z,2023,nba,Brooklyn Nets,Atlanta Hawks,124,107,0,401469308
2023-03-31T23:30:00Z,2023,nba,Cleveland Cavaliers,New York Knicks,116,130,0,401469309
2023-04-01T00:00:00Z,2023,nba,Houston Rockets,Detroit Pistons,121,115,0,401469310
2023-04-01T00:00:00Z,2023,nba,Memphis Grizzlies,LA Clippers,108,94,0,401469311
2023-04-01T00:00:00Z,2023,nba,Minnesota Timberwolves,Los Angeles Lakers,111,123,0,401469312
2023-04-01T02:00:00Z,2023,nba,Golden State Warriors,San Antonio Spurs,130,115,0,401469313
2023-04-01T02:00:00Z,2023,nba,Portland Trail Blazers,Sacramento Kings,114,138,0,401469314
2023-04-01T02:30:00Z,2023,nba,Phoenix Suns,Denver Nuggets,100,93,0,401469315
2023-04-01T23:30:00Z,2023,nba,Miami Heat,Dallas Mavericks,129,122,0,401469316
2023-04-02T00:30:00Z,2023,nba,New Orleans Pelicans,LA Clippers,122,114,0,401469317
2023-04-02T17:00:00Z,2023,nba,Charlotte Hornets,Toronto Raptors,108,128,0,401469318
2023-04-02T19:30:00Z,2023,nba,Brooklyn Nets,Utah Jazz,111,110,0,401469319
2023-04-02T19:30:00Z,2023,nba,Chicago Bulls,Memphis Grizzlies,128,107,0,401469320
2023-04-02T19:30:00Z,2023,nba,Minnesota Timberwolves,Portland Trail Blazers,105,107,0,401469321
2023-04-02T22:00:00Z,2023,nba,Atlanta Hawks,Dallas Mavericks,132,130,0,401469322
2023-04-02T22:00:00Z,2023,nba,New York Knicks,Washington Wizards,118,109,0,401469323
2023-04-02T22:00:00Z,2023,nba,Orlando Magic,Detroit Pistons,128,102,0,401469324
2023-04-02T22:00:00Z,2023,nba,Sacramento Kings,San Antonio Spurs,134,142,0,401469325
2023-04-02T23:00:00Z,2023,nba,Houston Rockets,Los Angeles Lakers,109,134,0,401469326
2023-04-02T23:00:00Z,2023,nba,Oklahoma City Thunder,Phoenix Suns,118,128,0,401469327
2023-04-03T00:00:00Z,2023,nba,Cleveland Cavaliers,Indiana Pacers,115,105,0,401469328
2023-04-03T00:00:00Z,2023,nba,Milwaukee Bucks,Philadelphia 76ers,117,104,0,401469329
2023-04-03T00:30:00Z,2023,nba,Denver Nuggets,Golden State Warriors,112,110,0,401469330
2023-04-04T23:00:00Z,2023,nba,Charlotte Hornets,Toronto Raptors,100,120,0,401469331
2023-04-04T23:00:00Z,2023,nba,Detroit Pistons,Miami Heat,105,118,0,401469332
2023-04-04T23:00:00Z,2023,nba,Orlando Magic,Cleveland Cavaliers,113,117,0,401469333
2023-04-04T23:00:00Z,2023,nba,Washington Wizards,Milwaukee Bucks,128,140,0,401469334
2023-04-04T23:30:00Z,2023,nba,Brooklyn Nets,Minnesota Timberwolves,102,107,0,401469335
2023-04-05T00:00:00Z,2023,nba,Philadelphia 76ers,Boston Celtics,103,101,0,401469336
2023-04-05T00:00:00Z,2023,nba,Chicago Bulls,Atlanta Hawks,105,123,0,401469337
2023-04-05T00:00:00Z,2023,nba,Houston Rockets,Denver Nuggets,124,103,0,401469338
2023-04-05T00:00:00Z,2023,nba,Memphis Grizzlies,Portland Trail Blazers,119,109,0,401469339
2023-04-05T00:00:00Z,2023,nba,New Orleans Pelicans,Sacramento Kings,103,121,0,401469340
2023-04-05T01:00:00Z,2023,nba,Utah Jazz,Los Angeles Lakers,133,135,0,401469341
2023-04-05T02:00:00Z,2023,nba,Golden State Warriors,Oklahoma City Thunder,136,125,0,401469342
2023-04-05T02:00:00Z,2023,nba,Phoenix Suns,San Antonio Spurs,115,94,0,401469343
2023-04-05T23:00:00Z,2023,nba,Detroit Pistons,Brooklyn Nets,108,123,0,401469344
2023-04-05T23:00:00Z,2023,nba,Indiana Pacers,New York Knicks,129,138,0,401469345
2023-04-05T23:30:00Z,2023,nba,Atlanta Hawks,Washington Wizards,134,116,0,401469346
2023-04-05T23:30:00Z,2023,nba,Boston Celtics,Toronto Raptors,97,93,0,401469347
2023-04-05T23:30:00Z,2023,nba,Milwaukee Bucks,Chicago Bulls,105,92,0,401469348
2023-04-06T00:00:00Z,2023,nba,New Orleans Pelicans,Memphis Grizzlies,138,131,0,401469349
2023-04-06T00:30:00Z,2023,nba,Dallas Mavericks,Sacramento Kings,123,119,0,401469350
2023-04-06T02:00:00Z,2023,nba,LA Clippers,Los Angeles Lakers,125,118,0,401469351
2023-04-06T23:00:00Z,2023,nba,Orlando Magic,Cleveland Cavaliers,94,118,0,401469352
2023-04-06T23:30:00Z,2023,nba,Philadelphia 76ers,Miami Heat,101,129,0,401469353
2023-04-07T00:00:00Z,2023,nba,San Antonio Spurs,Portland Trail Blazers,129,127,0,401469354
2023-04-07T01:00:00Z,2023,nba,Utah Jazz,Oklahoma City Thunder,98,114,0,401469355
2023-04-07T02:00:00Z,2023,nba,Phoenix Suns,Denver Nuggets,119,115,0,401469356
2023-04-07T23:00:00Z,2023,nba,Charlotte Hornets,Houston Rockets,109,112,0,401469357
2023-04-07T23:00:00Z,2023,nba,Indiana Pacers,Detroit Pistons,115,122,0,401469358
2023-04-07T23:00:00Z,2023,nba,Washington Wizards,Miami Heat,114,108,0,401469359
2023-04-07T23:30:00Z,2023,nba,Atlanta Hawks,Philadelphia 76ers,131,136,0,401469360
2023-04-07T23:30:00Z,2023,nba,Boston Celtics,Toronto Raptors,121,102,0,401469361
2023-04-07T23:30:00Z,2023,nba,Brooklyn Nets,Orlando Magic,101,84,0,401469362
2023-04-08T00:00:00Z,2023,nba,Milwaukee Bucks,Memphis Grizzlies,114,137,0,401469363
2023-04-08T00:00:00Z,2023,nba,New Orleans Pelicans,New York Knicks,113,105,0,401469364
2023-04-08T00:30:00Z,2023,nba,Dallas Mavericks,Chicago Bulls,112,115,0,401469365
2023-04-08T02:00:00Z,2023,nba,Sacramento Kings,Golden State Warriors,97,119,0,401469366
2023-04-08T02:30:00Z,2023,nba,Los Angeles Lakers,Phoenix Suns,121,107,0,401469367
2023-04-08T19:30:00Z,2023,nba,Utah Jazz,Denver Nuggets,118,114,0,401469368
2023-04-08T20:00:00Z,2023,nba,San Antonio Spurs,Minnesota Timberwolves,131,151,0,401469369
2023-04-08T20:00:00Z,2023,nba,LA Clippers,Portland Trail Blazers,136,125,0,401469370
2023-04-09T17:00:00Z,2023,nba,Boston Celtics,Atlanta Hawks,120,114,0,401469371
2023-04-09T17:00:00Z,2023,nba,Brooklyn Nets,Philadelphia 76ers,105,134,0,401469372
2023-04-09T17:00:00Z,2023,nba,Cleveland Cavaliers,Charlotte Hornets,95,106,0,401469373
2023-04-09T17:00:00Z,2023,nba,Miami Heat,Orlando Magic,123,110,0,401469374
2023-04-09T17:00:00Z,2023,nba,New York Knicks,Indiana Pacers,136,141,0,401469375
2023-04-09T17:00:00Z,2023,nba,Toronto Raptors,Milwaukee Bucks,121,105,0,401469376
2023-04-09T17:00:00Z,2023,nba,Washington Wizards,Houston Rockets,109,114,0,401469377
2023-04-09T17:00:00Z,2023,nba,Chicago Bulls,Detroit Pistons,103,81,0,401469378
2023-04-09T19:30:00Z,2023,nba,Dallas Mavericks,San Antonio Spurs,117,138,0,401469379
2023-04-09T19:30:00Z,2023,nba,Minnesota Timberwolves,New Orleans Pelicans,113,108,0,401469380
2023-04-09T19:30:00Z,2023,nba,Oklahoma City Thunder,Memphis Grizzlies,115,100,0,401469381
2023-04-09T19:30:00Z,2023,nba,Denver Nuggets,Sacramento Kings,109,95,0,401469382
2023-04-09T19:30:00Z,2023,nba,Los Angeles Lakers,Utah Jazz,128,117,0,401469383
2023-04-09T19:30:00Z,2023,nba,Phoenix Suns,LA Clippers,114,119,0,401469384
2023-04-09T19:30:00Z,2023,nba,Portland Trail Blazers,Golden State Warriors,101,157,0,401469385
2023-04-11T23:30:00Z,2023,nba,Miami Heat,Atlanta Hawks,105,116,0,401539671
2023-04-12T02:00:00Z,2023,nba,Los Angeles Lakers,Minnesota Timberwolves,108,102,0,401539672
2023-04-12T23:00:00Z,2023,nba,Toronto Raptors,Chicago Bulls,105,109,0,401539673
2023-04-13T01:50:00Z,2023,nba,New Orleans Pelicans,Oklahoma City Thunder,118,123,0,401539674
2023-04-14T23:00:00Z,2023,nba,Miami Heat,Chicago Bulls,102,91,0,401539675
2023-04-15T01:50:00Z,2023,nba,Minnesota Timberwolves,Oklahoma City Thunder,120,95,0,401539676
2023-04-15T17:00:00Z,2023,nba,Philadelphia 76ers,Brooklyn Nets,121,101,0,401540750
2023-04-15T19:30:00Z,2023,nba,Boston Celtics,Atlanta Hawks,112,99,0,401540751
2023-04-15T22:10:00Z,2023,nba,Cleveland Cavaliers,New York Knicks,97,101,0,401540752
2023-04-16T00:30:00Z,2023,nba,Sacramento Kings,Golden State Warriors,126,123,0,401540753
2023-04-16T19:00:00Z,2023,nba,Memphis Grizzlies,Los Angeles Lakers,112,128,0,401540756
2023-04-16T21:30:00Z,2023,nba,Milwaukee Bucks,Miami Heat,117,130,0,401540754
2023-04-17T00:00:00Z,2023,nba,Phoenix Suns,LA Clippers,110,115,0,401540757
2023-04-17T02:30:00Z,2023,nba,Denver Nuggets,Minnesota Timberwolves,109,80,0,401540755
2023-04-17T23:30:00Z,2023,nba,Philadelphia 76ers,Brooklyn Nets,96,84,0,401541173
2023-04-18T02:00:00Z,2023,nba,Sacramento Kings,Golden State Warriors,114,106,0,401541169
2023-04-18T23:00:00Z,2023,nba,Boston Celtics,Atlanta Hawks,119,106,0,401541172
2023-04-18T23:30:00Z,2023,nba,Cleveland Cavaliers,New York Knicks,107,90,0,401541174
2023-04-19T02:00:00Z,2023,nba,Phoenix Suns,LA Clippers,123,109,0,401541170
2023-04-19T23:30:00Z,2023,nba,Memphis Grizzlies,Los Angeles Lakers,103,93,0,401541168
2023-04-20T01:00:00Z,2023,nba,Milwaukee Bucks,Miami Heat,138,122,0,401541171
2023-04-20T02:00:00Z,2023,nba,Denver Nuggets,Minnesota Timberwolves,122,113,0,401541167
2023-04-20T23:30:00Z,2023,nba,Brooklyn Nets,Philadelphia 76ers,97,102,0,401541181
2023-04-21T02:00:00Z,2023,nba,Golden State Warriors,Sacramento Kings,114,97,0,401541177
2023-04-21T02:30:00Z,2023,nba,LA Clippers,Phoenix Suns,124,129,0,401541178
2023-04-21T23:00:00Z,2023,nba,Atlanta Hawks,Boston Celtics,130,122,0,401541180
2023-04-22T00:30:00Z,2023,nba,New York Knicks,Cleveland Cavaliers,99,79,0,401541182
2023-04-22T01:43:00Z,2023,nba,Minnesota Timberwolves,Denver Nuggets,111,120,0,401541175
2023-04-22T17:00:00Z,2023,nba,Brooklyn Nets,Philadelphia 76ers,88,96,0,401541189
2023-04-22T19:30:00Z,2023,nba,LA Clippers,Phoenix Suns,100,112,0,401541186
2023-04-22T23:30:00Z,2023,nba,Miami Heat,Milwaukee Bucks,121,99,0,401541179
2023-04-23T02:10:00Z,2023,nba,Los Angeles Lakers,Memphis Grizzlies,111,101,0,401541176
2023-04-23T17:00:00Z,2023,nba,New York Knicks,Cleveland Cavaliers,102,93,0,401541190
2023-04-23T19:30:00Z,2023,nba,Golden State Warriors,Sacramento Kings,126,125,0,401541185
2023-04-23T23:00:00Z,2023,nba,Atlanta Hawks,Boston Celtics,121,129,0,401541188
2023-04-24T01:30:00Z,2023,nba,Minnesota Timberwolves,Denver Nuggets,114,108,0,401541183
2023-04-24T23:30:00Z,2023,nba,Miami Heat,Milwaukee Bucks,119,114,0,401541187
2023-04-25T02:00:00Z,2023,nba,Los Angeles Lakers,Memphis Grizzlies,117,111,0,401541184
2023-04-25T23:30:00Z,2023,nba,Boston Celtics,Atlanta Hawks,117,119,0,401541243
2023-04-26T01:00:00Z,2023,nba,Denver Nuggets,Minnesota Timberwolves,112,109,0,401541196
2023-04-26T02:00:00Z,2023,nba,Phoenix Suns,LA Clippers,136,130,0,401541237
2023-04-26T23:00:00Z,2023,nba,Cleveland Cavaliers,New York Knicks,95,106,0,401541249
2023-04-26T23:30:00Z,2023,nba,Memphis Grizzlies,Los Angeles Lakers,116,99,0,401541231
2023-04-27T01:30:00Z,2023,nba,Milwaukee Bucks,Miami Heat,126,128,0,401541240
2023-04-27T02:00:00Z,2023,nba,Sacramento Kings,Golden State Warriors,116,123,0,401541234
2023-04-28T00:30:00Z,2023,nba,Atlanta Hawks,Boston Celtics,120,128,0,401541244
2023-04-29T00:00:00Z,2023,nba,Golden State Warriors,Sacramento Kings,99,118,0,401541235
2023-04-29T02:50:00Z,2023,nba,Los Angeles Lakers,Memphis Grizzlies,125,85,0,401541232
2023-04-30T00:30:00Z,2023,nba,Denver Nuggets,Phoenix Suns,125,107,0,401544334
2023-04-30T17:00:00Z,2023,nba,New York Knicks,Miami Heat,101,108,0,401544973
2023-04-30T19:30:00Z,2023,nba,Sacramento Kings,Golden State Warriors,100,120,0,401541236
2023-05-01T23:30:00Z,2023,nba,Boston Celtics,Philadelphia 76ers,115,119,0,401545111
2023-05-02T02:00:00Z,2023,nba,Denver Nuggets,Phoenix Suns,97,87,0,401544335
2023-05-02T23:30:00Z,2023,nba,New York Knicks,Miami Heat,111,105,0,401544974
2023-05-03T02:00:00Z,2023,nba,Golden State Warriors,Los Angeles Lakers,112,117,0,401545231
2023-05-04T00:00:00Z,2023,nba,Boston Celtics,Philadelphia 76ers,121,87,0,401545112
2023-05-05T01:00:00Z,2023,nba,Golden State Warriors,Los Angeles Lakers,127,100,0,401545232
2023-05-05T23:30:00Z,2023,nba,Philadelphia 76ers,Boston Celtics,102,114,0,401545113
2023-05-06T02:00:00Z,2023,nba,Phoenix Suns,Denver Nuggets,121,114,0,401544336
2023-05-06T19:30:00Z,2023,nba,Miami Heat,New York Knicks,105,86,0,401544975
2023-05-07T00:30:00Z,2023,nba,Los Angeles Lakers,Golden State Warriors,127,97,0,401545233
2023-05-07T19:30:00Z,2023,nba,Philadelphia 76ers,Boston Celtics,116,115,0,401545114
2023-05-08T00:00:00Z,2023,nba,Phoenix Suns,Denver Nuggets,129,124,0,401544337
2023-05-08T23:30:00Z,2023,nba,Miami Heat,New York Knicks,109,101,0,401544976
2023-05-09T02:00:00Z,2023,nba,Los Angeles Lakers,Golden State Warriors,104,101,0,401545234
2023-05-09T23:30:00Z,2023,nba,Boston Celtics,Philadelphia 76ers,103,115,0,401545115
2023-05-10T02:00:00Z,2023,nba,Denver Nuggets,Phoenix Suns,118,102,0,401544338
2023-05-10T23:30:00Z,2023,nba,New York Knicks,Miami Heat,112,103,0,401544977
2023-05-11T02:00:00Z,2023,nba,Golden State Warriors,Los Angeles Lakers,121,106,0,401545235
2023-05-11T23:30:00Z,2023,nba,Philadelphia 76ers,Boston Celtics,86,95,0,401545116
2023-05-12T02:00:00Z,2023,nba,Phoenix Suns,Denver Nuggets,100,125,0,401544339
2023-05-12T23:30:00Z,2023,nba,Miami Heat,New York Knicks,96,92,0,401544978
2023-05-13T02:00:00Z,2023,nba,Los Angeles Lakers,Golden State Warriors,122,101,0,401545236
2023-05-14T19:30:00Z,2023,nba,Boston Celtics,Philadelphia 76ers,112,88,0,401545117
2023-05-17T00:30:00Z,2023,nba,Denver Nuggets,Los Angeles Lakers,132,126,0,401547679
2023-05-18T00:30:00Z,2023,nba,Boston Celtics,Miami Heat,116,123,0,401547671
2023-05-19T00:30:00Z,2023,nba,Denver Nuggets,Los Angeles Lakers,108,103,0,401547682
2023-05-20T00:30:00Z,2023,nba,Boston Celtics,Miami Heat,105,111,0,401547672
2023-05-21T00:30:00Z,2023,nba,Los Angeles Lakers,Denver Nuggets,108,119,0,401547683
2023-05-22T00:30:00Z,2023,nba,Miami Heat,Boston Celtics,128,102,0,401547673
2023-05-23T00:30:00Z,2023,nba,Los Angeles Lakers,Denver Nuggets,111,113,0,401547684
2023-05-24T00:30:00Z,2023,nba,Miami Heat,Boston Celtics,99,116,0,401547674
2023-05-26T00:30:00Z,2023,nba,Boston Celtics,Miami Heat,110,97,0,401547675
2023-05-28T00:30:00Z,2023,nba,Miami Heat,Boston Celtics,103,104,0,401547676
2023-05-30T00:30:00Z,2023,nba,Boston Celtics,Miami Heat,84,103,0,401547678
2023-06-02T00:30:00Z,2023,nba,Denver Nuggets,Miami Heat,104,93,0,401544846
2023-06-05T00:00:00Z,2023,nba,Denver Nuggets,Miami Heat,108,111,0,401544847
2023-06-08T00:30:00Z,2023,nba,Miami Heat,Denver Nuggets,94,109,0,401544848
2023-06-10T00:30:00Z,2023,nba,Miami Heat,Denver Nuggets,95,108,0,401544849
2023-06-13T00:30:00Z,2023,nba,Denver Nuggets,Miami Heat,94,89,0,401544850
2023-10-24T23:30:00Z,2024,nba,Denver Nuggets,Los Angeles Lakers,119,107,0,401584689
2023-10-25T02:00:00Z,2024,nba,Golden State Warriors,Phoenix Suns,104,108,0,401584690
2023-10-25T23:00:00Z,2024,nba,Charlotte Hornets,Atlanta Hawks,116,110,0,401584691
2023-10-25T23:00:00Z,2024,nba,Indiana Pacers,Washington Wizards,143,120,0,401584692
2023-10-25T23:00:00Z,2024,nba,New York Knicks,Boston Celtics,104,108,0,401584693
2023-10-25T23:00:00Z,2024,nba,Orlando Magic,Houston Rockets,116,86,0,401584694
2023-10-25T23:30:00Z,2024,nba,Brooklyn Nets,Cleveland Cavaliers,113,114,0,401584695
2023-10-25T23:30:00Z,2024,nba,Miami Heat,Detroit Pistons,103,102,0,401584696
2023-10-25T23:30:00Z,2024,nba,Toronto Raptors,Minnesota Timberwolves,97,94,0,401584697
2023-10-26T00:00:00Z,2024,nba,Chicago Bulls,Oklahoma City Thunder,104,124,0,401584698
2023-10-26T00:00:00Z,2024,nba,Memphis Grizzlies,New Orleans Pelicans,104,111,0,401584699
2023-10-26T01:00:00Z,2024,nba,Utah Jazz,Sacramento Kings,114,130,0,401584700
2023-10-26T01:30:00Z,2024,nba,San Antonio Spurs,Dallas Mavericks,119,126,0,401584701
2023-10-26T02:30:00Z,2024,nba,LA Clippers,Portland Trail Blazers,123,111,0,401584702
2023-10-26T23:30:00Z,2024,nba,Milwaukee Bucks,Philadelphia 76ers,118,117,0,401584703
2023-10-27T02:00:00Z,2024,nba,Los Angeles Lakers,Phoenix Suns,100,95,0,401584704
2023-10-27T23:00:00Z,2024,nba,Charlotte Hornets,Detroit Pistons,99,111,0,401584705
2023-10-27T23:00:00Z,2024,nba,Memphis Grizzlies,Denver Nuggets,104,108,0,401584706
2023-10-27T23:30:00Z,2024,nba,Atlanta Hawks,New York Knicks,120,126,0,401584707
2023-10-27T23:30:00Z,2024,nba,Boston Celtics,Miami Heat,119,111,0,401584708
2023-10-27T23:30:00Z,2024,nba,Cleveland Cavaliers,Oklahoma City Thunder,105,108,0,401584709
2023-10-28T00:00:00Z,2024,nba,Chicago Bulls,Toronto Raptors,104,103,0,401584710
2023-10-28T00:00:00Z,2024,nba,San Antonio Spurs,Houston Rockets,126,122,0,401584711
2023-10-28T00:30:00Z,2024,nba,Dallas Mavericks,Brooklyn Nets,125,120,0,401584712
2023-10-28T01:30:00Z,2024,nba,Utah Jazz,LA Clippers,120,118,0,401584713
2023-10-28T02:00:00Z,2024,nba,Portland Trail Blazers,Orlando Magic,97,102,0,401584714
2023-10-28T02:00:00Z,2024,nba,Sacramento Kings,Golden State Warriors,114,122,0,401584715
2023-10-28T23:00:00Z,2024,nba,Detroit Pistons,Chicago Bulls,118,102,0,401584716
2023-10-28T23:00:00Z,2024,nba,Washington Wizards,Memphis Grizzlies,113,106,0,401584717
2023-10-28T23:00:00Z,2024,nba,New Orleans Pelicans,New York Knicks,96,87,0,401584718
2023-10-28T23:30:00Z,2024,nba,Cleveland Cavaliers,Indiana Pacers,113,125,0,401584719
2023-10-28T23:30:00Z,2024,nba,Toronto Raptors,Philadelphia 76ers,107,114,0,401584720
2023-10-29T00:00:00Z,2024,nba,Minnesota Timberwolves,Miami Heat,106,90,0,401584721
2023-10-29T02:00:00Z,2024,nba,Phoenix Suns,Utah Jazz,126,104,0,401584722
2023-10-29T19:30:00Z,2024,nba,Oklahoma City Thunder,Denver Nuggets,95,128,0,401584723
2023-10-29T23:00:00Z,2024,nba,Houston Rockets,Golden State Warriors,95,106,0,401584724
2023-10-29T23:00:00Z,2024,nba,Milwaukee Bucks,Atlanta Hawks,110,127,0,401584725
2023-10-29T23:30:00Z,2024,nba,Philadelphia 76ers,Portland Trail Blazers,126,98,0,401584726
2023-10-30T01:00:00Z,2024,nba,LA Clippers,San Antonio Spurs,123,83,0,401584727
2023-10-30T01:00:00Z,2024,nba,Sacramento Kings,Los Angeles Lakers,132,127,0,401584728
2023-10-30T23:00:00Z,2024,nba,Charlotte Hornets,Brooklyn Nets,121,133,0,401584729
2023-10-30T23:00:00Z,2024,nba,Indiana Pacers,Chicago Bulls,105,112,0,401584730
2023-10-30T23:00:00Z,2024,nba,Washington Wizards,Boston Celtics,107,126,0,401584731
2023-10-30T23:30:00Z,2024,nba,Atlanta Hawks,Minnesota Timberwolves,127,113,0,401584732
2023-10-30T23:30:00Z,2024,nba,Toronto Raptors,Portland Trail Blazers,91,99,0,401584733
2023-10-31T00:00:00Z,2024,nba,Memphis Grizzlies,Dallas Mavericks,110,125,0,401584734
2023-10-31T00:00:00Z,2024,nba,Milwaukee Bucks,Miami Heat,122,114,0,401584735
2023-10-31T00:00:00Z,2024,nba,New Orleans Pelicans,Golden State Warriors,102,130,0,401584736
2023-10-31T00:00:00Z,2024,nba,Oklahoma City Thunder,Detroit Pistons,124,112,0,401584737
2023-10-31T01:00:00Z,2024,nba,Denver Nuggets,Utah Jazz,110,102,0,401584738
2023-10-31T02:30:00Z,2024,nba,Los Angeles Lakers,Orlando Magic,106,103,0,401584739
2023-10-31T23:30:00Z,2024,nba,Cleveland Cavaliers,New York Knicks,91,109,0,401584740
2023-11-01T02:00:00Z,2024,nba,Phoenix Suns,San Antonio Spurs,114,115,0,401584741
2023-11-01T02:30:00Z,2024,nba,LA Clippers,Orlando Magic,118,102,0,401584742
2023-11-01T23:00:00Z,2024,nba,Detroit Pistons,Portland Trail Blazers,101,110,0,401584743
2023-11-01T23:00:00Z,2024,nba,Toronto Raptors,Milwaukee Bucks,130,111,0,401584744
2023-11-01T23:30:00Z,2024,nba,Atlanta Hawks,Washington Wizards,130,121,0,401584745
2023-11-01T23:30:00Z,2024,nba,Boston Celtics,Indiana Pacers,155,104,0,401584746
2023-11-01T23:30:00Z,2024,nba,Miami Heat,Brooklyn Nets,105,109,0,401584747
2023-11-01T23:30:00Z,2024,nba,New York Knicks,Cleveland Cavaliers,89,95,0,401584748
2023-11-01T23:30:00Z,2024,nba,Oklahoma City Thunder,New Orleans Pelicans,106,110,0,401584749
2023-11-02T00:00:00Z,2024,nba,Houston Rockets,Charlotte Hornets,128,119,0,401584750
2023-11-02T00:00:00Z,2024,nba,Minnesota Timberwolves,Denver Nuggets,110,89,0,401584751
2023-11-02T00:30:00Z,2024,nba,Dallas Mavericks,Chicago Bulls,114,105,0,401584752
2023-11-02T01:00:00Z,2024,nba,Utah Jazz,Memphis Grizzlies,133,109,0,401584753
2023-11-02T02:00:00Z,2024,nba,Golden State Warriors,Sacramento Kings,102,101,0,401584754
2023-11-02T02:00:00Z,2024,nba,Los Angeles Lakers,LA Clippers,130,125,0,401584755
2023-11-02T23:00:00Z,2024,nba,Philadelphia 76ers,Toronto Raptors,114,99,0,401584756
2023-11-03T00:00:00Z,2024,nba,New Orleans Pelicans,Detroit Pistons,125,116,0,401584757
2023-11-03T01:00:00Z,2024,nba,Utah Jazz,Orlando Magic,113,115,0,401584758
2023-11-03T02:00:00Z,2024,nba,Phoenix Suns,San Antonio Spurs,121,132,0,401584759
2023-11-03T23:00:00Z,2024,nba,Indiana Pacers,Cleveland Cavaliers,121,116,0,401584089
2023-11-03T23:30:00Z,2024,nba,Milwaukee Bucks,New York Knicks,110,105,0,401584090
2023-11-04T00:00:00Z,2024,nba,Miami Heat,Washington Wizards,121,114,0,401584091
2023-11-04T00:00:00Z,2024,nba,Chicago Bulls,Brooklyn Nets,107,109,0,401584092
2023-11-04T00:00:00Z,2024,nba,Oklahoma City Thunder,Golden State Warriors,139,141,0,401584093
2023-11-04T02:00:00Z,2024,nba,Denver Nuggets,Dallas Mavericks,125,114,0,401584094
2023-11-04T02:00:00Z,2024,nba,Portland Trail Blazers,Memphis Grizzlies,115,113,0,401584095
2023-11-04T17:00:00Z,2024,nba,Philadelphia 76ers,Phoenix Suns,112,100,0,401584760
2023-11-04T23:00:00Z,2024,nba,Indiana Pacers,Charlotte Hornets,124,125,0,401584761
2023-11-04T23:00:00Z,2024,nba,Orlando Magic,Los Angeles Lakers,120,101,0,401584762
2023-11-04T23:00:00Z,2024,nba,New Orleans Pelicans,Atlanta Hawks,105,123,0,401584763
2023-11-05T00:00:00Z,2024,nba,Brooklyn Nets,Boston Celtics,114,124,0,401584764
2023-11-05T00:00:00Z,2024,nba,Houston Rockets,Sacramento Kings,107,89,0,401584765
2023-11-05T00:00:00Z,2024,nba,Minnesota Timberwolves,Utah Jazz,123,95,0,401584766
2023-11-05T01:00:00Z,2024,nba,Denver Nuggets,Chicago Bulls,123,101,0,401584767
2023-11-05T20:00:00Z,2024,nba,Detroit Pistons,Phoenix Suns,106,120,0,401584768
2023-11-05T20:30:00Z,2024,nba,San Antonio Spurs,Toronto Raptors,116,123,0,401584769
2023-11-05T23:00:00Z,2024,nba,Cleveland Cavaliers,Golden State Warriors,115,104,0,401584770
2023-11-06T00:30:00Z,2024,nba,Dallas Mavericks,Charlotte Hornets,124,118,0,401584771
2023-11-06T02:00:00Z,2024,nba,Portland Trail Blazers,Memphis Grizzlies,100,112,0,401584772
2023-11-07T00:00:00Z,2024,nba,Detroit Pistons,Golden State Warriors,109,120,0,401584773
2023-11-07T00:00:00Z,2024,nba,Indiana Pacers,San Antonio Spurs,152,111,0,401584774
2023-11-07T00:00:00Z,2024,nba,Orlando Magic,Dallas Mavericks,102,117,0,401584775
2023-11-07T00:00:00Z,2024,nba,Philadelphia 76ers,Washington Wizards,146,128,0,401584776
2023-11-07T00:30:00Z,2024,nba,Brooklyn Nets,Milwaukee Bucks,125,129,0,401584777
2023-11-07T00:30:00Z,2024,nba,Miami Heat,Los Angeles Lakers,108,107,0,401584778
2023-11-07T00:30:00Z,2024,nba,New York Knicks,LA Clippers,111,97,0,401584779
2023-11-07T01:00:00Z,2024,nba,Chicago Bulls,Utah Jazz,130,113,0,401584780
2023-11-07T01:00:00Z,2024,nba,Houston Rockets,Sacramento Kings,122,97,0,401584781
2023-11-07T01:00:00Z,2024,nba,Minnesota Timberwolves,Boston Celtics,114,109,0,401584782
2023-11-07T01:00:00Z,2024,nba,Oklahoma City Thunder,Atlanta Hawks,126,117,0,401584783
2023-11-07T02:00:00Z,2024,nba,Denver Nuggets,New Orleans Pelicans,134,116,0,401584784
2023-11-09T00:00:00Z,2024,nba,Charlotte Hornets,Washington Wizards,116,132,0,401584785
2023-11-09T00:00:00Z,2024,nba,Indiana Pacers,Utah Jazz,134,118,0,401584786
2023-11-09T00:00:00Z,2024,nba,Philadelphia 76ers,Boston Celtics,106,103,0,401584787
2023-11-09T00:30:00Z,2024,nba,Brooklyn Nets,LA Clippers,100,93,0,401584788
2023-11-09T00:30:00Z,2024,nba,New York Knicks,San Antonio Spurs,126,105,0,401584789
2023-11-09T01:00:00Z,2024,nba,Chicago Bulls,Phoenix Suns,115,116,0,401584790
2023-11-09T01:00:00Z,2024,nba,Houston Rockets,Los Angeles Lakers,128,94,0,401584791
2023-11-09T01:00:00Z,2024,nba,Memphis Grizzlies,Miami Heat,102,108,0,401584792
2023-11-09T01:00:00Z,2024,nba,Milwaukee Bucks,Detroit Pistons,120,118,0,401584793
2023-11-09T01:00:00Z,2024,nba,Minnesota Timberwolves,New Orleans Pelicans,122,101,0,401584794
2023-11-09T01:00:00Z,2024,nba,Oklahoma City Thunder,Cleveland Cavaliers,128,120,0,401584795
2023-11-09T01:30:00Z,2024,nba,Dallas Mavericks,Toronto Raptors,116,127,0,401584796
2023-11-09T03:00:00Z,2024,nba,Denver Nuggets,Golden State Warriors,108,105,0,401584797
2023-11-09T03:00:00Z,2024,nba,Sacramento Kings,Portland Trail Blazers,121,118,0,401584798
2023-11-10T00:00:00Z,2024,nba,Indiana Pacers,Milwaukee Bucks,126,124,0,401584799
2023-11-10T02:30:00Z,2024,nba,Orlando Magic,Atlanta Hawks,119,120,1,401584800
2023-11-11T00:00:00Z,2024,nba,Detroit Pistons,Philadelphia 76ers,106,114,0,401584096
2023-11-11T00:00:00Z,2024,nba,Washington Wizards,Charlotte Hornets,117,124,0,401584097
2023-11-11T00:30:00Z,2024,nba,Boston Celtics,Brooklyn Nets,121,107,0,401584098
2023-11-11T01:00:00Z,2024,nba,Houston Rockets,New Orleans Pelicans,104,101,0,401584099
2023-11-11T01:00:00Z,2024,nba,Memphis Grizzlies,Utah Jazz,121,127,0,401584100
2023-11-11T01:00:00Z,2024,nba,San Antonio Spurs,Minnesota Timberwolves,110,117,0,401584101
2023-11-11T01:30:00Z,2024,nba,Dallas Mavericks,LA Clippers,144,126,0,401584102
2023-11-11T03:00:00Z,2024,nba,Phoenix Suns,Los Angeles Lakers,119,122,0,401584103
2023-11-11T03:00:00Z,2024,nba,Sacramento Kings,Oklahoma City Thunder,105,98,0,401584104
2023-11-11T23:00:00Z,2024,nba,Orlando Magic,Milwaukee Bucks,112,97,0,401584801
2023-11-12T00:00:00Z,2024,nba,Boston Celtics,Toronto Raptors,117,94,0,401584802
2023-11-12T00:30:00Z,2024,nba,Atlanta Hawks,Miami Heat,109,117,0,401584803
2023-11-12T01:30:00Z,2024,nba,Golden State Warriors,Cleveland Cavaliers,110,118,0,401584804
2023-11-12T17:00:00Z,2024,nba,New York Knicks,Charlotte Hornets,129,107,0,401584805
2023-11-12T20:00:00Z,2024,nba,Brooklyn Nets,Washington Wizards,102,94,0,401584806
2023-11-12T20:30:00Z,2024,nba,LA Clippers,Memphis Grizzlies,101,105,0,401584807
2023-11-12T23:00:00Z,2024,nba,Philadelphia 76ers,Indiana Pacers,137,126,0,401584808
2023-11-13T00:00:00Z,2024,nba,Chicago Bulls,Detroit Pistons,119,108,0,401584809
2023-11-13T00:00:00Z,2024,nba,Houston Rockets,Denver Nuggets,107,104,0,401584810
2023-11-13T00:00:00Z,2024,nba,New Orleans Pelicans,Dallas Mavericks,124,136,0,401584811
2023-11-13T00:00:00Z,2024,nba,San Antonio Spurs,Miami Heat,113,118,0,401584812
2023-11-13T01:00:00Z,2024,nba,Phoenix Suns,Oklahoma City Thunder,99,111,0,401584813
2023-11-13T01:30:00Z,2024,nba,Golden State Warriors,Minnesota Timberwolves,110,116,0,401584814
2023-11-13T03:00:00Z,2024,nba,Los Angeles Lakers,Portland Trail Blazers,116,110,0,401584815
2023-11-14T00:30:00Z,2024,nba,Boston Celtics,New York Knicks,114,98,0,401584816
2023-11-14T00:30:00Z,2024,nba,Toronto Raptors,Washington Wizards,111,107,0,401584817
2023-11-14T01:00:00Z,2024,nba,Milwaukee Bucks,Chicago Bulls,118,109,0,401584818
2023-11-14T03:00:00Z,2024,nba,Sacramento Kings,Cleveland Cavaliers,132,120,0,401584819
2023-11-15T00:00:00Z,2024,nba,Charlotte Hornets,Miami Heat,105,111,0,401584105
2023-11-15T00:00:00Z,2024,nba,Detroit Pistons,Atlanta Hawks,120,126,0,401584106
2023-11-15T00:00:00Z,2024,nba,Philadelphia 76ers,Indiana Pacers,126,132,0,401584107
2023-11-15T00:30:00Z,2024,nba,Brooklyn Nets,Orlando Magic,124,104,0,401584108
2023-11-15T00:30:00Z,2024,nba,Oklahoma City Thunder,San Antonio Spurs,123,87,0,401584109
2023-11-15T01:00:00Z,2024,nba,New Orleans Pelicans,Dallas Mavericks,131,110,0,401584110
2023-11-15T02:00:00Z,2024,nba,Utah Jazz,Portland Trail Blazers,115,99,0,401584111
2023-11-15T03:00:00Z,2024,nba,Denver Nuggets,LA Clippers,111,108,0,401584112
2023-11-15T03:00:00Z,2024,nba,Golden State Warriors,Minnesota Timberwolves,101,104,0,401584113
2023-11-15T03:30:00Z,2024,nba,Los Angeles Lakers,Memphis Grizzlies,134,107,0,401584114
2023-11-16T00:00:00Z,2024,nba,Washington Wizards,Dallas Mavericks,117,130,0,401584820
2023-11-16T00:30:00Z,2024,nba,Atlanta Hawks,New York Knicks,114,116,0,401584821
2023-11-16T00:30:00Z,2024,nba,Philadelphia 76ers,Boston Celtics,107,117,0,401584822
2023-11-16T00:30:00Z,2024,nba,Toronto Raptors,Milwaukee Bucks,112,128,0,401584823
2023-11-16T01:00:00Z,2024,nba,Chicago Bulls,Orlando Magic,94,96,0,401584824
2023-11-16T02:00:00Z,2024,nba,Phoenix Suns,Minnesota Timberwolves,133,115,0,401584825
2023-11-16T03:00:00Z,2024,nba,Los Angeles Lakers,Sacramento Kings,110,125,0,401584826
2023-11-16T03:00:00Z,2024,nba,Portland Trail Blazers,Cleveland Cavaliers,95,109,0,401584827
2023-11-17T00:30:00Z,2024,nba,Miami Heat,Brooklyn Nets,122,115,0,401584828
2023-11-17T03:00:00Z,2024,nba,Golden State Warriors,Oklahoma City Thunder,109,128,0,401584829
2023-11-18T00:00:00Z,2024,nba,Charlotte Hornets,Milwaukee Bucks,99,130,0,401584115
2023-11-18T00:00:00Z,2024,nba,Washington Wizards,New York Knicks,99,120,0,401584116
2023-11-18T00:30:00Z,2024,nba,Atlanta Hawks,Philadelphia 76ers,116,126,0,401584117
2023-11-18T00:30:00Z,2024,nba,Cleveland Cavaliers,Detroit Pistons,108,100,0,401584118
2023-11-18T00:30:00Z,2024,nba,Toronto Raptors,Boston Celtics,105,108,0,401584119
2023-11-18T00:30:00Z,2024,nba,San Antonio Spurs,Sacramento Kings,120,129,0,401584120
2023-11-18T01:00:00Z,2024,nba,Chicago Bulls,Orlando Magic,97,103,0,401584121
2023-11-18T01:00:00Z,2024,nba,New Orleans Pelicans,Denver Nuggets,115,110,0,401584122
2023-11-18T03:00:00Z,2024,nba,Utah Jazz,Phoenix Suns,128,131,0,401584123
2023-11-18T03:00:00Z,2024,nba,Portland Trail Blazers,Los Angeles Lakers,95,107,0,401584124
2023-11-18T03:30:00Z,2024,nba,LA Clippers,Houston Rockets,106,100,0,401584125
2023-11-18T23:00:00Z,2024,nba,Charlotte Hornets,New York Knicks,108,122,0,401584830
2023-11-19T00:00:00Z,2024,nba,New Orleans Pelicans,Minnesota Timberwolves,120,121,0,401584831
2023-11-19T01:00:00Z,2024,nba,Chicago Bulls,Miami Heat,102,97,0,401584832
2023-11-19T01:00:00Z,2024,nba,Milwaukee Bucks,Dallas Mavericks,132,125,0,401584833
2023-11-19T01:00:00Z,2024,nba,San Antonio Spurs,Memphis Grizzlies,108,120,0,401584834
2023-11-19T01:30:00Z,2024,nba,Golden State Warriors,Oklahoma City Thunder,123,130,0,401584835
2023-11-19T20:00:00Z,2024,nba,Brooklyn Nets,Philadelphia 76ers,99,121,0,401584836
2023-11-19T21:00:00Z,2024,nba,Toronto Raptors,Detroit Pistons,142,113,0,401584839
2023-11-19T22:00:00Z,2024,nba,Indiana Pacers,Orlando Magic,116,128,0,401584837
2023-11-19T23:00:00Z,2024,nba,Cleveland Cavaliers,Denver Nuggets,121,109,0,401584838
2023-11-20T00:30:00Z,2024,nba,Dallas Mavericks,Sacramento Kings,113,129,0,401584840
2023-11-20T01:00:00Z,2024,nba,Memphis Grizzlies,Boston Celtics,100,102,0,401584841
2023-11-20T01:00:00Z,2024,nba,Utah Jazz,Phoenix Suns,137,140,0,401584842
2023-11-20T02:00:00Z,2024,nba,Portland Trail Blazers,Oklahoma City Thunder,91,134,0,401584843
2023-11-20T02:30:00Z,2024,nba,Los Angeles Lakers,Houston Rockets,105,104,0,401584844
2023-11-21T00:00:00Z,2024,nba,Charlotte Hornets,Boston Celtics,121,118,0,401584845
2023-11-21T00:00:00Z,2024,nba,Detroit Pistons,Denver Nuggets,103,107,0,401584846
2023-11-21T00:00:00Z,2024,nba,Washington Wizards,Milwaukee Bucks,129,142,0,401584847
2023-11-21T01:00:00Z,2024,nba,Chicago Bulls,Miami Heat,100,118,0,401584848
2023-11-21T01:00:00Z,2024,nba,Minnesota Timberwolves,New York Knicks,117,100,0,401584849
2023-11-21T01:00:00Z,2024,nba,New Orleans Pelicans,Sacramento Kings,129,93,0,401584850
2023-11-21T01:00:00Z,2024,nba,San Antonio Spurs,LA Clippers,99,124,0,401584851
2023-11-21T03:00:00Z,2024,nba,Golden State Warriors,Houston Rockets,121,116,0,401584852
2023-11-22T00:00:00Z,2024,nba,Orlando Magic,Toronto Raptors,126,107,0,401584126
2023-11-22T00:30:00Z,2024,nba,Atlanta Hawks,Indiana Pacers,152,157,0,401584127
2023-11-22T00:30:00Z,2024,nba,Philadelphia 76ers,Cleveland Cavaliers,119,122,0,401584128
2023-11-22T02:00:00Z,2024,nba,Phoenix Suns,Portland Trail Blazers,120,107,0,401584129
2023-11-22T03:00:00Z,2024,nba,Los Angeles Lakers,Utah Jazz,131,99,0,401584130
2023-11-23T00:00:00Z,2024,nba,Charlotte Hornets,Washington Wizards,117,114,0,401584853
2023-11-23T00:00:00Z,2024,nba,Orlando Magic,Denver Nuggets,124,119,0,401584854
2023-11-23T00:30:00Z,2024,nba,Atlanta Hawks,Brooklyn Nets,147,145,0,401584855
2023-11-23T00:30:00Z,2024,nba,Boston Celtics,Milwaukee Bucks,119,116,0,401584856
2023-11-23T00:30:00Z,2024,nba,Cleveland Cavaliers,Miami Heat,96,129,0,401584857
2023-11-23T00:30:00Z,2024,nba,Indiana Pacers,Toronto Raptors,131,132,0,401584858
2023-11-23T01:00:00Z,2024,nba,Houston Rockets,Memphis Grizzlies,111,91,0,401584859
2023-11-23T01:00:00Z,2024,nba,Minnesota Timberwolves,Philadelphia 76ers,112,99,0,401584860
2023-11-23T01:00:00Z,2024,nba,New Orleans Pelicans,Sacramento Kings,117,112,0,401584861
2023-11-23T01:00:00Z,2024,nba,Oklahoma City Thunder,Chicago Bulls,116,102,0,401584862
2023-11-23T01:00:00Z,2024,nba,San Antonio Spurs,LA Clippers,102,109,0,401584863
2023-11-23T03:00:00Z,2024,nba,Phoenix Suns,Golden State Warriors,123,115,0,401584864
2023-11-23T03:00:00Z,2024,nba,Portland Trail Blazers,Utah Jazz,121,105,0,401584865
2023-11-23T03:30:00Z,2024,nba,Los Angeles Lakers,Dallas Mavericks,101,104,0,401584866
2023-11-24T19:30:00Z,2024,nba,Orlando Magic,Boston Celtics,113,96,0,401584131
2023-11-24T22:00:00Z,2024,nba,Memphis Grizzlies,Phoenix Suns,89,110,0,401584132
2023-11-25T00:30:00Z,2024,nba,New York Knicks,Miami Heat,100,98,0,401584133
2023-11-25T00:30:00Z,2024,nba,Toronto Raptors,Chicago Bulls,121,108,0,401584134
2023-11-25T01:00:00Z,2024,nba,Indiana Pacers,Detroit Pistons,136,113,0,401584135
2023-11-25T01:00:00Z,2024,nba,Houston Rockets,Denver Nuggets,105,86,0,401584136
2023-11-25T01:00:00Z,2024,nba,Milwaukee Bucks,Washington Wizards,131,128,0,401584137
2023-11-25T01:00:00Z,2024,nba,Minnesota Timberwolves,Sacramento Kings,111,124,0,401584138
2023-11-25T03:00:00Z,2024,nba,Golden State Warriors,San Antonio Spurs,118,112,0,401584139
2023-11-25T03:30:00Z,2024,nba,LA Clippers,New Orleans Pelicans,106,116,0,401584140
2023-11-25T22:00:00Z,2024,nba,Oklahoma City Thunder,Philadelphia 76ers,123,127,0,401584867
2023-11-25T23:00:00Z,2024,nba,Brooklyn Nets,Miami Heat,112,97,0,401584868
2023-11-26T00:00:00Z,2024,nba,Washington Wizards,Atlanta Hawks,108,136,0,401584869
2023-11-26T00:30:00Z,2024,nba,Cleveland Cavaliers,Los Angeles Lakers,115,121,0,401584870
2023-11-26T02:30:00Z,2024,nba,Utah Jazz,New Orleans Pelicans,105,100,0,401584871
2023-11-26T03:30:00Z,2024,nba,LA Clippers,Dallas Mavericks,107,88,0,401584872
2023-11-26T20:30:00Z,2024,nba,Milwaukee Bucks,Portland Trail Blazers,108,102,0,401584873
2023-11-26T23:00:00Z,2024,nba,Boston Celtics,Atlanta Hawks,113,103,0,401584874
2023-11-26T23:00:00Z,2024,nba,New York Knicks,Phoenix Suns,113,116,0,401584875
2023-11-26T23:00:00Z,2024,nba,Orlando Magic,Charlotte Hornets,130,117,0,401584876
2023-11-26T23:00:00Z,2024,nba,Memphis Grizzlies,Minnesota Timberwolves,97,119,0,401584877
2023-11-27T00:30:00Z,2024,nba,Brooklyn Nets,Chicago Bulls,118,109,0,401584878
2023-11-27T00:30:00Z,2024,nba,Cleveland Cavaliers,Toronto Raptors,105,102,0,401584879
2023-11-27T01:00:00Z,2024,nba,Denver Nuggets,San Antonio Spurs,132,120,0,401584880
2023-11-28T00:00:00Z,2024,nba,Detroit Pistons,Washington Wizards,107,126,0,401584881
2023-11-28T00:00:00Z,2024,nba,Indiana Pacers,Portland Trail Blazers,110,114,0,401584882
2023-11-28T00:00:00Z,2024,nba,Philadelphia 76ers,Los Angeles Lakers,138,94,0,401584883
2023-11-28T02:00:00Z,2024,nba,Utah Jazz,New Orleans Pelicans,114,112,0,401584884
2023-11-28T03:30:00Z,2024,nba,LA Clippers,Denver Nuggets,104,113,0,401584885
2023-11-29T00:30:00Z,2024,nba,Boston Celtics,Chicago Bulls,124,97,0,401584141
2023-11-29T00:30:00Z,2024,nba,Brooklyn Nets,Toronto Raptors,115,103,0,401584142
2023-11-29T00:30:00Z,2024,nba,Cleveland Cavaliers,Atlanta Hawks,128,105,0,401584143
2023-11-29T00:30:00Z,2024,nba,Miami Heat,Milwaukee Bucks,124,131,0,401584144
2023-11-29T00:30:00Z,2024,nba,New York Knicks,Charlotte Hornets,115,91,0,401584145
2023-11-29T01:00:00Z,2024,nba,Minnesota Timberwolves,Oklahoma City Thunder,106,103,0,401584146
2023-11-29T01:30:00Z,2024,nba,Dallas Mavericks,Houston Rockets,121,115,0,401584147
2023-11-29T03:00:00Z,2024,nba,Sacramento Kings,Golden State Warriors,124,123,0,401584148
2023-11-30T00:00:00Z,2024,nba,Detroit Pistons,Los Angeles Lakers,107,133,0,401584886
2023-11-30T00:00:00Z,2024,nba,Orlando Magic,Washington Wizards,139,120,0,401584887
2023-11-30T00:30:00Z,2024,nba,Toronto Raptors,Phoenix Suns,112,105,0,401584888
2023-11-30T01:00:00Z,2024,nba,Memphis Grizzlies,Utah Jazz,105,91,0,401584889
2023-11-30T01:00:00Z,2024,nba,New Orleans Pelicans,Philadelphia 76ers,124,114,0,401584890
2023-11-30T02:00:00Z,2024,nba,Denver Nuggets,Houston Rockets,134,124,0,401584891
2023-11-30T03:00:00Z,2024,nba,Sacramento Kings,LA Clippers,117,131,0,401584892
2023-12-01T00:00:00Z,2024,nba,Cleveland Cavaliers,Portland Trail Blazers,95,103,0,401584893
2023-12-01T00:30:00Z,2024,nba,Brooklyn Nets,Charlotte Hornets,128,129,0,401584894
2023-12-01T00:30:00Z,2024,nba,Miami Heat,Indiana Pacers,142,132,0,401584895
2023-12-01T00:30:00Z,2024,nba,New York Knicks,Detroit Pistons,118,112,0,401584896
2023-12-01T01:00:00Z,2024,nba,Chicago Bulls,Milwaukee Bucks,120,113,0,401584897
2023-12-01T01:00:00Z,2024,nba,Minnesota Timberwolves,Utah Jazz,101,90,0,401584898
2023-12-01T01:00:00Z,2024,nba,Oklahoma City Thunder,Los Angeles Lakers,133,110,0,401584899
2023-12-01T01:00:00Z,2024,nba,San Antonio Spurs,Atlanta Hawks,135,137,0,401584900
2023-12-01T03:00:00Z,2024,nba,Golden State Warriors,LA Clippers,120,114,0,401584901
2023-12-02T00:00:00Z,2024,nba,Orlando Magic,Washington Wizards,130,125,0,401584902
2023-12-02T00:30:00Z,2024,nba,Boston Celtics,Philadelphia 76ers,125,119,0,401584903
2023-12-02T00:30:00Z,2024,nba,Toronto Raptors,New York Knicks,106,119,0,401584904
2023-12-02T00:30:00Z,2024,nba,Dallas Mavericks,Memphis Grizzlies,94,108,0,401584905
2023-12-02T01:00:00Z,2024,nba,New Orleans Pelicans,San Antonio Spurs,121,106,0,401584906
2023-12-02T03:00:00Z,2024,nba,Phoenix Suns,Denver Nuggets,111,119,0,401584907
2023-12-02T21:00:00Z,2024,nba,LA Clippers,Golden State Warriors,113,112,0,401584908
2023-12-02T22:00:00Z,2024,nba,Charlotte Hornets,Minnesota Timberwolves,117,123,0,401584909
2023-12-03T00:00:00Z,2024,nba,Brooklyn Nets,Orlando Magic,129,101,0,401584910
2023-12-03T00:00:00Z,2024,nba,Detroit Pistons,Cleveland Cavaliers,101,110,0,401584911
2023-12-03T01:00:00Z,2024,nba,Miami Heat,Indiana Pacers,129,144,0,401584912
2023-12-03T01:00:00Z,2024,nba,Chicago Bulls,New Orleans Pelicans,124,118,0,401584913
2023-12-03T01:00:00Z,2024,nba,Milwaukee Bucks,Atlanta Hawks,132,121,0,401584914
2023-12-03T02:00:00Z,2024,nba,Dallas Mavericks,Oklahoma City Thunder,120,126,0,401584915
2023-12-03T02:00:00Z,2024,nba,Phoenix Suns,Memphis Grizzlies,116,109,0,401584916
2023-12-03T02:30:00Z,2024,nba,Utah Jazz,Portland Trail Blazers,118,113,0,401584917
2023-12-03T03:00:00Z,2024,nba,Sacramento Kings,Denver Nuggets,123,117,0,401584918
2023-12-03T03:30:00Z,2024,nba,Los Angeles Lakers,Houston Rockets,107,97,0,401584919
2023-12-05T00:30:00Z,2024,nba,Indiana Pacers,Boston Celtics,122,112,0,401607491
2023-12-05T03:00:00Z,2024,nba,Sacramento Kings,New Orleans Pelicans,117,127,0,401607492
2023-12-06T00:30:00Z,2024,nba,Milwaukee Bucks,New York Knicks,146,122,0,401607489
2023-12-06T03:00:00Z,2024,nba,Los Angeles Lakers,Phoenix Suns,106,103,0,401607490
2023-12-07T00:00:00Z,2024,nba,Cleveland Cavaliers,Orlando Magic,121,111,0,401616459
2023-12-07T00:00:00Z,2024,nba,Detroit Pistons,Memphis Grizzlies,102,116,0,401616460
2023-12-07T00:00:00Z,2024,nba,Washington Wizards,Philadelphia 76ers,126,131,0,401616462
2023-12-07T00:30:00Z,2024,nba,Toronto Raptors,Miami Heat,103,112,0,401616461
2023-12-07T00:30:00Z,2024,nba,Atlanta Hawks,Brooklyn Nets,113,114,0,401616463
2023-12-07T00:30:00Z,2024,nba,Minnesota Timberwolves,San Antonio Spurs,102,94,0,401616464
2023-12-07T01:00:00Z,2024,nba,Chicago Bulls,Charlotte Hornets,111,100,0,401616465
2023-12-07T01:00:00Z,2024,nba,Houston Rockets,Oklahoma City Thunder,110,101,0,401616466
2023-12-07T01:30:00Z,2024,nba,Dallas Mavericks,Utah Jazz,147,97,0,401616467
2023-12-07T03:00:00Z,2024,nba,Golden State Warriors,Portland Trail Blazers,110,106,0,401616468
2023-12-07T03:00:00Z,2024,nba,LA Clippers,Denver Nuggets,111,102,0,401616469
2023-12-07T22:00:00Z,2024,nba,Milwaukee Bucks,Indiana Pacers,119,128,0,401607494
2023-12-08T02:00:00Z,2024,nba,Los Angeles Lakers,New Orleans Pelicans,133,89,0,401607493
2023-12-09T00:00:00Z,2024,nba,Charlotte Hornets,Toronto Raptors,119,116,0,401616470
2023-12-09T00:00:00Z,2024,nba,Orlando Magic,Detroit Pistons,123,91,0,401616471
2023-12-09T00:00:00Z,2024,nba,Philadelphia 76ers,Atlanta Hawks,125,114,0,401616472
2023-12-09T00:30:00Z,2024,nba,Brooklyn Nets,Washington Wizards,124,97,0,401616473
2023-12-09T00:30:00Z,2024,nba,Boston Celtics,New York Knicks,133,123,0,401617579
2023-12-09T01:00:00Z,2024,nba,Miami Heat,Cleveland Cavaliers,99,111,0,401616474
2023-12-09T01:00:00Z,2024,nba,Memphis Grizzlies,Minnesota Timberwolves,103,127,0,401616475
2023-12-09T01:00:00Z,2024,nba,Oklahoma City Thunder,Golden State Warriors,138,136,0,401616476
2023-12-09T01:30:00Z,2024,nba,San Antonio Spurs,Chicago Bulls,112,121,0,401616477
2023-12-09T02:00:00Z,2024,nba,Denver Nuggets,Houston Rockets,106,114,0,401616478
2023-12-09T02:00:00Z,2024,nba,Phoenix Suns,Sacramento Kings,106,114,0,401617581
2023-12-09T03:00:00Z,2024,nba,Utah Jazz,LA Clippers,103,117,0,401616479
2023-12-09T03:00:00Z,2024,nba,Portland Trail Blazers,Dallas Mavericks,112,125,0,401616480
2023-12-10T01:30:00Z,2024,nba,Los Angeles Lakers,Indiana Pacers,123,109,1,401607495
2023-12-12T00:00:00Z,2024,nba,Charlotte Hornets,Miami Heat,114,116,0,401584920
2023-12-12T00:00:00Z,2024,nba,Detroit Pistons,Indiana Pacers,123,131,0,401584921
2023-12-12T00:00:00Z,2024,nba,Orlando Magic,Cleveland Cavaliers,104,94,0,401584922
2023-12-12T00:00:00Z,2024,nba,Philadelphia 76ers,Washington Wizards,146,101,0,401584923
2023-12-12T00:30:00Z,2024,nba,Atlanta Hawks,Denver Nuggets,122,129,0,401584924
2023-12-12T00:30:00Z,2024,nba,New York Knicks,Toronto Raptors,136,130,0,401584925
2023-12-12T01:00:00Z,2024,nba,Houston Rockets,San Antonio Spurs,93,82,0,401584926
2023-12-12T01:00:00Z,2024,nba,Memphis Grizzlies,Dallas Mavericks,113,120,0,401584927
2023-12-12T01:00:00Z,2024,nba,Milwaukee Bucks,Chicago Bulls,133,129,0,401584928
2023-12-12T01:00:00Z,2024,nba,New Orleans Pelicans,Minnesota Timberwolves,121,107,0,401584929
2023-12-12T01:00:00Z,2024,nba,Oklahoma City Thunder,Utah Jazz,134,120,0,401584930
2023-12-12T03:00:00Z,2024,nba,Sacramento Kings,Brooklyn Nets,131,118,0,401584931
2023-12-12T03:30:00Z,2024,nba,LA Clippers,Portland Trail Blazers,132,127,0,401584932
2023-12-13T00:30:00Z,2024,nba,Boston Celtics,Cleveland Cavaliers,120,113,0,401584933
2023-12-13T00:30:00Z,2024,nba,Dallas Mavericks,Los Angeles Lakers,127,125,0,401584934
2023-12-13T01:00:00Z,2024,nba,Chicago Bulls,Denver Nuggets,106,114,0,401584935
2023-12-13T03:00:00Z,2024,nba,Phoenix Suns,Golden State Warriors,119,116,0,401584936
2023-12-13T03:30:00Z,2024,nba,LA Clippers,Sacramento Kings,119,99,0,401584937
2023-12-14T00:00:00Z,2024,nba,Detroit Pistons,Philadelphia 76ers,111,129,0,401584938
2023-12-14T00:00:00Z,2024,nba,Washington Wizards,New Orleans Pelicans,122,142,0,401584939
2023-12-14T00:30:00Z,2024,nba,Miami Heat,Charlotte Hornets,115,104,0,401584940
2023-12-14T00:30:00Z,2024,nba,Toronto Raptors,Atlanta Hawks,135,128,0,401584941
2023-12-14T01:00:00Z,2024,nba,Houston Rockets,Memphis Grizzlies,117,104,0,401584942
2023-12-14T01:00:00Z,2024,nba,Milwaukee Bucks,Indiana Pacers,140,126,0,401584943
2023-12-14T01:00:00Z,2024,nba,San Antonio Spurs,Los Angeles Lakers,119,122,0,401584944
2023-12-14T02:00:00Z,2024,nba,Phoenix Suns,Brooklyn Nets,112,116,0,401584945
2023-12-14T02:00:00Z,2024,nba,Utah Jazz,New York Knicks,117,113,0,401584946
2023-12-15T00:30:00Z,2024,nba,Boston Celtics,Cleveland Cavaliers,116,107,0,401584947
2023-12-15T00:30:00Z,2024,nba,Miami Heat,Chicago Bulls,116,124,0,401584948
2023-12-15T01:30:00Z,2024,nba,Dallas Mavericks,Minnesota Timberwolves,101,119,0,401584949
2023-12-15T02:00:00Z,2024,nba,Denver Nuggets,Brooklyn Nets,124,101,0,401584950
2023-12-15T03:00:00Z,2024,nba,Portland Trail Blazers,Utah Jazz,114,122,0,401584951
2023-12-15T03:00:00Z,2024,nba,Sacramento Kings,Oklahoma City Thunder,128,123,0,401584952
2023-12-15T03:30:00Z,2024,nba,LA Clippers,Golden State Warriors,121,113,0,401584953
2023-12-16T00:00:00Z,2024,nba,Charlotte Hornets,New Orleans Pelicans,107,112,0,401584954
2023-12-16T00:00:00Z,2024,nba,Philadelphia 76ers,Detroit Pistons,124,92,0,401584955
2023-12-16T00:00:00Z,2024,nba,Washington Wizards,Indiana Pacers,137,123,0,401584956
2023-12-16T00:30:00Z,2024,nba,Boston Celtics,Orlando Magic,128,111,0,401584957
2023-12-16T00:30:00Z,2024,nba,Toronto Raptors,Atlanta Hawks,104,125,0,401584958
2023-12-16T00:30:00Z,2024,nba,San Antonio Spurs,Los Angeles Lakers,129,115,0,401584959
2023-12-16T01:00:00Z,2024,nba,Memphis Grizzlies,Houston Rockets,96,103,0,401584960
2023-12-16T03:00:00Z,2024,nba,Phoenix Suns,New York Knicks,122,139,0,401584961
2023-12-16T23:00:00Z,2024,nba,Milwaukee Bucks,Detroit Pistons,146,114,0,401584962
2023-12-17T00:00:00Z,2024,nba,Charlotte Hornets,Philadelphia 76ers,82,135,0,401584963
2023-12-17T00:30:00Z,2024,nba,Cleveland Cavaliers,Atlanta Hawks,127,119,0,401584964
2023-12-17T01:00:00Z,2024,nba,Miami Heat,Chicago Bulls,118,116,0,401584965
2023-12-17T01:00:00Z,2024,nba,Minnesota Timberwolves,Indiana Pacers,127,109,0,401584966
2023-12-17T01:30:00Z,2024,nba,Golden State Warriors,Brooklyn Nets,124,120,0,401584967
2023-12-17T02:00:00Z,2024,nba,Denver Nuggets,Oklahoma City Thunder,117,118,0,401584968
2023-12-17T02:00:00Z,2024,nba,Portland Trail Blazers,Dallas Mavericks,120,131,0,401584969
2023-12-17T03:00:00Z,2024,nba,Sacramento Kings,Utah Jazz,125,104,0,401584970
2023-12-17T03:30:00Z,2024,nba,LA Clippers,New York Knicks,144,122,0,401584971
2023-12-17T20:00:00Z,2024,nba,Boston Celtics,Orlando Magic,114,97,0,401584972
2023-12-17T20:30:00Z,2024,nba,San Antonio Spurs,New Orleans Pelicans,110,146,0,401584973
2023-12-18T00:00:00Z,2024,nba,Milwaukee Bucks,Houston Rockets,128,119,0,401584974
2023-12-18T01:00:00Z,2024,nba,Phoenix Suns,Washington Wizards,112,108,0,401584975
2023-12-18T02:00:00Z,2024,nba,Portland Trail Blazers,Golden State Warriors,114,118,0,401584976
2023-12-19T00:00:00Z,2024,nba,Cleveland Cavaliers,Houston Rockets,135,130,0,401584977
2023-12-19T00:00:00Z,2024,nba,Indiana Pacers,LA Clippers,127,151,0,401584978
2023-12-19T00:00:00Z,2024,nba,Philadelphia 76ers,Chicago Bulls,104,108,0,401584979
2023-12-19T00:30:00Z,2024,nba,Atlanta Hawks,Detroit Pistons,130,124,0,401584980
2023-12-19T00:30:00Z,2024,nba,Miami Heat,Minnesota Timberwolves,108,112,0,401584981
2023-12-19T00:30:00Z,2024,nba,Toronto Raptors,Charlotte Hornets,114,99,0,401584982
2023-12-19T01:00:00Z,2024,nba,Oklahoma City Thunder,Memphis Grizzlies,116,97,0,401584983
2023-12-19T02:00:00Z,2024,nba,Denver Nuggets,Dallas Mavericks,130,104,0,401584984
2023-12-19T02:00:00Z,2024,nba,Utah Jazz,Brooklyn Nets,125,108,0,401584985
2023-12-19T03:00:00Z,2024,nba,Sacramento Kings,Washington Wizards,143,131,0,401584986
2023-12-19T03:30:00Z,2024,nba,Los Angeles Lakers,New York Knicks,109,114,0,401584987
2023-12-20T00:30:00Z,2024,nba,New Orleans Pelicans,Memphis Grizzlies,113,115,0,401584988
2023-12-20T01:00:00Z,2024,nba,Milwaukee Bucks,San Antonio Spurs,132,119,0,401584989
2023-12-20T03:00:00Z,2024,nba,Golden State Warriors,Boston Celtics,132,126,0,401584990
2023-12-20T03:00:00Z,2024,nba,Portland Trail Blazers,Phoenix Suns,109,104,0,401584991
2023-12-21T00:00:00Z,2024,nba,Cleveland Cavaliers,Utah Jazz,124,116,0,401584992
2023-12-21T00:00:00Z,2024,nba,Indiana Pacers,Charlotte Hornets,144,113,0,401584993
2023-12-21T00:00:00Z,2024,nba,Orlando Magic,Miami Heat,106,115,0,401584994
2023-12-21T00:00:00Z,2024,nba,Philadelphia 76ers,Minnesota Timberwolves,127,113,0,401584995
2023-12-21T00:30:00Z,2024,nba,Brooklyn Nets,New York Knicks,102,121,0,401584996
2023-12-21T00:30:00Z,2024,nba,Toronto Raptors,Denver Nuggets,104,113,0,401584997
2023-12-21T01:00:00Z,2024,nba,Chicago Bulls,Los Angeles Lakers,124,108,0,401584998
2023-12-21T01:00:00Z,2024,nba,Houston Rockets,Atlanta Hawks,127,134,0,401584999
2023-12-21T01:30:00Z,2024,nba,Dallas Mavericks,LA Clippers,111,120,0,401585000
2023-12-21T03:00:00Z,2024,nba,Sacramento Kings,Boston Celtics,119,144,0,401585001
2023-12-22T00:00:00Z,2024,nba,Detroit Pistons,Utah Jazz,111,119,0,401585002
2023-12-22T00:30:00Z,2024,nba,Cleveland Cavaliers,New Orleans Pelicans,104,123,0,401585003
2023-12-22T01:00:00Z,2024,nba,Chicago Bulls,San Antonio Spurs,114,95,0,401585004
2023-12-22T01:00:00Z,2024,nba,Memphis Grizzlies,Indiana Pacers,116,103,0,401585005
2023-12-22T01:00:00Z,2024,nba,Milwaukee Bucks,Orlando Magic,118,114,0,401585006
2023-12-22T01:00:00Z,2024,nba,Oklahoma City Thunder,LA Clippers,134,115,0,401585007
2023-12-22T02:00:00Z,2024,nba,Minnesota Timberwolves,Los Angeles Lakers,118,111,0,401585008
2023-12-22T03:00:00Z,2024,nba,Portland Trail Blazers,Washington Wizards,117,118,0,401585009
2023-12-23T00:00:00Z,2024,nba,Philadelphia 76ers,Toronto Raptors,121,111,0,401585010
2023-12-23T00:30:00Z,2024,nba,Brooklyn Nets,Denver Nuggets,117,122,0,401585011
2023-12-23T01:00:00Z,2024,nba,Miami Heat,Atlanta Hawks,122,113,0,401585012
2023-12-23T01:00:00Z,2024,nba,Houston Rockets,Dallas Mavericks,122,96,0,401585013
2023-12-23T03:00:00Z,2024,nba,Sacramento Kings,Phoenix Suns,120,105,0,401585015
2023-12-23T03:18:00Z,2024,nba,Golden State Warriors,Washington Wizards,129,118,0,401585014
2023-12-23T17:30:00Z,2024,nba,New York Knicks,Milwaukee Bucks,111,130,0,401585016
2023-12-23T20:30:00Z,2024,nba,LA Clippers,Boston Celtics,108,145,0,401585017
2023-12-24T00:00:00Z,2024,nba,Charlotte Hornets,Denver Nuggets,95,102,0,401585018
2023-12-24T00:00:00Z,2024,nba,Indiana Pacers,Orlando Magic,110,117,0,401585019
2023-12-24T00:00:00Z,2024,nba,New Orleans Pelicans,Houston Rockets,104,106,0,401585020
2023-12-24T00:30:00Z,2024,nba,Atlanta Hawks,Memphis Grizzlies,119,125,0,401585021
2023-12-24T00:30:00Z,2024,nba,Brooklyn Nets,Detroit Pistons,126,115,0,401585022
2023-12-24T00:30:00Z,2024,nba,Toronto Raptors,Utah Jazz,119,126,0,401585023
2023-12-24T01:00:00Z,2024,nba,Chicago Bulls,Cleveland Cavaliers,95,109,0,401585024
2023-12-24T01:00:00Z,2024,nba,Oklahoma City Thunder,Los Angeles Lakers,120,129,0,401585025
2023-12-24T01:30:00Z,2024,nba,Dallas Mavericks,San Antonio Spurs,144,119,0,401585026
2023-12-24T01:30:00Z,2024,nba,Golden State Warriors,Portland Trail Blazers,126,106,0,401585027
2023-12-24T03:00:00Z,2024,nba,Sacramento Kings,Minnesota Timberwolves,98,110,0,401585028
2023-12-25T17:00:00Z,2024,nba,New York Knicks,Milwaukee Bucks,129,122,0,401585029
2023-12-25T19:30:00Z,2024,nba,Denver Nuggets,Golden State Warriors,120,114,0,401585030
2023-12-25T22:00:00Z,2024,nba,Los Angeles Lakers,Boston Celtics,115,126,0,401585031
2023-12-26T01:00:00Z,2024,nba,Miami Heat,Philadelphia 76ers,119,113,0,401585032
2023-12-26T03:43:00Z,2024,nba,Phoenix Suns,Dallas Mavericks,114,128,0,401585033
2023-12-27T00:00:00Z,2024,nba,Detroit Pistons,Brooklyn Nets,112,118,0,401585034
2023-12-27T00:00:00Z,2024,nba,Washington Wizards,Orlando Magic,119,127,0,401585035
2023-12-27T01:00:00Z,2024,nba,Chicago Bulls,Atlanta Hawks,118,113,0,401585036
2023-12-27T01:00:00Z,2024,nba,Houston Rockets,Indiana Pacers,117,123,0,401585037
2023-12-27T01:00:00Z,2024,nba,New Orleans Pelicans,Memphis Grizzlies,115,116,0,401585038
2023-12-27T01:00:00Z,2024,nba,Oklahoma City Thunder,Minnesota Timberwolves,129,106,0,401585039
2023-12-27T01:00:00Z,2024,nba,San Antonio Spurs,Utah Jazz,118,130,0,401585040
2023-12-27T03:00:00Z,2024,nba,Portland Trail Blazers,Sacramento Kings,130,113,0,401585041
2023-12-27T03:30:00Z,2024,nba,LA Clippers,Charlotte Hornets,113,104,0,401585042
2023-12-28T00:00:00Z,2024,nba,Orlando Magic,Philadelphia 76ers,92,112,0,401585043
2023-12-28T00:00:00Z,2024,nba,Washington Wizards,Toronto Raptors,102,132,0,401585044
2023-12-28T00:30:00Z,2024,nba,Brooklyn Nets,Milwaukee Bucks,122,144,0,401585045
2023-12-28T01:00:00Z,2024,nba,Houston Rockets,Phoenix Suns,113,129,0,401585046
2023-12-28T01:00:00Z,2024,nba,Oklahoma City Thunder,New York Knicks,129,120,0,401585047
2023-12-28T01:30:00Z,2024,nba,Dallas Mavericks,Cleveland Cavaliers,110,113,0,401585048
2023-12-29T00:30:00Z,2024,nba,Boston Celtics,Detroit Pistons,128,122,0,401585049
2023-12-29T01:00:00Z,2024,nba,Chicago Bulls,Indiana Pacers,104,120,0,401585050
2023-12-29T01:00:00Z,2024,nba,Minnesota Timberwolves,Dallas Mavericks,118,110,0,401585051
2023-12-29T01:00:00Z,2024,nba,New Orleans Pelicans,Utah Jazz,112,105,0,401585052
2023-12-29T02:00:00Z,2024,nba,Denver Nuggets,Memphis Grizzlies,142,105,0,401585053
2023-12-29T03:00:00Z,2024,nba,Golden State Warriors,Miami Heat,102,114,0,401585054
2023-12-29T03:00:00Z,2024,nba,Portland Trail Blazers,San Antonio Spurs,105,118,0,401585055
2023-12-29T03:30:00Z,2024,nba,Los Angeles Lakers,Charlotte Hornets,133,112,0,401585056
2023-12-30T00:00:00Z,2024,nba,Orlando Magic,New York Knicks,117,108,0,401585057
2023-12-30T00:00:00Z,2024,nba,Washington Wizards,Brooklyn Nets,110,104,0,401585058
2023-12-30T00:30:00Z,2024,nba,Atlanta Hawks,Sacramento Kings,110,117,0,401585059
2023-12-30T00:30:00Z,2024,nba,Boston Celtics,Toronto Raptors,120,118,0,401585060
2023-12-30T00:30:00Z,2024,nba,Cleveland Cavaliers,Milwaukee Bucks,111,119,0,401585061
2023-12-30T01:00:00Z,2024,nba,Houston Rockets,Philadelphia 76ers,127,131,0,401585062
2023-12-30T02:00:00Z,2024,nba,Denver Nuggets,Oklahoma City Thunder,93,119,0,401585063
2023-12-30T02:00:00Z,2024,nba,Phoenix Suns,Charlotte Hornets,133,119,0,401585064
2023-12-30T03:00:00Z,2024,nba,Portland Trail Blazers,San Antonio Spurs,134,128,0,401585065
2023-12-30T03:30:00Z,2024,nba,LA Clippers,Memphis Grizzlies,117,106,0,401585066
2023-12-30T22:00:00Z,2024,nba,Utah Jazz,Miami Heat,117,109,0,401585067
2023-12-30T23:00:00Z,2024,nba,Detroit Pistons,Toronto Raptors,129,127,0,401585068
2023-12-31T00:00:00Z,2024,nba,Indiana Pacers,New York Knicks,140,126,0,401585069
2023-12-31T01:00:00Z,2024,nba,Chicago Bulls,Philadelphia 76ers,105,92,0,401585070
2023-12-31T01:00:00Z,2024,nba,Minnesota Timberwolves,Los Angeles Lakers,108,106,0,401585071
2023-12-31T01:30:00Z,2024,nba,Golden State Warriors,Dallas Mavericks,122,132,0,401585072
2023-12-31T20:00:00Z,2024,nba,Washington Wizards,Atlanta Hawks,126,130,0,401585073
