date,season,league,home,away,home_score,away_score,neutral,espn_id
2024-01-01T00:00:00Z,2024,nba,New Orleans Pelicans,Los Angeles Lakers,129,109,0,401585074
2024-01-01T00:00:00Z,2024,nba,Oklahoma City Thunder,Brooklyn Nets,124,108,0,401585075
2024-01-01T00:00:00Z,2024,nba,San Antonio Spurs,Boston Celtics,101,134,0,401585076
2024-01-01T01:00:00Z,2024,nba,Memphis Grizzlies,Sacramento Kings,92,123,0,401585077
2024-01-01T01:00:00Z,2024,nba,Phoenix Suns,Orlando Magic,112,107,0,401585078
2024-01-01T20:00:00Z,2024,nba,New York Knicks,Minnesota Timberwolves,112,106,0,401585079
2024-01-02T00:30:00Z,2024,nba,Toronto Raptors,Cleveland Cavaliers,124,121,0,401585080
2024-01-02T01:00:00Z,2024,nba,Houston Rockets,Detroit Pistons,136,113,0,401585081
2024-01-02T01:00:00Z,2024,nba,Milwaukee Bucks,Indiana Pacers,113,122,0,401585082
2024-01-02T02:00:00Z,2024,nba,Denver Nuggets,Charlotte Hornets,111,93,0,401585083
2024-01-02T02:00:00Z,2024,nba,Phoenix Suns,Portland Trail Blazers,109,88,0,401585084
2024-01-02T02:00:00Z,2024,nba,Utah Jazz,Dallas Mavericks,127,90,0,401585085
2024-01-02T03:30:00Z,2024,nba,LA Clippers,Miami Heat,121,104,0,401585086
2024-01-03T00:00:00Z,2024,nba,Philadelphia 76ers,Chicago Bulls,110,97,0,401585087
2024-01-03T01:00:00Z,2024,nba,Memphis Grizzlies,San Antonio Spurs,106,98,0,401585088
2024-01-03T01:00:00Z,2024,nba,New Orleans Pelicans,Brooklyn Nets,112,85,0,401585089
2024-01-03T01:00:00Z,2024,nba,Oklahoma City Thunder,Boston Celtics,127,123,0,401585090
2024-01-03T03:00:00Z,2024,nba,Golden State Warriors,Orlando Magic,121,115,0,401585091
2024-01-03T03:00:00Z,2024,nba,Sacramento Kings,Charlotte Hornets,104,111,0,401585092
2024-01-04T00:00:00Z,2024,nba,Cleveland Cavaliers,Washington Wizards,140,101,0,401585093
2024-01-04T00:00:00Z,2024,nba,Indiana Pacers,Milwaukee Bucks,142,130,0,401585094
2024-01-04T00:30:00Z,2024,nba,Atlanta Hawks,Oklahoma City Thunder,141,138,0,401585095
2024-01-04T01:00:00Z,2024,nba,Houston Rockets,Brooklyn Nets,112,101,0,401585097
2024-01-04T01:00:00Z,2024,nba,Memphis Grizzlies,Toronto Raptors,111,116,0,401585098
2024-01-04T01:00:00Z,2024,nba,Minnesota Timberwolves,New Orleans Pelicans,106,117,0,401585099
2024-01-04T01:30:00Z,2024,nba,New York Knicks,Chicago Bulls,116,100,0,401585096
2024-01-04T01:30:00Z,2024,nba,Dallas Mavericks,Portland Trail Blazers,126,97,0,401585100
2024-01-04T02:00:00Z,2024,nba,Phoenix Suns,LA Clippers,122,131,0,401585101
2024-01-04T02:00:00Z,2024,nba,Utah Jazz,Detroit Pistons,154,148,0,401585102
2024-01-04T03:00:00Z,2024,nba,Los Angeles Lakers,Miami Heat,96,110,0,401585103
2024-01-04T03:00:00Z,2024,nba,Sacramento Kings,Orlando Magic,138,135,0,401585104
2024-01-05T00:30:00Z,2024,nba,San Antonio Spurs,Milwaukee Bucks,121,125,0,401585105
2024-01-05T03:00:00Z,2024,nba,Golden State Warriors,Denver Nuggets,127,130,0,401585106
2024-01-06T00:00:00Z,2024,nba,Boston Celtics,Utah Jazz,126,97,0,401585107
2024-01-06T00:00:00Z,2024,nba,Indiana Pacers,Atlanta Hawks,150,116,0,401585108
2024-01-06T00:30:00Z,2024,nba,Brooklyn Nets,Oklahoma City Thunder,124,115,0,401585109
2024-01-06T00:30:00Z,2024,nba,Cleveland Cavaliers,Washington Wizards,114,90,0,401585110
2024-01-06T00:30:00Z,2024,nba,Philadelphia 76ers,New York Knicks,92,128,0,401585111
2024-01-06T01:00:00Z,2024,nba,Chicago Bulls,Charlotte Hornets,104,91,0,401585112
2024-01-06T01:00:00Z,2024,nba,Houston Rockets,Minnesota Timberwolves,95,122,0,401585113
2024-01-06T01:00:00Z,2024,nba,New Orleans Pelicans,LA Clippers,95,111,0,401585114
2024-01-06T01:30:00Z,2024,nba,Dallas Mavericks,Portland Trail Blazers,139,103,0,401585115
2024-01-06T02:00:00Z,2024,nba,Denver Nuggets,Orlando Magic,120,122,0,401585116
2024-01-06T02:00:00Z,2024,nba,Phoenix Suns,Miami Heat,113,97,0,401585117
2024-01-06T03:00:00Z,2024,nba,Golden State Warriors,Detroit Pistons,113,109,0,401585118
2024-01-06T03:00:00Z,2024,nba,Los Angeles Lakers,Memphis Grizzlies,113,127,0,401585119
2024-01-06T03:00:00Z,2024,nba,Sacramento Kings,Toronto Raptors,135,130,0,401585120
2024-01-07T00:00:00Z,2024,nba,Indiana Pacers,Boston Celtics,101,118,0,401585121
2024-01-07T00:00:00Z,2024,nba,Washington Wizards,New York Knicks,105,121,0,401585122
2024-01-07T00:30:00Z,2024,nba,Philadelphia 76ers,Utah Jazz,109,120,0,401585123
2024-01-07T01:00:00Z,2024,nba,Houston Rockets,Milwaukee Bucks,112,108,0,401585124
2024-01-07T18:00:00Z,2024,nba,Cleveland Cavaliers,San Antonio Spurs,117,115,0,401585125
2024-01-07T20:00:00Z,2024,nba,Brooklyn Nets,Portland Trail Blazers,127,134,0,401585126
2024-01-07T23:00:00Z,2024,nba,Orlando Magic,Atlanta Hawks,117,110,0,401585127
2024-01-07T23:00:00Z,2024,nba,Sacramento Kings,New Orleans Pelicans,100,133,0,401585128
2024-01-08T00:30:00Z,2024,nba,Dallas Mavericks,Minnesota Timberwolves,115,108,0,401585129
2024-01-08T01:00:00Z,2024,nba,Denver Nuggets,Detroit Pistons,131,114,0,401585130
2024-01-08T01:00:00Z,2024,nba,Phoenix Suns,Memphis Grizzlies,115,121,0,401585131
2024-01-08T01:30:00Z,2024,nba,Golden State Warriors,Toronto Raptors,118,133,0,401585132
2024-01-08T02:30:00Z,2024,nba,Los Angeles Lakers,LA Clippers,106,103,0,401585133
2024-01-09T00:00:00Z,2024,nba,Charlotte Hornets,Chicago Bulls,112,119,0,401585134
2024-01-09T00:00:00Z,2024,nba,Indiana Pacers,Boston Celtics,133,131,0,401585135
2024-01-09T00:00:00Z,2024,nba,Washington Wizards,Oklahoma City Thunder,128,136,0,401585136
2024-01-09T00:30:00Z,2024,nba,Miami Heat,Houston Rockets,120,113,0,401585137
2024-01-09T01:00:00Z,2024,nba,Milwaukee Bucks,Utah Jazz,116,132,0,401585138
2024-01-09T03:30:00Z,2024,nba,LA Clippers,Phoenix Suns,138,111,0,401585139
2024-01-10T00:00:00Z,2024,nba,Detroit Pistons,Sacramento Kings,110,131,0,401585140
2024-01-10T00:00:00Z,2024,nba,Orlando Magic,Minnesota Timberwolves,92,113,0,401585141
2024-01-10T00:30:00Z,2024,nba,New York Knicks,Portland Trail Blazers,112,84,0,401585142
2024-01-10T01:30:00Z,2024,nba,Dallas Mavericks,Memphis Grizzlies,103,120,0,401585143
2024-01-10T03:30:00Z,2024,nba,Los Angeles Lakers,Toronto Raptors,132,131,0,401585144
2024-01-11T00:00:00Z,2024,nba,Boston Celtics,Minnesota Timberwolves,127,120,0,401585145
2024-01-11T00:00:00Z,2024,nba,Charlotte Hornets,Sacramento Kings,98,123,0,401585146
2024-01-11T00:00:00Z,2024,nba,Detroit Pistons,San Antonio Spurs,108,130,0,401585147
2024-01-11T00:00:00Z,2024,nba,Indiana Pacers,Washington Wizards,112,104,0,401585148
2024-01-11T00:30:00Z,2024,nba,Atlanta Hawks,Philadelphia 76ers,139,132,0,401585149
2024-01-11T00:30:00Z,2024,nba,Miami Heat,Oklahoma City Thunder,120,128,0,401585150
2024-01-11T01:00:00Z,2024,nba,Chicago Bulls,Houston Rockets,124,119,0,401585151
2024-01-11T01:30:00Z,2024,nba,Golden State Warriors,New Orleans Pelicans,105,141,0,401585153
2024-01-11T03:00:00Z,2024,nba,Utah Jazz,Denver Nuggets,124,111,0,401585152
2024-01-11T03:30:00Z,2024,nba,LA Clippers,Toronto Raptors,126,120,0,401585154
2024-01-11T19:00:00Z,2024,nba,Cleveland Cavaliers,Brooklyn Nets,111,102,1,401585155
2024-01-12T00:30:00Z,2024,nba,Milwaukee Bucks,Boston Celtics,135,102,0,401585156
2024-01-12T01:00:00Z,2024,nba,Oklahoma City Thunder,Portland Trail Blazers,139,77,0,401585157
2024-01-12T01:30:00Z,2024,nba,Dallas Mavericks,New York Knicks,128,124,0,401585158
2024-01-12T03:00:00Z,2024,nba,Los Angeles Lakers,Phoenix Suns,109,127,0,401585159
2024-01-13T00:30:00Z,2024,nba,Philadelphia 76ers,Sacramento Kings,112,93,0,401585160
2024-01-13T00:30:00Z,2024,nba,Atlanta Hawks,Indiana Pacers,108,126,0,401585161
2024-01-13T00:30:00Z,2024,nba,Detroit Pistons,Houston Rockets,110,112,0,401585162
2024-01-13T01:00:00Z,2024,nba,Miami Heat,Orlando Magic,99,96,0,401585163
2024-01-13T01:00:00Z,2024,nba,Chicago Bulls,Golden State Warriors,131,140,0,401585164
2024-01-13T01:00:00Z,2024,nba,Memphis Grizzlies,LA Clippers,119,128,0,401585165
2024-01-13T01:00:00Z,2024,nba,Minnesota Timberwolves,Portland Trail Blazers,116,93,0,401585166
2024-01-13T01:00:00Z,2024,nba,San Antonio Spurs,Charlotte Hornets,135,99,0,401585169
2024-01-13T02:30:00Z,2024,nba,Utah Jazz,Toronto Raptors,145,113,0,401585168
2024-01-13T03:00:00Z,2024,nba,Denver Nuggets,New Orleans Pelicans,125,113,0,401585167
2024-01-14T00:00:00Z,2024,nba,Boston Celtics,Houston Rockets,145,113,0,401585170
2024-01-14T00:30:00Z,2024,nba,Atlanta Hawks,Washington Wizards,99,127,0,401585171
2024-01-14T01:00:00Z,2024,nba,Memphis Grizzlies,New York Knicks,94,106,0,401585172
2024-01-14T01:00:00Z,2024,nba,Milwaukee Bucks,Golden State Warriors,129,118,0,401585173
2024-01-14T01:00:00Z,2024,nba,Oklahoma City Thunder,Orlando Magic,112,100,0,401585174
2024-01-14T01:30:00Z,2024,nba,Dallas Mavericks,New Orleans Pelicans,108,118,0,401585175
2024-01-14T01:30:00Z,2024,nba,San Antonio Spurs,Chicago Bulls,116,122,0,401585176
2024-01-14T02:30:00Z,2024,nba,Utah Jazz,Los Angeles Lakers,132,125,0,401585177
2024-01-14T20:30:00Z,2024,nba,Denver Nuggets,Indiana Pacers,117,109,0,401585178
2024-01-14T23:00:00Z,2024,nba,Miami Heat,Charlotte Hornets,104,87,0,401585179
2024-01-15T00:00:00Z,2024,nba,Milwaukee Bucks,Sacramento Kings,143,142,0,401585180
2024-01-15T00:00:00Z,2024,nba,Minnesota Timberwolves,LA Clippers,109,105,0,401585181
2024-01-15T02:00:00Z,2024,nba,Portland Trail Blazers,Phoenix Suns,116,127,0,401585182
2024-01-15T18:00:00Z,2024,nba,Philadelphia 76ers,Houston Rockets,124,115,0,401585183
2024-01-15T19:30:00Z,2024,nba,Dallas Mavericks,New Orleans Pelicans,125,120,0,401585184
2024-01-15T20:00:00Z,2024,nba,New York Knicks,Orlando Magic,94,98,0,401585185
2024-01-15T20:00:00Z,2024,nba,Washington Wizards,Detroit Pistons,117,129,0,401585186
2024-01-15T20:30:00Z,2024,nba,Atlanta Hawks,San Antonio Spurs,109,99,0,401585187
2024-01-15T23:00:00Z,2024,nba,Memphis Grizzlies,Golden State Warriors,116,107,0,401585188
2024-01-16T00:00:00Z,2024,nba,Cleveland Cavaliers,Chicago Bulls,109,91,0,401585189
2024-01-16T00:30:00Z,2024,nba,Brooklyn Nets,Miami Heat,95,96,0,401585190
2024-01-16T00:30:00Z,2024,nba,Toronto Raptors,Boston Celtics,96,105,0,401585191
2024-01-16T02:00:00Z,2024,nba,Utah Jazz,Indiana Pacers,132,105,0,401585192
2024-01-16T03:30:00Z,2024,nba,Los Angeles Lakers,Oklahoma City Thunder,112,105,0,401585193
2024-01-17T00:30:00Z,2024,nba,Philadelphia 76ers,Denver Nuggets,126,121,0,401585194
2024-01-17T02:00:00Z,2024,nba,Phoenix Suns,Sacramento Kings,119,117,0,401585195
2024-01-17T03:00:00Z,2024,nba,LA Clippers,Oklahoma City Thunder,128,117,0,401585196
2024-01-18T00:00:00Z,2024,nba,Detroit Pistons,Minnesota Timberwolves,117,124,0,401585197
2024-01-18T00:30:00Z,2024,nba,Atlanta Hawks,Orlando Magic,106,104,0,401585198
2024-01-18T00:30:00Z,2024,nba,Boston Celtics,San Antonio Spurs,117,98,0,401585199
2024-01-18T00:30:00Z,2024,nba,Cleveland Cavaliers,Milwaukee Bucks,135,95,0,401585200
2024-01-18T00:30:00Z,2024,nba,New York Knicks,Houston Rockets,109,94,0,401585201
2024-01-18T00:30:00Z,2024,nba,Toronto Raptors,Miami Heat,121,97,0,401585202
2024-01-18T01:00:00Z,2024,nba,New Orleans Pelicans,Charlotte Hornets,132,112,0,401585203
2024-01-18T01:30:00Z,2024,nba,Los Angeles Lakers,Dallas Mavericks,127,110,0,401585205
2024-01-18T03:00:00Z,2024,nba,Portland Trail Blazers,Brooklyn Nets,105,103,0,401585206
2024-01-19T00:30:00Z,2024,nba,New York Knicks,Washington Wizards,113,109,0,401585207
2024-01-19T00:30:00Z,2024,nba,Toronto Raptors,Chicago Bulls,110,116,0,401585208
2024-01-19T02:00:00Z,2024,nba,Utah Jazz,Oklahoma City Thunder,129,134,0,401585209
2024-01-19T03:00:00Z,2024,nba,Minnesota Timberwolves,Memphis Grizzlies,118,103,0,401585210
2024-01-19T03:00:00Z,2024,nba,Sacramento Kings,Indiana Pacers,121,126,0,401585211
2024-01-20T00:00:00Z,2024,nba,Charlotte Hornets,San Antonio Spurs,124,120,0,401585212
2024-01-20T00:00:00Z,2024,nba,Orlando Magic,Philadelphia 76ers,109,124,0,401585213
2024-01-20T00:30:00Z,2024,nba,Boston Celtics,Denver Nuggets,100,102,0,401585214
2024-01-20T01:00:00Z,2024,nba,Miami Heat,Atlanta Hawks,108,109,0,401585215
2024-01-20T01:00:00Z,2024,nba,New Orleans Pelicans,Phoenix Suns,109,123,0,401585216
2024-01-20T03:00:00Z,2024,nba,Portland Trail Blazers,Indiana Pacers,118,115,0,401585218
2024-01-20T03:30:00Z,2024,nba,Los Angeles Lakers,Brooklyn Nets,112,130,0,401585219
2024-01-20T20:00:00Z,2024,nba,Detroit Pistons,Milwaukee Bucks,135,141,0,401585220
2024-01-21T00:00:00Z,2024,nba,Charlotte Hornets,Philadelphia 76ers,89,97,0,401585221
2024-01-21T00:00:00Z,2024,nba,Washington Wizards,San Antonio Spurs,127,131,0,401585222
2024-01-21T00:30:00Z,2024,nba,Atlanta Hawks,Cleveland Cavaliers,95,116,0,401585223
2024-01-21T00:30:00Z,2024,nba,New York Knicks,Toronto Raptors,126,100,0,401585224
2024-01-21T01:00:00Z,2024,nba,Chicago Bulls,Memphis Grizzlies,125,96,0,401585225
2024-01-21T01:00:00Z,2024,nba,Houston Rockets,Utah Jazz,127,126,0,401585226
2024-01-21T01:00:00Z,2024,nba,Minnesota Timberwolves,Oklahoma City Thunder,97,102,0,401585227
2024-01-21T20:30:00Z,2024,nba,LA Clippers,Brooklyn Nets,125,114,0,401585228
2024-01-21T23:00:00Z,2024,nba,Orlando Magic,Miami Heat,105,87,0,401585229
2024-01-21T23:00:00Z,2024,nba,Washington Wizards,Denver Nuggets,104,113,0,401585230
2024-01-22T00:00:00Z,2024,nba,Houston Rockets,Boston Celtics,107,116,0,401585231
2024-01-22T01:00:00Z,2024,nba,Phoenix Suns,Indiana Pacers,117,110,0,401585232
2024-01-22T03:00:00Z,2024,nba,Los Angeles Lakers,Portland Trail Blazers,134,110,0,401585233
2024-01-23T00:00:00Z,2024,nba,Detroit Pistons,Milwaukee Bucks,113,122,0,401585234
2024-01-23T00:00:00Z,2024,nba,Orlando Magic,Cleveland Cavaliers,99,126,0,401585235
2024-01-23T00:00:00Z,2024,nba,Philadelphia 76ers,San Antonio Spurs,133,123,0,401585236
2024-01-23T00:30:00Z,2024,nba,Toronto Raptors,Memphis Grizzlies,100,108,0,401585237
2024-01-23T01:00:00Z,2024,nba,Minnesota Timberwolves,Charlotte Hornets,125,128,0,401585238
2024-01-23T01:30:00Z,2024,nba,Dallas Mavericks,Boston Celtics,110,119,0,401585239
2024-01-23T02:00:00Z,2024,nba,Phoenix Suns,Chicago Bulls,115,113,0,401585240
2024-01-23T03:00:00Z,2024,nba,Sacramento Kings,Atlanta Hawks,122,107,0,401585241
2024-01-24T00:00:00Z,2024,nba,Indiana Pacers,Denver Nuggets,109,114,0,401585242
2024-01-24T00:30:00Z,2024,nba,Brooklyn Nets,New York Knicks,103,108,0,401585243
2024-01-24T01:00:00Z,2024,nba,New Orleans Pelicans,Utah Jazz,153,124,0,401585244
2024-01-24T01:00:00Z,2024,nba,Oklahoma City Thunder,Portland Trail Blazers,111,109,0,401585245
2024-01-24T03:00:00Z,2024,nba,LA Clippers,Los Angeles Lakers,127,116,0,401585246
2024-01-25T00:00:00Z,2024,nba,Detroit Pistons,Charlotte Hornets,113,106,0,401585247
2024-01-25T00:00:00Z,2024,nba,Washington Wizards,Minnesota Timberwolves,107,118,0,401585248
2024-01-25T00:30:00Z,2024,nba,Miami Heat,Memphis Grizzlies,96,105,0,401585249
2024-01-25T01:00:00Z,2024,nba,Houston Rockets,Portland Trail Blazers,131,137,0,401585251
2024-01-25T01:00:00Z,2024,nba,Milwaukee Bucks,Cleveland Cavaliers,126,116,0,401585252
2024-01-25T01:30:00Z,2024,nba,Dallas Mavericks,Phoenix Suns,109,132,0,401585253
2024-01-25T02:30:00Z,2024,nba,San Antonio Spurs,Oklahoma City Thunder,114,140,0,401585250
2024-01-25T03:00:00Z,2024,nba,Golden State Warriors,Atlanta Hawks,134,112,0,401585254
2024-01-26T00:00:00Z,2024,nba,Indiana Pacers,Philadelphia 76ers,134,122,0,401585255
2024-01-26T00:00:00Z,2024,nba,Washington Wizards,Utah Jazz,108,123,0,401585256
2024-01-26T00:30:00Z,2024,nba,Brooklyn Nets,Minnesota Timberwolves,94,96,0,401585257
2024-01-26T00:30:00Z,2024,nba,Miami Heat,Boston Celtics,110,143,0,401585258
2024-01-26T00:30:00Z,2024,nba,New York Knicks,Denver Nuggets,122,84,0,401585259
2024-01-26T03:00:00Z,2024,nba,Golden State Warriors,Sacramento Kings,133,134,0,401585260
2024-01-26T03:30:00Z,2024,nba,Los Angeles Lakers,Chicago Bulls,141,132,0,401585261
2024-01-27T00:00:00Z,2024,nba,Atlanta Hawks,Dallas Mavericks,143,148,0,401585262
2024-01-27T00:00:00Z,2024,nba,Charlotte Hornets,Houston Rockets,104,138,0,401585263
2024-01-27T00:00:00Z,2024,nba,Indiana Pacers,Phoenix Suns,133,131,0,401585264
2024-01-27T00:30:00Z,2024,nba,Toronto Raptors,LA Clippers,107,127,0,401585265
2024-01-27T01:00:00Z,2024,nba,Memphis Grizzlies,Orlando Magic,107,106,0,401585266
2024-01-27T01:00:00Z,2024,nba,Milwaukee Bucks,Cleveland Cavaliers,100,112,0,401585267
2024-01-27T01:00:00Z,2024,nba,New Orleans Pelicans,Oklahoma City Thunder,83,107,0,401585268
2024-01-27T02:30:00Z,2024,nba,San Antonio Spurs,Portland Trail Blazers,116,100,0,401585269
2024-01-27T17:00:00Z,2024,nba,Detroit Pistons,Washington Wizards,104,118,0,401585270
2024-01-27T20:00:00Z,2024,nba,New York Knicks,Miami Heat,125,109,0,401585271
2024-01-27T22:30:00Z,2024,nba,Denver Nuggets,Philadelphia 76ers,111,105,0,401585272
2024-01-27T23:00:00Z,2024,nba,Brooklyn Nets,Houston Rockets,106,104,0,401585273
2024-01-28T00:00:00Z,2024,nba,Boston Celtics,LA Clippers,96,115,0,401585274
2024-01-28T00:00:00Z,2024,nba,Charlotte Hornets,Utah Jazz,122,134,0,401585275
2024-01-28T01:00:00Z,2024,nba,Milwaukee Bucks,New Orleans Pelicans,141,117,0,401585276
2024-01-28T01:30:00Z,2024,nba,San Antonio Spurs,Minnesota Timberwolves,113,112,0,401585277
2024-01-28T01:30:00Z,2024,nba,Golden State Warriors,Los Angeles Lakers,144,145,0,401585278
2024-01-28T02:00:00Z,2024,nba,Dallas Mavericks,Sacramento Kings,115,120,0,401585279
2024-01-28T19:00:00Z,2024,nba,Detroit Pistons,Oklahoma City Thunder,120,104,0,401585282
2024-01-28T20:30:00Z,2024,nba,Indiana Pacers,Memphis Grizzlies,116,110,0,401585280
2024-01-28T23:00:00Z,2024,nba,Atlanta Hawks,Toronto Raptors,126,125,0,401585281
2024-01-28T23:00:00Z,2024,nba,Orlando Magic,Phoenix Suns,113,98,0,401585283
2024-01-29T02:00:00Z,2024,nba,Portland Trail Blazers,Chicago Bulls,96,104,0,401585284
2024-01-30T00:00:00Z,2024,nba,Charlotte Hornets,New York Knicks,92,113,0,401585285
2024-01-30T00:00:00Z,2024,nba,Cleveland Cavaliers,LA Clippers,118,108,0,401585286
2024-01-30T00:30:00Z,2024,nba,Boston Celtics,New Orleans Pelicans,118,112,0,401585287
2024-01-30T00:30:00Z,2024,nba,Brooklyn Nets,Utah Jazz,147,114,0,401585288
2024-01-30T00:30:00Z,2024,nba,Miami Heat,Phoenix Suns,105,118,0,401585289
2024-01-30T01:00:00Z,2024,nba,Houston Rockets,Los Angeles Lakers,135,119,0,401585290
2024-01-30T01:00:00Z,2024,nba,Memphis Grizzlies,Sacramento Kings,94,103,0,401585291
2024-01-30T01:00:00Z,2024,nba,Oklahoma City Thunder,Minnesota Timberwolves,101,107,0,401585292
2024-01-30T01:00:00Z,2024,nba,San Antonio Spurs,Washington Wizards,113,118,0,401585293
2024-01-30T01:30:00Z,2024,nba,Dallas Mavericks,Orlando Magic,131,129,0,401585294
2024-01-30T02:00:00Z,2024,nba,Denver Nuggets,Milwaukee Bucks,113,107,0,401585295
2024-01-30T03:00:00Z,2024,nba,Portland Trail Blazers,Philadelphia 76ers,130,104,0,401585296
2024-01-31T00:30:00Z,2024,nba,Atlanta Hawks,Los Angeles Lakers,138,122,0,401585297
2024-01-31T00:30:00Z,2024,nba,Boston Celtics,Indiana Pacers,129,124,0,401585298
2024-01-31T00:30:00Z,2024,nba,New York Knicks,Utah Jazz,118,103,0,401585299
2024-01-31T01:00:00Z,2024,nba,Chicago Bulls,Toronto Raptors,107,118,0,401585300
2024-01-31T03:00:00Z,2024,nba,Golden State Warriors,Philadelphia 76ers,119,107,0,401585301
2024-02-01T00:00:00Z,2024,nba,Charlotte Hornets,Chicago Bulls,110,117,0,401585302
2024-02-01T00:00:00Z,2024,nba,Cleveland Cavaliers,Detroit Pistons,128,121,0,401585303
2024-02-01T00:00:00Z,2024,nba,Washington Wizards,LA Clippers,109,125,0,401585304
2024-02-01T00:30:00Z,2024,nba,Miami Heat,Sacramento Kings,115,106,0,401585306
2024-02-01T01:00:00Z,2024,nba,Houston Rockets,New Orleans Pelicans,99,110,0,401585307
2024-02-01T01:00:00Z,2024,nba,Minnesota Timberwolves,Dallas Mavericks,121,87,0,401585308
2024-02-01T01:00:00Z,2024,nba,San Antonio Spurs,Orlando Magic,98,108,0,401585309
2024-02-01T01:00:00Z,2024,nba,Oklahoma City Thunder,Denver Nuggets,105,100,0,401585310
2024-02-01T01:30:00Z,2024,nba,Brooklyn Nets,Phoenix Suns,120,136,0,401585305
2024-02-01T03:00:00Z,2024,nba,Portland Trail Blazers,Milwaukee Bucks,119,116,0,401585311
2024-02-02T00:30:00Z,2024,nba,Boston Celtics,Los Angeles Lakers,105,114,0,401585312
2024-02-02T00:30:00Z,2024,nba,New York Knicks,Indiana Pacers,109,105,0,401585313
2024-02-02T01:00:00Z,2024,nba,Memphis Grizzlies,Cleveland Cavaliers,101,108,0,401585315
2024-02-02T03:00:00Z,2024,nba,Utah Jazz,Philadelphia 76ers,124,127,0,401585314
2024-02-03T00:00:00Z,2024,nba,Detroit Pistons,LA Clippers,125,136,0,401585316
2024-02-03T00:00:00Z,2024,nba,Washington Wizards,Miami Heat,102,110,0,401585317
2024-02-03T00:30:00Z,2024,nba,Atlanta Hawks,Phoenix Suns,129,120,0,401585318
2024-02-03T00:30:00Z,2024,nba,Indiana Pacers,Sacramento Kings,122,133,0,401585319
2024-02-03T01:00:00Z,2024,nba,Houston Rockets,Toronto Raptors,135,106,0,401585320
2024-02-03T01:00:00Z,2024,nba,Memphis Grizzlies,Golden State Warriors,101,121,0,401585321
2024-02-03T01:00:00Z,2024,nba,Minnesota Timberwolves,Orlando Magic,106,108,0,401585322
2024-02-03T01:00:00Z,2024,nba,Oklahoma City Thunder,Charlotte Hornets,126,106,0,401585323
2024-02-03T01:00:00Z,2024,nba,San Antonio Spurs,New Orleans Pelicans,113,114,0,401585324
2024-02-03T02:00:00Z,2024,nba,Denver Nuggets,Portland Trail Blazers,120,108,0,401585325
2024-02-03T23:00:00Z,2024,nba,Philadelphia 76ers,Brooklyn Nets,121,136,0,401585326
2024-02-04T00:30:00Z,2024,nba,Atlanta Hawks,Golden State Warriors,141,134,0,401585327
2024-02-04T01:00:00Z,2024,nba,Chicago Bulls,Sacramento Kings,115,123,0,401585328
2024-02-04T01:30:00Z,2024,nba,New York Knicks,Los Angeles Lakers,105,113,0,401585329
2024-02-04T01:30:00Z,2024,nba,Dallas Mavericks,Milwaukee Bucks,117,129,0,401585330
2024-02-04T01:30:00Z,2024,nba,San Antonio Spurs,Cleveland Cavaliers,101,117,0,401585331
2024-02-04T20:00:00Z,2024,nba,Detroit Pistons,Orlando Magic,99,111,0,401585332
2024-02-04T20:30:00Z,2024,nba,Washington Wizards,Phoenix Suns,112,140,0,401585333
2024-02-04T23:00:00Z,2024,nba,Boston Celtics,Memphis Grizzlies,131,91,0,401585334
2024-02-04T23:00:00Z,2024,nba,Charlotte Hornets,Indiana Pacers,99,115,0,401585335
2024-02-04T23:17:00Z,2024,nba,Miami Heat,LA Clippers,95,103,0,401585336
2024-02-05T00:00:00Z,2024,nba,Minnesota Timberwolves,Houston Rockets,111,90,0,401585337
2024-02-05T00:00:00Z,2024,nba,Oklahoma City Thunder,Toronto Raptors,135,127,0,401585338
2024-02-05T01:00:00Z,2024,nba,Utah Jazz,Milwaukee Bucks,123,108,0,401585339
2024-02-05T01:30:00Z,2024,nba,Denver Nuggets,Portland Trail Blazers,112,103,0,401585340
2024-02-06T00:00:00Z,2024,nba,Charlotte Hornets,Los Angeles Lakers,118,124,0,401585341
2024-02-06T00:00:00Z,2024,nba,Cleveland Cavaliers,Sacramento Kings,136,110,0,401585342
2024-02-06T00:00:00Z,2024,nba,Philadelphia 76ers,Dallas Mavericks,102,118,0,401585343
2024-02-06T00:30:00Z,2024,nba,Atlanta Hawks,LA Clippers,144,149,0,401585344
2024-02-06T00:30:00Z,2024,nba,Brooklyn Nets,Golden State Warriors,98,109,0,401585345
2024-02-06T01:00:00Z,2024,nba,New Orleans Pelicans,Toronto Raptors,138,100,0,401585346
2024-02-07T00:00:00Z,2024,nba,Indiana Pacers,Houston Rockets,132,129,0,401585347
2024-02-07T00:30:00Z,2024,nba,Brooklyn Nets,Dallas Mavericks,107,119,0,401585348
2024-02-07T00:30:00Z,2024,nba,Miami Heat,Orlando Magic,121,95,0,401585349
2024-02-07T00:30:00Z,2024,nba,New York Knicks,Memphis Grizzlies,123,113,0,401585350
2024-02-07T01:00:00Z,2024,nba,Chicago Bulls,Minnesota Timberwolves,129,123,0,401585351
2024-02-07T02:00:00Z,2024,nba,Utah Jazz,Oklahoma City Thunder,124,117,0,401585352
2024-02-07T03:00:00Z,2024,nba,Phoenix Suns,Milwaukee Bucks,114,106,0,401585353
2024-02-08T00:00:00Z,2024,nba,Charlotte Hornets,Toronto Raptors,117,123,0,401585354
2024-02-08T00:00:00Z,2024,nba,Washington Wizards,Cleveland Cavaliers,106,114,0,401585356
2024-02-08T00:30:00Z,2024,nba,Philadelphia 76ers,Golden State Warriors,104,127,0,401585355
2024-02-08T00:30:00Z,2024,nba,Boston Celtics,Atlanta Hawks,125,117,0,401585357
2024-02-08T00:30:00Z,2024,nba,Miami Heat,San Antonio Spurs,116,104,0,401585358
2024-02-08T03:00:00Z,2024,nba,LA Clippers,New Orleans Pelicans,106,117,0,401585359
2024-02-08T03:00:00Z,2024,nba,Sacramento Kings,Detroit Pistons,120,133,0,401585360
2024-02-09T00:00:00Z,2024,nba,Indiana Pacers,Golden State Warriors,109,131,0,401585361
2024-02-09T00:00:00Z,2024,nba,Orlando Magic,San Antonio Spurs,127,111,0,401585362
2024-02-09T00:30:00Z,2024,nba,Brooklyn Nets,Cleveland Cavaliers,95,118,0,401585363
2024-02-09T00:30:00Z,2024,nba,New York Knicks,Dallas Mavericks,108,122,0,401585364
2024-02-09T01:00:00Z,2024,nba,Memphis Grizzlies,Chicago Bulls,110,118,0,401585365
2024-02-09T01:00:00Z,2024,nba,Milwaukee Bucks,Minnesota Timberwolves,105,129,0,401585366
2024-02-09T02:00:00Z,2024,nba,Phoenix Suns,Utah Jazz,129,115,0,401585367
2024-02-09T03:00:00Z,2024,nba,Los Angeles Lakers,Denver Nuggets,106,114,0,401585368
2024-02-09T03:00:00Z,2024,nba,Portland Trail Blazers,Detroit Pistons,122,128,0,401585369
2024-02-10T00:00:00Z,2024,nba,Philadelphia 76ers,Atlanta Hawks,121,127,0,401585370
2024-02-10T00:30:00Z,2024,nba,Boston Celtics,Washington Wizards,133,129,0,401585371
2024-02-10T00:30:00Z,2024,nba,Toronto Raptors,Houston Rockets,107,104,0,401585372
2024-02-10T01:00:00Z,2024,nba,Milwaukee Bucks,Charlotte Hornets,120,84,0,401585373
2024-02-10T03:00:00Z,2024,nba,Sacramento Kings,Denver Nuggets,135,106,0,401585374
2024-02-10T03:30:00Z,2024,nba,Los Angeles Lakers,New Orleans Pelicans,139,122,0,401585375
2024-02-10T20:00:00Z,2024,nba,Dallas Mavericks,Oklahoma City Thunder,146,111,0,401585376
2024-02-10T20:30:00Z,2024,nba,LA Clippers,Detroit Pistons,112,106,0,401585377
2024-02-10T23:00:00Z,2024,nba,Brooklyn Nets,San Antonio Spurs,123,103,0,401585378
2024-02-11T00:00:00Z,2024,nba,Charlotte Hornets,Memphis Grizzlies,115,106,0,401585379
2024-02-11T00:00:00Z,2024,nba,Orlando Magic,Chicago Bulls,114,108,0,401585380
2024-02-11T00:00:00Z,2024,nba,Washington Wizards,Philadelphia 76ers,113,119,0,401585381
2024-02-11T00:30:00Z,2024,nba,Atlanta Hawks,Houston Rockets,122,113,0,401585382
2024-02-11T00:30:00Z,2024,nba,New York Knicks,Indiana Pacers,111,125,0,401585383
2024-02-11T00:30:00Z,2024,nba,Toronto Raptors,Cleveland Cavaliers,95,119,0,401585384
2024-02-11T01:30:00Z,2024,nba,Golden State Warriors,Phoenix Suns,113,112,0,401585385
2024-02-11T03:00:00Z,2024,nba,Portland Trail Blazers,New Orleans Pelicans,84,93,0,401585386
2024-02-11T19:00:00Z,2024,nba,Miami Heat,Boston Celtics,106,110,0,401585387
2024-02-11T20:00:00Z,2024,nba,Oklahoma City Thunder,Sacramento Kings,127,113,0,401585388
2024-02-13T00:00:00Z,2024,nba,Charlotte Hornets,Indiana Pacers,111,102,0,401585389
2024-02-13T00:00:00Z,2024,nba,Cleveland Cavaliers,Philadelphia 76ers,121,123,0,401585390
2024-02-13T00:30:00Z,2024,nba,Atlanta Hawks,Chicago Bulls,126,136,0,401585391
2024-02-13T00:30:00Z,2024,nba,Toronto Raptors,San Antonio Spurs,99,122,0,401585392
2024-02-13T01:00:00Z,2024,nba,Houston Rockets,New York Knicks,105,103,0,401585393
2024-02-13T01:00:00Z,2024,nba,Memphis Grizzlies,New Orleans Pelicans,87,96,0,401585394
2024-02-13T01:00:00Z,2024,nba,Milwaukee Bucks,Denver Nuggets,112,95,0,401585395
2024-02-13T01:30:00Z,2024,nba,Dallas Mavericks,Washington Wizards,112,104,0,401585396
2024-02-13T02:00:00Z,2024,nba,Utah Jazz,Golden State Warriors,107,129,0,401585397
2024-02-13T03:30:00Z,2024,nba,LA Clippers,Minnesota Timberwolves,100,121,0,401585398
2024-02-14T00:30:00Z,2024,nba,Brooklyn Nets,Boston Celtics,110,118,0,401585399
2024-02-14T00:30:00Z,2024,nba,Orlando Magic,Oklahoma City Thunder,113,127,0,401585400
2024-02-14T01:00:00Z,2024,nba,Milwaukee Bucks,Miami Heat,97,123,0,401585401
2024-02-14T03:00:00Z,2024,nba,Phoenix Suns,Sacramento Kings,130,125,0,401585402
2024-02-14T03:00:00Z,2024,nba,Portland Trail Blazers,Minnesota Timberwolves,109,121,0,401585403
2024-02-14T03:30:00Z,2024,nba,Los Angeles Lakers,Detroit Pistons,125,111,0,401585404
2024-02-15T00:00:00Z,2024,nba,Charlotte Hornets,Atlanta Hawks,122,99,0,401585405
2024-02-15T00:00:00Z,2024,nba,Orlando Magic,New York Knicks,118,100,0,401585406
2024-02-15T00:00:00Z,2024,nba,Philadelphia 76ers,Miami Heat,104,109,0,401585407
2024-02-15T00:30:00Z,2024,nba,Boston Celtics,Brooklyn Nets,136,86,0,401585408
2024-02-15T00:30:00Z,2024,nba,Cleveland Cavaliers,Chicago Bulls,108,105,0,401585409
2024-02-15T00:30:00Z,2024,nba,Toronto Raptors,Indiana Pacers,125,127,0,401585410
2024-02-15T01:00:00Z,2024,nba,Memphis Grizzlies,Houston Rockets,121,113,0,401585411
2024-02-15T01:00:00Z,2024,nba,New Orleans Pelicans,Washington Wizards,133,126,0,401585412
2024-02-15T01:30:00Z,2024,nba,Dallas Mavericks,San Antonio Spurs,116,93,0,401585413
2024-02-15T02:00:00Z,2024,nba,Denver Nuggets,Sacramento Kings,98,102,0,401585414
2024-02-15T02:00:00Z,2024,nba,Phoenix Suns,Detroit Pistons,116,100,0,401585415
2024-02-15T02:00:00Z,2024,nba,Utah Jazz,Los Angeles Lakers,122,138,0,401585416
2024-02-15T03:00:00Z,2024,nba,Golden State Warriors,LA Clippers,125,130,0,401585417
2024-02-16T01:30:00Z,2024,nba,Memphis Grizzlies,Milwaukee Bucks,113,110,0,401585418
2024-02-16T02:00:00Z,2024,nba,Utah Jazz,Golden State Warriors,137,140,0,401636113
2024-02-16T03:00:00Z,2024,nba,Portland Trail Blazers,Minnesota Timberwolves,91,128,0,401585419
2024-02-19T01:00:00Z,2024,nba,Eastern Conf All-Stars,Western Conf All-Stars,211,186,1,401623259
2024-02-23T00:00:00Z,2024,nba,Cleveland Cavaliers,Orlando Magic,109,116,0,401585420
2024-02-23T00:00:00Z,2024,nba,Indiana Pacers,Detroit Pistons,129,115,0,401585421
2024-02-23T00:00:00Z,2024,nba,Philadelphia 76ers,New York Knicks,96,110,0,401585422
2024-02-23T00:00:00Z,2024,nba,Toronto Raptors,Brooklyn Nets,121,93,0,401585423
2024-02-23T00:30:00Z,2024,nba,Dallas Mavericks,Phoenix Suns,123,113,0,401585424
2024-02-23T01:00:00Z,2024,nba,Chicago Bulls,Boston Celtics,112,129,0,401585425
2024-02-23T01:00:00Z,2024,nba,New Orleans Pelicans,Houston Rockets,127,105,0,401585426
2024-02-23T01:00:00Z,2024,nba,Oklahoma City Thunder,LA Clippers,129,107,0,401585427
2024-02-23T02:00:00Z,2024,nba,Denver Nuggets,Washington Wizards,130,110,0,401585428
2024-02-23T02:00:00Z,2024,nba,Utah Jazz,Charlotte Hornets,107,115,0,401585429
2024-02-23T03:00:00Z,2024,nba,Golden State Warriors,Los Angeles Lakers,128,110,0,401585430
2024-02-23T03:00:00Z,2024,nba,Sacramento Kings,San Antonio Spurs,127,122,0,401585431
2024-02-24T00:30:00Z,2024,nba,Atlanta Hawks,Toronto Raptors,121,123,0,401585432
2024-02-24T00:30:00Z,2024,nba,Philadelphia 76ers,Cleveland Cavaliers,104,97,0,401585433
2024-02-24T01:00:00Z,2024,nba,Houston Rockets,Phoenix Suns,114,110,0,401585434
2024-02-24T01:00:00Z,2024,nba,Memphis Grizzlies,LA Clippers,95,101,0,401585435
2024-02-24T01:00:00Z,2024,nba,Oklahoma City Thunder,Washington Wizards,147,106,0,401585437
2024-02-24T01:00:00Z,2024,nba,New Orleans Pelicans,Miami Heat,95,106,0,401585438
2024-02-24T03:00:00Z,2024,nba,Minnesota Timberwolves,Milwaukee Bucks,107,112,0,401585436
2024-02-24T03:00:00Z,2024,nba,Golden State Warriors,Charlotte Hornets,97,84,0,401585439
2024-02-24T03:00:00Z,2024,nba,Portland Trail Blazers,Denver Nuggets,112,127,0,401585440
2024-02-24T03:30:00Z,2024,nba,Los Angeles Lakers,San Antonio Spurs,123,118,0,401585441
2024-02-25T01:00:00Z,2024,nba,Detroit Pistons,Orlando Magic,109,112,0,401585442
2024-02-25T01:30:00Z,2024,nba,New York Knicks,Boston Celtics,102,116,0,401585444
2024-02-25T02:00:00Z,2024,nba,Minnesota Timberwolves,Brooklyn Nets,101,86,0,401585443
2024-02-25T18:00:00Z,2024,nba,Philadelphia 76ers,Milwaukee Bucks,98,119,0,401585445
2024-02-25T20:30:00Z,2024,nba,Phoenix Suns,Los Angeles Lakers,123,113,0,401585446
2024-02-25T22:00:00Z,2024,nba,Indiana Pacers,Dallas Mavericks,133,111,0,401585447
2024-02-25T23:00:00Z,2024,nba,Washington Wizards,Cleveland Cavaliers,105,114,0,401585448
2024-02-26T00:00:00Z,2024,nba,Atlanta Hawks,Orlando Magic,109,92,0,401585449
2024-02-26T00:00:00Z,2024,nba,Houston Rockets,Oklahoma City Thunder,110,123,0,401585450
2024-02-26T00:00:00Z,2024,nba,New Orleans Pelicans,Chicago Bulls,106,114,0,401585451
2024-02-26T00:00:00Z,2024,nba,Golden State Warriors,Denver Nuggets,103,119,0,401585452
2024-02-26T01:00:00Z,2024,nba,Utah Jazz,San Antonio Spurs,128,109,0,401585453
2024-02-26T02:00:00Z,2024,nba,Portland Trail Blazers,Charlotte Hornets,80,93,0,401585454
2024-02-26T02:30:00Z,2024,nba,LA Clippers,Sacramento Kings,107,123,0,401585455
2024-02-27T00:00:00Z,2024,nba,Indiana Pacers,Toronto Raptors,122,130,0,401585457
2024-02-27T00:30:00Z,2024,nba,New York Knicks,Detroit Pistons,113,111,0,401585456
2024-02-27T01:00:00Z,2024,nba,Memphis Grizzlies,Brooklyn Nets,86,111,0,401585458
2024-02-27T03:00:00Z,2024,nba,Sacramento Kings,Miami Heat,110,121,0,401585459
2024-02-28T00:00:00Z,2024,nba,Cleveland Cavaliers,Dallas Mavericks,121,119,0,401585460
2024-02-28T00:00:00Z,2024,nba,Orlando Magic,Brooklyn Nets,108,81,0,401585461
2024-02-28T00:00:00Z,2024,nba,Washington Wizards,Golden State Warriors,112,123,0,401585462
2024-02-28T00:30:00Z,2024,nba,Atlanta Hawks,Utah Jazz,124,97,0,401585463
2024-02-28T00:30:00Z,2024,nba,Boston Celtics,Philadelphia 76ers,117,99,0,401585464
2024-02-28T00:30:00Z,2024,nba,New York Knicks,New Orleans Pelicans,92,115,0,401585465
2024-02-28T01:00:00Z,2024,nba,Minnesota Timberwolves,San Antonio Spurs,114,105,0,401585466
2024-02-28T01:00:00Z,2024,nba,Chicago Bulls,Detroit Pistons,95,105,0,401585467
2024-02-28T01:00:00Z,2024,nba,Milwaukee Bucks,Charlotte Hornets,123,85,0,401585468
2024-02-28T03:00:00Z,2024,nba,Oklahoma City Thunder,Houston Rockets,112,95,0,401585469
2024-02-28T03:00:00Z,2024,nba,Portland Trail Blazers,Miami Heat,96,106,0,401585470
2024-02-29T00:30:00Z,2024,nba,Indiana Pacers,New Orleans Pelicans,123,114,0,401585471
2024-02-29T00:30:00Z,2024,nba,Toronto Raptors,Dallas Mavericks,125,136,0,401585472
2024-02-29T01:00:00Z,2024,nba,Minnesota Timberwolves,Memphis Grizzlies,110,101,0,401585473
2024-02-29T01:00:00Z,2024,nba,Chicago Bulls,Cleveland Cavaliers,132,123,0,401585474
2024-02-29T02:00:00Z,2024,nba,Denver Nuggets,Sacramento Kings,117,96,0,401585475
2024-02-29T03:00:00Z,2024,nba,LA Clippers,Los Angeles Lakers,112,116,0,401585476
2024-03-01T00:00:00Z,2024,nba,Charlotte Hornets,Milwaukee Bucks,99,111,0,401585477
2024-03-01T00:00:00Z,2024,nba,Orlando Magic,Utah Jazz,115,107,0,401585478
2024-03-01T00:30:00Z,2024,nba,Brooklyn Nets,Atlanta Hawks,124,97,0,401585479
2024-03-01T00:30:00Z,2024,nba,New York Knicks,Golden State Warriors,99,110,0,401585480
2024-03-01T01:30:00Z,2024,nba,San Antonio Spurs,Oklahoma City Thunder,132,118,0,401585481
2024-03-01T02:00:00Z,2024,nba,Phoenix Suns,Houston Rockets,110,105,0,401585482
2024-03-01T03:00:00Z,2024,nba,Denver Nuggets,Miami Heat,103,97,0,401585483
2024-03-01T03:30:00Z,2024,nba,Los Angeles Lakers,Washington Wizards,134,131,0,401585484
2024-03-02T00:00:00Z,2024,nba,Detroit Pistons,Cleveland Cavaliers,100,110,0,401585485
2024-03-02T00:00:00Z,2024,nba,Philadelphia 76ers,Charlotte Hornets,121,114,0,401585486
2024-03-02T00:30:00Z,2024,nba,Boston Celtics,Dallas Mavericks,138,110,0,401585487
2024-03-02T00:30:00Z,2024,nba,Toronto Raptors,Golden State Warriors,105,120,0,401585488
2024-03-02T01:00:00Z,2024,nba,Memphis Grizzlies,Portland Trail Blazers,92,122,0,401585489
2024-03-02T01:00:00Z,2024,nba,Minnesota Timberwolves,Sacramento Kings,120,124,0,401585490
2024-03-02T01:00:00Z,2024,nba,New Orleans Pelicans,Indiana Pacers,129,102,0,401585491
2024-03-02T03:00:00Z,2024,nba,Chicago Bulls,Milwaukee Bucks,97,113,0,401585492
2024-03-02T03:30:00Z,2024,nba,LA Clippers,Washington Wizards,140,115,0,401585493
2024-03-02T20:00:00Z,2024,nba,Brooklyn Nets,Atlanta Hawks,114,102,0,401585494
2024-03-02T22:00:00Z,2024,nba,Miami Heat,Utah Jazz,126,120,0,401585495
2024-03-03T01:00:00Z,2024,nba,Memphis Grizzlies,Portland Trail Blazers,100,107,0,401585496
2024-03-03T01:30:00Z,2024,nba,Los Angeles Lakers,Denver Nuggets,114,124,0,401585497
2024-03-03T02:00:00Z,2024,nba,Phoenix Suns,Houston Rockets,109,118,0,401585498
2024-03-03T18:00:00Z,2024,nba,Dallas Mavericks,Philadelphia 76ers,116,120,0,401585499
2024-03-03T20:30:00Z,2024,nba,Boston Celtics,Golden State Warriors,140,88,0,401585500
2024-03-03T20:30:00Z,2024,nba,Minnesota Timberwolves,LA Clippers,88,89,0,401585501
2024-03-03T23:00:00Z,2024,nba,Orlando Magic,Detroit Pistons,113,91,0,401585502
2024-03-03T23:00:00Z,2024,nba,Toronto Raptors,Charlotte Hornets,111,106,0,401585503
2024-03-04T00:00:00Z,2024,nba,Cleveland Cavaliers,New York Knicks,98,107,0,401585504
2024-03-04T00:00:00Z,2024,nba,San Antonio Spurs,Indiana Pacers,117,105,0,401585505
2024-03-04T02:30:00Z,2024,nba,Phoenix Suns,Oklahoma City Thunder,110,118,0,401585506
2024-03-05T00:30:00Z,2024,nba,Brooklyn Nets,Memphis Grizzlies,102,106,0,401585507
2024-03-05T01:00:00Z,2024,nba,Milwaukee Bucks,LA Clippers,113,106,0,401585508
2024-03-05T01:00:00Z,2024,nba,Minnesota Timberwolves,Portland Trail Blazers,119,114,0,401585509
2024-03-05T02:00:00Z,2024,nba,Utah Jazz,Washington Wizards,127,115,0,401585510
2024-03-05T03:00:00Z,2024,nba,Sacramento Kings,Chicago Bulls,109,113,0,401585511
2024-03-05T03:30:00Z,2024,nba,Los Angeles Lakers,Oklahoma City Thunder,116,104,0,401585512
2024-03-06T00:00:00Z,2024,nba,Charlotte Hornets,Orlando Magic,89,101,0,401585513
2024-03-06T00:30:00Z,2024,nba,Cleveland Cavaliers,Boston Celtics,105,104,0,401585514
2024-03-06T00:30:00Z,2024,nba,Brooklyn Nets,Philadelphia 76ers,112,107,0,401585515
2024-03-06T00:30:00Z,2024,nba,Miami Heat,Detroit Pistons,118,110,0,401585516
2024-03-06T00:30:00Z,2024,nba,New York Knicks,Atlanta Hawks,100,116,0,401585517
2024-03-06T00:30:00Z,2024,nba,Toronto Raptors,New Orleans Pelicans,98,139,0,401585518
2024-03-06T01:00:00Z,2024,nba,Houston Rockets,San Antonio Spurs,114,101,0,401585519
2024-03-06T01:30:00Z,2024,nba,Dallas Mavericks,Indiana Pacers,120,137,0,401585520
2024-03-06T03:00:00Z,2024,nba,Denver Nuggets,Phoenix Suns,107,117,0,401585521
2024-03-07T00:00:00Z,2024,nba,Washington Wizards,Orlando Magic,109,119,0,401585522
2024-03-07T00:30:00Z,2024,nba,Atlanta Hawks,Cleveland Cavaliers,112,101,0,401585523
2024-03-07T00:30:00Z,2024,nba,Philadelphia 76ers,Memphis Grizzlies,109,115,0,401585524
2024-03-07T00:30:00Z,2024,nba,Houston Rockets,LA Clippers,116,122,0,401585525
2024-03-07T02:00:00Z,2024,nba,Utah Jazz,Chicago Bulls,117,119,0,401585526
2024-03-07T03:00:00Z,2024,nba,Golden State Warriors,Milwaukee Bucks,125,90,0,401585527
2024-03-07T03:00:00Z,2024,nba,Portland Trail Blazers,Oklahoma City Thunder,120,128,0,401585528
2024-03-07T03:30:00Z,2024,nba,Los Angeles Lakers,Sacramento Kings,120,130,0,401585529
2024-03-08T00:00:00Z,2024,nba,Detroit Pistons,Brooklyn Nets,118,112,0,401585530
2024-03-08T00:00:00Z,2024,nba,Indiana Pacers,Minnesota Timberwolves,111,113,0,401585531
2024-03-08T00:30:00Z,2024,nba,Dallas Mavericks,Miami Heat,114,108,0,401585532
2024-03-08T02:00:00Z,2024,nba,Phoenix Suns,Toronto Raptors,120,113,0,401585533
2024-03-08T03:00:00Z,2024,nba,Denver Nuggets,Boston Celtics,115,109,0,401585534
2024-03-08T03:00:00Z,2024,nba,Golden State Warriors,Chicago Bulls,122,125,0,401585535
2024-03-08T03:00:00Z,2024,nba,Sacramento Kings,San Antonio Spurs,131,129,0,401585536
2024-03-09T00:00:00Z,2024,nba,Philadelphia 76ers,New Orleans Pelicans,95,103,0,401585537
2024-03-09T00:00:00Z,2024,nba,Washington Wizards,Charlotte Hornets,112,100,0,401585538
2024-03-09T00:30:00Z,2024,nba,Cleveland Cavaliers,Minnesota Timberwolves,113,104,0,401585539
2024-03-09T00:30:00Z,2024,nba,New York Knicks,Orlando Magic,98,74,0,401585540
2024-03-09T01:00:00Z,2024,nba,Memphis Grizzlies,Atlanta Hawks,92,99,0,401585541
2024-03-09T01:00:00Z,2024,nba,Oklahoma City Thunder,Miami Heat,107,100,0,401585542
2024-03-09T03:00:00Z,2024,nba,Los Angeles Lakers,Milwaukee Bucks,123,122,0,401585543
2024-03-09T03:00:00Z,2024,nba,Portland Trail Blazers,Houston Rockets,107,123,0,401585544
2024-03-09T21:00:00Z,2024,nba,LA Clippers,Chicago Bulls,112,102,0,401585545
2024-03-10T00:00:00Z,2024,nba,Charlotte Hornets,Brooklyn Nets,110,99,0,401585546
2024-03-10T00:00:00Z,2024,nba,Detroit Pistons,Dallas Mavericks,124,142,0,401585547
2024-03-10T01:30:00Z,2024,nba,Phoenix Suns,Boston Celtics,107,117,0,401585548
2024-03-10T01:30:00Z,2024,nba,Golden State Warriors,San Antonio Spurs,113,126,0,401585549
2024-03-10T02:00:00Z,2024,nba,Denver Nuggets,Utah Jazz,142,121,0,401585550
2024-03-10T03:00:00Z,2024,nba,Portland Trail Blazers,Toronto Raptors,128,118,0,401585551
2024-03-10T19:00:00Z,2024,nba,LA Clippers,Milwaukee Bucks,117,124,0,401585552
2024-03-10T22:00:00Z,2024,nba,Atlanta Hawks,New Orleans Pelicans,103,116,0,401585553
2024-03-10T22:00:00Z,2024,nba,Miami Heat,Washington Wizards,108,110,0,401585554
2024-03-10T22:00:00Z,2024,nba,Orlando Magic,Indiana Pacers,97,111,0,401585556
2024-03-10T22:00:00Z,2024,nba,Sacramento Kings,Houston Rockets,104,112,0,401585557
2024-03-10T23:00:00Z,2024,nba,New York Knicks,Philadelphia 76ers,73,79,0,401585555
2024-03-10T23:00:00Z,2024,nba,Cleveland Cavaliers,Brooklyn Nets,101,120,0,401585558
2024-03-10T23:00:00Z,2024,nba,Oklahoma City Thunder,Memphis Grizzlies,124,93,0,401585559
2024-03-11T01:30:00Z,2024,nba,Los Angeles Lakers,Minnesota Timberwolves,120,109,0,401585560
2024-03-11T23:00:00Z,2024,nba,Detroit Pistons,Charlotte Hornets,114,97,0,401585561
2024-03-11T23:30:00Z,2024,nba,Cleveland Cavaliers,Phoenix Suns,111,117,0,401585562
2024-03-12T00:00:00Z,2024,nba,Chicago Bulls,Dallas Mavericks,92,127,0,401585563
2024-03-12T00:00:00Z,2024,nba,San Antonio Spurs,Golden State Warriors,102,112,0,401585564
2024-03-12T01:00:00Z,2024,nba,Denver Nuggets,Toronto Raptors,125,119,0,401585565
2024-03-12T02:30:00Z,2024,nba,Portland Trail Blazers,Boston Celtics,99,121,0,401585566
2024-03-12T23:30:00Z,2024,nba,New York Knicks,Philadelphia 76ers,106,79,0,401585567
2024-03-13T00:00:00Z,2024,nba,Memphis Grizzlies,Washington Wizards,109,97,0,401585568
2024-03-13T00:00:00Z,2024,nba,Oklahoma City Thunder,Indiana Pacers,111,121,0,401585569
2024-03-13T00:30:00Z,2024,nba,San Antonio Spurs,Houston Rockets,101,103,0,401585570
2024-03-13T01:00:00Z,2024,nba,Utah Jazz,Boston Celtics,107,123,0,401585571
2024-03-13T02:00:00Z,2024,nba,LA Clippers,Minnesota Timberwolves,100,118,0,401585572
2024-03-13T02:00:00Z,2024,nba,Sacramento Kings,Milwaukee Bucks,129,94,0,401585573
2024-03-13T23:00:00Z,2024,nba,Detroit Pistons,Toronto Raptors,113,104,0,401585574
2024-03-13T23:00:00Z,2024,nba,Orlando Magic,Brooklyn Nets,114,106,0,401585575
2024-03-13T23:30:00Z,2024,nba,Indiana Pacers,Chicago Bulls,129,132,0,401585576
2024-03-13T23:30:00Z,2024,nba,Miami Heat,Denver Nuggets,88,100,0,401585577
2024-03-14T00:00:00Z,2024,nba,Memphis Grizzlies,Charlotte Hornets,98,110,0,401585578
2024-03-14T00:00:00Z,2024,nba,New Orleans Pelicans,Cleveland Cavaliers,95,116,0,401585579
2024-03-14T00:30:00Z,2024,nba,Dallas Mavericks,Golden State Warriors,109,99,0,401585580
2024-03-14T02:00:00Z,2024,nba,Portland Trail Blazers,Atlanta Hawks,106,102,0,401585581
2024-03-14T02:00:00Z,2024,nba,Sacramento Kings,Los Angeles Lakers,120,107,0,401585582
2024-03-14T23:30:00Z,2024,nba,Boston Celtics,Phoenix Suns,127,112,0,401585583
2024-03-15T00:00:00Z,2024,nba,Chicago Bulls,LA Clippers,111,126,0,401585584
2024-03-15T00:00:00Z,2024,nba,Houston Rockets,Washington Wizards,135,119,0,401585585
2024-03-15T00:00:00Z,2024,nba,Milwaukee Bucks,Philadelphia 76ers,114,105,0,401585586
2024-03-15T02:00:00Z,2024,nba,Oklahoma City Thunder,Dallas Mavericks,126,119,0,401585587
2024-03-15T02:00:00Z,2024,nba,Portland Trail Blazers,New York Knicks,93,105,0,401585588
2024-03-15T23:00:00Z,2024,nba,Charlotte Hornets,Phoenix Suns,96,107,0,401585589
2024-03-15T23:00:00Z,2024,nba,Detroit Pistons,Miami Heat,95,108,0,401585590
2024-03-15T23:30:00Z,2024,nba,Toronto Raptors,Orlando Magic,103,113,0,401585591
2024-03-16T00:00:00Z,2024,nba,New Orleans Pelicans,LA Clippers,112,104,0,401585592
2024-03-16T00:30:00Z,2024,nba,San Antonio Spurs,Denver Nuggets,106,117,0,401585593
2024-03-16T01:30:00Z,2024,nba,Utah Jazz,Atlanta Hawks,124,122,0,401585594
2024-03-16T21:00:00Z,2024,nba,Houston Rockets,Cleveland Cavaliers,117,103,0,401585595
2024-03-16T23:00:00Z,2024,nba,Indiana Pacers,Brooklyn Nets,121,100,0,401585596
2024-03-16T23:00:00Z,2024,nba,Philadelphia 76ers,Charlotte Hornets,109,98,0,401585597
2024-03-16T23:00:00Z,2024,nba,New Orleans Pelicans,Portland Trail Blazers,126,107,0,401585598
2024-03-17T00:00:00Z,2024,nba,Chicago Bulls,Washington Wizards,127,98,0,401585599
2024-03-17T00:00:00Z,2024,nba,Memphis Grizzlies,Oklahoma City Thunder,112,118,0,401585600
2024-03-17T00:30:00Z,2024,nba,Los Angeles Lakers,Golden State Warriors,121,128,0,401585601
2024-03-17T01:30:00Z,2024,nba,Utah Jazz,Minnesota Timberwolves,100,119,0,401585602
2024-03-17T02:00:00Z,2024,nba,Sacramento Kings,New York Knicks,91,98,0,401585603
2024-03-17T17:00:00Z,2024,nba,Milwaukee Bucks,Phoenix Suns,140,129,0,401585604
2024-03-17T19:00:00Z,2024,nba,Detroit Pistons,Miami Heat,101,104,0,401585605
2024-03-17T19:30:00Z,2024,nba,Dallas Mavericks,Denver Nuggets,107,105,0,401585606
2024-03-17T22:00:00Z,2024,nba,Orlando Magic,Toronto Raptors,111,96,0,401585607
2024-03-17T22:00:00Z,2024,nba,Washington Wizards,Boston Celtics,104,130,0,401585608
2024-03-17T23:00:00Z,2024,nba,San Antonio Spurs,Brooklyn Nets,122,115,0,401585609
2024-03-18T01:30:00Z,2024,nba,LA Clippers,Atlanta Hawks,93,110,0,401585610
2024-03-18T23:00:00Z,2024,nba,Indiana Pacers,Cleveland Cavaliers,103,108,0,401585611
2024-03-18T23:30:00Z,2024,nba,Boston Celtics,Detroit Pistons,119,94,0,401585612
2024-03-18T23:30:00Z,2024,nba,Philadelphia 76ers,Miami Heat,98,91,0,401585613
2024-03-19T00:00:00Z,2024,nba,Chicago Bulls,Portland Trail Blazers,110,107,0,401585614
2024-03-19T01:00:00Z,2024,nba,Utah Jazz,Minnesota Timberwolves,104,114,0,401585615
2024-03-19T02:00:00Z,2024,nba,Golden State Warriors,New York Knicks,112,119,0,401585616
2024-03-19T02:00:00Z,2024,nba,Sacramento Kings,Memphis Grizzlies,121,111,0,401585617
2024-03-19T02:30:00Z,2024,nba,Los Angeles Lakers,Atlanta Hawks,136,105,0,401585618
2024-03-19T23:00:00Z,2024,nba,Orlando Magic,Charlotte Hornets,112,92,0,401585619
2024-03-19T23:00:00Z,2024,nba,Washington Wizards,Houston Rockets,114,137,0,401585620
2024-03-19T23:30:00Z,2024,nba,Brooklyn Nets,New Orleans Pelicans,91,104,0,401585621
2024-03-20T00:00:00Z,2024,nba,San Antonio Spurs,Dallas Mavericks,107,113,0,401585622
2024-03-20T01:00:00Z,2024,nba,Minnesota Timberwolves,Denver Nuggets,112,115,0,401585623
2024-03-20T23:00:00Z,2024,nba,Cleveland Cavaliers,Miami Heat,104,107,0,401585624
2024-03-20T23:00:00Z,2024,nba,Detroit Pistons,Indiana Pacers,103,122,0,401585625
2024-03-20T23:30:00Z,2024,nba,Boston Celtics,Milwaukee Bucks,122,119,0,401585626
2024-03-20T23:30:00Z,2024,nba,Toronto Raptors,Sacramento Kings,89,123,0,401585627
2024-03-21T00:00:00Z,2024,nba,Oklahoma City Thunder,Utah Jazz,119,107,0,401585628
2024-03-21T02:00:00Z,2024,nba,Golden State Warriors,Memphis Grizzlies,137,116,0,401585629
2024-03-21T02:00:00Z,2024,nba,Phoenix Suns,Philadelphia 76ers,115,102,0,401585630
2024-03-21T02:00:00Z,2024,nba,Portland Trail Blazers,LA Clippers,103,116,0,401585631
2024-03-21T23:00:00Z,2024,nba,Orlando Magic,New Orleans Pelicans,121,106,0,401585632
2024-03-21T23:00:00Z,2024,nba,Washington Wizards,Sacramento Kings,109,102,0,401585633
2024-03-22T00:00:00Z,2024,nba,Houston Rockets,Chicago Bulls,127,117,0,401585634
2024-03-22T00:00:00Z,2024,nba,Milwaukee Bucks,Brooklyn Nets,115,108,0,401585635
2024-03-22T00:30:00Z,2024,nba,Dallas Mavericks,Utah Jazz,113,97,0,401585636
2024-03-22T01:00:00Z,2024,nba,Denver Nuggets,New York Knicks,113,100,0,401585637
2024-03-22T02:30:00Z,2024,nba,Phoenix Suns,Atlanta Hawks,128,115,0,401585638
2024-03-22T23:00:00Z,2024,nba,Detroit Pistons,Boston Celtics,102,129,0,401585639
2024-03-22T23:00:00Z,2024,nba,Toronto Raptors,Oklahoma City Thunder,103,123,0,401585640
2024-03-23T00:00:00Z,2024,nba,Miami Heat,New Orleans Pelicans,88,111,0,401585641
2024-03-23T00:00:00Z,2024,nba,Minnesota Timberwolves,Cleveland Cavaliers,104,91,0,401585642
2024-03-23T00:00:00Z,2024,nba,San Antonio Spurs,Memphis Grizzlies,97,99,0,401585643
2024-03-23T02:00:00Z,2024,nba,Golden State Warriors,Indiana Pacers,111,123,0,401585644
2024-03-23T02:00:00Z,2024,nba,Portland Trail Blazers,LA Clippers,117,125,0,401585645
2024-03-23T02:30:00Z,2024,nba,Los Angeles Lakers,Philadelphia 76ers,101,94,0,401585646
2024-03-23T17:00:00Z,2024,nba,New York Knicks,Brooklyn Nets,105,93,0,401585647
2024-03-23T23:00:00Z,2024,nba,Orlando Magic,Sacramento Kings,107,109,0,401585648
2024-03-23T23:30:00Z,2024,nba,Atlanta Hawks,Charlotte Hornets,132,91,0,401585649
2024-03-24T00:00:00Z,2024,nba,Washington Wizards,Toronto Raptors,112,109,0,401585650
2024-03-24T00:00:00Z,2024,nba,Chicago Bulls,Boston Celtics,113,124,0,401585651
2024-03-24T00:00:00Z,2024,nba,Houston Rockets,Utah Jazz,147,119,0,401585652
2024-03-24T00:00:00Z,2024,nba,San Antonio Spurs,Phoenix Suns,106,131,0,401585653
2024-03-24T02:00:00Z,2024,nba,Portland Trail Blazers,Denver Nuggets,111,114,0,401585654
2024-03-24T19:00:00Z,2024,nba,Detroit Pistons,New Orleans Pelicans,101,114,0,401585655
2024-03-24T19:30:00Z,2024,nba,LA Clippers,Philadelphia 76ers,107,121,0,401585656
2024-03-24T22:00:00Z,2024,nba,Miami Heat,Cleveland Cavaliers,121,84,0,401585657
2024-03-24T23:00:00Z,2024,nba,Milwaukee Bucks,Oklahoma City Thunder,118,93,0,401585658
2024-03-24T23:00:00Z,2024,nba,Minnesota Timberwolves,Golden State Warriors,114,110,0,401585659
2024-03-25T02:00:00Z,2024,nba,Los Angeles Lakers,Indiana Pacers,150,145,0,401585660
2024-03-25T23:00:00Z,2024,nba,Cleveland Cavaliers,Charlotte Hornets,115,92,0,401585661
2024-03-25T23:30:00Z,2024,nba,Atlanta Hawks,Boston Celtics,120,118,0,401585662
2024-03-25T23:30:00Z,2024,nba,New York Knicks,Detroit Pistons,124,99,0,401585663
2024-03-25T23:30:00Z,2024,nba,Toronto Raptors,Brooklyn Nets,88,96,0,401585664
2024-03-26T00:00:00Z,2024,nba,Chicago Bulls,Washington Wizards,105,107,0,401585665
2024-03-26T00:00:00Z,2024,nba,Houston Rockets,Portland Trail Blazers,110,92,0,401585666
2024-03-26T00:00:00Z,2024,nba,San Antonio Spurs,Phoenix Suns,104,102,0,401585667
2024-03-26T01:00:00Z,2024,nba,Denver Nuggets,Memphis Grizzlies,128,103,0,401585668
2024-03-26T01:00:00Z,2024,nba,Utah Jazz,Dallas Mavericks,105,115,0,401585669
2024-03-26T02:00:00Z,2024,nba,Sacramento Kings,Philadelphia 76ers,108,96,0,401585670
2024-03-26T02:30:00Z,2024,nba,LA Clippers,Indiana Pacers,116,133,0,401585671
2024-03-26T23:30:00Z,2024,nba,Miami Heat,Golden State Warriors,92,113,0,401585672
2024-03-26T23:30:00Z,2024,nba,Milwaukee Bucks,Los Angeles Lakers,124,128,0,401585673
2024-03-27T00:00:00Z,2024,nba,New Orleans Pelicans,Oklahoma City Thunder,112,119,0,401585674
2024-03-27T02:00:00Z,2024,nba,Sacramento Kings,Dallas Mavericks,96,132,0,401585675
2024-03-27T23:00:00Z,2024,nba,Charlotte Hornets,Cleveland Cavaliers,118,111,0,401585676
2024-03-27T23:00:00Z,2024,nba,Orlando Magic,Golden State Warriors,93,101,0,401585677
2024-03-27T23:00:00Z,2024,nba,Washington Wizards,Brooklyn Nets,119,122,0,401585678
2024-03-27T23:30:00Z,2024,nba,Atlanta Hawks,Portland Trail Blazers,120,106,0,401585679
2024-03-27T23:30:00Z,2024,nba,Philadelphia 76ers,LA Clippers,107,108,0,401585680
2024-03-27T23:30:00Z,2024,nba,Toronto Raptors,New York Knicks,101,145,0,401585681
2024-03-28T00:00:00Z,2024,nba,Chicago Bulls,Indiana Pacers,125,99,0,401585682
2024-03-28T00:00:00Z,2024,nba,Memphis Grizzlies,Los Angeles Lakers,124,136,0,401585683
2024-03-28T00:00:00Z,2024,nba,Minnesota Timberwolves,Detroit Pistons,106,91,0,401585684
2024-03-28T00:00:00Z,2024,nba,Oklahoma City Thunder,Houston Rockets,126,132,0,401585685
2024-03-28T01:00:00Z,2024,nba,Utah Jazz,San Antonio Spurs,111,118,0,401585686
2024-03-28T02:00:00Z,2024,nba,Denver Nuggets,Phoenix Suns,97,104,0,401585687
2024-03-28T23:30:00Z,2024,nba,Atlanta Hawks,Boston Celtics,123,122,0,401585688
2024-03-29T00:00:00Z,2024,nba,New Orleans Pelicans,Milwaukee Bucks,107,100,0,401585689
2024-03-29T23:00:00Z,2024,nba,Charlotte Hornets,Golden State Warriors,97,115,0,401585690
2024-03-29T23:00:00Z,2024,nba,Indiana Pacers,Los Angeles Lakers,109,90,0,401585691
2024-03-29T23:00:00Z,2024,nba,Orlando Magic,LA Clippers,97,100,0,401585692
2024-03-29T23:00:00Z,2024,nba,Washington Wizards,Detroit Pistons,87,96,0,401585693
2024-03-29T23:30:00Z,2024,nba,Brooklyn Nets,Chicago Bulls,125,108,0,401585694
2024-03-29T23:30:00Z,2024,nba,Cleveland Cavaliers,Philadelphia 76ers,117,114,0,401585695
2024-03-30T00:00:00Z,2024,nba,Miami Heat,Portland Trail Blazers,142,82,0,401585696
2024-03-30T00:00:00Z,2024,nba,Oklahoma City Thunder,Phoenix Suns,128,103,0,401585697
2024-03-30T00:00:00Z,2024,nba,San Antonio Spurs,New York Knicks,130,126,0,401585698
2024-03-30T01:00:00Z,2024,nba,Denver Nuggets,Minnesota Timberwolves,98,111,0,401585699
2024-03-30T01:30:00Z,2024,nba,Utah Jazz,Houston Rockets,100,101,0,401585700
2024-03-30T02:00:00Z,2024,nba,Sacramento Kings,Dallas Mavericks,103,107,0,401585701
2024-03-30T21:00:00Z,2024,nba,New Orleans Pelicans,Boston Celtics,92,104,0,401585702
2024-03-30T23:00:00Z,2024,nba,Orlando Magic,Memphis Grizzlies,118,88,0,401585703
2024-03-30T23:30:00Z,2024,nba,Atlanta Hawks,Milwaukee Bucks,113,122,0,401585704
2024-03-31T19:30:00Z,2024,nba,Denver Nuggets,Cleveland Cavaliers,130,101,0,401585705
2024-03-31T22:00:00Z,2024,nba,Brooklyn Nets,Los Angeles Lakers,104,116,0,401585706
2024-03-31T22:00:00Z,2024,nba,Charlotte Hornets,LA Clippers,118,130,0,401585707
2024-03-31T22:00:00Z,2024,nba,Toronto Raptors,Philadelphia 76ers,120,135,0,401585708
2024-03-31T22:00:00Z,2024,nba,Washington Wizards,Miami Heat,107,119,0,401585709
2024-03-31T23:00:00Z,2024,nba,New York Knicks,Oklahoma City Thunder,112,113,0,401585710
2024-03-31T23:00:00Z,2024,nba,Houston Rockets,Dallas Mavericks,107,125,0,401585711
2024-03-31T23:00:00Z,2024,nba,Minnesota Timberwolves,Chicago Bulls,101,109,0,401585712
2024-03-31T23:00:00Z,2024,nba,San Antonio Spurs,Golden State Warriors,113,117,0,401585713
2024-04-01T01:00:00Z,2024,nba,Sacramento Kings,Utah Jazz,127,106,0,401585714
2024-04-01T23:00:00Z,2024,nba,Charlotte Hornets,Boston Celtics,104,118,0,401585715
2024-04-01T23:00:00Z,2024,nba,Detroit Pistons,Memphis Grizzlies,108,110,0,401585716
2024-04-01T23:00:00Z,2024,nba,Indiana Pacers,Brooklyn Nets,133,111,0,401585717
2024-04-01T23:00:00Z,2024,nba,Orlando Magic,Portland Trail Blazers,104,103,0,401585718
2024-04-02T00:00:00Z,2024,nba,Chicago Bulls,Atlanta Hawks,101,113,0,401585719
2024-04-02T00:00:00Z,2024,nba,New Orleans Pelicans,Phoenix Suns,111,124,0,401585720
2024-04-02T23:00:00Z,2024,nba,Toronto Raptors,Los Angeles Lakers,111,128,0,401585722
2024-04-02T23:00:00Z,2024,nba,Washington Wizards,Milwaukee Bucks,117,113,0,401585723
2024-04-02T23:30:00Z,2024,nba,Philadelphia 76ers,Oklahoma City Thunder,109,105,0,401585721
2024-04-02T23:30:00Z,2024,nba,Miami Heat,New York Knicks,109,99,0,401585724
2024-04-03T00:00:00Z,2024,nba,Minnesota Timberwolves,Houston Rockets,113,106,0,401585726
2024-04-03T01:00:00Z,2024,nba,Denver Nuggets,San Antonio Spurs,110,105,0,401585727
2024-04-03T01:00:00Z,2024,nba,Utah Jazz,Cleveland Cavaliers,113,129,0,401585728
2024-04-03T02:00:00Z,2024,nba,Sacramento Kings,LA Clippers,109,95,0,401585729
2024-04-03T02:00:00Z,2024,nba,Golden State Warriors,Dallas Mavericks,104,100,0,401636114
2024-04-03T23:00:00Z,2024,nba,Charlotte Hornets,Portland Trail Blazers,86,89,0,401585730
2024-04-03T23:00:00Z,2024,nba,Washington Wizards,Los Angeles Lakers,120,125,0,401585731
2024-04-03T23:30:00Z,2024,nba,Atlanta Hawks,Detroit Pistons,121,113,0,401585732
2024-04-03T23:30:00Z,2024,nba,Boston Celtics,Oklahoma City Thunder,135,100,0,401585733
2024-04-03T23:30:00Z,2024,nba,Brooklyn Nets,Indiana Pacers,115,111,0,401585734
2024-04-04T00:00:00Z,2024,nba,Milwaukee Bucks,Memphis Grizzlies,101,111,0,401585735
2024-04-04T00:00:00Z,2024,nba,Minnesota Timberwolves,Toronto Raptors,133,85,0,401585736
2024-04-04T00:00:00Z,2024,nba,New Orleans Pelicans,Orlando Magic,108,117,0,401585737
2024-04-04T02:00:00Z,2024,nba,Phoenix Suns,Cleveland Cavaliers,122,101,0,401585738
2024-04-04T23:30:00Z,2024,nba,Miami Heat,Philadelphia 76ers,105,109,0,401585739
2024-04-04T23:30:00Z,2024,nba,New York Knicks,Sacramento Kings,120,109,0,401585740
2024-04-04T23:30:00Z,2024,nba,Dallas Mavericks,Atlanta Hawks,109,95,0,401585752
2024-04-05T00:00:00Z,2024,nba,Houston Rockets,Golden State Warriors,110,133,0,401585741
2024-04-05T02:00:00Z,2024,nba,LA Clippers,Denver Nuggets,102,100,0,401585742
2024-04-05T23:00:00Z,2024,nba,Charlotte Hornets,Orlando Magic,124,115,0,401585743
2024-04-05T23:00:00Z,2024,nba,Indiana Pacers,Oklahoma City Thunder,126,112,0,401585744
2024-04-05T23:00:00Z,2024,nba,Washington Wizards,Portland Trail Blazers,102,108,0,401585745
2024-04-05T23:30:00Z,2024,nba,Boston Celtics,Sacramento Kings,101,100,0,401585746
2024-04-06T00:00:00Z,2024,nba,Chicago Bulls,New York Knicks,108,100,0,401585747
2024-04-06T00:00:00Z,2024,nba,Houston Rockets,Miami Heat,104,119,0,401585748
2024-04-06T00:00:00Z,2024,nba,Memphis Grizzlies,Detroit Pistons,108,90,0,401585749
2024-04-06T00:00:00Z,2024,nba,Milwaukee Bucks,Toronto Raptors,111,117,0,401585750
2024-04-06T00:00:00Z,2024,nba,New Orleans Pelicans,San Antonio Spurs,109,111,0,401585751
2024-04-06T00:30:00Z,2024,nba,Dallas Mavericks,Golden State Warriors,108,106,0,401585725
2024-04-06T02:00:00Z,2024,nba,Phoenix Suns,Minnesota Timberwolves,97,87,0,401585753
2024-04-06T02:30:00Z,2024,nba,LA Clippers,Utah Jazz,131,102,0,401585754
2024-04-06T19:30:00Z,2024,nba,Los Angeles Lakers,Cleveland Cavaliers,116,97,0,401585755
2024-04-06T23:00:00Z,2024,nba,Brooklyn Nets,Detroit Pistons,113,103,0,401585756
2024-04-07T00:00:00Z,2024,nba,Memphis Grizzlies,Philadelphia 76ers,96,116,0,401585757
2024-04-07T01:00:00Z,2024,nba,Denver Nuggets,Atlanta Hawks,142,110,0,401585758
2024-04-07T19:30:00Z,2024,nba,Dallas Mavericks,Houston Rockets,147,136,0,401585759
2024-04-07T19:30:00Z,2024,nba,LA Clippers,Cleveland Cavaliers,120,118,0,401585760
2024-04-07T21:00:00Z,2024,nba,Indiana Pacers,Miami Heat,117,115,0,401585761
2024-04-07T22:00:00Z,2024,nba,Boston Celtics,Portland Trail Blazers,124,107,0,401585762
2024-04-07T22:00:00Z,2024,nba,Charlotte Hornets,Oklahoma City Thunder,118,121,0,401585763
2024-04-07T22:00:00Z,2024,nba,Orlando Magic,Chicago Bulls,113,98,0,401585764
2024-04-07T22:00:00Z,2024,nba,Toronto Raptors,Washington Wizards,130,122,0,401585765
2024-04-07T22:00:00Z,2024,nba,Phoenix Suns,New Orleans Pelicans,105,113,0,401585766
2024-04-07T23:00:00Z,2024,nba,Milwaukee Bucks,New York Knicks,109,122,0,401585767
2024-04-07T23:00:00Z,2024,nba,San Antonio Spurs,Philadelphia 76ers,126,133,0,401585768
2024-04-07T23:30:00Z,2024,nba,Brooklyn Nets,Sacramento Kings,77,107,0,401585769
2024-04-08T00:30:00Z,2024,nba,Golden State Warriors,Utah Jazz,118,110,0,401585770
2024-04-08T02:00:00Z,2024,nba,Los Angeles Lakers,Minnesota Timberwolves,117,127,0,401585771
2024-04-09T23:00:00Z,2024,nba,Charlotte Hornets,Dallas Mavericks,104,130,0,401585772
2024-04-09T23:00:00Z,2024,nba,Philadelphia 76ers,Detroit Pistons,120,102,0,401585773
2024-04-09T23:00:00Z,2024,nba,Toronto Raptors,Indiana Pacers,123,140,0,401585774
2024-04-09T23:30:00Z,2024,nba,Atlanta Hawks,Miami Heat,111,117,0,401585775
2024-04-09T23:30:00Z,2024,nba,Milwaukee Bucks,Boston Celtics,104,91,0,401585776
2024-04-10T00:00:00Z,2024,nba,Chicago Bulls,New York Knicks,117,128,0,401585777
2024-04-10T00:00:00Z,2024,nba,Houston Rockets,Orlando Magic,118,106,0,401585778
2024-04-10T00:00:00Z,2024,nba,Memphis Grizzlies,San Antonio Spurs,87,102,0,401585779
2024-04-10T00:00:00Z,2024,nba,Minnesota Timberwolves,Washington Wizards,130,121,0,401585780
2024-04-10T00:00:00Z,2024,nba,Oklahoma City Thunder,Sacramento Kings,112,105,0,401585781
2024-04-10T01:00:00Z,2024,nba,Utah Jazz,Denver Nuggets,95,111,0,401585782
2024-04-10T02:00:00Z,2024,nba,Los Angeles Lakers,Golden State Warriors,120,134,0,401585783
2024-04-10T02:00:00Z,2024,nba,Phoenix Suns,LA Clippers,92,105,0,401585784
2024-04-10T02:00:00Z,2024,nba,Portland Trail Blazers,New Orleans Pelicans,100,110,0,401585785
2024-04-10T23:00:00Z,2024,nba,Cleveland Cavaliers,Memphis Grizzlies,110,98,0,401585786
2024-04-10T23:30:00Z,2024,nba,Atlanta Hawks,Charlotte Hornets,114,115,0,401585787
2024-04-10T23:30:00Z,2024,nba,Brooklyn Nets,Toronto Raptors,106,102,0,401585788
2024-04-10T23:30:00Z,2024,nba,Miami Heat,Dallas Mavericks,92,111,0,401585789
2024-04-11T00:00:00Z,2024,nba,Milwaukee Bucks,Orlando Magic,117,99,0,401585790
2024-04-11T00:00:00Z,2024,nba,Oklahoma City Thunder,San Antonio Spurs,127,89,0,401585791
2024-04-11T02:00:00Z,2024,nba,Denver Nuggets,Minnesota Timberwolves,116,107,0,401585792
2024-04-11T02:30:00Z,2024,nba,LA Clippers,Phoenix Suns,108,124,0,401585793
2024-04-11T23:00:00Z,2024,nba,Detroit Pistons,Chicago Bulls,105,127,0,401585794
2024-04-11T23:30:00Z,2024,nba,Boston Celtics,New York Knicks,109,118,0,401585795
2024-04-12T01:00:00Z,2024,nba,Utah Jazz,Houston Rockets,124,121,0,401585796
2024-04-12T02:00:00Z,2024,nba,Portland Trail Blazers,Golden State Warriors,92,100,0,401585797
2024-04-12T02:00:00Z,2024,nba,Sacramento Kings,New Orleans Pelicans,123,135,0,401585798
2024-04-12T23:00:00Z,2024,nba,Philadelphia 76ers,Orlando Magic,125,113,0,401585799
2024-04-12T23:00:00Z,2024,nba,Washington Wizards,Chicago Bulls,127,129,0,401585800
2024-04-12T23:30:00Z,2024,nba,Boston Celtics,Charlotte Hornets,131,98,0,401585801
2024-04-12T23:30:00Z,2024,nba,Cleveland Cavaliers,Indiana Pacers,129,120,0,401585802
2024-04-12T23:30:00Z,2024,nba,New York Knicks,Brooklyn Nets,111,107,0,401585803
2024-04-13T00:00:00Z,2024,nba,Miami Heat,Toronto Raptors,125,103,0,401585804
2024-04-13T00:00:00Z,2024,nba,Memphis Grizzlies,Los Angeles Lakers,120,123,0,401585805
2024-04-13T00:00:00Z,2024,nba,Minnesota Timberwolves,Atlanta Hawks,109,106,0,401585806
2024-04-13T00:00:00Z,2024,nba,Oklahoma City Thunder,Milwaukee Bucks,125,107,0,401585807
2024-04-13T00:00:00Z,2024,nba,San Antonio Spurs,Denver Nuggets,121,120,0,401585808
2024-04-13T00:30:00Z,2024,nba,Dallas Mavericks,Detroit Pistons,89,107,0,401585809
2024-04-13T02:00:00Z,2024,nba,Golden State Warriors,New Orleans Pelicans,109,114,0,401585810
2024-04-13T02:00:00Z,2024,nba,Portland Trail Blazers,Houston Rockets,107,116,0,401585811
2024-04-13T02:30:00Z,2024,nba,LA Clippers,Utah Jazz,109,110,0,401585812
2024-04-13T02:30:00Z,2024,nba,Sacramento Kings,Phoenix Suns,107,108,0,401585813
2024-04-14T17:00:00Z,2024,nba,Boston Celtics,Washington Wizards,132,122,0,401585814
2024-04-14T17:00:00Z,2024,nba,Cleveland Cavaliers,Charlotte Hornets,110,120,0,401585815
2024-04-14T17:00:00Z,2024,nba,Indiana Pacers,Atlanta Hawks,157,115,0,401585816
2024-04-14T17:00:00Z,2024,nba,Miami Heat,Toronto Raptors,118,103,0,401585817
2024-04-14T17:00:00Z,2024,nba,New York Knicks,Chicago Bulls,120,119,0,401585818
2024-04-14T17:00:00Z,2024,nba,Orlando Magic,Milwaukee Bucks,113,88,0,401585819
2024-04-14T17:00:00Z,2024,nba,Philadelphia 76ers,Brooklyn Nets,107,86,0,401585820
2024-04-14T19:30:00Z,2024,nba,Memphis Grizzlies,Denver Nuggets,111,126,0,401585821
2024-04-14T19:30:00Z,2024,nba,Minnesota Timberwolves,Phoenix Suns,106,125,0,401585822
2024-04-14T19:30:00Z,2024,nba,New Orleans Pelicans,Los Angeles Lakers,108,124,0,401585823
2024-04-14T19:30:00Z,2024,nba,Oklahoma City Thunder,Dallas Mavericks,135,86,0,401585824
2024-04-14T19:30:00Z,2024,nba,San Antonio Spurs,Detroit Pistons,123,95,0,401585825
2024-04-14T19:30:00Z,2024,nba,Golden State Warriors,Utah Jazz,123,116,0,401585826
2024-04-14T19:30:00Z,2024,nba,LA Clippers,Houston Rockets,105,116,0,401585827
2024-04-14T19:30:00Z,2024,nba,Sacramento Kings,Portland Trail Blazers,121,82,0,401585828
2024-04-16T23:30:00Z,2024,nba,New Orleans Pelicans,Los Angeles Lakers,106,110,0,401654655
2024-04-17T02:00:00Z,2024,nba,Sacramento Kings,Golden State Warriors,118,94,0,401654656
2024-04-17T23:00:00Z,2024,nba,Philadelphia 76ers,Miami Heat,105,104,0,401654659
2024-04-18T01:48:00Z,2024,nba,Chicago Bulls,Atlanta Hawks,131,116,0,401654658
2024-04-19T23:00:00Z,2024,nba,Miami Heat,Chicago Bulls,112,91,0,401654660
2024-04-20T01:30:00Z,2024,nba,New Orleans Pelicans,Sacramento Kings,105,98,0,401654661
2024-04-20T17:00:00Z,2024,nba,Cleveland Cavaliers,Orlando Magic,97,83,0,401654757
2024-04-20T19:30:00Z,2024,nba,Minnesota Timberwolves,Phoenix Suns,120,95,0,401654759
2024-04-20T22:00:00Z,2024,nba,New York Knicks,Philadelphia 76ers,111,104,0,401654756
2024-04-21T00:30:00Z,2024,nba,Denver Nuggets,Los Angeles Lakers,114,103,0,401654758
2024-04-21T17:00:00Z,2024,nba,Boston Celtics,Miami Heat,114,94,0,401654760
2024-04-21T19:30:00Z,2024,nba,LA Clippers,Dallas Mavericks,109,97,0,401654763
2024-04-21T23:00:00Z,2024,nba,Milwaukee Bucks,Indiana Pacers,109,94,0,401654761
2024-04-22T01:30:00Z,2024,nba,Oklahoma City Thunder,New Orleans Pelicans,94,92,0,401654762
2024-04-22T23:00:00Z,2024,nba,Cleveland Cavaliers,Orlando Magic,96,86,0,401655118
2024-04-22T23:30:00Z,2024,nba,New York Knicks,Philadelphia 76ers,104,101,0,401655106
2024-04-23T02:00:00Z,2024,nba,Denver Nuggets,Los Angeles Lakers,101,99,0,401655082
2024-04-23T23:30:00Z,2024,nba,Minnesota Timberwolves,Phoenix Suns,105,93,0,401655088
2024-04-24T00:30:00Z,2024,nba,Milwaukee Bucks,Indiana Pacers,108,125,0,401655112
2024-04-24T02:00:00Z,2024,nba,LA Clippers,Dallas Mavericks,93,96,0,401655094
2024-04-24T23:00:00Z,2024,nba,Boston Celtics,Miami Heat,101,111,0,401655100
2024-04-25T01:30:00Z,2024,nba,Oklahoma City Thunder,New Orleans Pelicans,124,92,0,401655076
2024-04-25T23:00:00Z,2024,nba,Orlando Magic,Cleveland Cavaliers,121,83,0,401655119
2024-04-25T23:30:00Z,2024,nba,Philadelphia 76ers,New York Knicks,125,114,0,401655107
2024-04-26T02:00:00Z,2024,nba,Los Angeles Lakers,Denver Nuggets,105,112,0,401655083
2024-04-26T21:30:00Z,2024,nba,Indiana Pacers,Milwaukee Bucks,121,118,0,401655113
2024-04-27T00:00:00Z,2024,nba,Dallas Mavericks,LA Clippers,101,90,0,401655095
2024-04-27T02:30:00Z,2024,nba,Phoenix Suns,Minnesota Timberwolves,109,126,0,401655089
2024-04-27T17:00:00Z,2024,nba,Orlando Magic,Cleveland Cavaliers,112,89,0,401655120
2024-04-27T19:30:00Z,2024,nba,New Orleans Pelicans,Oklahoma City Thunder,85,106,0,401655077
2024-04-27T22:00:00Z,2024,nba,Miami Heat,Boston Celtics,84,104,0,401655101
2024-04-28T00:30:00Z,2024,nba,Los Angeles Lakers,Denver Nuggets,119,108,0,401655084
2024-04-28T17:00:00Z,2024,nba,Philadelphia 76ers,New York Knicks,92,97,0,401655108
2024-04-28T19:30:00Z,2024,nba,Dallas Mavericks,LA Clippers,111,116,0,401655096
2024-04-28T23:00:00Z,2024,nba,Indiana Pacers,Milwaukee Bucks,126,113,0,401655114
2024-04-29T01:30:00Z,2024,nba,Phoenix Suns,Minnesota Timberwolves,116,122,0,401655090
2024-04-29T23:30:00Z,2024,nba,Miami Heat,Boston Celtics,88,102,0,401655102
2024-04-30T00:30:00Z,2024,nba,New Orleans Pelicans,Oklahoma City Thunder,89,97,0,401655078
2024-04-30T02:00:00Z,2024,nba,Denver Nuggets,Los Angeles Lakers,108,106,0,401655085
2024-04-30T23:00:00Z,2024,nba,New York Knicks,Philadelphia 76ers,106,112,0,401655109
2024-05-01T00:00:00Z,2024,nba,Cleveland Cavaliers,Orlando Magic,104,103,0,401655121
2024-05-01T01:30:00Z,2024,nba,Milwaukee Bucks,Indiana Pacers,115,92,0,401655115
2024-05-01T23:30:00Z,2024,nba,Boston Celtics,Miami Heat,118,84,0,401655103
2024-05-02T02:00:00Z,2024,nba,LA Clippers,Dallas Mavericks,93,123,0,401655097
2024-05-02T22:30:00Z,2024,nba,Indiana Pacers,Milwaukee Bucks,120,98,0,401655116
2024-05-03T01:00:00Z,2024,nba,Philadelphia 76ers,New York Knicks,115,118,0,401655110
2024-05-03T23:00:00Z,2024,nba,Orlando Magic,Cleveland Cavaliers,103,96,0,401655122
2024-05-04T01:30:00Z,2024,nba,Dallas Mavericks,LA Clippers,114,101,0,401655098
2024-05-04T23:00:00Z,2024,nba,Denver Nuggets,Minnesota Timberwolves,99,106,0,401657182
2024-05-05T17:00:00Z,2024,nba,Cleveland Cavaliers,Orlando Magic,106,94,0,401655123
2024-05-06T23:30:00Z,2024,nba,New York Knicks,Indiana Pacers,121,117,0,401657420
2024-05-07T02:00:00Z,2024,nba,Denver Nuggets,Minnesota Timberwolves,80,106,0,401657183
2024-05-07T23:00:00Z,2024,nba,Boston Celtics,Cleveland Cavaliers,120,95,0,401658224
2024-05-08T01:30:00Z,2024,nba,Oklahoma City Thunder,Dallas Mavericks,117,95,0,401657231
2024-05-09T00:00:00Z,2024,nba,New York Knicks,Indiana Pacers,130,121,0,401657421
2024-05-09T23:00:00Z,2024,nba,Boston Celtics,Cleveland Cavaliers,94,118,0,401658225
2024-05-10T01:30:00Z,2024,nba,Oklahoma City Thunder,Dallas Mavericks,110,119,0,401658188
2024-05-10T23:00:00Z,2024,nba,Indiana Pacers,New York Knicks,111,106,0,401657422
2024-05-11T01:30:00Z,2024,nba,Minnesota Timberwolves,Denver Nuggets,90,117,0,401657184
2024-05-11T19:30:00Z,2024,nba,Dallas Mavericks,Oklahoma City Thunder,105,101,0,401658190
2024-05-12T00:30:00Z,2024,nba,Cleveland Cavaliers,Boston Celtics,93,106,0,401658226
2024-05-12T19:30:00Z,2024,nba,Indiana Pacers,New York Knicks,121,89,0,401657423
2024-05-13T00:00:00Z,2024,nba,Minnesota Timberwolves,Denver Nuggets,107,115,0,401657185
2024-05-13T23:00:00Z,2024,nba,Cleveland Cavaliers,Boston Celtics,102,109,0,401658227
2024-05-14T01:30:00Z,2024,nba,Dallas Mavericks,Oklahoma City Thunder,96,100,0,401658191
2024-05-15T00:00:00Z,2024,nba,New York Knicks,Indiana Pacers,121,91,0,401658196
2024-05-15T02:30:00Z,2024,nba,Denver Nuggets,Minnesota Timberwolves,112,97,0,401657186
2024-05-15T23:00:00Z,2024,nba,Boston Celtics,Cleveland Cavaliers,113,98,0,401658228
2024-05-16T01:30:00Z,2024,nba,Oklahoma City Thunder,Dallas Mavericks,92,104,0,401658192
2024-05-17T00:30:00Z,2024,nba,Minnesota Timberwolves,Denver Nuggets,115,70,0,401657187
2024-05-18T00:30:00Z,2024,nba,Indiana Pacers,New York Knicks,116,103,0,401658197
2024-05-19T00:00:00Z,2024,nba,Dallas Mavericks,Oklahoma City Thunder,117,116,0,401658194
2024-05-19T19:30:00Z,2024,nba,New York Knicks,Indiana Pacers,109,130,0,401658198
2024-05-20T00:00:00Z,2024,nba,Denver Nuggets,Minnesota Timberwolves,90,98,0,401657188
2024-05-22T00:00:00Z,2024,nba,Boston Celtics,Indiana Pacers,133,128,0,401671998
2024-05-23T00:30:00Z,2024,nba,Minnesota Timberwolves,Dallas Mavericks,105,108,0,401672976
2024-05-24T00:00:00Z,2024,nba,Boston Celtics,Indiana Pacers,126,110,0,401671999
2024-05-25T00:30:00Z,2024,nba,Minnesota Timberwolves,Dallas Mavericks,108,109,0,401672977
2024-05-26T00:30:00Z,2024,nba,Indiana Pacers,Boston Celtics,111,114,0,401672000
2024-05-27T00:00:00Z,2024,nba,Dallas Mavericks,Minnesota Timberwolves,116,107,0,401672978
2024-05-28T00:00:00Z,2024,nba,Indiana Pacers,Boston Celtics,102,105,0,401672001
2024-05-29T00:30:00Z,2024,nba,Dallas Mavericks,Minnesota Timberwolves,100,105,0,401672979
2024-05-31T00:30:00Z,2024,nba,Minnesota Timberwolves,Dallas Mavericks,103,124,0,401672980
2024-06-07T00:30:00Z,2024,nba,Boston Celtics,Dallas Mavericks,107,89,0,401656359
2024-06-10T00:00:00Z,2024,nba,Boston Celtics,Dallas Mavericks,105,98,0,401656360
2024-06-13T00:30:00Z,2024,nba,Dallas Mavericks,Boston Celtics,99,106,0,401656361
2024-06-15T00:30:00Z,2024,nba,Dallas Mavericks,Boston Celtics,122,84,0,401656362
2024-06-18T00:30:00Z,2024,nba,Boston Celtics,Dallas Mavericks,106,88,0,401656363
2024-10-22T23:30:00Z,2025,nba,Boston Celtics,New York Knicks,132,109,0,401704627
2024-10-23T02:00:00Z,2025,nba,Los Angeles Lakers,Minnesota Timberwolves,110,103,0,401704628
2024-10-23T23:00:00Z,2025,nba,Detroit Pistons,Indiana Pacers,109,115,0,401704629
2024-10-23T23:30:00Z,2025,nba,Atlanta Hawks,Brooklyn Nets,120,116,0,401704630
2024-10-23T23:30:00Z,2025,nba,Miami Heat,Orlando Magic,97,116,0,401704631
2024-10-23T23:30:00Z,2025,nba,Philadelphia 76ers,Milwaukee Bucks,109,124,0,401704632
2024-10-23T23:30:00Z,2025,nba,Toronto Raptors,Cleveland Cavaliers,106,136,0,401704633
2024-10-24T00:00:00Z,2025,nba,Houston Rockets,Charlotte Hornets,105,110,0,401704634
2024-10-24T00:00:00Z,2025,nba,New Orleans Pelicans,Chicago Bulls,123,111,0,401704635
2024-10-24T01:00:00Z,2025,nba,Utah Jazz,Memphis Grizzlies,124,126,0,401704636
2024-10-24T02:00:00Z,2025,nba,LA Clippers,Phoenix Suns,113,116,0,401704637
2024-10-24T02:00:00Z,2025,nba,Portland Trail Blazers,Golden State Warriors,104,140,0,401704638
2024-10-24T23:00:00Z,2025,nba,Washington Wizards,Boston Celtics,102,122,0,401704639
2024-10-24T23:30:00Z,2025,nba,Dallas Mavericks,San Antonio Spurs,120,109,0,401704640
2024-10-25T02:00:00Z,2025,nba,Denver Nuggets,Oklahoma City Thunder,87,102,0,401704641
2024-10-25T02:00:00Z,2025,nba,Sacramento Kings,Minnesota Timberwolves,115,117,0,401704642
2024-10-25T23:00:00Z,2025,nba,Orlando Magic,Brooklyn Nets,116,101,0,401704643
2024-10-25T23:00:00Z,2025,nba,Toronto Raptors,Philadelphia 76ers,115,107,0,401704644
2024-10-25T23:30:00Z,2025,nba,Atlanta Hawks,Charlotte Hornets,125,120,0,401704645
2024-10-25T23:30:00Z,2025,nba,Cleveland Cavaliers,Detroit Pistons,113,101,0,401704646
2024-10-25T23:30:00Z,2025,nba,New York Knicks,Indiana Pacers,123,98,0,401704647
2024-10-26T00:00:00Z,2025,nba,Houston Rockets,Memphis Grizzlies,128,108,0,401704648
2024-10-26T00:00:00Z,2025,nba,Milwaukee Bucks,Chicago Bulls,122,133,0,401704649
2024-10-26T01:30:00Z,2025,nba,Utah Jazz,Golden State Warriors,86,127,0,401704650
2024-10-26T02:00:00Z,2025,nba,Los Angeles Lakers,Phoenix Suns,123,116,0,401704651
2024-10-26T02:00:00Z,2025,nba,Portland Trail Blazers,New Orleans Pelicans,103,105,0,401704652
2024-10-26T21:00:00Z,2025,nba,Denver Nuggets,LA Clippers,104,109,0,401704653
2024-10-26T23:00:00Z,2025,nba,Charlotte Hornets,Miami Heat,106,114,0,401704654
2024-10-26T23:00:00Z,2025,nba,Detroit Pistons,Boston Celtics,118,124,0,401704655
2024-10-26T23:00:00Z,2025,nba,Washington Wizards,Cleveland Cavaliers,116,135,0,401704656
2024-10-27T00:00:00Z,2025,nba,Chicago Bulls,Oklahoma City Thunder,95,114,0,401704657
2024-10-27T00:00:00Z,2025,nba,Memphis Grizzlies,Orlando Magic,124,111,0,401704658
2024-10-27T00:00:00Z,2025,nba,Minnesota Timberwolves,Toronto Raptors,112,101,0,401704659
2024-10-27T00:30:00Z,2025,nba,San Antonio Spurs,Houston Rockets,109,106,0,401704660
2024-10-27T02:00:00Z,2025,nba,Phoenix Suns,Dallas Mavericks,114,102,0,401704661
2024-10-27T02:30:00Z,2025,nba,Los Angeles Lakers,Sacramento Kings,131,127,0,401704662
2024-10-27T19:30:00Z,2025,nba,Indiana Pacers,Philadelphia 76ers,114,118,0,401704663
2024-10-27T22:00:00Z,2025,nba,Brooklyn Nets,Milwaukee Bucks,115,102,0,401704664
2024-10-27T22:00:00Z,2025,nba,Portland Trail Blazers,New Orleans Pelicans,125,103,0,401704665
2024-10-27T23:00:00Z,2025,nba,Oklahoma City Thunder,Atlanta Hawks,128,104,0,401704666
2024-10-28T00:30:00Z,2025,nba,Golden State Warriors,LA Clippers,104,112,0,401704667
2024-10-28T23:00:00Z,2025,nba,Orlando Magic,Indiana Pacers,119,115,0,401704668
2024-10-28T23:30:00Z,2025,nba,Atlanta Hawks,Washington Wizards,119,121,0,401704669
2024-10-28T23:30:00Z,2025,nba,Boston Celtics,Milwaukee Bucks,119,108,0,401704670
2024-10-28T23:30:00Z,2025,nba,Miami Heat,Detroit Pistons,106,98,0,401704671
2024-10-28T23:30:00Z,2025,nba,New York Knicks,Cleveland Cavaliers,104,110,0,401704672
2024-10-28T23:30:00Z,2025,nba,Toronto Raptors,Denver Nuggets,125,127,0,401704673
2024-10-29T00:00:00Z,2025,nba,Memphis Grizzlies,Chicago Bulls,123,126,0,401704674
2024-10-29T00:00:00Z,2025,nba,San Antonio Spurs,Houston Rockets,101,106,0,401704675
2024-10-29T00:30:00Z,2025,nba,Dallas Mavericks,Utah Jazz,110,102,0,401704676
2024-10-29T02:00:00Z,2025,nba,Phoenix Suns,Los Angeles Lakers,109,105,0,401704677
2024-10-29T02:00:00Z,2025,nba,Sacramento Kings,Portland Trail Blazers,111,98,0,401704678
2024-10-29T23:30:00Z,2025,nba,Brooklyn Nets,Denver Nuggets,139,144,0,401704679
2024-10-29T23:30:00Z,2025,nba,Minnesota Timberwolves,Dallas Mavericks,114,120,0,401704680
2024-10-30T01:00:00Z,2025,nba,Utah Jazz,Sacramento Kings,96,113,0,401704681
2024-10-30T02:00:00Z,2025,nba,Golden State Warriors,New Orleans Pelicans,124,106,0,401704682
2024-10-30T23:00:00Z,2025,nba,Charlotte Hornets,Toronto Raptors,138,133,0,401704683
2024-10-30T23:00:00Z,2025,nba,Cleveland Cavaliers,Los Angeles Lakers,134,110,0,401704684
2024-10-30T23:00:00Z,2025,nba,Indiana Pacers,Boston Celtics,135,132,0,401704685
2024-10-30T23:00:00Z,2025,nba,Philadelphia 76ers,Detroit Pistons,95,105,0,401704686
2024-10-30T23:00:00Z,2025,nba,Washington Wizards,Atlanta Hawks,133,120,0,401704687
2024-10-30T23:30:00Z,2025,nba,Miami Heat,New York Knicks,107,116,0,401704688
2024-10-31T00:00:00Z,2025,nba,Chicago Bulls,Orlando Magic,102,99,0,401704689
2024-10-31T00:00:00Z,2025,nba,Memphis Grizzlies,Brooklyn Nets,106,119,0,401704690
2024-10-31T01:30:00Z,2025,nba,Oklahoma City Thunder,San Antonio Spurs,105,93,0,401704691
2024-10-31T02:00:00Z,2025,nba,Golden State Warriors,New Orleans Pelicans,104,89,0,401704692
2024-10-31T02:30:00Z,2025,nba,LA Clippers,Portland Trail Blazers,105,106,0,401704693
2024-11-01T00:00:00Z,2025,nba,Memphis Grizzlies,Milwaukee Bucks,122,99,0,401704694
2024-11-01T00:30:00Z,2025,nba,Dallas Mavericks,Houston Rockets,102,108,0,401704695
2024-11-01T01:00:00Z,2025,nba,Utah Jazz,San Antonio Spurs,88,106,0,401704696
2024-11-01T02:30:00Z,2025,nba,LA Clippers,Phoenix Suns,119,125,0,401704697
2024-11-01T23:00:00Z,2025,nba,Charlotte Hornets,Boston Celtics,109,124,0,401704698
2024-11-01T23:00:00Z,2025,nba,Cleveland Cavaliers,Orlando Magic,120,109,0,401704699
2024-11-01T23:00:00Z,2025,nba,Detroit Pistons,New York Knicks,98,128,0,401704700
2024-11-01T23:30:00Z,2025,nba,Atlanta Hawks,Sacramento Kings,115,123,0,401704701
2024-11-01T23:30:00Z,2025,nba,Brooklyn Nets,Chicago Bulls,120,112,0,401704702
2024-11-01T23:30:00Z,2025,nba,Toronto Raptors,Los Angeles Lakers,125,131,0,401704703
2024-11-02T00:00:00Z,2025,nba,New Orleans Pelicans,Indiana Pacers,125,118,0,401704704
2024-11-02T01:30:00Z,2025,nba,Minnesota Timberwolves,Denver Nuggets,119,116,0,401704705
2024-11-02T02:00:00Z,2025,nba,Portland Trail Blazers,Oklahoma City Thunder,114,137,0,401704706
2024-11-02T22:00:00Z,2025,nba,Charlotte Hornets,Boston Celtics,103,113,0,401704707
2024-11-02T23:30:00Z,2025,nba,Philadelphia 76ers,Memphis Grizzlies,107,124,0,401704708
2024-11-02T23:30:00Z,2025,nba,Toronto Raptors,Sacramento Kings,131,128,0,401704709
2024-11-03T00:00:00Z,2025,nba,Houston Rockets,Golden State Warriors,121,127,0,401704710
2024-11-03T00:00:00Z,2025,nba,Milwaukee Bucks,Cleveland Cavaliers,113,114,0,401704711
2024-11-03T00:00:00Z,2025,nba,San Antonio Spurs,Minnesota Timberwolves,113,103,0,401704712
2024-11-03T01:30:00Z,2025,nba,Washington Wizards,Miami Heat,98,118,1,401704713
2024-11-03T02:00:00Z,2025,nba,Denver Nuggets,Utah Jazz,129,103,0,401704714
2024-11-03T02:00:00Z,2025,nba,Phoenix Suns,Portland Trail Blazers,103,97,0,401704715
2024-11-03T02:30:00Z,2025,nba,LA Clippers,Oklahoma City Thunder,92,105,0,401704716
2024-11-03T20:30:00Z,2025,nba,Brooklyn Nets,Detroit Pistons,92,106,0,401704717
2024-11-04T00:00:00Z,2025,nba,New Orleans Pelicans,Atlanta Hawks,111,126,0,401704718
2024-11-04T00:30:00Z,2025,nba,Dallas Mavericks,Orlando Magic,108,85,0,401704719
2024-11-05T00:00:00Z,2025,nba,Cleveland Cavaliers,Milwaukee Bucks,116,114,0,401704720
2024-11-05T00:15:00Z,2025,nba,Washington Wizards,Golden State Warriors,112,125,0,401704721
2024-11-05T00:30:00Z,2025,nba,Detroit Pistons,Los Angeles Lakers,115,103,0,401704722
2024-11-05T00:45:00Z,2025,nba,Atlanta Hawks,Boston Celtics,93,123,0,401704723
2024-11-05T01:00:00Z,2025,nba,Brooklyn Nets,Memphis Grizzlies,106,104,0,401704724
2024-11-05T01:15:00Z,2025,nba,Miami Heat,Sacramento Kings,110,111,0,401704725
2024-11-05T01:30:00Z,2025,nba,Chicago Bulls,Utah Jazz,126,135,0,401704726
2024-11-05T01:45:00Z,2025,nba,Houston Rockets,New York Knicks,109,97,0,401704727
2024-11-05T02:00:00Z,2025,nba,Minnesota Timberwolves,Charlotte Hornets,114,93,0,401704728
2024-11-05T02:15:00Z,2025,nba,Oklahoma City Thunder,Orlando Magic,102,86,0,401704729
2024-11-05T02:30:00Z,2025,nba,New Orleans Pelicans,Portland Trail Blazers,100,118,0,401704730
2024-11-05T02:45:00Z,2025,nba,Dallas Mavericks,Indiana Pacers,127,134,0,401704731
2024-11-05T03:00:00Z,2025,nba,Denver Nuggets,Toronto Raptors,121,119,0,401704732
2024-11-05T03:15:00Z,2025,nba,Phoenix Suns,Philadelphia 76ers,118,116,0,401704733
2024-11-05T03:30:00Z,2025,nba,LA Clippers,San Antonio Spurs,113,104,0,401704734
2024-11-07T00:00:00Z,2025,nba,Charlotte Hornets,Detroit Pistons,108,107,0,401704735
2024-11-07T00:00:00Z,2025,nba,Indiana Pacers,Orlando Magic,118,111,0,401704736
2024-11-07T00:30:00Z,2025,nba,Atlanta Hawks,New York Knicks,121,116,0,401704737
2024-11-07T00:30:00Z,2025,nba,Boston Celtics,Golden State Warriors,112,118,0,401704738
2024-11-07T01:00:00Z,2025,nba,Houston Rockets,San Antonio Spurs,127,100,0,401704739
2024-11-07T01:00:00Z,2025,nba,Memphis Grizzlies,Los Angeles Lakers,131,114,0,401704740
2024-11-07T01:00:00Z,2025,nba,New Orleans Pelicans,Cleveland Cavaliers,122,131,0,401704741
2024-11-07T01:30:00Z,2025,nba,Dallas Mavericks,Chicago Bulls,119,99,0,401704742
2024-11-07T02:00:00Z,2025,nba,Denver Nuggets,Oklahoma City Thunder,124,122,0,401704743
2024-11-07T02:00:00Z,2025,nba,Phoenix Suns,Miami Heat,115,112,0,401704744
2024-11-07T03:00:00Z,2025,nba,LA Clippers,Philadelphia 76ers,110,98,0,401704745
2024-11-07T03:00:00Z,2025,nba,Sacramento Kings,Toronto Raptors,122,107,0,401704746
2024-11-08T01:00:00Z,2025,nba,Chicago Bulls,Minnesota Timberwolves,119,135,0,401704747
2024-11-08T01:00:00Z,2025,nba,Milwaukee Bucks,Utah Jazz,123,100,0,401704748
2024-11-08T01:00:00Z,2025,nba,San Antonio Spurs,Portland Trail Blazers,118,105,0,401704749
2024-11-09T00:00:00Z,2025,nba,Charlotte Hornets,Indiana Pacers,103,83,0,401704750
2024-11-09T00:00:00Z,2025,nba,Detroit Pistons,Atlanta Hawks,122,121,0,401704751
2024-11-09T00:00:00Z,2025,nba,Orlando Magic,New Orleans Pelicans,115,88,0,401704752
2024-11-09T00:30:00Z,2025,nba,Boston Celtics,Brooklyn Nets,108,104,0,401704753
2024-11-09T00:30:00Z,2025,nba,Cleveland Cavaliers,Golden State Warriors,136,117,0,401704754
2024-11-09T00:30:00Z,2025,nba,New York Knicks,Milwaukee Bucks,116,94,0,401704755
2024-11-09T00:30:00Z,2025,nba,Dallas Mavericks,Phoenix Suns,113,114,0,401704756
2024-11-09T01:00:00Z,2025,nba,Memphis Grizzlies,Washington Wizards,128,104,0,401704757
2024-11-09T01:00:00Z,2025,nba,Oklahoma City Thunder,Houston Rockets,126,107,0,401704758
2024-11-09T02:00:00Z,2025,nba,Minnesota Timberwolves,Portland Trail Blazers,127,102,0,401704759
2024-11-09T02:00:00Z,2025,nba,Denver Nuggets,Miami Heat,135,122,0,401704760
2024-11-09T03:00:00Z,2025,nba,Los Angeles Lakers,Philadelphia 76ers,116,106,0,401704761
2024-11-09T03:00:00Z,2025,nba,Sacramento Kings,LA Clippers,98,107,0,401704762
2024-11-09T22:00:00Z,2025,nba,San Antonio Spurs,Utah Jazz,110,111,0,401704763
2024-11-10T00:30:00Z,2025,nba,Atlanta Hawks,Chicago Bulls,113,125,0,401704764
2024-11-10T00:30:00Z,2025,nba,Cleveland Cavaliers,Brooklyn Nets,105,100,0,401704765
2024-11-10T03:30:00Z,2025,nba,LA Clippers,Toronto Raptors,105,103,0,401704766
2024-11-10T20:00:00Z,2025,nba,Detroit Pistons,Houston Rockets,99,101,0,401704767
2024-11-10T20:30:00Z,2025,nba,Milwaukee Bucks,Boston Celtics,107,113,0,401704768
2024-11-10T22:00:00Z,2025,nba,Indiana Pacers,New York Knicks,132,121,0,401704769
2024-11-10T23:00:00Z,2025,nba,Orlando Magic,Washington Wizards,121,94,0,401704770
2024-11-11T00:00:00Z,2025,nba,Philadelphia 76ers,Charlotte Hornets,107,105,0,401704771
2024-11-11T00:00:00Z,2025,nba,Minnesota Timberwolves,Miami Heat,94,95,0,401704772
2024-11-11T00:00:00Z,2025,nba,Oklahoma City Thunder,Golden State Warriors,116,127,0,401704773
2024-11-11T01:00:00Z,2025,nba,Denver Nuggets,Dallas Mavericks,122,120,0,401704774
2024-11-11T01:00:00Z,2025,nba,Phoenix Suns,Sacramento Kings,118,127,0,401704775
2024-11-11T02:00:00Z,2025,nba,Portland Trail Blazers,Memphis Grizzlies,89,134,0,401704776
2024-11-11T02:30:00Z,2025,nba,Los Angeles Lakers,Toronto Raptors,123,103,0,401704777
2024-11-12T01:00:00Z,2025,nba,Chicago Bulls,Cleveland Cavaliers,113,119,0,401704778
2024-11-12T01:00:00Z,2025,nba,Houston Rockets,Washington Wizards,107,92,0,401704779
2024-11-12T01:00:00Z,2025,nba,New Orleans Pelicans,Brooklyn Nets,105,107,0,401704780
2024-11-12T01:00:00Z,2025,nba,Oklahoma City Thunder,LA Clippers,134,128,0,401704781
2024-11-12T01:00:00Z,2025,nba,San Antonio Spurs,Sacramento Kings,116,96,0,401704782
2024-11-13T00:00:00Z,2025,nba,Boston Celtics,Atlanta Hawks,116,117,0,401703370
2024-11-13T00:00:00Z,2025,nba,Detroit Pistons,Miami Heat,123,121,0,401703371
2024-11-13T00:00:00Z,2025,nba,Orlando Magic,Charlotte Hornets,114,89,0,401703372
2024-11-13T00:30:00Z,2025,nba,Philadelphia 76ers,New York Knicks,99,111,0,401703373
2024-11-13T01:00:00Z,2025,nba,Milwaukee Bucks,Toronto Raptors,99,85,0,401703374
2024-11-13T02:00:00Z,2025,nba,Utah Jazz,Phoenix Suns,112,120,0,401703375
2024-11-13T03:00:00Z,2025,nba,Golden State Warriors,Dallas Mavericks,120,117,0,401703376
2024-11-13T03:00:00Z,2025,nba,Portland Trail Blazers,Minnesota Timberwolves,122,108,0,401703377
2024-11-14T00:00:00Z,2025,nba,Orlando Magic,Indiana Pacers,94,90,0,401704783
2024-11-14T00:30:00Z,2025,nba,Brooklyn Nets,Boston Celtics,114,139,0,401704784
2024-11-14T00:30:00Z,2025,nba,New York Knicks,Chicago Bulls,123,124,0,401704785
2024-11-14T00:30:00Z,2025,nba,Philadelphia 76ers,Cleveland Cavaliers,106,114,0,401704786
2024-11-14T00:30:00Z,2025,nba,Oklahoma City Thunder,New Orleans Pelicans,106,88,0,401704787
2024-11-14T01:00:00Z,2025,nba,Houston Rockets,LA Clippers,111,103,0,401704788
2024-11-14T01:00:00Z,2025,nba,Milwaukee Bucks,Detroit Pistons,127,120,0,401704789
2024-11-14T01:00:00Z,2025,nba,San Antonio Spurs,Washington Wizards,139,130,0,401704790
2024-11-14T03:00:00Z,2025,nba,Los Angeles Lakers,Memphis Grizzlies,128,123,0,401704791
2024-11-14T03:00:00Z,2025,nba,Portland Trail Blazers,Minnesota Timberwolves,106,98,0,401704792
2024-11-14T03:00:00Z,2025,nba,Sacramento Kings,Phoenix Suns,127,104,0,401704793
2024-11-15T02:00:00Z,2025,nba,Utah Jazz,Dallas Mavericks,115,113,0,401704794
2024-11-16T00:00:00Z,2025,nba,Indiana Pacers,Miami Heat,111,124,0,401703378
2024-11-16T00:00:00Z,2025,nba,Orlando Magic,Philadelphia 76ers,98,86,0,401703379
2024-11-16T00:00:00Z,2025,nba,Toronto Raptors,Detroit Pistons,95,99,0,401703380
2024-11-16T00:30:00Z,2025,nba,Atlanta Hawks,Washington Wizards,129,117,0,401703381
2024-11-16T00:30:00Z,2025,nba,Cleveland Cavaliers,Chicago Bulls,144,126,0,401703382
2024-11-16T00:30:00Z,2025,nba,New York Knicks,Brooklyn Nets,124,122,0,401703383
2024-11-16T00:30:00Z,2025,nba,San Antonio Spurs,Los Angeles Lakers,115,120,0,401703384
2024-11-16T01:00:00Z,2025,nba,Houston Rockets,LA Clippers,125,104,0,401703385
2024-11-16T01:00:00Z,2025,nba,New Orleans Pelicans,Denver Nuggets,101,94,0,401703386
2024-11-16T01:00:00Z,2025,nba,Oklahoma City Thunder,Phoenix Suns,99,83,0,401703387
2024-11-16T03:00:00Z,2025,nba,Golden State Warriors,Memphis Grizzlies,123,118,0,401703388
2024-11-16T03:00:00Z,2025,nba,Sacramento Kings,Minnesota Timberwolves,126,130,0,401703389
2024-11-16T20:00:00Z,2025,nba,Charlotte Hornets,Milwaukee Bucks,115,114,0,401704795
2024-11-17T01:00:00Z,2025,nba,Boston Celtics,Toronto Raptors,126,123,0,401704796
2024-11-17T01:00:00Z,2025,nba,New Orleans Pelicans,Los Angeles Lakers,99,104,0,401704797
2024-11-17T01:30:00Z,2025,nba,Dallas Mavericks,San Antonio Spurs,110,93,0,401704798
2024-11-17T03:00:00Z,2025,nba,Sacramento Kings,Utah Jazz,121,117,0,401704799
2024-11-17T20:30:00Z,2025,nba,Minnesota Timberwolves,Phoenix Suns,120,117,0,401704800
2024-11-17T22:00:00Z,2025,nba,Indiana Pacers,Miami Heat,119,110,0,401704801
2024-11-17T23:00:00Z,2025,nba,Cleveland Cavaliers,Charlotte Hornets,128,114,0,401704802
2024-11-17T23:00:00Z,2025,nba,Washington Wizards,Detroit Pistons,104,124,0,401704803
2024-11-17T23:00:00Z,2025,nba,Memphis Grizzlies,Denver Nuggets,105,90,0,401704804
2024-11-17T23:00:00Z,2025,nba,Portland Trail Blazers,Atlanta Hawks,114,110,0,401704805
2024-11-18T00:00:00Z,2025,nba,New York Knicks,Brooklyn Nets,114,104,0,401704806
2024-11-18T00:00:00Z,2025,nba,Chicago Bulls,Houston Rockets,107,143,0,401704807
2024-11-18T00:00:00Z,2025,nba,Oklahoma City Thunder,Dallas Mavericks,119,121,0,401704808
2024-11-18T02:00:00Z,2025,nba,LA Clippers,Utah Jazz,116,105,0,401704809
2024-11-19T00:00:00Z,2025,nba,Detroit Pistons,Chicago Bulls,112,122,0,401704810
2024-11-19T00:30:00Z,2025,nba,Miami Heat,Philadelphia 76ers,106,89,0,401704811
2024-11-19T00:30:00Z,2025,nba,New York Knicks,Washington Wizards,134,106,0,401704812
2024-11-19T00:30:00Z,2025,nba,Toronto Raptors,Indiana Pacers,130,119,0,401704813
2024-11-19T01:00:00Z,2025,nba,Milwaukee Bucks,Houston Rockets,101,100,0,401704814
2024-11-19T02:00:00Z,2025,nba,Phoenix Suns,Orlando Magic,99,109,0,401704815
2024-11-19T03:00:00Z,2025,nba,Sacramento Kings,Atlanta Hawks,108,109,0,401704816
2024-11-19T03:30:00Z,2025,nba,LA Clippers,Golden State Warriors,102,99,0,401704817
2024-11-20T00:00:00Z,2025,nba,Boston Celtics,Cleveland Cavaliers,120,117,0,401703390
2024-11-20T00:30:00Z,2025,nba,Brooklyn Nets,Charlotte Hornets,116,115,0,401703391
2024-11-20T01:00:00Z,2025,nba,Memphis Grizzlies,Denver Nuggets,110,122,0,401703392
2024-11-20T01:30:00Z,2025,nba,Dallas Mavericks,New Orleans Pelicans,132,91,0,401703393
2024-11-20T02:30:00Z,2025,nba,San Antonio Spurs,Oklahoma City Thunder,110,104,0,401703394
2024-11-20T03:30:00Z,2025,nba,Los Angeles Lakers,Utah Jazz,124,118,0,401703395
2024-11-21T00:30:00Z,2025,nba,Cleveland Cavaliers,New Orleans Pelicans,128,100,0,401704818
2024-11-21T00:30:00Z,2025,nba,Milwaukee Bucks,Chicago Bulls,122,106,0,401704819
2024-11-21T01:00:00Z,2025,nba,Houston Rockets,Indiana Pacers,130,113,0,401704820
2024-11-21T01:00:00Z,2025,nba,Memphis Grizzlies,Philadelphia 76ers,117,111,0,401704821
2024-11-21T01:00:00Z,2025,nba,Oklahoma City Thunder,Portland Trail Blazers,109,99,0,401704822
2024-11-21T03:00:00Z,2025,nba,Phoenix Suns,New York Knicks,122,138,0,401704823
2024-11-21T03:00:00Z,2025,nba,Golden State Warriors,Atlanta Hawks,120,97,0,401704824
2024-11-21T03:30:00Z,2025,nba,LA Clippers,Orlando Magic,104,93,0,401704825
2024-11-22T00:00:00Z,2025,nba,Charlotte Hornets,Detroit Pistons,123,121,0,401704826
2024-11-22T00:30:00Z,2025,nba,Toronto Raptors,Minnesota Timberwolves,110,105,0,401704827
2024-11-22T01:00:00Z,2025,nba,San Antonio Spurs,Utah Jazz,126,118,0,401704828
2024-11-22T03:30:00Z,2025,nba,Los Angeles Lakers,Orlando Magic,118,119,0,401704829
2024-11-23T00:00:00Z,2025,nba,Philadelphia 76ers,Brooklyn Nets,113,98,0,401703396
2024-11-23T00:00:00Z,2025,nba,Washington Wizards,Boston Celtics,96,108,0,401703397
2024-11-23T00:30:00Z,2025,nba,New Orleans Pelicans,Golden State Warriors,108,112,0,401703401
2024-11-23T01:00:00Z,2025,nba,Milwaukee Bucks,Indiana Pacers,129,117,0,401703398
2024-11-23T01:00:00Z,2025,nba,Chicago Bulls,Atlanta Hawks,136,122,0,401703399
2024-11-23T01:00:00Z,2025,nba,Houston Rockets,Portland Trail Blazers,116,88,0,401703400
2024-11-23T03:00:00Z,2025,nba,Denver Nuggets,Dallas Mavericks,120,123,0,401703402
2024-11-23T03:30:00Z,2025,nba,LA Clippers,Sacramento Kings,104,88,0,401703403
2024-11-23T22:00:00Z,2025,nba,Utah Jazz,New York Knicks,121,106,0,401704830
2024-11-24T00:00:00Z,2025,nba,Orlando Magic,Detroit Pistons,111,100,0,401704831
2024-11-24T01:00:00Z,2025,nba,Chicago Bulls,Memphis Grizzlies,131,142,0,401704832
2024-11-24T01:00:00Z,2025,nba,Houston Rockets,Portland Trail Blazers,98,104,0,401704833
2024-11-24T01:00:00Z,2025,nba,Milwaukee Bucks,Charlotte Hornets,125,119,0,401704834
2024-11-24T01:30:00Z,2025,nba,San Antonio Spurs,Golden State Warriors,104,94,0,401704835
2024-11-24T03:30:00Z,2025,nba,Los Angeles Lakers,Denver Nuggets,102,127,0,401704836
2024-11-24T20:30:00Z,2025,nba,Boston Celtics,Minnesota Timberwolves,107,105,0,401704837
2024-11-24T22:00:00Z,2025,nba,Indiana Pacers,Washington Wizards,115,103,0,401704838
2024-11-24T23:00:00Z,2025,nba,Miami Heat,Dallas Mavericks,123,118,0,401704839
2024-11-24T23:00:00Z,2025,nba,Philadelphia 76ers,LA Clippers,99,125,0,401704840
2024-11-25T00:30:00Z,2025,nba,Cleveland Cavaliers,Toronto Raptors,122,108,0,401704841
2024-11-25T02:00:00Z,2025,nba,Sacramento Kings,Brooklyn Nets,103,108,0,401704842
2024-11-26T00:00:00Z,2025,nba,Charlotte Hornets,Orlando Magic,84,95,0,401704843
2024-11-26T00:00:00Z,2025,nba,Detroit Pistons,Toronto Raptors,102,100,0,401704844
2024-11-26T00:00:00Z,2025,nba,Indiana Pacers,New Orleans Pelicans,114,110,0,401704845
2024-11-26T00:30:00Z,2025,nba,Atlanta Hawks,Dallas Mavericks,119,129,0,401704846
2024-11-26T00:30:00Z,2025,nba,Boston Celtics,LA Clippers,126,94,0,401704847
2024-11-26T01:00:00Z,2025,nba,Memphis Grizzlies,Portland Trail Blazers,123,98,0,401704848
2024-11-26T02:00:00Z,2025,nba,Denver Nuggets,New York Knicks,118,145,0,401704849
2024-11-26T03:00:00Z,2025,nba,Golden State Warriors,Brooklyn Nets,120,128,0,401704850
2024-11-26T03:00:00Z,2025,nba,Sacramento Kings,Oklahoma City Thunder,109,130,0,401704851
2024-11-27T00:00:00Z,2025,nba,Washington Wizards,Chicago Bulls,108,127,0,401703404
2024-11-27T00:30:00Z,2025,nba,Miami Heat,Milwaukee Bucks,103,106,0,401703405
2024-11-27T01:00:00Z,2025,nba,Minnesota Timberwolves,Houston Rockets,111,117,0,401703406
2024-11-27T02:00:00Z,2025,nba,Utah Jazz,San Antonio Spurs,115,128,0,401703407
2024-11-27T03:00:00Z,2025,nba,Phoenix Suns,Los Angeles Lakers,127,100,0,401703408
2024-11-28T00:00:00Z,2025,nba,Charlotte Hornets,Miami Heat,94,98,0,401704852
2024-11-28T00:00:00Z,2025,nba,Cleveland Cavaliers,Atlanta Hawks,124,135,0,401704853
2024-11-28T00:00:00Z,2025,nba,Indiana Pacers,Portland Trail Blazers,121,114,0,401704854
2024-11-28T00:00:00Z,2025,nba,Orlando Magic,Chicago Bulls,133,119,0,401704855
2024-11-28T00:00:00Z,2025,nba,Philadelphia 76ers,Houston Rockets,115,122,0,401704856
2024-11-28T00:00:00Z,2025,nba,Washington Wizards,LA Clippers,96,121,0,401704857
2024-11-28T00:30:00Z,2025,nba,Dallas Mavericks,New York Knicks,129,114,0,401704858
2024-11-28T01:00:00Z,2025,nba,Memphis Grizzlies,Detroit Pistons,131,111,0,401704859
2024-11-28T01:00:00Z,2025,nba,Minnesota Timberwolves,Sacramento Kings,104,115,0,401704860
2024-11-28T01:00:00Z,2025,nba,New Orleans Pelicans,Toronto Raptors,93,119,0,401704861
2024-11-28T01:30:00Z,2025,nba,San Antonio Spurs,Los Angeles Lakers,101,119,0,401704862
2024-11-28T02:00:00Z,2025,nba,Phoenix Suns,Brooklyn Nets,117,127,0,401704863
2024-11-28T02:00:00Z,2025,nba,Utah Jazz,Denver Nuggets,103,122,0,401704864
2024-11-28T03:00:00Z,2025,nba,Golden State Warriors,Oklahoma City Thunder,101,105,0,401704865
2024-11-29T17:00:00Z,2025,nba,Charlotte Hornets,New York Knicks,98,99,0,401703409
2024-11-29T19:30:00Z,2025,nba,Atlanta Hawks,Cleveland Cavaliers,117,101,0,401703410
2024-11-29T22:00:00Z,2025,nba,Memphis Grizzlies,New Orleans Pelicans,120,109,0,401703411
2024-11-30T00:30:00Z,2025,nba,Brooklyn Nets,Orlando Magic,100,123,0,401703412
2024-11-30T00:30:00Z,2025,nba,Minnesota Timberwolves,LA Clippers,93,92,0,401703413
2024-11-30T01:00:00Z,2025,nba,Indiana Pacers,Detroit Pistons,106,130,0,401703414
2024-11-30T01:00:00Z,2025,nba,Miami Heat,Toronto Raptors,121,111,0,401703415
2024-11-30T01:00:00Z,2025,nba,Chicago Bulls,Boston Celtics,129,138,0,401703416
2024-11-30T03:00:00Z,2025,nba,Los Angeles Lakers,Oklahoma City Thunder,93,101,0,401703417
2024-11-30T03:00:00Z,2025,nba,Portland Trail Blazers,Sacramento Kings,115,106,0,401703418
2024-11-30T23:00:00Z,2025,nba,Charlotte Hornets,Atlanta Hawks,104,107,0,401704866
2024-12-01T00:00:00Z,2025,nba,Detroit Pistons,Philadelphia 76ers,96,111,0,401704867
2024-12-01T01:00:00Z,2025,nba,Milwaukee Bucks,Washington Wizards,124,114,0,401704868
2024-12-01T02:00:00Z,2025,nba,Phoenix Suns,Golden State Warriors,113,105,0,401704869
2024-12-01T02:30:00Z,2025,nba,Utah Jazz,Dallas Mavericks,94,106,0,401704870
2024-12-01T20:30:00Z,2025,nba,Brooklyn Nets,Orlando Magic,92,100,0,401704871
2024-12-01T20:30:00Z,2025,nba,Memphis Grizzlies,Indiana Pacers,136,121,0,401704872
2024-12-01T23:00:00Z,2025,nba,Cleveland Cavaliers,Boston Celtics,115,111,0,401704873
2024-12-01T23:00:00Z,2025,nba,New York Knicks,New Orleans Pelicans,118,85,0,401704874
2024-12-01T23:00:00Z,2025,nba,Toronto Raptors,Miami Heat,119,116,0,401704875
2024-12-02T00:00:00Z,2025,nba,Houston Rockets,Oklahoma City Thunder,119,116,0,401704876
2024-12-02T01:00:00Z,2025,nba,Utah Jazz,Los Angeles Lakers,104,105,0,401704877
2024-12-02T02:00:00Z,2025,nba,Portland Trail Blazers,Dallas Mavericks,131,137,0,401704878
2024-12-02T02:00:00Z,2025,nba,Sacramento Kings,San Antonio Spurs,125,127,0,401704879
2024-12-02T03:00:00Z,2025,nba,LA Clippers,Denver Nuggets,126,122,0,401704880
2024-12-03T00:30:00Z,2025,nba,Atlanta Hawks,New Orleans Pelicans,124,112,0,401704881
2024-12-03T00:30:00Z,2025,nba,Boston Celtics,Miami Heat,108,89,0,401704882
2024-12-03T01:00:00Z,2025,nba,Chicago Bulls,Brooklyn Nets,128,102,0,401704883
2024-12-03T01:00:00Z,2025,nba,Minnesota Timberwolves,Los Angeles Lakers,109,80,0,401704884
2024-12-04T00:00:00Z,2025,nba,Charlotte Hornets,Philadelphia 76ers,104,110,0,401703419
2024-12-04T00:00:00Z,2025,nba,Cleveland Cavaliers,Washington Wizards,118,87,0,401703420
2024-12-04T00:00:00Z,2025,nba,Detroit Pistons,Milwaukee Bucks,107,128,0,401703421
2024-12-04T00:30:00Z,2025,nba,New York Knicks,Orlando Magic,121,106,0,401703422
2024-12-04T00:30:00Z,2025,nba,Toronto Raptors,Indiana Pacers,122,111,0,401703423
2024-12-04T01:00:00Z,2025,nba,Oklahoma City Thunder,Utah Jazz,133,106,0,401703424
2024-12-04T01:30:00Z,2025,nba,Dallas Mavericks,Memphis Grizzlies,121,116,0,401703425
2024-12-04T02:00:00Z,2025,nba,Phoenix Suns,San Antonio Spurs,104,93,0,401703426
2024-12-04T03:00:00Z,2025,nba,Denver Nuggets,Golden State Warriors,119,115,0,401703427
2024-12-04T03:00:00Z,2025,nba,Sacramento Kings,Houston Rockets,120,111,0,401703428
2024-12-04T03:30:00Z,2025,nba,LA Clippers,Portland Trail Blazers,127,105,0,401703429
2024-12-05T00:30:00Z,2025,nba,Boston Celtics,Detroit Pistons,130,120,0,401704885
2024-12-05T00:30:00Z,2025,nba,Brooklyn Nets,Indiana Pacers,99,90,0,401704886
2024-12-05T00:30:00Z,2025,nba,Miami Heat,Los Angeles Lakers,134,93,0,401704887
2024-12-05T00:30:00Z,2025,nba,Philadelphia 76ers,Orlando Magic,102,106,0,401704888
2024-12-05T01:00:00Z,2025,nba,Milwaukee Bucks,Atlanta Hawks,104,119,0,401704889
2024-12-05T03:30:00Z,2025,nba,LA Clippers,Minnesota Timberwolves,80,108,0,401704890
2024-12-06T00:00:00Z,2025,nba,Cleveland Cavaliers,Denver Nuggets,126,114,0,401704891
2024-12-06T00:00:00Z,2025,nba,Washington Wizards,Dallas Mavericks,101,137,0,401704892
2024-12-06T00:30:00Z,2025,nba,New York Knicks,Charlotte Hornets,125,101,0,401704893
2024-12-06T00:30:00Z,2025,nba,Toronto Raptors,Oklahoma City Thunder,92,129,0,401704894
2024-12-06T01:00:00Z,2025,nba,Memphis Grizzlies,Sacramento Kings,115,110,0,401704895
2024-12-06T01:00:00Z,2025,nba,New Orleans Pelicans,Phoenix Suns,126,124,0,401704896
2024-12-06T01:00:00Z,2025,nba,San Antonio Spurs,Chicago Bulls,124,139,0,401704897
2024-12-06T03:00:00Z,2025,nba,Golden State Warriors,Houston Rockets,99,93,0,401704898
2024-12-07T00:00:00Z,2025,nba,Philadelphia 76ers,Orlando Magic,102,94,0,401704899
2024-12-07T00:30:00Z,2025,nba,Atlanta Hawks,Los Angeles Lakers,134,132,0,401704900
2024-12-07T00:30:00Z,2025,nba,Boston Celtics,Milwaukee Bucks,111,105,0,401704901
2024-12-07T01:00:00Z,2025,nba,Chicago Bulls,Indiana Pacers,123,132,0,401704902
2024-12-07T01:00:00Z,2025,nba,San Antonio Spurs,Sacramento Kings,113,140,0,401704903
2024-12-07T03:00:00Z,2025,nba,Golden State Warriors,Minnesota Timberwolves,90,107,0,401704904
2024-12-07T03:00:00Z,2025,nba,Portland Trail Blazers,Utah Jazz,99,141,0,401704905
2024-12-07T18:00:00Z,2025,nba,Charlotte Hornets,Cleveland Cavaliers,102,116,0,401704906
2024-12-08T00:00:00Z,2025,nba,Washington Wizards,Denver Nuggets,122,113,0,401704907
2024-12-08T00:00:00Z,2025,nba,New Orleans Pelicans,Oklahoma City Thunder,109,119,0,401704908
2024-12-08T00:30:00Z,2025,nba,New York Knicks,Detroit Pistons,111,120,0,401704909
2024-12-08T00:30:00Z,2025,nba,Toronto Raptors,Dallas Mavericks,118,125,0,401704910
2024-12-08T01:00:00Z,2025,nba,Boston Celtics,Memphis Grizzlies,121,127,0,401704911
2024-12-08T01:00:00Z,2025,nba,Miami Heat,Phoenix Suns,121,111,0,401704912
2024-12-08T18:00:00Z,2025,nba,Chicago Bulls,Philadelphia 76ers,100,108,0,401704913
2024-12-08T20:30:00Z,2025,nba,Brooklyn Nets,Milwaukee Bucks,113,118,0,401704914
2024-12-08T22:00:00Z,2025,nba,Indiana Pacers,Charlotte Hornets,109,113,0,401704915
2024-12-08T23:00:00Z,2025,nba,Atlanta Hawks,Denver Nuggets,111,141,0,401704916
2024-12-08T23:00:00Z,2025,nba,Miami Heat,Cleveland Cavaliers,122,113,0,401704917
2024-12-08T23:30:00Z,2025,nba,Orlando Magic,Phoenix Suns,115,110,0,401704918
2024-12-09T00:00:00Z,2025,nba,Washington Wizards,Memphis Grizzlies,112,140,0,401704919
2024-12-09T00:00:00Z,2025,nba,San Antonio Spurs,New Orleans Pelicans,121,116,0,401704920
2024-12-09T01:30:00Z,2025,nba,Golden State Warriors,Minnesota Timberwolves,114,106,0,401704921
2024-12-09T02:00:00Z,2025,nba,LA Clippers,Houston Rockets,106,117,0,401704922
2024-12-09T02:00:00Z,2025,nba,Sacramento Kings,Utah Jazz,141,97,0,401704923
2024-12-09T02:30:00Z,2025,nba,Los Angeles Lakers,Portland Trail Blazers,107,98,0,401704924
2024-12-10T00:30:00Z,2025,nba,Toronto Raptors,New York Knicks,108,113,0,401704925
2024-12-11T00:00:00Z,2025,nba,Milwaukee Bucks,Orlando Magic,114,109,0,401734902
2024-12-11T02:30:00Z,2025,nba,Oklahoma City Thunder,Dallas Mavericks,118,104,0,401734903
2024-12-12T00:00:00Z,2025,nba,New York Knicks,Atlanta Hawks,100,108,0,401734904
2024-12-12T02:30:00Z,2025,nba,Houston Rockets,Golden State Warriors,91,90,0,401734905
2024-12-13T00:30:00Z,2025,nba,Boston Celtics,Detroit Pistons,123,99,0,401736799
2024-12-13T00:30:00Z,2025,nba,Miami Heat,Toronto Raptors,114,104,0,401736800
2024-12-13T01:00:00Z,2025,nba,New Orleans Pelicans,Sacramento Kings,109,111,0,401736801
2024-12-14T00:00:00Z,2025,nba,Cleveland Cavaliers,Washington Wizards,115,105,0,401736802
2024-12-14T00:00:00Z,2025,nba,Philadelphia 76ers,Indiana Pacers,107,121,0,401736803
2024-12-14T01:00:00Z,2025,nba,Minnesota Timberwolves,Los Angeles Lakers,97,87,0,401736804
2024-12-14T01:00:00Z,2025,nba,Memphis Grizzlies,Brooklyn Nets,135,119,0,401736805
2024-12-14T01:00:00Z,2025,nba,Chicago Bulls,Charlotte Hornets,109,95,0,401736806
2024-12-14T02:00:00Z,2025,nba,Denver Nuggets,LA Clippers,120,98,0,401736807
2024-12-14T02:30:00Z,2025,nba,Utah Jazz,Phoenix Suns,126,134,0,401736808
2024-12-14T03:00:00Z,2025,nba,Portland Trail Blazers,San Antonio Spurs,116,118,0,401736809
2024-12-14T21:30:00Z,2025,nba,Milwaukee Bucks,Atlanta Hawks,110,102,1,401734906
2024-12-15T01:30:00Z,2025,nba,Oklahoma City Thunder,Houston Rockets,111,96,1,401734907
2024-12-15T22:00:00Z,2025,nba,Indiana Pacers,New Orleans Pelicans,119,104,0,401736810
2024-12-15T23:00:00Z,2025,nba,Washington Wizards,Boston Celtics,98,112,0,401736811
2024-12-15T23:00:00Z,2025,nba,Orlando Magic,New York Knicks,91,100,0,401737902
2024-12-16T00:00:00Z,2025,nba,San Antonio Spurs,Minnesota Timberwolves,92,106,0,401736812
2024-12-16T01:00:00Z,2025,nba,Phoenix Suns,Portland Trail Blazers,116,109,0,401736813
2024-12-16T01:30:00Z,2025,nba,Golden State Warriors,Dallas Mavericks,133,143,0,401737912
2024-12-16T02:30:00Z,2025,nba,Los Angeles Lakers,Memphis Grizzlies,116,110,0,401736814
2024-12-17T00:00:00Z,2025,nba,Charlotte Hornets,Philadelphia 76ers,108,121,0,401736815
2024-12-17T00:00:00Z,2025,nba,Detroit Pistons,Miami Heat,125,124,0,401736816
2024-12-17T00:30:00Z,2025,nba,Toronto Raptors,Chicago Bulls,121,122,0,401736817
2024-12-17T00:30:00Z,2025,nba,Brooklyn Nets,Cleveland Cavaliers,101,130,0,401736818
2024-12-17T03:00:00Z,2025,nba,Sacramento Kings,Denver Nuggets,129,130,0,401736819
2024-12-17T03:30:00Z,2025,nba,LA Clippers,Utah Jazz,144,107,0,401736820
2024-12-18T01:30:00Z,2025,nba,Oklahoma City Thunder,Milwaukee Bucks,81,97,1,401734908
2024-12-20T00:00:00Z,2025,nba,Detroit Pistons,Utah Jazz,119,126,0,401704926
2024-12-20T00:00:00Z,2025,nba,Orlando Magic,Oklahoma City Thunder,99,105,0,401704927
2024-12-20T00:00:00Z,2025,nba,Washington Wizards,Charlotte Hornets,123,114,0,401704928
2024-12-20T00:30:00Z,2025,nba,Boston Celtics,Chicago Bulls,108,117,0,401704929
2024-12-20T00:30:00Z,2025,nba,Toronto Raptors,Brooklyn Nets,94,101,0,401704930
2024-12-20T01:00:00Z,2025,nba,Houston Rockets,New Orleans Pelicans,133,113,0,401704931
2024-12-20T01:00:00Z,2025,nba,Memphis Grizzlies,Golden State Warriors,144,93,0,401704932
2024-12-20T01:00:00Z,2025,nba,San Antonio Spurs,Atlanta Hawks,133,126,0,401704936
2024-12-20T01:30:00Z,2025,nba,Dallas Mavericks,LA Clippers,95,118,0,401704934
2024-12-20T02:00:00Z,2025,nba,Phoenix Suns,Indiana Pacers,111,120,0,401704935
2024-12-20T02:30:00Z,2025,nba,Minnesota Timberwolves,New York Knicks,107,133,0,401704933
2024-12-20T03:00:00Z,2025,nba,Portland Trail Blazers,Denver Nuggets,126,124,0,401704937
2024-12-20T03:00:00Z,2025,nba,Sacramento Kings,Los Angeles Lakers,100,113,0,401704938
2024-12-21T00:00:00Z,2025,nba,Philadelphia 76ers,Charlotte Hornets,108,98,0,401704939
2024-12-21T00:30:00Z,2025,nba,Cleveland Cavaliers,Milwaukee Bucks,124,101,0,401704940
2024-12-21T01:00:00Z,2025,nba,Miami Heat,Oklahoma City Thunder,97,104,0,401704941
2024-12-21T23:00:00Z,2025,nba,Sacramento Kings,Los Angeles Lakers,99,103,0,401704942
2024-12-22T00:00:00Z,2025,nba,Orlando Magic,Miami Heat,121,114,0,401704943
2024-12-22T00:30:00Z,2025,nba,Atlanta Hawks,Memphis Grizzlies,112,128,0,401704944
2024-12-22T00:30:00Z,2025,nba,Brooklyn Nets,Utah Jazz,94,105,0,401704945
2024-12-22T01:00:00Z,2025,nba,Cleveland Cavaliers,Philadelphia 76ers,126,99,0,401704946
2024-12-22T01:00:00Z,2025,nba,Chicago Bulls,Boston Celtics,98,123,0,401704947
2024-12-22T01:00:00Z,2025,nba,Milwaukee Bucks,Washington Wizards,112,101,0,401704948
2024-12-22T01:00:00Z,2025,nba,Minnesota Timberwolves,Golden State Warriors,103,113,0,401704949
2024-12-22T01:00:00Z,2025,nba,New Orleans Pelicans,New York Knicks,93,104,0,401704950
2024-12-22T01:30:00Z,2025,nba,Dallas Mavericks,LA Clippers,113,97,0,401704951
2024-12-22T01:30:00Z,2025,nba,San Antonio Spurs,Portland Trail Blazers,114,94,0,401704952
2024-12-22T02:00:00Z,2025,nba,Phoenix Suns,Detroit Pistons,125,133,0,401704953
2024-12-22T23:00:00Z,2025,nba,Toronto Raptors,Houston Rockets,110,114,0,401704954
2024-12-22T23:00:00Z,2025,nba,Sacramento Kings,Indiana Pacers,95,122,0,401704955
2024-12-23T00:00:00Z,2025,nba,New Orleans Pelicans,Denver Nuggets,129,132,0,401704956
2024-12-24T00:00:00Z,2025,nba,Charlotte Hornets,Houston Rockets,101,114,0,401704957
2024-12-24T00:00:00Z,2025,nba,Cleveland Cavaliers,Utah Jazz,124,113,0,401704958
2024-12-24T00:00:00Z,2025,nba,Orlando Magic,Boston Celtics,108,104,0,401704959
2024-12-24T00:00:00Z,2025,nba,Philadelphia 76ers,San Antonio Spurs,111,106,0,401704960
2024-12-24T00:30:00Z,2025,nba,Atlanta Hawks,Minnesota Timberwolves,117,104,0,401704961
2024-12-24T00:30:00Z,2025,nba,Miami Heat,Brooklyn Nets,110,95,0,401704962
2024-12-24T00:30:00Z,2025,nba,New York Knicks,Toronto Raptors,139,125,0,401704963
2024-12-24T01:00:00Z,2025,nba,Chicago Bulls,Milwaukee Bucks,91,112,0,401704964
2024-12-24T01:00:00Z,2025,nba,Memphis Grizzlies,LA Clippers,110,114,0,401704965
2024-12-24T01:00:00Z,2025,nba,Oklahoma City Thunder,Washington Wizards,123,105,0,401704966
2024-12-24T01:30:00Z,2025,nba,Dallas Mavericks,Portland Trail Blazers,132,108,0,401704967
2024-12-24T03:00:00Z,2025,nba,Denver Nuggets,Phoenix Suns,117,90,0,401704968
2024-12-24T03:00:00Z,2025,nba,Golden State Warriors,Indiana Pacers,105,111,0,401704969
2024-12-24T03:30:00Z,2025,nba,Los Angeles Lakers,Detroit Pistons,114,117,0,401704970
2024-12-25T17:00:00Z,2025,nba,New York Knicks,San Antonio Spurs,117,114,0,401704971
2024-12-25T19:30:00Z,2025,nba,Dallas Mavericks,Minnesota Timberwolves,99,105,0,401704972
2024-12-25T22:00:00Z,2025,nba,Boston Celtics,Philadelphia 76ers,114,118,0,401704973
2024-12-26T01:00:00Z,2025,nba,Golden State Warriors,Los Angeles Lakers,113,115,0,401704974
2024-12-26T03:30:00Z,2025,nba,Phoenix Suns,Denver Nuggets,110,100,0,401704975
2024-12-27T00:00:00Z,2025,nba,Indiana Pacers,Oklahoma City Thunder,114,120,0,401704976
2024-12-27T00:00:00Z,2025,nba,Orlando Magic,Miami Heat,88,89,0,401704977
2024-12-27T00:00:00Z,2025,nba,Washington Wizards,Charlotte Hornets,113,110,0,401704978
2024-12-27T00:30:00Z,2025,nba,Atlanta Hawks,Chicago Bulls,141,133,0,401704979
2024-12-27T01:00:00Z,2025,nba,Memphis Grizzlies,Toronto Raptors,155,126,0,401704980
2024-12-27T01:00:00Z,2025,nba,Milwaukee Bucks,Brooklyn Nets,105,111,0,401704981
2024-12-27T01:00:00Z,2025,nba,New Orleans Pelicans,Houston Rockets,111,128,0,401704982
2024-12-27T03:00:00Z,2025,nba,Portland Trail Blazers,Utah Jazz,122,120,0,401704983
2024-12-27T03:00:00Z,2025,nba,Sacramento Kings,Detroit Pistons,113,114,0,401704984
2024-12-28T00:00:00Z,2025,nba,Orlando Magic,New York Knicks,85,108,0,401704985
2024-12-28T00:30:00Z,2025,nba,Boston Celtics,Indiana Pacers,142,105,0,401704986
2024-12-28T00:30:00Z,2025,nba,Brooklyn Nets,San Antonio Spurs,87,96,0,401704987
2024-12-28T01:00:00Z,2025,nba,Houston Rockets,Minnesota Timberwolves,112,113,0,401704988
2024-12-28T01:00:00Z,2025,nba,New Orleans Pelicans,Memphis Grizzlies,124,132,0,401704989
2024-12-28T02:00:00Z,2025,nba,Denver Nuggets,Cleveland Cavaliers,135,149,0,401704990
2024-12-28T02:00:00Z,2025,nba,Phoenix Suns,Dallas Mavericks,89,98,0,401704991
2024-12-28T03:00:00Z,2025,nba,LA Clippers,Golden State Warriors,102,92,0,401704992
2024-12-28T20:00:00Z,2025,nba,Atlanta Hawks,Miami Heat,120,110,0,401704993
2024-12-28T23:00:00Z,2025,nba,Charlotte Hornets,Oklahoma City Thunder,94,106,0,401704994
2024-12-29T00:00:00Z,2025,nba,Washington Wizards,New York Knicks,132,136,0,401704995
2024-12-29T01:00:00Z,2025,nba,Chicago Bulls,Milwaukee Bucks,116,111,0,401704996
2024-12-29T01:30:00Z,2025,nba,Golden State Warriors,Phoenix Suns,109,105,0,401704997
2024-12-29T02:00:00Z,2025,nba,Denver Nuggets,Detroit Pistons,134,121,0,401704998
2024-12-29T02:30:00Z,2025,nba,Utah Jazz,Philadelphia 76ers,111,114,0,401704999
2024-12-29T03:00:00Z,2025,nba,Portland Trail Blazers,Dallas Mavericks,126,122,0,401705000
2024-12-29T03:30:00Z,2025,nba,Los Angeles Lakers,Sacramento Kings,132,122,0,401705001
2024-12-29T20:30:00Z,2025,nba,Orlando Magic,Brooklyn Nets,102,101,0,401705002
2024-12-29T23:00:00Z,2025,nba,Boston Celtics,Indiana Pacers,114,123,0,401705003
2024-12-29T23:00:00Z,2025,nba,Toronto Raptors,Atlanta Hawks,107,136,0,401705004
2024-12-30T00:00:00Z,2025,nba,Houston Rockets,Miami Heat,100,104,0,401705005
2024-12-30T00:00:00Z,2025,nba,Oklahoma City Thunder,Memphis Grizzlies,130,106,0,401705006
2024-12-30T02:00:00Z,2025,nba,Minnesota Timberwolves,San Antonio Spurs,112,110,0,401705007
2024-12-31T00:00:00Z,2025,nba,Charlotte Hornets,Chicago Bulls,108,115,0,401705008
2024-12-31T00:00:00Z,2025,nba,Washington Wizards,New York Knicks,106,126,0,401705009
2024-12-31T01:00:00Z,2025,nba,New Orleans Pelicans,LA Clippers,113,116,0,401705010
2024-12-31T02:00:00Z,2025,nba,Utah Jazz,Denver Nuggets,121,132,0,401705011
2024-12-31T03:00:00Z,2025,nba,Golden State Warriors,Cleveland Cavaliers,95,113,0,401705012
2024-12-31T03:00:00Z,2025,nba,Portland Trail Blazers,Philadelphia 76ers,103,125,0,401705013
2024-12-31T03:00:00Z,2025,nba,Sacramento Kings,Dallas Mavericks,110,100,0,401705014
2024-12-31T20:00:00Z,2025,nba,Boston Celtics,Toronto Raptors,125,71,0,401705015
2024-12-31T20:00:00Z,2025,nba,Indiana Pacers,Milwaukee Bucks,112,120,0,401705016
