date,season,league,home,away,home_score,away_score,neutral,espn_id
2025-01-01T00:00:00Z,2025,nba,San Antonio Spurs,LA Clippers,122,86,0,401705017
2025-01-01T01:00:00Z,2025,nba,Oklahoma City Thunder,Minnesota Timberwolves,113,105,0,401705018
2025-01-01T02:00:00Z,2025,nba,Phoenix Suns,Memphis Grizzlies,112,117,0,401705019
2025-01-01T02:00:00Z,2025,nba,Los Angeles Lakers,Cleveland Cavaliers,110,122,0,401705020
2025-01-02T00:00:00Z,2025,nba,Detroit Pistons,Orlando Magic,105,96,0,401705021
2025-01-02T00:00:00Z,2025,nba,Washington Wizards,Chicago Bulls,125,107,0,401705022
2025-01-02T00:30:00Z,2025,nba,Miami Heat,New Orleans Pelicans,119,108,0,401705023
2025-01-02T00:30:00Z,2025,nba,New York Knicks,Utah Jazz,119,103,0,401705024
2025-01-02T00:30:00Z,2025,nba,Toronto Raptors,Brooklyn Nets,130,113,0,401705025
2025-01-02T01:00:00Z,2025,nba,Houston Rockets,Dallas Mavericks,110,99,0,401705026
2025-01-02T02:00:00Z,2025,nba,Denver Nuggets,Atlanta Hawks,139,120,0,401705027
2025-01-02T03:00:00Z,2025,nba,Sacramento Kings,Philadelphia 76ers,113,107,0,401705028
2025-01-03T00:30:00Z,2025,nba,Miami Heat,Indiana Pacers,115,128,0,401705029
2025-01-03T00:30:00Z,2025,nba,Minnesota Timberwolves,Boston Celtics,115,118,0,401705030
2025-01-03T01:00:00Z,2025,nba,Milwaukee Bucks,Brooklyn Nets,110,113,0,401705031
2025-01-03T01:00:00Z,2025,nba,Oklahoma City Thunder,LA Clippers,116,98,0,401705032
2025-01-03T03:00:00Z,2025,nba,Golden State Warriors,Philadelphia 76ers,139,105,0,401705033
2025-01-03T03:30:00Z,2025,nba,Los Angeles Lakers,Portland Trail Blazers,114,106,0,401705034
2025-01-04T00:00:00Z,2025,nba,Detroit Pistons,Charlotte Hornets,98,94,0,401705035
2025-01-04T00:30:00Z,2025,nba,Toronto Raptors,Orlando Magic,97,106,0,401705036
2025-01-04T01:00:00Z,2025,nba,Houston Rockets,Boston Celtics,86,109,0,401705037
2025-01-04T01:00:00Z,2025,nba,New Orleans Pelicans,Washington Wizards,132,120,0,401705038
2025-01-04T01:00:00Z,2025,nba,Oklahoma City Thunder,New York Knicks,117,107,0,401705039
2025-01-04T01:30:00Z,2025,nba,Dallas Mavericks,Cleveland Cavaliers,122,134,0,401705040
2025-01-04T02:00:00Z,2025,nba,Denver Nuggets,San Antonio Spurs,110,113,0,401705041
2025-01-04T03:00:00Z,2025,nba,Sacramento Kings,Memphis Grizzlies,138,133,0,401705042
2025-01-04T03:30:00Z,2025,nba,Los Angeles Lakers,Atlanta Hawks,119,102,0,401705043
2025-01-04T23:00:00Z,2025,nba,Brooklyn Nets,Philadelphia 76ers,94,123,0,401705044
2025-01-05T00:00:00Z,2025,nba,Detroit Pistons,Minnesota Timberwolves,119,105,0,401705045
2025-01-05T00:00:00Z,2025,nba,Indiana Pacers,Phoenix Suns,126,108,0,401705046
2025-01-05T01:00:00Z,2025,nba,Miami Heat,Utah Jazz,100,136,0,401705047
2025-01-05T01:00:00Z,2025,nba,Chicago Bulls,New York Knicks,139,126,0,401705048
2025-01-05T01:00:00Z,2025,nba,Milwaukee Bucks,Portland Trail Blazers,102,105,0,401705049
2025-01-05T01:00:00Z,2025,nba,San Antonio Spurs,Denver Nuggets,111,122,0,401705050
2025-01-05T01:30:00Z,2025,nba,Golden State Warriors,Memphis Grizzlies,121,113,0,401705051
2025-01-05T03:30:00Z,2025,nba,LA Clippers,Atlanta Hawks,131,105,0,401705052
2025-01-05T20:30:00Z,2025,nba,Oklahoma City Thunder,Boston Celtics,105,92,0,401705053
2025-01-05T23:00:00Z,2025,nba,Cleveland Cavaliers,Charlotte Hornets,115,105,0,401705054
2025-01-05T23:00:00Z,2025,nba,Washington Wizards,New Orleans Pelicans,98,110,0,401705055
2025-01-05T23:30:00Z,2025,nba,Orlando Magic,Utah Jazz,92,105,0,401705056
2025-01-06T00:00:00Z,2025,nba,Houston Rockets,Los Angeles Lakers,119,115,0,401705057
2025-01-06T01:30:00Z,2025,nba,Golden State Warriors,Sacramento Kings,99,129,0,401705058
2025-01-07T00:00:00Z,2025,nba,Detroit Pistons,Portland Trail Blazers,118,115,0,401705059
2025-01-07T00:00:00Z,2025,nba,Philadelphia 76ers,Phoenix Suns,99,109,0,401705060
2025-01-07T00:30:00Z,2025,nba,Brooklyn Nets,Indiana Pacers,99,113,0,401705061
2025-01-07T00:30:00Z,2025,nba,New York Knicks,Orlando Magic,94,103,0,401705062
2025-01-07T00:30:00Z,2025,nba,Toronto Raptors,Milwaukee Bucks,104,128,0,401705063
2025-01-07T01:00:00Z,2025,nba,Chicago Bulls,San Antonio Spurs,114,110,0,401705064
2025-01-07T01:00:00Z,2025,nba,Memphis Grizzlies,Dallas Mavericks,119,104,0,401705065
2025-01-07T01:00:00Z,2025,nba,Minnesota Timberwolves,LA Clippers,108,106,0,401705066
2025-01-07T03:00:00Z,2025,nba,Sacramento Kings,Miami Heat,123,118,0,401705067
2025-01-08T00:00:00Z,2025,nba,Charlotte Hornets,Phoenix Suns,115,104,0,401705068
2025-01-08T00:00:00Z,2025,nba,Washington Wizards,Houston Rockets,112,135,0,401705069
2025-01-08T00:30:00Z,2025,nba,Dallas Mavericks,Los Angeles Lakers,118,97,0,401705070
2025-01-08T01:00:00Z,2025,nba,New Orleans Pelicans,Minnesota Timberwolves,97,104,0,401705071
2025-01-08T02:00:00Z,2025,nba,Utah Jazz,Atlanta Hawks,121,124,0,401705072
2025-01-08T03:00:00Z,2025,nba,Denver Nuggets,Boston Celtics,106,118,0,401705073
2025-01-08T03:00:00Z,2025,nba,Golden State Warriors,Miami Heat,98,114,0,401705074
2025-01-09T00:00:00Z,2025,nba,Cleveland Cavaliers,Oklahoma City Thunder,129,122,0,401705075
2025-01-09T00:00:00Z,2025,nba,Indiana Pacers,Chicago Bulls,129,113,0,401705076
2025-01-09T00:00:00Z,2025,nba,Philadelphia 76ers,Washington Wizards,109,103,0,401705078
2025-01-09T00:30:00Z,2025,nba,New York Knicks,Toronto Raptors,112,98,0,401705077
2025-01-09T00:30:00Z,2025,nba,Brooklyn Nets,Detroit Pistons,98,113,0,401705079
2025-01-09T01:00:00Z,2025,nba,New Orleans Pelicans,Portland Trail Blazers,100,119,0,401705080
2025-01-09T02:00:00Z,2025,nba,Denver Nuggets,LA Clippers,126,103,0,401705081
2025-01-09T02:30:00Z,2025,nba,Milwaukee Bucks,San Antonio Spurs,121,105,0,401705082
2025-01-10T00:00:00Z,2025,nba,Cleveland Cavaliers,Toronto Raptors,132,126,0,401705083
2025-01-10T00:00:00Z,2025,nba,Detroit Pistons,Golden State Warriors,104,107,0,401705084
2025-01-10T00:00:00Z,2025,nba,Orlando Magic,Minnesota Timberwolves,89,104,0,401705085
2025-01-10T00:30:00Z,2025,nba,Dallas Mavericks,Portland Trail Blazers,117,111,0,401705087
2025-01-10T01:00:00Z,2025,nba,Memphis Grizzlies,Houston Rockets,115,119,0,401705086
2025-01-10T02:00:00Z,2025,nba,Phoenix Suns,Atlanta Hawks,123,115,0,401705088
2025-01-10T02:00:00Z,2025,nba,Utah Jazz,Miami Heat,92,97,0,401705089
2025-01-11T00:00:00Z,2025,nba,Indiana Pacers,Golden State Warriors,108,96,0,401705091
2025-01-11T00:00:00Z,2025,nba,Orlando Magic,Milwaukee Bucks,106,109,0,401705092
2025-01-11T00:00:00Z,2025,nba,Philadelphia 76ers,New Orleans Pelicans,115,123,0,401705093
2025-01-11T00:30:00Z,2025,nba,Boston Celtics,Sacramento Kings,97,114,0,401705094
2025-01-11T00:30:00Z,2025,nba,New York Knicks,Oklahoma City Thunder,101,126,0,401705095
2025-01-11T01:00:00Z,2025,nba,Chicago Bulls,Washington Wizards,138,105,0,401705096
2025-01-11T02:00:00Z,2025,nba,Denver Nuggets,Brooklyn Nets,124,105,0,401705097
2025-01-11T22:00:00Z,2025,nba,Phoenix Suns,Utah Jazz,114,106,0,401705099
2025-01-12T00:00:00Z,2025,nba,Detroit Pistons,Toronto Raptors,123,114,0,401705100
2025-01-12T01:00:00Z,2025,nba,Minnesota Timberwolves,Memphis Grizzlies,125,127,0,401705101
2025-01-12T03:00:00Z,2025,nba,Portland Trail Blazers,Miami Heat,98,119,0,401705102
2025-01-12T20:00:00Z,2025,nba,New York Knicks,Milwaukee Bucks,140,106,0,401705105
2025-01-12T20:00:00Z,2025,nba,Dallas Mavericks,Denver Nuggets,101,112,0,401705106
2025-01-12T20:30:00Z,2025,nba,Chicago Bulls,Sacramento Kings,119,124,0,401705107
2025-01-12T23:00:00Z,2025,nba,Boston Celtics,New Orleans Pelicans,120,119,0,401705108
2025-01-12T23:00:00Z,2025,nba,Cleveland Cavaliers,Indiana Pacers,93,108,0,401705109
2025-01-12T23:00:00Z,2025,nba,Orlando Magic,Philadelphia 76ers,104,99,0,401705110
2025-01-12T23:00:00Z,2025,nba,Washington Wizards,Oklahoma City Thunder,95,136,0,401705111
2025-01-13T01:00:00Z,2025,nba,Utah Jazz,Brooklyn Nets,112,111,0,401705112
2025-01-13T02:00:00Z,2025,nba,Phoenix Suns,Charlotte Hornets,120,113,0,401705113
2025-01-14T00:00:00Z,2025,nba,Washington Wizards,Minnesota Timberwolves,106,120,0,401705114
2025-01-14T00:30:00Z,2025,nba,New York Knicks,Detroit Pistons,119,124,0,401705115
2025-01-14T00:30:00Z,2025,nba,Toronto Raptors,Golden State Warriors,104,101,0,401705116
2025-01-14T01:00:00Z,2025,nba,Houston Rockets,Memphis Grizzlies,120,118,0,401705117
2025-01-14T03:30:00Z,2025,nba,Los Angeles Lakers,San Antonio Spurs,102,126,0,401705118
2025-01-14T03:30:00Z,2025,nba,LA Clippers,Miami Heat,109,98,0,401705119
2025-01-15T00:00:00Z,2025,nba,Indiana Pacers,Cleveland Cavaliers,117,127,0,401705120
2025-01-15T00:00:00Z,2025,nba,Philadelphia 76ers,Oklahoma City Thunder,102,118,0,401705121
2025-01-15T00:30:00Z,2025,nba,Atlanta Hawks,Phoenix Suns,122,117,0,401705122
2025-01-15T01:00:00Z,2025,nba,Chicago Bulls,New Orleans Pelicans,113,119,0,401705123
2025-01-15T01:00:00Z,2025,nba,Milwaukee Bucks,Sacramento Kings,130,115,0,401705124
2025-01-15T02:30:00Z,2025,nba,Dallas Mavericks,Denver Nuggets,99,118,0,401705125
2025-01-15T03:00:00Z,2025,nba,Portland Trail Blazers,Brooklyn Nets,114,132,0,401705126
2025-01-16T00:00:00Z,2025,nba,Philadelphia 76ers,New York Knicks,119,125,0,401705127
2025-01-16T00:30:00Z,2025,nba,Toronto Raptors,Boston Celtics,110,97,0,401705128
2025-01-16T01:00:00Z,2025,nba,Chicago Bulls,Atlanta Hawks,94,110,0,401705129
2025-01-16T01:00:00Z,2025,nba,Milwaukee Bucks,Orlando Magic,122,93,0,401705130
2025-01-16T01:00:00Z,2025,nba,New Orleans Pelicans,Dallas Mavericks,119,116,0,401705132
2025-01-16T01:00:00Z,2025,nba,San Antonio Spurs,Memphis Grizzlies,115,129,0,401705133
2025-01-16T02:00:00Z,2025,nba,Denver Nuggets,Houston Rockets,108,128,0,401705134
2025-01-16T02:00:00Z,2025,nba,Utah Jazz,Charlotte Hornets,112,117,0,401705135
2025-01-16T02:30:00Z,2025,nba,Minnesota Timberwolves,Golden State Warriors,115,116,0,401705131
2025-01-16T03:00:00Z,2025,nba,Los Angeles Lakers,Miami Heat,117,108,0,401705136
2025-01-16T03:30:00Z,2025,nba,LA Clippers,Brooklyn Nets,126,67,0,401705137
2025-01-17T00:00:00Z,2025,nba,Detroit Pistons,Indiana Pacers,100,111,0,401705138
2025-01-17T00:00:00Z,2025,nba,Washington Wizards,Phoenix Suns,123,130,0,401705139
2025-01-17T00:30:00Z,2025,nba,Oklahoma City Thunder,Cleveland Cavaliers,134,114,0,401705140
2025-01-17T03:00:00Z,2025,nba,Portland Trail Blazers,LA Clippers,89,118,0,401705141
2025-01-17T03:00:00Z,2025,nba,Sacramento Kings,Houston Rockets,132,127,0,401705142
2025-01-18T00:00:00Z,2025,nba,Boston Celtics,Orlando Magic,121,94,0,401705143
2025-01-18T00:30:00Z,2025,nba,New York Knicks,Minnesota Timberwolves,99,116,0,401705144
2025-01-18T01:00:00Z,2025,nba,Miami Heat,Denver Nuggets,113,133,0,401705145
2025-01-18T01:00:00Z,2025,nba,Milwaukee Bucks,Toronto Raptors,130,112,0,401705146
2025-01-18T01:00:00Z,2025,nba,New Orleans Pelicans,Utah Jazz,136,123,0,401705147
2025-01-18T01:00:00Z,2025,nba,Chicago Bulls,Charlotte Hornets,123,125,0,401705150
2025-01-18T01:30:00Z,2025,nba,Dallas Mavericks,Oklahoma City Thunder,106,98,0,401705149
2025-01-18T02:30:00Z,2025,nba,San Antonio Spurs,Memphis Grizzlies,112,140,0,401705148
2025-01-18T03:30:00Z,2025,nba,Los Angeles Lakers,Brooklyn Nets,102,101,0,401705151
2025-01-18T21:00:00Z,2025,nba,Detroit Pistons,Phoenix Suns,121,125,0,401705152
2025-01-19T00:00:00Z,2025,nba,Boston Celtics,Atlanta Hawks,115,119,0,401705153
2025-01-19T00:00:00Z,2025,nba,Indiana Pacers,Philadelphia 76ers,115,102,0,401705154
2025-01-19T01:30:00Z,2025,nba,Golden State Warriors,Washington Wizards,122,114,0,401705155
2025-01-19T02:00:00Z,2025,nba,Minnesota Timberwolves,Cleveland Cavaliers,117,124,0,401705156
2025-01-19T03:00:00Z,2025,nba,Portland Trail Blazers,Houston Rockets,103,125,0,401705157
2025-01-19T20:00:00Z,2025,nba,Miami Heat,San Antonio Spurs,128,107,0,401705158
2025-01-19T23:00:00Z,2025,nba,Orlando Magic,Denver Nuggets,100,113,0,401705159
2025-01-20T00:00:00Z,2025,nba,Milwaukee Bucks,Philadelphia 76ers,123,109,0,401705160
2025-01-20T00:00:00Z,2025,nba,Oklahoma City Thunder,Brooklyn Nets,127,101,0,401705161
2025-01-20T02:00:00Z,2025,nba,LA Clippers,Los Angeles Lakers,116,102,0,401705162
2025-01-20T02:00:00Z,2025,nba,Portland Trail Blazers,Chicago Bulls,113,102,0,401705163
2025-01-20T02:00:00Z,2025,nba,Sacramento Kings,Washington Wizards,123,100,0,401705164
2025-01-20T17:00:00Z,2025,nba,Charlotte Hornets,Dallas Mavericks,110,105,0,401705165
2025-01-20T19:00:00Z,2025,nba,Houston Rockets,Detroit Pistons,96,107,0,401705166
2025-01-20T19:30:00Z,2025,nba,Memphis Grizzlies,Minnesota Timberwolves,108,106,0,401705167
2025-01-20T20:00:00Z,2025,nba,New York Knicks,Atlanta Hawks,119,110,0,401705168
2025-01-20T20:30:00Z,2025,nba,Cleveland Cavaliers,Phoenix Suns,118,92,0,401705169
2025-01-20T22:00:00Z,2025,nba,Golden State Warriors,Boston Celtics,85,125,0,401705170
2025-01-21T01:00:00Z,2025,nba,New Orleans Pelicans,Utah Jazz,123,119,0,401705171
2025-01-21T03:30:00Z,2025,nba,LA Clippers,Chicago Bulls,99,112,0,401705177
2025-01-22T00:30:00Z,2025,nba,Brooklyn Nets,New York Knicks,95,99,0,401705172
2025-01-22T00:30:00Z,2025,nba,Miami Heat,Portland Trail Blazers,107,116,0,401705173
2025-01-22T00:30:00Z,2025,nba,Toronto Raptors,Orlando Magic,109,93,0,401705174
2025-01-22T03:00:00Z,2025,nba,Denver Nuggets,Philadelphia 76ers,144,109,0,401705175
2025-01-22T03:30:00Z,2025,nba,Los Angeles Lakers,Washington Wizards,111,88,0,401705176
2025-01-23T00:30:00Z,2025,nba,Atlanta Hawks,Detroit Pistons,104,114,0,401705178
2025-01-23T00:30:00Z,2025,nba,Brooklyn Nets,Phoenix Suns,84,108,0,401705179
2025-01-23T00:30:00Z,2025,nba,Dallas Mavericks,Minnesota Timberwolves,114,115,0,401705180
2025-01-23T01:00:00Z,2025,nba,Houston Rockets,Cleveland Cavaliers,109,108,0,401705181
2025-01-23T01:00:00Z,2025,nba,Memphis Grizzlies,Charlotte Hornets,132,120,0,401705182
2025-01-23T01:00:00Z,2025,nba,Oklahoma City Thunder,Utah Jazz,123,114,0,401705184
2025-01-23T03:00:00Z,2025,nba,Sacramento Kings,Golden State Warriors,123,117,0,401705185
2025-01-23T03:30:00Z,2025,nba,LA Clippers,Boston Celtics,113,117,0,401705186
2025-01-23T19:00:00Z,2025,nba,Indiana Pacers,San Antonio Spurs,110,140,1,401705187
2025-01-24T00:00:00Z,2025,nba,Orlando Magic,Portland Trail Blazers,79,101,0,401705188
2025-01-24T00:30:00Z,2025,nba,Atlanta Hawks,Toronto Raptors,119,122,0,401705189
2025-01-24T01:00:00Z,2025,nba,Oklahoma City Thunder,Dallas Mavericks,115,121,0,401705191
2025-01-24T01:30:00Z,2025,nba,Milwaukee Bucks,Miami Heat,125,96,0,401705190
2025-01-24T02:00:00Z,2025,nba,Denver Nuggets,Sacramento Kings,132,123,0,401705192
2025-01-24T03:00:00Z,2025,nba,Golden State Warriors,Chicago Bulls,131,106,0,401705194
2025-01-24T03:00:00Z,2025,nba,Los Angeles Lakers,Boston Celtics,117,96,0,401705195
2025-01-24T03:30:00Z,2025,nba,LA Clippers,Washington Wizards,110,93,0,401705549
2025-01-25T00:00:00Z,2025,nba,Charlotte Hornets,Portland Trail Blazers,97,102,0,401705196
2025-01-25T00:00:00Z,2025,nba,Philadelphia 76ers,Cleveland Cavaliers,132,129,0,401705197
2025-01-25T01:00:00Z,2025,nba,Memphis Grizzlies,New Orleans Pelicans,139,126,0,401705198
2025-01-25T17:00:00Z,2025,nba,San Antonio Spurs,Indiana Pacers,98,136,1,401705199
2025-01-25T20:00:00Z,2025,nba,Minnesota Timberwolves,Denver Nuggets,133,104,0,401705200
2025-01-25T22:30:00Z,2025,nba,Dallas Mavericks,Boston Celtics,107,122,0,401705201
2025-01-25T23:00:00Z,2025,nba,Brooklyn Nets,Miami Heat,97,106,0,401705202
2025-01-26T00:00:00Z,2025,nba,Charlotte Hornets,New Orleans Pelicans,123,92,0,401705203
2025-01-26T00:00:00Z,2025,nba,Orlando Magic,Detroit Pistons,121,113,0,401705204
2025-01-26T00:30:00Z,2025,nba,Atlanta Hawks,Toronto Raptors,94,117,0,401705205
2025-01-26T00:30:00Z,2025,nba,Cleveland Cavaliers,Houston Rockets,131,135,0,401705206
2025-01-26T00:30:00Z,2025,nba,New York Knicks,Sacramento Kings,143,120,0,401705207
2025-01-26T01:00:00Z,2025,nba,Chicago Bulls,Philadelphia 76ers,97,109,0,401705208
2025-01-26T01:00:00Z,2025,nba,Memphis Grizzlies,Utah Jazz,125,103,0,401705209
2025-01-26T01:30:00Z,2025,nba,Golden State Warriors,Los Angeles Lakers,108,118,0,401705210
2025-01-26T02:00:00Z,2025,nba,Phoenix Suns,Washington Wizards,119,109,0,401705211
2025-01-26T03:30:00Z,2025,nba,LA Clippers,Milwaukee Bucks,127,117,0,401705212
2025-01-26T23:00:00Z,2025,nba,Portland Trail Blazers,Oklahoma City Thunder,108,118,0,401705213
2025-01-28T00:00:00Z,2025,nba,Charlotte Hornets,Los Angeles Lakers,107,112,0,401705214
2025-01-28T00:00:00Z,2025,nba,Cleveland Cavaliers,Detroit Pistons,110,91,0,401705215
2025-01-28T00:30:00Z,2025,nba,Boston Celtics,Houston Rockets,112,114,0,401705216
2025-01-28T00:30:00Z,2025,nba,Brooklyn Nets,Sacramento Kings,96,110,0,401705217
2025-01-28T00:30:00Z,2025,nba,Miami Heat,Orlando Magic,125,119,0,401705218
2025-01-28T00:30:00Z,2025,nba,New York Knicks,Memphis Grizzlies,143,106,0,401705219
2025-01-28T00:30:00Z,2025,nba,Toronto Raptors,New Orleans Pelicans,113,104,0,401705220
2025-01-28T01:00:00Z,2025,nba,Chicago Bulls,Denver Nuggets,129,121,0,401705221
2025-01-28T01:00:00Z,2025,nba,Minnesota Timberwolves,Atlanta Hawks,100,92,0,401705222
2025-01-28T01:30:00Z,2025,nba,Dallas Mavericks,Washington Wizards,130,108,0,401705223
2025-01-28T02:00:00Z,2025,nba,Utah Jazz,Milwaukee Bucks,110,125,0,401705224
2025-01-28T02:30:00Z,2025,nba,Phoenix Suns,LA Clippers,111,109,0,401705225
2025-01-29T00:30:00Z,2025,nba,Philadelphia 76ers,Los Angeles Lakers,118,104,0,401705226
2025-01-29T00:30:00Z,2025,nba,Atlanta Hawks,Houston Rockets,96,100,0,401748705
2025-01-29T03:00:00Z,2025,nba,Golden State Warriors,Utah Jazz,114,103,0,401705227
2025-01-29T03:00:00Z,2025,nba,Portland Trail Blazers,Milwaukee Bucks,125,112,0,401705228
2025-01-30T00:00:00Z,2025,nba,Charlotte Hornets,Brooklyn Nets,83,104,0,401705229
2025-01-30T00:00:00Z,2025,nba,Indiana Pacers,Detroit Pistons,133,119,0,401705230
2025-01-30T00:00:00Z,2025,nba,Washington Wizards,Toronto Raptors,82,106,0,401705231
2025-01-30T00:30:00Z,2025,nba,Boston Celtics,Chicago Bulls,122,100,0,401705232
2025-01-30T00:30:00Z,2025,nba,Miami Heat,Cleveland Cavaliers,106,126,0,401705233
2025-01-30T00:30:00Z,2025,nba,New York Knicks,Denver Nuggets,122,112,0,401705234
2025-01-30T00:30:00Z,2025,nba,Philadelphia 76ers,Sacramento Kings,117,104,0,401705235
2025-01-30T01:00:00Z,2025,nba,New Orleans Pelicans,Dallas Mavericks,136,137,0,401705236
2025-01-30T01:00:00Z,2025,nba,San Antonio Spurs,LA Clippers,116,128,0,401705237
2025-01-30T02:00:00Z,2025,nba,Phoenix Suns,Minnesota Timberwolves,113,121,0,401705238
2025-01-30T03:00:00Z,2025,nba,Golden State Warriors,Oklahoma City Thunder,116,109,0,401705239
2025-01-31T00:00:00Z,2025,nba,Washington Wizards,Los Angeles Lakers,96,134,0,401705240
2025-01-31T00:00:00Z,2025,nba,Cleveland Cavaliers,Atlanta Hawks,137,115,0,401705241
2025-01-31T02:00:00Z,2025,nba,Utah Jazz,Minnesota Timberwolves,113,138,0,401705243
2025-01-31T02:30:00Z,2025,nba,Memphis Grizzlies,Houston Rockets,120,119,0,401705242
2025-01-31T03:00:00Z,2025,nba,Portland Trail Blazers,Orlando Magic,119,90,0,401705244
2025-02-01T00:00:00Z,2025,nba,Charlotte Hornets,LA Clippers,104,112,0,401705245
2025-02-01T00:00:00Z,2025,nba,Detroit Pistons,Dallas Mavericks,117,102,0,401705246
2025-02-01T00:30:00Z,2025,nba,Philadelphia 76ers,Denver Nuggets,134,137,0,401705247
2025-02-01T00:30:00Z,2025,nba,Toronto Raptors,Chicago Bulls,106,122,0,401705248
2025-02-01T01:00:00Z,2025,nba,New Orleans Pelicans,Boston Celtics,116,118,0,401705249
2025-02-01T01:00:00Z,2025,nba,San Antonio Spurs,Milwaukee Bucks,144,118,0,401705250
2025-02-01T03:00:00Z,2025,nba,Golden State Warriors,Phoenix Suns,105,130,0,401705251
2025-02-01T22:00:00Z,2025,nba,Indiana Pacers,Atlanta Hawks,132,127,0,401705252
2025-02-01T22:00:00Z,2025,nba,Utah Jazz,Orlando Magic,113,99,0,401705253
2025-02-02T00:00:00Z,2025,nba,Charlotte Hornets,Denver Nuggets,104,107,0,401705254
2025-02-02T01:00:00Z,2025,nba,Houston Rockets,Brooklyn Nets,98,110,0,401705255
2025-02-02T01:00:00Z,2025,nba,Minnesota Timberwolves,Washington Wizards,103,105,0,401705256
2025-02-02T01:00:00Z,2025,nba,Oklahoma City Thunder,Sacramento Kings,144,110,0,401705257
2025-02-02T01:30:00Z,2025,nba,New York Knicks,Los Angeles Lakers,112,128,0,401705258
2025-02-02T01:30:00Z,2025,nba,San Antonio Spurs,Miami Heat,103,105,0,401705259
2025-02-02T03:00:00Z,2025,nba,Portland Trail Blazers,Phoenix Suns,127,108,0,401705260
2025-02-02T20:00:00Z,2025,nba,Detroit Pistons,Chicago Bulls,127,119,0,401705261
2025-02-02T20:30:00Z,2025,nba,Cleveland Cavaliers,Dallas Mavericks,144,101,0,401705262
2025-02-02T20:30:00Z,2025,nba,Toronto Raptors,LA Clippers,115,108,0,401705263
2025-02-02T23:00:00Z,2025,nba,Philadelphia 76ers,Boston Celtics,110,118,0,401705264
2025-02-03T01:30:00Z,2025,nba,Milwaukee Bucks,Memphis Grizzlies,119,132,0,401705265
2025-02-04T00:00:00Z,2025,nba,Charlotte Hornets,Washington Wizards,114,124,0,401705266
2025-02-04T00:00:00Z,2025,nba,Detroit Pistons,Atlanta Hawks,130,132,0,401705267
2025-02-04T00:30:00Z,2025,nba,New York Knicks,Houston Rockets,124,118,0,401705268
2025-02-04T01:00:00Z,2025,nba,Minnesota Timberwolves,Sacramento Kings,114,116,0,401705270
2025-02-04T01:00:00Z,2025,nba,Oklahoma City Thunder,Milwaukee Bucks,125,96,0,401705271
2025-02-04T01:50:00Z,2025,nba,Memphis Grizzlies,San Antonio Spurs,128,109,0,401705269
2025-02-04T02:00:00Z,2025,nba,Denver Nuggets,New Orleans Pelicans,125,113,0,401705272
2025-02-04T02:00:00Z,2025,nba,Utah Jazz,Indiana Pacers,111,112,0,401705273
2025-02-04T03:00:00Z,2025,nba,Golden State Warriors,Orlando Magic,104,99,0,401705274
2025-02-04T03:00:00Z,2025,nba,Portland Trail Blazers,Phoenix Suns,121,119,0,401705275
2025-02-05T00:00:00Z,2025,nba,Philadelphia 76ers,Dallas Mavericks,118,116,0,401705278
2025-02-05T00:30:00Z,2025,nba,Cleveland Cavaliers,Boston Celtics,105,112,0,401705276
2025-02-05T00:30:00Z,2025,nba,Brooklyn Nets,Houston Rockets,99,97,0,401705277
2025-02-05T00:30:00Z,2025,nba,Toronto Raptors,New York Knicks,115,121,0,401705279
2025-02-05T01:00:00Z,2025,nba,Chicago Bulls,Miami Heat,133,124,0,401705280
2025-02-05T03:00:00Z,2025,nba,LA Clippers,Los Angeles Lakers,97,122,0,401705281
2025-02-05T03:00:00Z,2025,nba,Portland Trail Blazers,Indiana Pacers,112,89,0,401705282
2025-02-06T00:00:00Z,2025,nba,Charlotte Hornets,Milwaukee Bucks,102,112,0,401705283
2025-02-06T00:00:00Z,2025,nba,Detroit Pistons,Cleveland Cavaliers,115,118,0,401705284
2025-02-06T00:00:00Z,2025,nba,Atlanta Hawks,San Antonio Spurs,125,126,0,401705285
2025-02-06T00:30:00Z,2025,nba,Brooklyn Nets,Washington Wizards,102,119,0,401705286
2025-02-06T00:30:00Z,2025,nba,Philadelphia 76ers,Miami Heat,101,108,0,401705287
2025-02-06T00:30:00Z,2025,nba,Toronto Raptors,Memphis Grizzlies,107,138,0,401705288
2025-02-06T01:00:00Z,2025,nba,Minnesota Timberwolves,Chicago Bulls,127,108,0,401705289
2025-02-06T02:00:00Z,2025,nba,Utah Jazz,Golden State Warriors,131,128,0,401705291
2025-02-06T02:00:00Z,2025,nba,Denver Nuggets,New Orleans Pelicans,144,119,0,401705292
2025-02-06T02:30:00Z,2025,nba,Oklahoma City Thunder,Phoenix Suns,140,109,0,401705290
2025-02-06T03:00:00Z,2025,nba,Sacramento Kings,Orlando Magic,111,130,0,401705293
2025-02-07T00:30:00Z,2025,nba,Boston Celtics,Dallas Mavericks,120,127,0,401705294
2025-02-07T01:00:00Z,2025,nba,Minnesota Timberwolves,Houston Rockets,127,114,0,401705295
2025-02-07T02:00:00Z,2025,nba,Denver Nuggets,Orlando Magic,112,90,0,401705296
2025-02-07T03:00:00Z,2025,nba,Los Angeles Lakers,Golden State Warriors,120,112,0,401705297
2025-02-07T03:00:00Z,2025,nba,Portland Trail Blazers,Sacramento Kings,108,102,0,401705298
2025-02-07T03:30:00Z,2025,nba,LA Clippers,Indiana Pacers,112,119,0,401705299
2025-02-08T00:00:00Z,2025,nba,Charlotte Hornets,San Antonio Spurs,117,116,0,401705300
2025-02-08T00:00:00Z,2025,nba,Washington Wizards,Cleveland Cavaliers,124,134,0,401705301
2025-02-08T00:30:00Z,2025,nba,Atlanta Hawks,Milwaukee Bucks,115,110,0,401705302
2025-02-08T00:30:00Z,2025,nba,Brooklyn Nets,Miami Heat,102,86,0,401705303
2025-02-08T00:30:00Z,2025,nba,Detroit Pistons,Philadelphia 76ers,125,112,0,401705304
2025-02-08T01:00:00Z,2025,nba,Oklahoma City Thunder,Toronto Raptors,121,109,0,401705305
2025-02-08T03:00:00Z,2025,nba,Phoenix Suns,Utah Jazz,135,127,0,401705306
2025-02-08T20:00:00Z,2025,nba,Dallas Mavericks,Houston Rockets,116,105,0,401705307
2025-02-08T21:00:00Z,2025,nba,Los Angeles Lakers,Indiana Pacers,124,117,0,401705308
2025-02-09T00:00:00Z,2025,nba,Orlando Magic,San Antonio Spurs,112,111,0,401705309
2025-02-09T00:00:00Z,2025,nba,Washington Wizards,Atlanta Hawks,111,125,0,401705310
2025-02-09T01:00:00Z,2025,nba,Chicago Bulls,Golden State Warriors,111,132,0,401705311
2025-02-09T01:00:00Z,2025,nba,Memphis Grizzlies,Oklahoma City Thunder,112,125,0,401705312
2025-02-09T01:00:00Z,2025,nba,Minnesota Timberwolves,Portland Trail Blazers,114,98,0,401705313
2025-02-09T01:30:00Z,2025,nba,New York Knicks,Boston Celtics,104,131,0,401705314
2025-02-09T02:00:00Z,2025,nba,Phoenix Suns,Denver Nuggets,105,122,0,401705315
2025-02-09T03:00:00Z,2025,nba,Sacramento Kings,New Orleans Pelicans,123,118,0,401705316
2025-02-09T03:30:00Z,2025,nba,LA Clippers,Utah Jazz,130,110,0,401705317
2025-02-09T18:00:00Z,2025,nba,Detroit Pistons,Charlotte Hornets,112,102,0,401705318
2025-02-09T19:00:00Z,2025,nba,Houston Rockets,Toronto Raptors,94,87,0,401705319
2025-02-09T19:00:00Z,2025,nba,Milwaukee Bucks,Philadelphia 76ers,135,127,0,401705320
2025-02-11T00:00:00Z,2025,nba,Cleveland Cavaliers,Minnesota Timberwolves,128,107,0,401705321
2025-02-11T00:00:00Z,2025,nba,Orlando Magic,Atlanta Hawks,106,112,0,401705322
2025-02-11T00:00:00Z,2025,nba,Washington Wizards,San Antonio Spurs,121,131,0,401705323
2025-02-11T00:30:00Z,2025,nba,Brooklyn Nets,Charlotte Hornets,97,89,0,401705324
2025-02-11T00:30:00Z,2025,nba,Miami Heat,Boston Celtics,85,103,0,401705325
2025-02-11T01:00:00Z,2025,nba,Milwaukee Bucks,Golden State Warriors,111,125,0,401705326
2025-02-11T01:00:00Z,2025,nba,Oklahoma City Thunder,New Orleans Pelicans,137,101,0,401705327
2025-02-11T01:30:00Z,2025,nba,Dallas Mavericks,Sacramento Kings,128,129,0,401705328
2025-02-11T02:00:00Z,2025,nba,Denver Nuggets,Portland Trail Blazers,146,117,0,401705329
2025-02-11T03:30:00Z,2025,nba,Los Angeles Lakers,Utah Jazz,132,113,0,401705334
2025-02-12T00:00:00Z,2025,nba,Philadelphia 76ers,Toronto Raptors,103,106,0,401705330
2025-02-12T00:30:00Z,2025,nba,Indiana Pacers,New York Knicks,115,128,0,401705331
2025-02-12T01:00:00Z,2025,nba,Chicago Bulls,Detroit Pistons,92,132,0,401705332
2025-02-12T03:00:00Z,2025,nba,Phoenix Suns,Memphis Grizzlies,112,119,0,401705333
2025-02-13T00:00:00Z,2025,nba,Boston Celtics,San Antonio Spurs,116,103,0,401705335
2025-02-13T00:00:00Z,2025,nba,Orlando Magic,Charlotte Hornets,102,86,0,401705336
2025-02-13T00:00:00Z,2025,nba,Washington Wizards,Indiana Pacers,130,134,0,401705337
2025-02-13T00:30:00Z,2025,nba,Brooklyn Nets,Philadelphia 76ers,100,96,0,401705338
2025-02-13T00:30:00Z,2025,nba,New York Knicks,Atlanta Hawks,149,148,0,401705339
2025-02-13T00:30:00Z,2025,nba,Toronto Raptors,Cleveland Cavaliers,108,131,0,401705340
2025-02-13T01:00:00Z,2025,nba,Chicago Bulls,Detroit Pistons,110,128,0,401705341
2025-02-13T01:00:00Z,2025,nba,Minnesota Timberwolves,Milwaukee Bucks,101,103,0,401705342
2025-02-13T01:00:00Z,2025,nba,New Orleans Pelicans,Sacramento Kings,111,119,0,401705343
2025-02-13T01:00:00Z,2025,nba,Oklahoma City Thunder,Miami Heat,115,101,0,401705344
2025-02-13T01:30:00Z,2025,nba,Houston Rockets,Phoenix Suns,119,111,0,401705345
2025-02-13T02:00:00Z,2025,nba,Denver Nuggets,Portland Trail Blazers,132,121,0,401705346
2025-02-13T02:00:00Z,2025,nba,Utah Jazz,Los Angeles Lakers,131,119,0,401705347
2025-02-13T02:30:00Z,2025,nba,Dallas Mavericks,Golden State Warriors,111,107,0,401705348
2025-02-13T03:30:00Z,2025,nba,LA Clippers,Memphis Grizzlies,128,114,0,401705349
2025-02-14T01:00:00Z,2025,nba,Houston Rockets,Golden State Warriors,98,105,0,401705350
2025-02-14T01:00:00Z,2025,nba,New Orleans Pelicans,Sacramento Kings,140,133,0,401705351
2025-02-14T01:30:00Z,2025,nba,Dallas Mavericks,Miami Heat,118,113,0,401705352
2025-02-14T01:30:00Z,2025,nba,Minnesota Timberwolves,Oklahoma City Thunder,116,101,0,401705353
2025-02-14T02:00:00Z,2025,nba,Utah Jazz,LA Clippers,116,120,0,401705570
2025-02-17T01:20:00Z,2025,nba,Team Chuck,Team Kenny,41,32,0,401752955
2025-02-17T02:10:00Z,2025,nba,Team Shaq,Team Candace,42,35,0,401752956
2025-02-17T03:00:00Z,2025,nba,Team Chuck,Team Shaq,25,41,0,401752957
2025-02-20T03:00:00Z,2025,nba,Los Angeles Lakers,Charlotte Hornets,97,100,0,401748704
2025-02-21T00:00:00Z,2025,nba,Indiana Pacers,Memphis Grizzlies,127,113,0,401705354
2025-02-21T00:00:00Z,2025,nba,Philadelphia 76ers,Boston Celtics,104,124,0,401705355
2025-02-21T00:30:00Z,2025,nba,Atlanta Hawks,Orlando Magic,108,114,0,401705356
2025-02-21T00:30:00Z,2025,nba,Brooklyn Nets,Cleveland Cavaliers,97,110,0,401705357
2025-02-21T00:30:00Z,2025,nba,New York Knicks,Chicago Bulls,113,111,0,401705358
2025-02-21T01:00:00Z,2025,nba,Milwaukee Bucks,LA Clippers,116,110,0,401705359
2025-02-21T02:00:00Z,2025,nba,Denver Nuggets,Charlotte Hornets,129,115,0,401705360
2025-02-21T02:30:00Z,2025,nba,San Antonio Spurs,Phoenix Suns,120,109,0,401705361
2025-02-21T03:00:00Z,2025,nba,Portland Trail Blazers,Los Angeles Lakers,102,110,0,401705362
2025-02-22T00:00:00Z,2025,nba,Cleveland Cavaliers,New York Knicks,142,105,0,401705363
2025-02-22T00:00:00Z,2025,nba,Orlando Magic,Memphis Grizzlies,104,105,0,401705364
2025-02-22T00:00:00Z,2025,nba,Washington Wizards,Milwaukee Bucks,101,104,0,401705365
2025-02-22T00:30:00Z,2025,nba,Toronto Raptors,Miami Heat,111,120,0,401705366
2025-02-22T01:30:00Z,2025,nba,San Antonio Spurs,Detroit Pistons,110,125,0,401705368
2025-02-22T01:30:00Z,2025,nba,Dallas Mavericks,New Orleans Pelicans,111,103,0,401705369
2025-02-22T02:30:00Z,2025,nba,Houston Rockets,Minnesota Timberwolves,121,115,0,401705367
2025-02-22T02:30:00Z,2025,nba,Utah Jazz,Oklahoma City Thunder,107,130,0,401705370
2025-02-22T03:00:00Z,2025,nba,Sacramento Kings,Golden State Warriors,108,132,0,401705371
2025-02-22T22:00:00Z,2025,nba,Chicago Bulls,Phoenix Suns,117,121,0,401705372
2025-02-23T00:30:00Z,2025,nba,Philadelphia 76ers,Brooklyn Nets,103,105,0,401705373
2025-02-23T01:30:00Z,2025,nba,Denver Nuggets,Los Angeles Lakers,100,123,0,401705374
2025-02-23T02:30:00Z,2025,nba,Utah Jazz,Houston Rockets,124,115,0,401705375
2025-02-23T03:00:00Z,2025,nba,Portland Trail Blazers,Charlotte Hornets,141,88,0,401705376
2025-02-23T18:00:00Z,2025,nba,Boston Celtics,New York Knicks,118,105,0,401705377
2025-02-23T20:30:00Z,2025,nba,Golden State Warriors,Dallas Mavericks,126,102,0,401705378
2025-02-23T22:00:00Z,2025,nba,Indiana Pacers,LA Clippers,129,111,0,401705379
2025-02-23T23:00:00Z,2025,nba,Atlanta Hawks,Detroit Pistons,143,148,0,401705380
2025-02-23T23:00:00Z,2025,nba,Orlando Magic,Washington Wizards,110,90,0,401705381
2025-02-23T23:00:00Z,2025,nba,Toronto Raptors,Phoenix Suns,127,109,0,401705382
2025-02-23T23:00:00Z,2025,nba,Milwaukee Bucks,Miami Heat,120,113,0,401705383
2025-02-24T00:00:00Z,2025,nba,New Orleans Pelicans,San Antonio Spurs,114,96,0,401705384
2025-02-24T00:00:00Z,2025,nba,Cleveland Cavaliers,Memphis Grizzlies,129,123,0,401705385
2025-02-24T02:50:00Z,2025,nba,Minnesota Timberwolves,Oklahoma City Thunder,123,130,0,401705386
2025-02-25T00:00:00Z,2025,nba,Detroit Pistons,LA Clippers,106,97,0,401705387
2025-02-25T00:00:00Z,2025,nba,Indiana Pacers,Denver Nuggets,116,125,0,401705388
2025-02-25T00:00:00Z,2025,nba,Philadelphia 76ers,Chicago Bulls,110,142,0,401705389
2025-02-25T00:00:00Z,2025,nba,Washington Wizards,Brooklyn Nets,107,99,0,401705390
2025-02-25T00:30:00Z,2025,nba,Atlanta Hawks,Miami Heat,98,86,0,401705391
2025-02-25T01:00:00Z,2025,nba,Oklahoma City Thunder,Minnesota Timberwolves,128,131,0,401705392
2025-02-25T02:00:00Z,2025,nba,Utah Jazz,Portland Trail Blazers,112,114,0,401705393
2025-02-25T03:00:00Z,2025,nba,Sacramento Kings,Charlotte Hornets,130,88,0,401705394
2025-02-26T00:00:00Z,2025,nba,Toronto Raptors,Boston Celtics,101,111,0,401705395
2025-02-26T00:30:00Z,2025,nba,Orlando Magic,Cleveland Cavaliers,82,122,0,401705396
2025-02-26T01:00:00Z,2025,nba,Houston Rockets,Milwaukee Bucks,100,97,0,401705397
2025-02-26T01:00:00Z,2025,nba,Memphis Grizzlies,Phoenix Suns,151,148,0,401705398
2025-02-26T01:00:00Z,2025,nba,New Orleans Pelicans,San Antonio Spurs,109,103,0,401705399
2025-02-26T03:00:00Z,2025,nba,Golden State Warriors,Charlotte Hornets,128,92,0,401705400
2025-02-26T03:00:00Z,2025,nba,Los Angeles Lakers,Dallas Mavericks,107,99,0,401705401
2025-02-27T00:00:00Z,2025,nba,Detroit Pistons,Boston Celtics,117,97,0,401705402
2025-02-27T00:00:00Z,2025,nba,Indiana Pacers,Toronto Raptors,111,91,0,401705403
2025-02-27T00:00:00Z,2025,nba,New York Knicks,Philadelphia 76ers,110,105,0,401705404
2025-02-27T00:00:00Z,2025,nba,Washington Wizards,Portland Trail Blazers,121,129,0,401705405
2025-02-27T00:30:00Z,2025,nba,Brooklyn Nets,Oklahoma City Thunder,121,129,0,401705406
2025-02-27T00:30:00Z,2025,nba,Miami Heat,Atlanta Hawks,131,109,0,401705407
2025-02-27T01:00:00Z,2025,nba,Chicago Bulls,LA Clippers,117,122,0,401705408
2025-02-27T02:00:00Z,2025,nba,Utah Jazz,Sacramento Kings,101,118,0,401705409
2025-02-27T02:50:00Z,2025,nba,Houston Rockets,San Antonio Spurs,118,106,0,401705410
2025-02-28T00:00:00Z,2025,nba,Orlando Magic,Golden State Warriors,115,121,0,401705411
2025-02-28T01:00:00Z,2025,nba,Milwaukee Bucks,Denver Nuggets,121,112,0,401705412
2025-02-28T01:30:00Z,2025,nba,Dallas Mavericks,Charlotte Hornets,103,96,0,401705413
2025-02-28T02:00:00Z,2025,nba,Phoenix Suns,New Orleans Pelicans,116,124,0,401705414
2025-02-28T03:30:00Z,2025,nba,Los Angeles Lakers,Minnesota Timberwolves,111,102,0,401705415
2025-03-01T00:00:00Z,2025,nba,Detroit Pistons,Denver Nuggets,119,134,0,401705416
2025-03-01T00:30:00Z,2025,nba,Atlanta Hawks,Oklahoma City Thunder,119,135,0,401705417
2025-03-01T00:30:00Z,2025,nba,Boston Celtics,Cleveland Cavaliers,116,123,0,401705418
2025-03-01T00:30:00Z,2025,nba,Brooklyn Nets,Portland Trail Blazers,102,121,0,401705419
2025-03-01T01:00:00Z,2025,nba,Miami Heat,Indiana Pacers,125,120,0,401705420
2025-03-01T01:00:00Z,2025,nba,Chicago Bulls,Toronto Raptors,125,115,0,401705421
2025-03-01T01:00:00Z,2025,nba,Memphis Grizzlies,New York Knicks,113,114,0,401705422
2025-03-01T02:00:00Z,2025,nba,Phoenix Suns,New Orleans Pelicans,125,108,0,401705423
2025-03-01T02:30:00Z,2025,nba,Utah Jazz,Minnesota Timberwolves,117,116,0,401705424
2025-03-01T03:00:00Z,2025,nba,Los Angeles Lakers,LA Clippers,106,102,0,401705425
2025-03-01T23:00:00Z,2025,nba,Charlotte Hornets,Washington Wizards,100,113,0,401705426
2025-03-02T00:00:00Z,2025,nba,Detroit Pistons,Brooklyn Nets,115,94,0,401705427
2025-03-02T01:00:00Z,2025,nba,Houston Rockets,Sacramento Kings,103,113,0,401705428
2025-03-02T01:00:00Z,2025,nba,Memphis Grizzlies,San Antonio Spurs,128,130,0,401705429
2025-03-02T01:30:00Z,2025,nba,Philadelphia 76ers,Golden State Warriors,126,119,0,401705430
2025-03-02T01:30:00Z,2025,nba,Dallas Mavericks,Milwaukee Bucks,117,132,0,401705431
2025-03-02T18:00:00Z,2025,nba,Boston Celtics,Denver Nuggets,110,103,0,401705432
2025-03-02T20:30:00Z,2025,nba,Cleveland Cavaliers,Portland Trail Blazers,133,129,0,401705433
2025-03-02T22:00:00Z,2025,nba,Indiana Pacers,Chicago Bulls,127,112,0,401705434
2025-03-02T23:00:00Z,2025,nba,Miami Heat,New York Knicks,112,116,0,401705435
2025-03-02T23:00:00Z,2025,nba,Orlando Magic,Toronto Raptors,102,104,0,401705436
2025-03-03T00:00:00Z,2025,nba,San Antonio Spurs,Oklahoma City Thunder,132,146,0,401705437
2025-03-03T01:00:00Z,2025,nba,Utah Jazz,New Orleans Pelicans,121,128,0,401705438
2025-03-03T02:30:00Z,2025,nba,Phoenix Suns,Minnesota Timberwolves,98,116,0,401705439
2025-03-03T02:30:00Z,2025,nba,Los Angeles Lakers,LA Clippers,108,102,0,401705440
2025-03-04T00:00:00Z,2025,nba,Charlotte Hornets,Golden State Warriors,101,119,0,401705441
2025-03-04T00:00:00Z,2025,nba,Philadelphia 76ers,Portland Trail Blazers,102,119,0,401705442
2025-03-04T00:30:00Z,2025,nba,Miami Heat,Washington Wizards,106,90,0,401705443
2025-03-04T01:00:00Z,2025,nba,Memphis Grizzlies,Atlanta Hawks,130,132,0,401705444
2025-03-04T01:00:00Z,2025,nba,Oklahoma City Thunder,Houston Rockets,137,128,0,401705445
2025-03-04T01:30:00Z,2025,nba,Dallas Mavericks,Sacramento Kings,98,122,0,401705446
2025-03-04T02:00:00Z,2025,nba,Utah Jazz,Detroit Pistons,106,134,0,401705447
2025-03-05T00:00:00Z,2025,nba,Indiana Pacers,Houston Rockets,115,102,0,401705448
2025-03-05T00:00:00Z,2025,nba,Orlando Magic,Toronto Raptors,113,114,0,401705449
2025-03-05T00:30:00Z,2025,nba,Atlanta Hawks,Milwaukee Bucks,121,127,0,401705450
2025-03-05T00:30:00Z,2025,nba,New York Knicks,Golden State Warriors,102,114,0,401705451
2025-03-05T01:00:00Z,2025,nba,Chicago Bulls,Cleveland Cavaliers,117,139,0,401705452
2025-03-05T01:00:00Z,2025,nba,Minnesota Timberwolves,Philadelphia 76ers,126,112,0,401705453
2025-03-05T01:30:00Z,2025,nba,San Antonio Spurs,Brooklyn Nets,127,113,0,401705454
2025-03-05T03:00:00Z,2025,nba,Phoenix Suns,LA Clippers,119,117,0,401705455
2025-03-05T03:30:00Z,2025,nba,Los Angeles Lakers,New Orleans Pelicans,136,115,0,401705456
2025-03-06T00:00:00Z,2025,nba,Boston Celtics,Portland Trail Blazers,128,118,0,401705457
2025-03-06T00:00:00Z,2025,nba,Charlotte Hornets,Minnesota Timberwolves,110,125,0,401705458
2025-03-06T00:00:00Z,2025,nba,Cleveland Cavaliers,Miami Heat,112,107,0,401705459
2025-03-06T00:00:00Z,2025,nba,Washington Wizards,Utah Jazz,125,122,0,401705460
2025-03-06T01:00:00Z,2025,nba,Milwaukee Bucks,Dallas Mavericks,137,107,0,401705463
2025-03-06T02:00:00Z,2025,nba,Denver Nuggets,Sacramento Kings,116,110,0,401705462
2025-03-06T02:30:00Z,2025,nba,Memphis Grizzlies,Oklahoma City Thunder,103,120,0,401705461
2025-03-06T03:30:00Z,2025,nba,LA Clippers,Detroit Pistons,123,115,0,401705464
2025-03-07T00:00:00Z,2025,nba,Orlando Magic,Chicago Bulls,123,125,0,401705510
2025-03-07T00:30:00Z,2025,nba,Atlanta Hawks,Indiana Pacers,124,118,0,401705465
2025-03-07T00:30:00Z,2025,nba,Boston Celtics,Philadelphia 76ers,123,105,0,401705466
2025-03-07T00:30:00Z,2025,nba,Brooklyn Nets,Golden State Warriors,119,121,0,401705467
2025-03-07T01:00:00Z,2025,nba,New Orleans Pelicans,Houston Rockets,97,109,0,401705468
2025-03-07T03:00:00Z,2025,nba,Los Angeles Lakers,New York Knicks,113,109,0,401705469
2025-03-08T00:00:00Z,2025,nba,Charlotte Hornets,Cleveland Cavaliers,117,118,0,401705470
2025-03-08T00:30:00Z,2025,nba,Toronto Raptors,Utah Jazz,118,109,0,401705471
2025-03-08T00:30:00Z,2025,nba,Dallas Mavericks,Memphis Grizzlies,111,122,0,401705472
2025-03-08T01:00:00Z,2025,nba,Miami Heat,Minnesota Timberwolves,104,106,0,401705473
2025-03-08T01:00:00Z,2025,nba,Oklahoma City Thunder,Portland Trail Blazers,107,89,0,401705474
2025-03-08T03:00:00Z,2025,nba,Denver Nuggets,Phoenix Suns,149,141,0,401705475
2025-03-08T03:00:00Z,2025,nba,Sacramento Kings,San Antonio Spurs,127,109,0,401705476
2025-03-08T03:30:00Z,2025,nba,LA Clippers,New York Knicks,105,95,0,401705477
2025-03-08T23:00:00Z,2025,nba,Charlotte Hornets,Brooklyn Nets,105,102,0,401705478
2025-03-09T00:00:00Z,2025,nba,Houston Rockets,New Orleans Pelicans,146,117,0,401705479
2025-03-09T00:30:00Z,2025,nba,Atlanta Hawks,Indiana Pacers,120,118,0,401705480
2025-03-09T00:30:00Z,2025,nba,Toronto Raptors,Washington Wizards,117,118,0,401705481
2025-03-09T01:00:00Z,2025,nba,Miami Heat,Chicago Bulls,109,114,0,401705482
2025-03-09T01:00:00Z,2025,nba,Milwaukee Bucks,Orlando Magic,109,111,0,401705483
2025-03-09T01:30:00Z,2025,nba,Boston Celtics,Los Angeles Lakers,111,101,0,401705484
2025-03-09T01:30:00Z,2025,nba,Golden State Warriors,Detroit Pistons,115,110,0,401705485
2025-03-09T17:00:00Z,2025,nba,Oklahoma City Thunder,Denver Nuggets,127,103,0,401705486
2025-03-09T19:30:00Z,2025,nba,Dallas Mavericks,Phoenix Suns,116,125,0,401705487
2025-03-09T23:00:00Z,2025,nba,New Orleans Pelicans,Memphis Grizzlies,104,107,0,401705489
2025-03-09T23:30:00Z,2025,nba,Philadelphia 76ers,Utah Jazz,126,122,0,401705490
2025-03-10T00:00:00Z,2025,nba,Milwaukee Bucks,Cleveland Cavaliers,100,112,0,401705488
2025-03-10T00:00:00Z,2025,nba,Minnesota Timberwolves,San Antonio Spurs,141,124,0,401705491
2025-03-10T01:00:00Z,2025,nba,Portland Trail Blazers,Detroit Pistons,112,119,0,401705492
2025-03-10T01:30:00Z,2025,nba,LA Clippers,Sacramento Kings,111,110,0,401705493
2025-03-10T23:30:00Z,2025,nba,Atlanta Hawks,Philadelphia 76ers,132,123,0,401705494
2025-03-10T23:30:00Z,2025,nba,Boston Celtics,Utah Jazz,114,108,0,401705495
2025-03-10T23:30:00Z,2025,nba,Brooklyn Nets,Los Angeles Lakers,111,108,0,401705496
2025-03-10T23:30:00Z,2025,nba,Miami Heat,Charlotte Hornets,102,105,0,401705497
2025-03-10T23:30:00Z,2025,nba,Toronto Raptors,Washington Wizards,119,104,0,401705498
2025-03-11T00:00:00Z,2025,nba,Chicago Bulls,Indiana Pacers,121,103,0,401705499
2025-03-11T00:00:00Z,2025,nba,Houston Rockets,Orlando Magic,97,84,0,401705500
2025-03-11T00:00:00Z,2025,nba,Memphis Grizzlies,Phoenix Suns,120,118,0,401705501
2025-03-11T00:00:00Z,2025,nba,Oklahoma City Thunder,Denver Nuggets,127,140,0,401705502
2025-03-11T00:30:00Z,2025,nba,San Antonio Spurs,Dallas Mavericks,129,133,0,401705503
2025-03-11T02:00:00Z,2025,nba,Golden State Warriors,Portland Trail Blazers,130,120,0,401705504
2025-03-11T02:30:00Z,2025,nba,Sacramento Kings,New York Knicks,104,133,0,401705505
2025-03-11T23:00:00Z,2025,nba,Cleveland Cavaliers,Brooklyn Nets,109,104,0,401705506
2025-03-11T23:00:00Z,2025,nba,Detroit Pistons,Washington Wizards,123,103,0,401705507
2025-03-11T23:30:00Z,2025,nba,Indiana Pacers,Milwaukee Bucks,115,114,0,401705508
2025-03-12T00:00:00Z,2025,nba,New Orleans Pelicans,LA Clippers,127,120,0,401705509
2025-03-12T23:30:00Z,2025,nba,Atlanta Hawks,Charlotte Hornets,123,110,0,401705511
2025-03-12T23:30:00Z,2025,nba,Boston Celtics,Oklahoma City Thunder,112,118,0,401705512
2025-03-12T23:30:00Z,2025,nba,Toronto Raptors,Philadelphia 76ers,118,105,0,401705513
2025-03-13T00:00:00Z,2025,nba,Miami Heat,LA Clippers,104,119,0,401705514
2025-03-13T00:00:00Z,2025,nba,Houston Rockets,Phoenix Suns,111,104,0,401705515
2025-03-13T00:00:00Z,2025,nba,Memphis Grizzlies,Utah Jazz,122,115,0,401705516
2025-03-13T00:00:00Z,2025,nba,San Antonio Spurs,Dallas Mavericks,126,116,0,401705517
2025-03-13T02:00:00Z,2025,nba,Denver Nuggets,Minnesota Timberwolves,95,115,0,401705518
2025-03-13T02:00:00Z,2025,nba,Portland Trail Blazers,New York Knicks,113,114,0,401705519
2025-03-13T23:00:00Z,2025,nba,Detroit Pistons,Washington Wizards,125,129,0,401705520
2025-03-13T23:30:00Z,2025,nba,Milwaukee Bucks,Los Angeles Lakers,126,106,0,401705521
2025-03-14T00:00:00Z,2025,nba,Chicago Bulls,Brooklyn Nets,116,110,0,401705522
2025-03-14T00:00:00Z,2025,nba,New Orleans Pelicans,Orlando Magic,93,113,0,401705707
2025-03-14T02:00:00Z,2025,nba,Golden State Warriors,Sacramento Kings,130,104,0,401705523
2025-03-14T23:00:00Z,2025,nba,Miami Heat,Boston Celtics,91,103,0,401705524
2025-03-14T23:00:00Z,2025,nba,Philadelphia 76ers,Indiana Pacers,100,112,0,401705525
2025-03-14T23:30:00Z,2025,nba,Atlanta Hawks,LA Clippers,98,121,0,401705526
2025-03-15T00:00:00Z,2025,nba,Houston Rockets,Dallas Mavericks,133,96,0,401705527
2025-03-15T00:00:00Z,2025,nba,Memphis Grizzlies,Cleveland Cavaliers,124,133,0,401705528
2025-03-15T00:00:00Z,2025,nba,Minnesota Timberwolves,Orlando Magic,118,111,0,401705529
2025-03-15T00:00:00Z,2025,nba,San Antonio Spurs,Charlotte Hornets,134,145,0,401705530
2025-03-15T01:30:00Z,2025,nba,Denver Nuggets,Los Angeles Lakers,131,126,0,401705531
2025-03-15T01:30:00Z,2025,nba,Utah Jazz,Toronto Raptors,118,126,0,401705532
2025-03-15T02:00:00Z,2025,nba,Phoenix Suns,Sacramento Kings,122,106,0,401705533
2025-03-15T22:00:00Z,2025,nba,Brooklyn Nets,Boston Celtics,113,115,0,401705534
2025-03-15T23:00:00Z,2025,nba,Detroit Pistons,Oklahoma City Thunder,107,113,0,401705535
2025-03-16T00:00:00Z,2025,nba,Houston Rockets,Chicago Bulls,117,114,0,401705536
2025-03-16T00:00:00Z,2025,nba,Memphis Grizzlies,Miami Heat,125,91,0,401705537
2025-03-16T00:00:00Z,2025,nba,Milwaukee Bucks,Indiana Pacers,126,119,0,401705538
2025-03-16T00:30:00Z,2025,nba,San Antonio Spurs,New Orleans Pelicans,119,115,0,401705539
2025-03-16T00:30:00Z,2025,nba,Golden State Warriors,New York Knicks,97,94,0,401705540
2025-03-16T01:00:00Z,2025,nba,Denver Nuggets,Washington Wizards,123,126,0,401705541
2025-03-16T17:00:00Z,2025,nba,Dallas Mavericks,Philadelphia 76ers,125,130,0,401705542
2025-03-16T17:00:00Z,2025,nba,Cleveland Cavaliers,Orlando Magic,103,108,0,401705545
2025-03-16T19:30:00Z,2025,nba,Los Angeles Lakers,Phoenix Suns,107,96,0,401705543
2025-03-16T22:00:00Z,2025,nba,Brooklyn Nets,Atlanta Hawks,122,114,0,401705544
2025-03-16T22:00:00Z,2025,nba,Portland Trail Blazers,Toronto Raptors,105,102,0,401705546
2025-03-16T23:00:00Z,2025,nba,Minnesota Timberwolves,Utah Jazz,128,102,0,401705547
2025-03-16T23:00:00Z,2025,nba,LA Clippers,Charlotte Hornets,123,88,0,401748706
2025-03-17T01:00:00Z,2025,nba,Milwaukee Bucks,Oklahoma City Thunder,105,121,0,401705548
2025-03-17T23:30:00Z,2025,nba,New York Knicks,Miami Heat,116,95,0,401705550
2025-03-18T00:00:00Z,2025,nba,Houston Rockets,Philadelphia 76ers,144,137,0,401705551
2025-03-18T00:00:00Z,2025,nba,Minnesota Timberwolves,Indiana Pacers,130,132,0,401705552
2025-03-18T00:00:00Z,2025,nba,New Orleans Pelicans,Detroit Pistons,81,127,0,401705553
2025-03-18T01:00:00Z,2025,nba,Utah Jazz,Chicago Bulls,97,111,0,401705555
2025-03-18T02:00:00Z,2025,nba,Golden State Warriors,Denver Nuggets,105,114,0,401705556
2025-03-18T02:00:00Z,2025,nba,Phoenix Suns,Toronto Raptors,129,89,0,401705557
2025-03-18T02:00:00Z,2025,nba,Sacramento Kings,Memphis Grizzlies,132,122,0,401705558
2025-03-18T02:00:00Z,2025,nba,Portland Trail Blazers,Washington Wizards,112,97,0,401705561
2025-03-18T02:30:00Z,2025,nba,Los Angeles Lakers,San Antonio Spurs,125,109,0,401754705
2025-03-18T23:00:00Z,2025,nba,Charlotte Hornets,Atlanta Hawks,102,134,0,401705559
2025-03-18T23:30:00Z,2025,nba,Boston Celtics,Brooklyn Nets,104,96,0,401705560
2025-03-19T02:00:00Z,2025,nba,Golden State Warriors,Milwaukee Bucks,104,93,0,401705578
2025-03-19T02:30:00Z,2025,nba,LA Clippers,Cleveland Cavaliers,132,119,0,401705563
2025-03-19T23:00:00Z,2025,nba,Indiana Pacers,Dallas Mavericks,135,131,0,401705564
2025-03-19T23:00:00Z,2025,nba,Orlando Magic,Houston Rockets,108,116,0,401705565
2025-03-19T23:30:00Z,2025,nba,Miami Heat,Detroit Pistons,113,116,0,401705566
2025-03-20T00:00:00Z,2025,nba,Minnesota Timberwolves,New Orleans Pelicans,115,119,0,401705567
2025-03-20T00:00:00Z,2025,nba,Oklahoma City Thunder,Philadelphia 76ers,133,100,0,401705568
2025-03-20T00:00:00Z,2025,nba,San Antonio Spurs,New York Knicks,120,105,0,401705569
2025-03-20T01:00:00Z,2025,nba,Utah Jazz,Washington Wizards,128,112,0,401705193
2025-03-20T02:00:00Z,2025,nba,Los Angeles Lakers,Denver Nuggets,120,108,0,401705572
2025-03-20T02:00:00Z,2025,nba,Phoenix Suns,Chicago Bulls,127,121,0,401705573
2025-03-20T02:00:00Z,2025,nba,Portland Trail Blazers,Memphis Grizzlies,115,99,0,401705574
2025-03-20T02:00:00Z,2025,nba,Sacramento Kings,Cleveland Cavaliers,123,119,0,401705575
2025-03-20T23:00:00Z,2025,nba,Charlotte Hornets,New York Knicks,115,98,0,401705576
2025-03-20T23:00:00Z,2025,nba,Indiana Pacers,Brooklyn Nets,105,99,0,401705577
2025-03-21T02:00:00Z,2025,nba,Golden State Warriors,Toronto Raptors,117,114,0,401705571
2025-03-21T02:00:00Z,2025,nba,Sacramento Kings,Chicago Bulls,116,128,0,401705579
2025-03-21T02:30:00Z,2025,nba,Los Angeles Lakers,Milwaukee Bucks,89,118,0,401705562
2025-03-21T23:00:00Z,2025,nba,Washington Wizards,Orlando Magic,105,120,0,401705580
2025-03-22T00:00:00Z,2025,nba,Miami Heat,Houston Rockets,98,102,0,401705581
2025-03-22T00:00:00Z,2025,nba,Minnesota Timberwolves,New Orleans Pelicans,134,93,0,401705582
2025-03-22T00:00:00Z,2025,nba,Oklahoma City Thunder,Charlotte Hornets,141,106,0,401705583
2025-03-22T00:00:00Z,2025,nba,San Antonio Spurs,Philadelphia 76ers,128,120,0,401705584
2025-03-22T00:30:00Z,2025,nba,Dallas Mavericks,Detroit Pistons,123,117,0,401705585
2025-03-22T01:30:00Z,2025,nba,Utah Jazz,Boston Celtics,99,121,0,401705586
2025-03-22T02:00:00Z,2025,nba,Phoenix Suns,Cleveland Cavaliers,123,112,0,401705587
2025-03-22T02:00:00Z,2025,nba,Portland Trail Blazers,Denver Nuggets,128,109,0,401705588
2025-03-22T02:30:00Z,2025,nba,LA Clippers,Memphis Grizzlies,128,108,0,401705589
2025-03-22T21:00:00Z,2025,nba,Indiana Pacers,Brooklyn Nets,108,103,0,401705590
2025-03-22T23:00:00Z,2025,nba,Atlanta Hawks,Golden State Warriors,124,115,0,401705591
2025-03-23T00:00:00Z,2025,nba,New York Knicks,Washington Wizards,122,103,0,401705592
2025-03-23T02:00:00Z,2025,nba,Sacramento Kings,Milwaukee Bucks,108,114,0,401705593
2025-03-23T02:30:00Z,2025,nba,Los Angeles Lakers,Chicago Bulls,115,146,0,401705594
2025-03-23T19:00:00Z,2025,nba,Detroit Pistons,New Orleans Pelicans,136,130,0,401705595
2025-03-23T19:30:00Z,2025,nba,Utah Jazz,Cleveland Cavaliers,91,120,0,401705596
2025-03-23T22:00:00Z,2025,nba,Atlanta Hawks,Philadelphia 76ers,132,119,0,401705597
2025-03-23T22:00:00Z,2025,nba,Miami Heat,Charlotte Hornets,122,105,0,401705598
2025-03-23T22:00:00Z,2025,nba,Toronto Raptors,San Antonio Spurs,89,123,0,401705599
2025-03-23T22:00:00Z,2025,nba,Portland Trail Blazers,Boston Celtics,116,129,0,401705600
2025-03-23T23:00:00Z,2025,nba,Houston Rockets,Denver Nuggets,111,116,0,401705601
2025-03-24T01:00:00Z,2025,nba,LA Clippers,Oklahoma City Thunder,101,103,0,401705602
2025-03-24T23:00:00Z,2025,nba,Indiana Pacers,Minnesota Timberwolves,119,103,0,401705603
2025-03-24T23:00:00Z,2025,nba,Orlando Magic,Los Angeles Lakers,118,106,0,401705604
2025-03-24T23:00:00Z,2025,nba,Washington Wizards,Toronto Raptors,104,112,0,401705605
2025-03-24T23:30:00Z,2025,nba,Brooklyn Nets,Dallas Mavericks,101,120,0,401705606
2025-03-25T00:00:00Z,2025,nba,New Orleans Pelicans,Philadelphia 76ers,112,99,0,401705607
2025-03-25T01:00:00Z,2025,nba,Denver Nuggets,Chicago Bulls,119,129,0,401705608
2025-03-25T02:00:00Z,2025,nba,Phoenix Suns,Milwaukee Bucks,108,106,0,401705609
2025-03-25T02:00:00Z,2025,nba,Sacramento Kings,Boston Celtics,95,113,0,401705610
2025-03-25T23:00:00Z,2025,nba,Charlotte Hornets,Orlando Magic,104,111,0,401705611
2025-03-25T23:00:00Z,2025,nba,Detroit Pistons,San Antonio Spurs,122,96,0,401705612
2025-03-25T23:30:00Z,2025,nba,Miami Heat,Golden State Warriors,112,86,0,401705613
2025-03-25T23:30:00Z,2025,nba,New York Knicks,Dallas Mavericks,128,113,0,401705614
2025-03-26T00:00:00Z,2025,nba,Houston Rockets,Atlanta Hawks,121,114,0,401705615
2025-03-26T01:00:00Z,2025,nba,Utah Jazz,Memphis Grizzlies,103,140,0,401705616
2025-03-26T02:00:00Z,2025,nba,Portland Trail Blazers,Cleveland Cavaliers,111,122,0,401705617
2025-03-26T02:00:00Z,2025,nba,Sacramento Kings,Oklahoma City Thunder,105,121,0,401705618
2025-03-26T23:00:00Z,2025,nba,Philadelphia 76ers,Washington Wizards,114,119,0,401705619
2025-03-26T23:30:00Z,2025,nba,Brooklyn Nets,Toronto Raptors,86,116,0,401705620
2025-03-26T23:30:00Z,2025,nba,Indiana Pacers,Los Angeles Lakers,119,120,0,401705621
2025-03-26T23:30:00Z,2025,nba,New York Knicks,LA Clippers,113,126,0,401705622
2025-03-27T01:00:00Z,2025,nba,Denver Nuggets,Milwaukee Bucks,127,117,0,401705623
2025-03-27T02:00:00Z,2025,nba,Phoenix Suns,Boston Celtics,102,132,0,401705624
2025-03-27T23:00:00Z,2025,nba,Cleveland Cavaliers,San Antonio Spurs,124,116,0,401705625
2025-03-27T23:00:00Z,2025,nba,Orlando Magic,Dallas Mavericks,92,101,0,401705626
2025-03-27T23:00:00Z,2025,nba,Washington Wizards,Indiana Pacers,109,162,0,401705627
2025-03-27T23:30:00Z,2025,nba,Miami Heat,Atlanta Hawks,122,112,0,401705628
2025-03-28T00:00:00Z,2025,nba,Chicago Bulls,Los Angeles Lakers,119,117,0,401705629
2025-03-28T00:00:00Z,2025,nba,Oklahoma City Thunder,Memphis Grizzlies,125,104,0,401705630
2025-03-28T01:00:00Z,2025,nba,Utah Jazz,Houston Rockets,110,121,0,401705631
2025-03-28T02:00:00Z,2025,nba,Sacramento Kings,Portland Trail Blazers,128,107,0,401705632
2025-03-28T23:00:00Z,2025,nba,Detroit Pistons,Cleveland Cavaliers,133,122,0,401705633
2025-03-28T23:30:00Z,2025,nba,Brooklyn Nets,LA Clippers,100,132,0,401705634
2025-03-28T23:30:00Z,2025,nba,Toronto Raptors,Charlotte Hornets,108,97,0,401705635
2025-03-29T00:00:00Z,2025,nba,Milwaukee Bucks,New York Knicks,107,116,0,401705636
2025-03-29T00:00:00Z,2025,nba,Minnesota Timberwolves,Phoenix Suns,124,109,0,401705637
2025-03-29T00:00:00Z,2025,nba,New Orleans Pelicans,Golden State Warriors,95,111,0,401705638
2025-03-29T01:00:00Z,2025,nba,Denver Nuggets,Utah Jazz,129,93,0,401705639
2025-03-29T21:00:00Z,2025,nba,Orlando Magic,Sacramento Kings,121,91,0,401705640
2025-03-29T23:00:00Z,2025,nba,Washington Wizards,Brooklyn Nets,112,115,0,401705641
2025-03-29T23:30:00Z,2025,nba,Philadelphia 76ers,Miami Heat,95,118,0,401705642
2025-03-30T00:00:00Z,2025,nba,Chicago Bulls,Dallas Mavericks,119,120,0,401705643
2025-03-30T00:00:00Z,2025,nba,Memphis Grizzlies,Los Angeles Lakers,127,134,0,401705644
2025-03-30T00:00:00Z,2025,nba,Oklahoma City Thunder,Indiana Pacers,132,111,0,401705645
2025-03-30T00:00:00Z,2025,nba,San Antonio Spurs,Boston Celtics,111,121,0,401705646
2025-03-30T19:30:00Z,2025,nba,Cleveland Cavaliers,LA Clippers,127,122,0,401705647
2025-03-30T22:00:00Z,2025,nba,New York Knicks,Portland Trail Blazers,110,93,0,401705648
2025-03-30T23:00:00Z,2025,nba,Milwaukee Bucks,Atlanta Hawks,124,145,0,401705649
2025-03-30T23:00:00Z,2025,nba,Minnesota Timberwolves,Detroit Pistons,123,104,0,401705650
2025-03-30T23:00:00Z,2025,nba,New Orleans Pelicans,Charlotte Hornets,98,94,0,401705651
2025-03-30T23:00:00Z,2025,nba,San Antonio Spurs,Golden State Warriors,106,148,0,401705652
2025-03-30T23:30:00Z,2025,nba,Philadelphia 76ers,Toronto Raptors,109,127,0,401705653
2025-03-31T01:00:00Z,2025,nba,Phoenix Suns,Houston Rockets,109,148,0,401705654
2025-03-31T23:00:00Z,2025,nba,Charlotte Hornets,Utah Jazz,110,106,0,401705655
2025-03-31T23:00:00Z,2025,nba,Indiana Pacers,Sacramento Kings,111,109,0,401705656
2025-03-31T23:00:00Z,2025,nba,Orlando Magic,LA Clippers,87,96,0,401705657
2025-03-31T23:00:00Z,2025,nba,Washington Wizards,Miami Heat,94,120,0,401705658
2025-03-31T23:30:00Z,2025,nba,Memphis Grizzlies,Boston Celtics,103,117,0,401705659
2025-04-01T00:00:00Z,2025,nba,Oklahoma City Thunder,Chicago Bulls,145,117,0,401705660
2025-04-01T00:30:00Z,2025,nba,Dallas Mavericks,Brooklyn Nets,109,113,0,401705661
2025-04-01T02:00:00Z,2025,nba,Los Angeles Lakers,Houston Rockets,104,98,0,401705662
2025-04-01T23:30:00Z,2025,nba,Atlanta Hawks,Portland Trail Blazers,113,127,0,401705663
2025-04-01T23:30:00Z,2025,nba,New York Knicks,Philadelphia 76ers,105,91,0,401705664
2025-04-01T23:30:00Z,2025,nba,Milwaukee Bucks,Phoenix Suns,133,123,0,401705667
2025-04-02T00:00:00Z,2025,nba,San Antonio Spurs,Orlando Magic,105,116,0,401705554
2025-04-02T00:00:00Z,2025,nba,Chicago Bulls,Toronto Raptors,137,118,0,401705665
2025-04-02T00:00:00Z,2025,nba,Memphis Grizzlies,Golden State Warriors,125,134,0,401705666
2025-04-02T02:00:00Z,2025,nba,Denver Nuggets,Minnesota Timberwolves,139,140,0,401705668
2025-04-02T23:00:00Z,2025,nba,Cleveland Cavaliers,New York Knicks,124,105,0,401705669
2025-04-02T23:00:00Z,2025,nba,Indiana Pacers,Charlotte Hornets,119,105,0,401705670
2025-04-02T23:00:00Z,2025,nba,Washington Wizards,Sacramento Kings,116,111,0,401705671
2025-04-02T23:30:00Z,2025,nba,Boston Celtics,Miami Heat,103,124,0,401705672
2025-04-03T00:00:00Z,2025,nba,Houston Rockets,Utah Jazz,143,105,0,401705673
2025-04-03T00:30:00Z,2025,nba,Dallas Mavericks,Atlanta Hawks,120,118,0,401705675
2025-04-03T01:00:00Z,2025,nba,Denver Nuggets,San Antonio Spurs,106,113,0,401705676
2025-04-03T01:30:00Z,2025,nba,Oklahoma City Thunder,Detroit Pistons,119,103,0,401705674
2025-04-03T02:30:00Z,2025,nba,LA Clippers,New Orleans Pelicans,114,98,0,401705677
2025-04-03T23:00:00Z,2025,nba,Washington Wizards,Orlando Magic,97,109,0,401705678
2025-04-03T23:00:00Z,2025,nba,Philadelphia 76ers,Milwaukee Bucks,113,126,0,401705681
2025-04-03T23:30:00Z,2025,nba,Brooklyn Nets,Minnesota Timberwolves,90,105,0,401705679
2025-04-03T23:30:00Z,2025,nba,Miami Heat,Memphis Grizzlies,108,110,0,401705680
2025-04-03T23:30:00Z,2025,nba,Toronto Raptors,Portland Trail Blazers,103,112,0,401705682
2025-04-04T02:00:00Z,2025,nba,Los Angeles Lakers,Golden State Warriors,116,123,0,401705683
2025-04-04T23:00:00Z,2025,nba,Charlotte Hornets,Sacramento Kings,102,125,0,401705684
2025-04-04T23:00:00Z,2025,nba,Indiana Pacers,Utah Jazz,140,112,0,401705685
2025-04-04T23:30:00Z,2025,nba,Boston Celtics,Phoenix Suns,123,103,0,401705686
2025-04-04T23:30:00Z,2025,nba,Toronto Raptors,Detroit Pistons,105,117,0,401705687
2025-04-05T00:00:00Z,2025,nba,Chicago Bulls,Portland Trail Blazers,118,113,0,401705688
2025-04-05T00:00:00Z,2025,nba,Houston Rockets,Oklahoma City Thunder,125,111,0,401705689
2025-04-05T00:00:00Z,2025,nba,San Antonio Spurs,Cleveland Cavaliers,113,114,0,401705690
2025-04-05T02:00:00Z,2025,nba,Golden State Warriors,Denver Nuggets,118,104,0,401705691
2025-04-05T02:30:00Z,2025,nba,Los Angeles Lakers,New Orleans Pelicans,124,108,0,401705692
2025-04-05T02:30:00Z,2025,nba,LA Clippers,Dallas Mavericks,114,91,0,401705693
2025-04-05T19:00:00Z,2025,nba,Atlanta Hawks,New York Knicks,105,121,0,401705694
2025-04-05T23:00:00Z,2025,nba,Detroit Pistons,Memphis Grizzlies,103,109,0,401705695
2025-04-05T23:00:00Z,2025,nba,Philadelphia 76ers,Minnesota Timberwolves,109,114,0,401705696
2025-04-06T00:00:00Z,2025,nba,Miami Heat,Milwaukee Bucks,115,121,0,401705697
2025-04-06T02:30:00Z,2025,nba,LA Clippers,Dallas Mavericks,135,104,0,401705698
2025-04-06T17:00:00Z,2025,nba,Charlotte Hornets,Chicago Bulls,117,131,0,401705699
2025-04-06T19:30:00Z,2025,nba,Brooklyn Nets,Toronto Raptors,109,120,0,401705700
2025-04-06T19:30:00Z,2025,nba,Oklahoma City Thunder,Los Angeles Lakers,99,126,0,401705701
2025-04-06T22:00:00Z,2025,nba,Atlanta Hawks,Utah Jazz,147,134,0,401705702
2025-04-06T22:00:00Z,2025,nba,Boston Celtics,Washington Wizards,124,90,0,401705703
2025-04-06T22:00:00Z,2025,nba,Cleveland Cavaliers,Sacramento Kings,113,120,0,401705704
2025-04-06T22:00:00Z,2025,nba,Portland Trail Blazers,San Antonio Spurs,120,109,0,401705705
2025-04-06T23:00:00Z,2025,nba,New York Knicks,Phoenix Suns,112,98,0,401705706
2025-04-07T00:00:00Z,2025,nba,Denver Nuggets,Indiana Pacers,120,125,0,401705708
2025-04-07T00:30:00Z,2025,nba,Golden State Warriors,Houston Rockets,96,106,0,401705709
2025-04-07T00:30:00Z,2025,nba,New Orleans Pelicans,Milwaukee Bucks,107,111,0,401754706
2025-04-07T23:00:00Z,2025,nba,Detroit Pistons,Sacramento Kings,117,127,0,401705710
2025-04-07T23:30:00Z,2025,nba,Miami Heat,Philadelphia 76ers,117,105,0,401705711
2025-04-08T23:00:00Z,2025,nba,Charlotte Hornets,Memphis Grizzlies,100,124,0,401705712
2025-04-08T23:00:00Z,2025,nba,Cleveland Cavaliers,Chicago Bulls,135,113,0,401705713
2025-04-08T23:00:00Z,2025,nba,Indiana Pacers,Washington Wizards,104,98,0,401705714
2025-04-08T23:00:00Z,2025,nba,Orlando Magic,Atlanta Hawks,119,112,0,401705715
2025-04-08T23:30:00Z,2025,nba,Brooklyn Nets,New Orleans Pelicans,119,114,0,401705716
2025-04-08T23:30:00Z,2025,nba,New York Knicks,Boston Celtics,117,119,0,401705717
2025-04-09T00:00:00Z,2025,nba,Milwaukee Bucks,Minnesota Timberwolves,110,103,0,401705718
2025-04-09T00:00:00Z,2025,nba,Oklahoma City Thunder,Los Angeles Lakers,136,120,0,401705719
2025-04-09T02:00:00Z,2025,nba,Phoenix Suns,Golden State Warriors,95,133,0,401705720
2025-04-09T02:30:00Z,2025,nba,LA Clippers,San Antonio Spurs,122,117,0,401705721
2025-04-09T23:00:00Z,2025,nba,Orlando Magic,Boston Celtics,96,76,0,401705722
2025-04-09T23:00:00Z,2025,nba,Washington Wizards,Philadelphia 76ers,103,122,0,401705723
2025-04-09T23:30:00Z,2025,nba,Toronto Raptors,Charlotte Hornets,126,96,0,401705724
2025-04-09T23:30:00Z,2025,nba,Dallas Mavericks,Los Angeles Lakers,97,112,0,401705725
2025-04-10T00:00:00Z,2025,nba,Chicago Bulls,Miami Heat,119,111,0,401705726
2025-04-10T01:00:00Z,2025,nba,Utah Jazz,Portland Trail Blazers,133,126,0,401705728
2025-04-10T02:00:00Z,2025,nba,Golden State Warriors,San Antonio Spurs,111,114,0,401705729
2025-04-10T02:00:00Z,2025,nba,Phoenix Suns,Oklahoma City Thunder,112,125,0,401705730
2025-04-10T02:00:00Z,2025,nba,Sacramento Kings,Denver Nuggets,116,124,0,401705731
2025-04-10T02:30:00Z,2025,nba,LA Clippers,Houston Rockets,134,117,0,401705732
2025-04-10T23:00:00Z,2025,nba,Detroit Pistons,New York Knicks,115,106,0,401705733
2025-04-10T23:00:00Z,2025,nba,Indiana Pacers,Cleveland Cavaliers,114,112,0,401705734
2025-04-10T23:30:00Z,2025,nba,Brooklyn Nets,Atlanta Hawks,109,133,0,401705735
2025-04-11T00:00:00Z,2025,nba,Milwaukee Bucks,New Orleans Pelicans,136,111,0,401705727
2025-04-11T01:30:00Z,2025,nba,Memphis Grizzlies,Minnesota Timberwolves,125,141,0,401705736
2025-04-11T23:00:00Z,2025,nba,Detroit Pistons,Milwaukee Bucks,119,125,0,401705737
2025-04-11T23:00:00Z,2025,nba,Indiana Pacers,Orlando Magic,115,129,0,401705738
2025-04-11T23:00:00Z,2025,nba,Philadelphia 76ers,Atlanta Hawks,110,124,0,401705739
2025-04-11T23:30:00Z,2025,nba,Boston Celtics,Charlotte Hornets,130,94,0,401705740
2025-04-11T23:30:00Z,2025,nba,New York Knicks,Cleveland Cavaliers,102,108,0,401705741
2025-04-12T00:00:00Z,2025,nba,Chicago Bulls,Washington Wizards,119,89,0,401705742
2025-04-12T00:00:00Z,2025,nba,New Orleans Pelicans,Miami Heat,104,153,0,401705743
2025-04-12T00:30:00Z,2025,nba,Dallas Mavericks,Toronto Raptors,124,102,0,401705744
2025-04-12T01:00:00Z,2025,nba,Minnesota Timberwolves,Brooklyn Nets,117,91,0,401705745
2025-04-12T01:00:00Z,2025,nba,Denver Nuggets,Memphis Grizzlies,117,109,0,401705746
2025-04-12T01:30:00Z,2025,nba,Utah Jazz,Oklahoma City Thunder,111,145,0,401705747
2025-04-12T02:00:00Z,2025,nba,Phoenix Suns,San Antonio Spurs,117,98,0,401705748
2025-04-12T02:00:00Z,2025,nba,Portland Trail Blazers,Golden State Warriors,86,103,0,401705749
2025-04-12T02:00:00Z,2025,nba,Sacramento Kings,LA Clippers,100,101,0,401705750
2025-04-12T02:30:00Z,2025,nba,Los Angeles Lakers,Houston Rockets,140,109,0,401705751
2025-04-13T17:00:00Z,2025,nba,Atlanta Hawks,Orlando Magic,117,105,0,401705752
2025-04-13T17:00:00Z,2025,nba,Boston Celtics,Charlotte Hornets,93,86,0,401705753
2025-04-13T17:00:00Z,2025,nba,Brooklyn Nets,New York Knicks,105,113,0,401705754
2025-04-13T17:00:00Z,2025,nba,Cleveland Cavaliers,Indiana Pacers,118,126,0,401705755
2025-04-13T17:00:00Z,2025,nba,Miami Heat,Washington Wizards,118,119,0,401705756
2025-04-13T17:00:00Z,2025,nba,Philadelphia 76ers,Chicago Bulls,102,122,0,401705757
2025-04-13T17:00:00Z,2025,nba,Milwaukee Bucks,Detroit Pistons,140,133,0,401705758
2025-04-13T19:30:00Z,2025,nba,Houston Rockets,Denver Nuggets,111,126,0,401705759
2025-04-13T19:30:00Z,2025,nba,Memphis Grizzlies,Dallas Mavericks,132,97,0,401705760
2025-04-13T19:30:00Z,2025,nba,Minnesota Timberwolves,Utah Jazz,116,105,0,401705761
2025-04-13T19:30:00Z,2025,nba,New Orleans Pelicans,Oklahoma City Thunder,100,115,0,401705762
2025-04-13T19:30:00Z,2025,nba,San Antonio Spurs,Toronto Raptors,125,118,0,401705763
2025-04-13T19:30:00Z,2025,nba,Golden State Warriors,LA Clippers,119,124,0,401705764
2025-04-13T19:30:00Z,2025,nba,Portland Trail Blazers,Los Angeles Lakers,109,81,0,401705765
2025-04-13T19:30:00Z,2025,nba,Sacramento Kings,Phoenix Suns,109,98,0,401705766
2025-04-15T23:30:00Z,2025,nba,Orlando Magic,Atlanta Hawks,120,95,0,401766458
2025-04-16T02:00:00Z,2025,nba,Golden State Warriors,Memphis Grizzlies,121,116,0,401766459
2025-04-16T23:30:00Z,2025,nba,Chicago Bulls,Miami Heat,90,109,0,401766460
2025-04-17T02:00:00Z,2025,nba,Sacramento Kings,Dallas Mavericks,106,120,0,401766461
2025-04-18T23:00:00Z,2025,nba,Atlanta Hawks,Miami Heat,114,123,0,401766462
2025-04-19T01:30:00Z,2025,nba,Memphis Grizzlies,Dallas Mavericks,120,106,0,401766463
2025-04-19T17:00:00Z,2025,nba,Indiana Pacers,Milwaukee Bucks,117,98,0,401767817
2025-04-19T19:30:00Z,2025,nba,Denver Nuggets,LA Clippers,112,110,0,401767819
2025-04-19T22:00:00Z,2025,nba,New York Knicks,Detroit Pistons,123,112,0,401767820
2025-04-20T00:30:00Z,2025,nba,Los Angeles Lakers,Minnesota Timberwolves,95,117,0,401767821
2025-04-20T17:00:00Z,2025,nba,Oklahoma City Thunder,Memphis Grizzlies,131,80,0,401767818
2025-04-20T19:30:00Z,2025,nba,Boston Celtics,Orlando Magic,103,86,0,401767822
2025-04-20T23:00:00Z,2025,nba,Cleveland Cavaliers,Miami Heat,121,100,0,401767816
2025-04-21T01:30:00Z,2025,nba,Houston Rockets,Golden State Warriors,85,95,0,401767823
2025-04-21T23:30:00Z,2025,nba,New York Knicks,Detroit Pistons,94,100,0,401768041
2025-04-22T02:00:00Z,2025,nba,Denver Nuggets,LA Clippers,102,105,0,401768061
2025-04-22T23:00:00Z,2025,nba,Indiana Pacers,Milwaukee Bucks,123,115,0,401768047
2025-04-22T23:30:00Z,2025,nba,Oklahoma City Thunder,Memphis Grizzlies,118,99,0,401767903
2025-04-23T02:00:00Z,2025,nba,Los Angeles Lakers,Minnesota Timberwolves,94,85,0,401767915
2025-04-23T23:00:00Z,2025,nba,Boston Celtics,Orlando Magic,109,100,0,401768029
2025-04-23T23:30:00Z,2025,nba,Cleveland Cavaliers,Miami Heat,121,112,0,401768035
2025-04-24T01:30:00Z,2025,nba,Houston Rockets,Golden State Warriors,109,94,0,401767909
2025-04-24T23:00:00Z,2025,nba,Detroit Pistons,New York Knicks,116,118,0,401768042
2025-04-25T01:30:00Z,2025,nba,Memphis Grizzlies,Oklahoma City Thunder,108,114,0,401767904
2025-04-25T02:00:00Z,2025,nba,LA Clippers,Denver Nuggets,117,83,0,401768062
2025-04-25T23:00:00Z,2025,nba,Orlando Magic,Boston Celtics,95,93,0,401768030
2025-04-26T00:00:00Z,2025,nba,Milwaukee Bucks,Indiana Pacers,117,101,0,401768048
2025-04-26T01:53:00Z,2025,nba,Minnesota Timberwolves,Los Angeles Lakers,116,104,0,401768056
2025-04-26T17:00:00Z,2025,nba,Miami Heat,Cleveland Cavaliers,87,124,0,401768036
2025-04-26T19:30:00Z,2025,nba,Memphis Grizzlies,Oklahoma City Thunder,115,117,0,401767905
2025-04-26T22:00:00Z,2025,nba,LA Clippers,Denver Nuggets,99,101,0,401768063
2025-04-27T00:30:00Z,2025,nba,Golden State Warriors,Houston Rockets,104,93,0,401767910
2025-04-27T17:00:00Z,2025,nba,Detroit Pistons,New York Knicks,93,94,0,401768043
2025-04-27T19:50:00Z,2025,nba,Minnesota Timberwolves,Los Angeles Lakers,116,113,0,401768057
2025-04-27T23:00:00Z,2025,nba,Orlando Magic,Boston Celtics,98,107,0,401768031
2025-04-28T01:30:00Z,2025,nba,Milwaukee Bucks,Indiana Pacers,103,129,0,401768049
2025-04-28T23:30:00Z,2025,nba,Miami Heat,Cleveland Cavaliers,83,138,0,401768037
2025-04-29T02:00:00Z,2025,nba,Golden State Warriors,Houston Rockets,109,106,0,401767911
2025-04-29T22:00:00Z,2025,nba,Indiana Pacers,Milwaukee Bucks,119,118,0,401768050
2025-04-29T23:30:00Z,2025,nba,New York Knicks,Detroit Pistons,103,106,0,401768044
2025-04-30T00:30:00Z,2025,nba,Boston Celtics,Orlando Magic,120,89,0,401768032
2025-04-30T02:00:00Z,2025,nba,Denver Nuggets,LA Clippers,131,115,0,401768064
2025-04-30T23:30:00Z,2025,nba,Houston Rockets,Golden State Warriors,131,116,0,401767912
2025-05-01T02:00:00Z,2025,nba,Los Angeles Lakers,Minnesota Timberwolves,96,103,0,401768058
2025-05-01T23:30:00Z,2025,nba,Detroit Pistons,New York Knicks,113,116,0,401768045
2025-05-02T02:00:00Z,2025,nba,LA Clippers,Denver Nuggets,111,105,0,401768065
2025-05-03T01:00:00Z,2025,nba,Golden State Warriors,Houston Rockets,107,115,0,401767913
2025-05-03T23:30:00Z,2025,nba,Denver Nuggets,LA Clippers,120,101,0,401768066
2025-05-04T22:00:00Z,2025,nba,Cleveland Cavaliers,Indiana Pacers,112,121,0,401769689
2025-05-05T00:30:00Z,2025,nba,Houston Rockets,Golden State Warriors,89,103,0,401767914
2025-05-05T23:00:00Z,2025,nba,Boston Celtics,New York Knicks,105,108,0,401769746
2025-05-06T01:30:00Z,2025,nba,Oklahoma City Thunder,Denver Nuggets,119,121,0,401769820
2025-05-06T23:00:00Z,2025,nba,Cleveland Cavaliers,Indiana Pacers,119,120,0,401769740
2025-05-07T01:30:00Z,2025,nba,Minnesota Timberwolves,Golden State Warriors,88,99,0,401769837
2025-05-07T23:00:00Z,2025,nba,Boston Celtics,New York Knicks,90,91,0,401769747
2025-05-08T01:30:00Z,2025,nba,Oklahoma City Thunder,Denver Nuggets,149,106,0,401769821
2025-05-09T00:30:00Z,2025,nba,Minnesota Timberwolves,Golden State Warriors,117,93,0,401769838
2025-05-09T23:30:00Z,2025,nba,Indiana Pacers,Cleveland Cavaliers,104,126,0,401769741
2025-05-10T02:25:00Z,2025,nba,Denver Nuggets,Oklahoma City Thunder,113,104,0,401769822
2025-05-10T19:30:00Z,2025,nba,New York Knicks,Boston Celtics,93,115,0,401769748
2025-05-11T00:30:00Z,2025,nba,Golden State Warriors,Minnesota Timberwolves,97,102,0,401769839
2025-05-11T19:30:00Z,2025,nba,Denver Nuggets,Oklahoma City Thunder,87,92,0,401769823
2025-05-12T00:00:00Z,2025,nba,Indiana Pacers,Cleveland Cavaliers,129,109,0,401769742
2025-05-12T23:30:00Z,2025,nba,New York Knicks,Boston Celtics,121,113,0,401769749
2025-05-13T02:00:00Z,2025,nba,Golden State Warriors,Minnesota Timberwolves,110,117,0,401769840
2025-05-13T23:00:00Z,2025,nba,Cleveland Cavaliers,Indiana Pacers,105,114,0,401769743
2025-05-14T01:30:00Z,2025,nba,Oklahoma City Thunder,Denver Nuggets,112,105,0,401769990
2025-05-14T23:00:00Z,2025,nba,Boston Celtics,New York Knicks,127,102,0,401769750
2025-05-15T01:30:00Z,2025,nba,Minnesota Timberwolves,Golden State Warriors,121,110,0,401769987
2025-05-16T00:30:00Z,2025,nba,Denver Nuggets,Oklahoma City Thunder,119,107,0,401769991
2025-05-17T00:00:00Z,2025,nba,New York Knicks,Boston Celtics,119,81,0,401769751
2025-05-18T19:30:00Z,2025,nba,Oklahoma City Thunder,Denver Nuggets,125,93,0,401769992
2025-05-21T00:30:00Z,2025,nba,Oklahoma City Thunder,Minnesota Timberwolves,114,88,0,401773148
2025-05-22T00:00:00Z,2025,nba,New York Knicks,Indiana Pacers,135,138,0,401772989
2025-05-23T00:30:00Z,2025,nba,Oklahoma City Thunder,Minnesota Timberwolves,118,103,0,401773149
2025-05-24T00:00:00Z,2025,nba,New York Knicks,Indiana Pacers,109,114,0,401772990
2025-05-25T00:30:00Z,2025,nba,Minnesota Timberwolves,Oklahoma City Thunder,143,101,0,401773150
2025-05-26T00:00:00Z,2025,nba,Indiana Pacers,New York Knicks,100,106,0,401772991
2025-05-27T00:30:00Z,2025,nba,Minnesota Timberwolves,Oklahoma City Thunder,126,128,0,401773151
2025-05-28T00:00:00Z,2025,nba,Indiana Pacers,New York Knicks,130,121,0,401772992
2025-05-29T00:30:00Z,2025,nba,Oklahoma City Thunder,Minnesota Timberwolves,124,94,0,401773152
2025-05-30T00:00:00Z,2025,nba,New York Knicks,Indiana Pacers,111,94,0,401772993
2025-06-01T00:00:00Z,2025,nba,Indiana Pacers,New York Knicks,125,108,0,401772994
2025-06-06T00:30:00Z,2025,nba,Oklahoma City Thunder,Indiana Pacers,110,111,0,401766122
2025-06-09T00:00:00Z,2025,nba,Oklahoma City Thunder,Indiana Pacers,123,107,0,401766123
2025-06-12T00:30:00Z,2025,nba,Indiana Pacers,Oklahoma City Thunder,116,107,0,401766124
2025-06-14T00:30:00Z,2025,nba,Indiana Pacers,Oklahoma City Thunder,104,111,0,401766125
2025-06-17T00:30:00Z,2025,nba,Oklahoma City Thunder,Indiana Pacers,120,109,0,401766126
2025-06-20T00:30:00Z,2025,nba,Indiana Pacers,Oklahoma City Thunder,108,91,0,401766127
2025-06-23T00:00:00Z,2025,nba,Oklahoma City Thunder,Indiana Pacers,103,91,0,401766128
2025-10-21T23:30:00Z,2026,nba,Oklahoma City Thunder,Houston Rockets,125,124,0,401809243
2025-10-22T02:00:00Z,2026,nba,Los Angeles Lakers,Golden State Warriors,109,119,0,401809244
2025-10-22T23:00:00Z,2026,nba,New York Knicks,Cleveland Cavaliers,119,111,0,401809234
2025-10-22T23:00:00Z,2026,nba,Charlotte Hornets,Brooklyn Nets,136,117,0,401809933
2025-10-22T23:00:00Z,2026,nba,Orlando Magic,Miami Heat,125,121,0,401809934
2025-10-22T23:30:00Z,2026,nba,Atlanta Hawks,Toronto Raptors,118,138,0,401809935
2025-10-22T23:30:00Z,2026,nba,Boston Celtics,Philadelphia 76ers,116,117,0,401809936
2025-10-23T00:00:00Z,2026,nba,Chicago Bulls,Detroit Pistons,115,111,0,401809937
2025-10-23T00:00:00Z,2026,nba,Memphis Grizzlies,New Orleans Pelicans,128,122,0,401809938
2025-10-23T00:00:00Z,2026,nba,Milwaukee Bucks,Washington Wizards,133,120,0,401809939
2025-10-23T01:00:00Z,2026,nba,Utah Jazz,LA Clippers,129,108,0,401809940
2025-10-23T01:47:00Z,2026,nba,Dallas Mavericks,San Antonio Spurs,92,125,0,401809235
2025-10-23T02:00:00Z,2026,nba,Phoenix Suns,Sacramento Kings,120,116,0,401809941
2025-10-23T02:00:00Z,2026,nba,Portland Trail Blazers,Minnesota Timberwolves,114,118,0,401809942
2025-10-23T23:30:00Z,2026,nba,Indiana Pacers,Oklahoma City Thunder,135,141,0,401809236
2025-10-24T02:17:00Z,2026,nba,Golden State Warriors,Denver Nuggets,137,131,0,401809237
2025-10-24T22:30:00Z,2026,nba,Toronto Raptors,Milwaukee Bucks,116,122,0,401809946
2025-10-24T23:00:00Z,2026,nba,Orlando Magic,Atlanta Hawks,107,111,0,401809943
2025-10-24T23:30:00Z,2026,nba,Brooklyn Nets,Cleveland Cavaliers,124,131,0,401809944
2025-10-24T23:30:00Z,2026,nba,New York Knicks,Boston Celtics,105,95,0,401809945
2025-10-25T00:00:00Z,2026,nba,Houston Rockets,Detroit Pistons,111,115,0,401809947
2025-10-25T00:00:00Z,2026,nba,Memphis Grizzlies,Miami Heat,114,146,0,401809948
2025-10-25T00:00:00Z,2026,nba,New Orleans Pelicans,San Antonio Spurs,116,120,0,401809949
2025-10-25T00:30:00Z,2026,nba,Dallas Mavericks,Washington Wizards,107,117,0,401809950
2025-10-25T02:00:00Z,2026,nba,Los Angeles Lakers,Minnesota Timberwolves,128,110,0,401809951
2025-10-25T02:00:00Z,2026,nba,Portland Trail Blazers,Golden State Warriors,139,119,0,401809952
2025-10-25T02:00:00Z,2026,nba,Sacramento Kings,Utah Jazz,105,104,0,401809953
2025-10-25T02:30:00Z,2026,nba,LA Clippers,Phoenix Suns,129,102,0,401809954
2025-10-25T23:00:00Z,2026,nba,Orlando Magic,Chicago Bulls,98,110,0,401809955
2025-10-25T23:30:00Z,2026,nba,Atlanta Hawks,Oklahoma City Thunder,100,117,0,401809956
2025-10-25T23:30:00Z,2026,nba,Philadelphia 76ers,Charlotte Hornets,125,121,0,401809957
2025-10-26T00:00:00Z,2026,nba,Memphis Grizzlies,Indiana Pacers,128,103,0,401809958
2025-10-26T01:00:00Z,2026,nba,Denver Nuggets,Phoenix Suns,133,111,0,401809959
2025-10-26T18:00:00Z,2026,nba,San Antonio Spurs,Brooklyn Nets,118,107,0,401809960
2025-10-26T19:30:00Z,2026,nba,Detroit Pistons,Boston Celtics,119,113,0,401809961
2025-10-26T22:00:00Z,2026,nba,Cleveland Cavaliers,Milwaukee Bucks,118,113,0,401809962
2025-10-26T22:00:00Z,2026,nba,Miami Heat,New York Knicks,115,107,0,401809963
2025-10-26T22:00:00Z,2026,nba,Washington Wizards,Charlotte Hornets,113,139,0,401809964
2025-10-26T23:00:00Z,2026,nba,Minnesota Timberwolves,Indiana Pacers,114,110,0,401809965
2025-10-26T23:30:00Z,2026,nba,Dallas Mavericks,Toronto Raptors,139,129,0,401809966
2025-10-27T01:00:00Z,2026,nba,LA Clippers,Portland Trail Blazers,114,107,0,401809967
2025-10-27T01:00:00Z,2026,nba,Sacramento Kings,Los Angeles Lakers,120,127,0,401809968
2025-10-27T23:00:00Z,2026,nba,Detroit Pistons,Cleveland Cavaliers,95,116,0,401809245
2025-10-27T23:00:00Z,2026,nba,Philadelphia 76ers,Orlando Magic,136,124,0,401809969
2025-10-28T00:00:00Z,2026,nba,Chicago Bulls,Atlanta Hawks,128,123,0,401809970
2025-10-28T00:00:00Z,2026,nba,Houston Rockets,Brooklyn Nets,137,109,0,401809971
2025-10-28T00:00:00Z,2026,nba,New Orleans Pelicans,Boston Celtics,90,122,0,401809972
2025-10-28T00:00:00Z,2026,nba,San Antonio Spurs,Toronto Raptors,121,103,0,401809973
2025-10-28T00:30:00Z,2026,nba,Dallas Mavericks,Oklahoma City Thunder,94,101,0,401809974
2025-10-28T01:00:00Z,2026,nba,Utah Jazz,Phoenix Suns,138,134,0,401809975
2025-10-28T01:30:00Z,2026,nba,Minnesota Timberwolves,Denver Nuggets,114,127,0,401809246
2025-10-28T02:00:00Z,2026,nba,Golden State Warriors,Memphis Grizzlies,131,118,0,401809976
2025-10-28T02:30:00Z,2026,nba,Los Angeles Lakers,Portland Trail Blazers,108,122,0,401809977
2025-10-28T23:00:00Z,2026,nba,Washington Wizards,Philadelphia 76ers,134,139,0,401809978
2025-10-28T23:30:00Z,2026,nba,Miami Heat,Charlotte Hornets,144,117,0,401809979
2025-10-29T00:00:00Z,2026,nba,Milwaukee Bucks,New York Knicks,121,111,0,401809980
2025-10-29T00:00:00Z,2026,nba,Oklahoma City Thunder,Sacramento Kings,107,101,0,401809981
2025-10-29T03:00:00Z,2026,nba,Golden State Warriors,LA Clippers,98,79,0,401809982
2025-10-29T22:30:00Z,2026,nba,Toronto Raptors,Houston Rockets,121,139,0,401809986
2025-10-29T23:00:00Z,2026,nba,Boston Celtics,Cleveland Cavaliers,125,105,0,401809983
2025-10-29T23:00:00Z,2026,nba,Detroit Pistons,Orlando Magic,135,116,0,401809984
2025-10-29T23:30:00Z,2026,nba,Brooklyn Nets,Atlanta Hawks,112,117,0,401809985
2025-10-30T00:00:00Z,2026,nba,Chicago Bulls,Sacramento Kings,126,113,0,401809987
2025-10-30T00:30:00Z,2026,nba,Dallas Mavericks,Indiana Pacers,107,105,0,401809988
2025-10-30T01:00:00Z,2026,nba,Denver Nuggets,New Orleans Pelicans,122,88,0,401809989
2025-10-30T01:00:00Z,2026,nba,Utah Jazz,Portland Trail Blazers,134,136,0,401809990
2025-10-30T01:30:00Z,2026,nba,Minnesota Timberwolves,Los Angeles Lakers,115,116,0,401809991
2025-10-30T02:00:00Z,2026,nba,Phoenix Suns,Memphis Grizzlies,113,114,0,401809992
2025-10-30T23:00:00Z,2026,nba,Charlotte Hornets,Orlando Magic,107,123,0,401809993
2025-10-31T00:00:00Z,2026,nba,Milwaukee Bucks,Golden State Warriors,120,110,0,401809994
2025-10-31T00:00:00Z,2026,nba,Oklahoma City Thunder,Washington Wizards,127,108,0,401809995
2025-10-31T00:30:00Z,2026,nba,San Antonio Spurs,Miami Heat,107,101,0,401809996
2025-10-31T23:00:00Z,2026,nba,Indiana Pacers,Atlanta Hawks,108,128,0,401809502
2025-10-31T23:00:00Z,2026,nba,Philadelphia 76ers,Boston Celtics,108,109,0,401809503
2025-10-31T23:30:00Z,2026,nba,Cleveland Cavaliers,Toronto Raptors,101,112,0,401809504
2025-11-01T00:00:00Z,2026,nba,Chicago Bulls,New York Knicks,135,125,0,401809505
2025-11-01T01:30:00Z,2026,nba,Memphis Grizzlies,Los Angeles Lakers,112,117,0,401809506
2025-11-01T02:00:00Z,2026,nba,Phoenix Suns,Utah Jazz,118,96,0,401809507
2025-11-01T02:00:00Z,2026,nba,Portland Trail Blazers,Denver Nuggets,109,107,0,401809508
2025-11-01T02:30:00Z,2026,nba,LA Clippers,New Orleans Pelicans,126,124,0,401809509
2025-11-01T21:00:00Z,2026,nba,Milwaukee Bucks,Sacramento Kings,133,135,0,401809997
2025-11-01T22:00:00Z,2026,nba,Charlotte Hornets,Minnesota Timberwolves,105,122,0,401809998
2025-11-01T23:00:00Z,2026,nba,Indiana Pacers,Golden State Warriors,114,109,0,401809999
2025-11-01T23:00:00Z,2026,nba,Washington Wizards,Orlando Magic,94,125,0,401810000
2025-11-02T00:00:00Z,2026,nba,Boston Celtics,Houston Rockets,101,128,0,401810001
2025-11-02T02:00:00Z,2026,nba,Detroit Pistons,Dallas Mavericks,122,110,1,401810002
2025-11-02T20:30:00Z,2026,nba,Oklahoma City Thunder,New Orleans Pelicans,137,106,0,401810003
2025-11-02T23:00:00Z,2026,nba,Brooklyn Nets,Philadelphia 76ers,105,129,0,401810004
2025-11-02T23:00:00Z,2026,nba,Charlotte Hornets,Utah Jazz,126,103,0,401810005
2025-11-02T23:00:00Z,2026,nba,Cleveland Cavaliers,Atlanta Hawks,117,109,0,401810006
2025-11-02T23:00:00Z,2026,nba,Toronto Raptors,Memphis Grizzlies,117,104,0,401810007
2025-11-03T00:00:00Z,2026,nba,New York Knicks,Chicago Bulls,128,116,0,401810008
2025-11-03T01:00:00Z,2026,nba,Phoenix Suns,San Antonio Spurs,130,118,0,401810009
2025-11-03T02:30:00Z,2026,nba,Los Angeles Lakers,Miami Heat,130,120,0,401810010
2025-11-04T00:00:00Z,2026,nba,Brooklyn Nets,Minnesota Timberwolves,109,125,0,401810011
2025-11-04T00:00:00Z,2026,nba,Indiana Pacers,Milwaukee Bucks,115,117,0,401810012
2025-11-04T00:30:00Z,2026,nba,Boston Celtics,Utah Jazz,103,105,0,401810013
2025-11-04T00:30:00Z,2026,nba,New York Knicks,Washington Wizards,119,102,0,401810014
2025-11-04T01:00:00Z,2026,nba,Houston Rockets,Dallas Mavericks,110,102,0,401810015
2025-11-04T01:00:00Z,2026,nba,Memphis Grizzlies,Detroit Pistons,106,114,0,401810016
2025-11-04T02:00:00Z,2026,nba,Denver Nuggets,Sacramento Kings,130,124,0,401810017
2025-11-04T03:00:00Z,2026,nba,Portland Trail Blazers,Los Angeles Lakers,115,123,0,401810018
2025-11-04T03:30:00Z,2026,nba,LA Clippers,Miami Heat,119,120,0,401810019
2025-11-05T00:30:00Z,2026,nba,Toronto Raptors,Milwaukee Bucks,128,100,0,401810020
2025-11-05T01:00:00Z,2026,nba,Atlanta Hawks,Orlando Magic,127,112,0,401810021
2025-11-05T01:00:00Z,2026,nba,Chicago Bulls,Philadelphia 76ers,113,111,0,401810022
2025-11-05T01:00:00Z,2026,nba,New Orleans Pelicans,Charlotte Hornets,116,112,0,401810023
2025-11-05T03:00:00Z,2026,nba,Golden State Warriors,Phoenix Suns,118,107,0,401810024
2025-11-05T04:00:00Z,2026,nba,LA Clippers,Oklahoma City Thunder,107,126,0,401810025
2025-11-06T00:00:00Z,2026,nba,Cleveland Cavaliers,Philadelphia 76ers,132,121,0,401810026
2025-11-06T00:00:00Z,2026,nba,Detroit Pistons,Utah Jazz,114,103,0,401810027
2025-11-06T00:00:00Z,2026,nba,Indiana Pacers,Brooklyn Nets,103,112,0,401810028
2025-11-06T00:30:00Z,2026,nba,Boston Celtics,Washington Wizards,136,107,0,401810029
2025-11-06T00:30:00Z,2026,nba,New York Knicks,Minnesota Timberwolves,137,114,0,401810030
2025-11-06T01:00:00Z,2026,nba,Memphis Grizzlies,Houston Rockets,109,124,0,401810031
2025-11-06T01:30:00Z,2026,nba,Dallas Mavericks,New Orleans Pelicans,99,101,0,401810032
2025-11-06T02:00:00Z,2026,nba,Denver Nuggets,Miami Heat,122,112,0,401810033
2025-11-06T03:00:00Z,2026,nba,Los Angeles Lakers,San Antonio Spurs,118,116,0,401810034
2025-11-06T03:00:00Z,2026,nba,Portland Trail Blazers,Oklahoma City Thunder,121,119,0,401810035
2025-11-06T03:00:00Z,2026,nba,Sacramento Kings,Golden State Warriors,121,116,0,401810036
2025-11-07T02:00:00Z,2026,nba,Phoenix Suns,LA Clippers,115,102,0,401810037
2025-11-08T00:00:00Z,2026,nba,Orlando Magic,Boston Celtics,123,110,0,401809510
2025-11-08T00:00:00Z,2026,nba,Washington Wizards,Cleveland Cavaliers,115,148,0,401809511
2025-11-08T00:30:00Z,2026,nba,Atlanta Hawks,Toronto Raptors,97,109,0,401809512
2025-11-08T00:30:00Z,2026,nba,Brooklyn Nets,Detroit Pistons,107,125,0,401809773
2025-11-08T00:30:00Z,2026,nba,San Antonio Spurs,Houston Rockets,121,110,0,401809774
2025-11-08T01:00:00Z,2026,nba,Miami Heat,Charlotte Hornets,126,108,0,401809775
2025-11-08T01:00:00Z,2026,nba,Memphis Grizzlies,Dallas Mavericks,118,104,0,401809776
2025-11-08T01:00:00Z,2026,nba,Milwaukee Bucks,Chicago Bulls,126,110,0,401809777
2025-11-08T01:00:00Z,2026,nba,Minnesota Timberwolves,Utah Jazz,137,97,0,401809778
2025-11-08T03:00:00Z,2026,nba,Denver Nuggets,Golden State Warriors,129,104,0,401809779
2025-11-08T03:00:00Z,2026,nba,Sacramento Kings,Oklahoma City Thunder,101,132,0,401809780
2025-11-09T00:00:00Z,2026,nba,Washington Wizards,Dallas Mavericks,105,111,0,401810038
2025-11-09T00:30:00Z,2026,nba,Philadelphia 76ers,Toronto Raptors,130,120,0,401810039
2025-11-09T01:00:00Z,2026,nba,Atlanta Hawks,Los Angeles Lakers,122,102,0,401810040
2025-11-09T01:00:00Z,2026,nba,Cleveland Cavaliers,Chicago Bulls,128,122,0,401810041
2025-11-09T01:00:00Z,2026,nba,Miami Heat,Portland Trail Blazers,136,131,0,401810042
2025-11-09T01:00:00Z,2026,nba,San Antonio Spurs,New Orleans Pelicans,126,119,0,401810043
2025-11-09T02:00:00Z,2026,nba,Denver Nuggets,Indiana Pacers,117,100,0,401810044
2025-11-09T03:30:00Z,2026,nba,LA Clippers,Phoenix Suns,103,114,0,401810045
2025-11-09T20:30:00Z,2026,nba,Milwaukee Bucks,Houston Rockets,115,122,0,401810046
2025-11-09T23:00:00Z,2026,nba,New York Knicks,Brooklyn Nets,134,98,0,401810047
2025-11-09T23:00:00Z,2026,nba,Orlando Magic,Boston Celtics,107,111,0,401810048
2025-11-09T23:00:00Z,2026,nba,Memphis Grizzlies,Oklahoma City Thunder,100,114,0,401810049
2025-11-10T00:30:00Z,2026,nba,Philadelphia 76ers,Detroit Pistons,108,111,0,401810050
2025-11-10T01:30:00Z,2026,nba,Golden State Warriors,Indiana Pacers,114,83,0,401810051
2025-11-10T02:00:00Z,2026,nba,Sacramento Kings,Minnesota Timberwolves,117,144,0,401810052
2025-11-11T00:00:00Z,2026,nba,Charlotte Hornets,Los Angeles Lakers,111,121,0,401810053
2025-11-11T00:00:00Z,2026,nba,Detroit Pistons,Washington Wizards,137,135,0,401810054
2025-11-11T00:00:00Z,2026,nba,Orlando Magic,Portland Trail Blazers,115,112,0,401810055
2025-11-11T00:30:00Z,2026,nba,Miami Heat,Cleveland Cavaliers,140,138,0,401810056
2025-11-11T01:00:00Z,2026,nba,Chicago Bulls,San Antonio Spurs,117,121,0,401810057
2025-11-11T01:30:00Z,2026,nba,Dallas Mavericks,Milwaukee Bucks,114,116,0,401810058
2025-11-11T02:00:00Z,2026,nba,Phoenix Suns,New Orleans Pelicans,121,98,0,401810059
2025-11-11T02:00:00Z,2026,nba,Utah Jazz,Minnesota Timberwolves,113,120,0,401810060
2025-11-11T03:30:00Z,2026,nba,LA Clippers,Atlanta Hawks,102,105,0,401810061
2025-11-12T00:30:00Z,2026,nba,Brooklyn Nets,Toronto Raptors,109,119,0,401810062
2025-11-12T00:30:00Z,2026,nba,New York Knicks,Memphis Grizzlies,133,120,0,401810063
2025-11-12T01:00:00Z,2026,nba,Philadelphia 76ers,Boston Celtics,102,100,0,401810064
2025-11-12T01:00:00Z,2026,nba,Oklahoma City Thunder,Golden State Warriors,126,102,0,401810065
2025-11-12T02:00:00Z,2026,nba,Utah Jazz,Indiana Pacers,152,128,0,401810066
2025-11-12T04:00:00Z,2026,nba,Sacramento Kings,Denver Nuggets,108,122,0,401810067
2025-11-13T00:00:00Z,2026,nba,Charlotte Hornets,Milwaukee Bucks,111,100,0,401810068
2025-11-13T00:00:00Z,2026,nba,Detroit Pistons,Chicago Bulls,124,113,0,401810069
2025-11-13T00:00:00Z,2026,nba,New York Knicks,Orlando Magic,107,124,0,401810070
2025-11-13T00:30:00Z,2026,nba,Boston Celtics,Memphis Grizzlies,131,95,0,401810071
2025-11-13T00:30:00Z,2026,nba,Miami Heat,Cleveland Cavaliers,116,130,0,401810072
2025-11-13T01:00:00Z,2026,nba,Houston Rockets,Washington Wizards,135,112,0,401810073
2025-11-13T01:00:00Z,2026,nba,New Orleans Pelicans,Portland Trail Blazers,117,125,0,401810074
2025-11-13T01:00:00Z,2026,nba,San Antonio Spurs,Golden State Warriors,120,125,0,401810075
2025-11-13T01:30:00Z,2026,nba,Dallas Mavericks,Phoenix Suns,114,123,0,401810076
2025-11-13T02:47:00Z,2026,nba,Oklahoma City Thunder,Los Angeles Lakers,121,92,0,401810077
2025-11-13T03:00:00Z,2026,nba,Sacramento Kings,Atlanta Hawks,100,133,0,401810078
2025-11-13T03:30:00Z,2026,nba,LA Clippers,Denver Nuggets,116,130,0,401810079
2025-11-14T00:00:00Z,2026,nba,Cleveland Cavaliers,Toronto Raptors,113,126,0,401810080
2025-11-14T02:00:00Z,2026,nba,Phoenix Suns,Indiana Pacers,133,98,0,401810081
2025-11-14T02:00:00Z,2026,nba,Utah Jazz,Atlanta Hawks,122,132,0,401810082
2025-11-15T00:00:00Z,2026,nba,New York Knicks,Miami Heat,140,132,0,401809781
2025-11-15T00:00:00Z,2026,nba,Orlando Magic,Brooklyn Nets,105,98,0,401809782
2025-11-15T00:30:00Z,2026,nba,Detroit Pistons,Philadelphia 76ers,114,105,0,401809783
2025-11-15T01:00:00Z,2026,nba,Houston Rockets,Portland Trail Blazers,140,116,0,401809784
2025-11-15T01:00:00Z,2026,nba,Milwaukee Bucks,Charlotte Hornets,147,134,0,401809785
2025-11-15T01:00:00Z,2026,nba,Minnesota Timberwolves,Sacramento Kings,124,110,0,401809786
2025-11-15T01:00:00Z,2026,nba,New Orleans Pelicans,Los Angeles Lakers,104,118,0,401809787
2025-11-15T01:30:00Z,2026,nba,Dallas Mavericks,LA Clippers,127,133,0,401809788
2025-11-15T02:30:00Z,2026,nba,San Antonio Spurs,Golden State Warriors,108,109,0,401809789
2025-11-15T22:00:00Z,2026,nba,Cleveland Cavaliers,Memphis Grizzlies,108,100,0,401810083
2025-11-16T00:00:00Z,2026,nba,Charlotte Hornets,Oklahoma City Thunder,96,109,0,401810084
2025-11-16T00:00:00Z,2026,nba,Indiana Pacers,Toronto Raptors,111,129,0,401810085
2025-11-16T01:00:00Z,2026,nba,Milwaukee Bucks,Los Angeles Lakers,95,119,0,401810086
2025-11-16T01:00:00Z,2026,nba,Minnesota Timberwolves,Denver Nuggets,112,123,0,401810087
2025-11-16T20:30:00Z,2026,nba,Boston Celtics,LA Clippers,121,118,0,401810088
2025-11-16T21:00:00Z,2026,nba,San Antonio Spurs,Sacramento Kings,123,110,0,401810089
2025-11-16T23:00:00Z,2026,nba,Washington Wizards,Brooklyn Nets,106,129,0,401810090
2025-11-17T00:00:00Z,2026,nba,Houston Rockets,Orlando Magic,117,113,0,401810091
2025-11-17T00:00:00Z,2026,nba,New Orleans Pelicans,Golden State Warriors,106,124,0,401810092
2025-11-17T00:30:00Z,2026,nba,Dallas Mavericks,Portland Trail Blazers,138,133,0,401810093
2025-11-17T01:00:00Z,2026,nba,Phoenix Suns,Atlanta Hawks,122,124,0,401810094
2025-11-17T01:00:00Z,2026,nba,Utah Jazz,Chicago Bulls,150,147,0,401810095
2025-11-18T00:00:00Z,2026,nba,Cleveland Cavaliers,Milwaukee Bucks,118,106,0,401810096
2025-11-18T00:00:00Z,2026,nba,Detroit Pistons,Indiana Pacers,127,112,0,401810097
2025-11-18T00:00:00Z,2026,nba,Philadelphia 76ers,LA Clippers,110,108,0,401810098
2025-11-18T00:30:00Z,2026,nba,Miami Heat,New York Knicks,115,113,0,401810099
2025-11-18T00:30:00Z,2026,nba,Toronto Raptors,Charlotte Hornets,110,108,0,401810100
2025-11-18T01:00:00Z,2026,nba,Minnesota Timberwolves,Dallas Mavericks,120,96,0,401810101
2025-11-18T01:00:00Z,2026,nba,New Orleans Pelicans,Oklahoma City Thunder,109,126,0,401810102
2025-11-18T02:00:00Z,2026,nba,Denver Nuggets,Chicago Bulls,127,130,0,401810103
2025-11-19T00:00:00Z,2026,nba,Orlando Magic,Golden State Warriors,121,113,0,401810104
2025-11-19T00:30:00Z,2026,nba,Brooklyn Nets,Boston Celtics,99,113,0,401810105
2025-11-19T00:30:00Z,2026,nba,Atlanta Hawks,Detroit Pistons,112,120,0,401810106
2025-11-19T01:00:00Z,2026,nba,San Antonio Spurs,Memphis Grizzlies,111,101,0,401810107
2025-11-19T03:30:00Z,2026,nba,Los Angeles Lakers,Utah Jazz,140,126,0,401810108
2025-11-19T04:00:00Z,2026,nba,Portland Trail Blazers,Phoenix Suns,110,127,0,401810109
2025-11-20T00:00:00Z,2026,nba,Cleveland Cavaliers,Houston Rockets,104,114,0,401810110
2025-11-20T00:00:00Z,2026,nba,Indiana Pacers,Charlotte Hornets,127,118,0,401810111
2025-11-20T00:00:00Z,2026,nba,Philadelphia 76ers,Toronto Raptors,112,121,0,401810113
2025-11-20T00:30:00Z,2026,nba,Miami Heat,Golden State Warriors,110,96,0,401810112
2025-11-20T01:00:00Z,2026,nba,Minnesota Timberwolves,Washington Wizards,120,109,0,401810114
2025-11-20T01:00:00Z,2026,nba,New Orleans Pelicans,Denver Nuggets,118,125,0,401810115
2025-11-20T01:00:00Z,2026,nba,Oklahoma City Thunder,Sacramento Kings,113,99,0,401810116
2025-11-20T02:30:00Z,2026,nba,Dallas Mavericks,New York Knicks,111,113,0,401810117
2025-11-20T03:00:00Z,2026,nba,Portland Trail Blazers,Chicago Bulls,121,122,0,401810118
2025-11-21T00:00:00Z,2026,nba,Orlando Magic,LA Clippers,129,101,0,401810119
2025-11-21T01:00:00Z,2026,nba,Memphis Grizzlies,Sacramento Kings,137,96,0,401810120
2025-11-21T01:00:00Z,2026,nba,Milwaukee Bucks,Philadelphia 76ers,114,123,0,401810121
2025-11-21T01:00:00Z,2026,nba,San Antonio Spurs,Atlanta Hawks,135,126,0,401810122
2025-11-22T00:00:00Z,2026,nba,Cleveland Cavaliers,Indiana Pacers,120,109,0,401809790
2025-11-22T00:30:00Z,2026,nba,Boston Celtics,Brooklyn Nets,105,113,0,401809791
2025-11-22T00:30:00Z,2026,nba,Toronto Raptors,Washington Wizards,140,110,0,401809792
2025-11-22T01:00:00Z,2026,nba,Chicago Bulls,Miami Heat,107,143,0,401809793
2025-11-22T01:30:00Z,2026,nba,Dallas Mavericks,New Orleans Pelicans,118,115,0,401809794
2025-11-22T02:00:00Z,2026,nba,Phoenix Suns,Minnesota Timberwolves,114,113,0,401809795
2025-11-22T02:30:00Z,2026,nba,Houston Rockets,Denver Nuggets,109,112,0,401809796
2025-11-22T03:00:00Z,2026,nba,Utah Jazz,Oklahoma City Thunder,112,144,0,401809797
2025-11-22T03:00:00Z,2026,nba,Golden State Warriors,Portland Trail Blazers,123,127,0,401809798
2025-11-22T18:00:00Z,2026,nba,Charlotte Hornets,LA Clippers,116,131,0,401810123
2025-11-22T22:00:00Z,2026,nba,Orlando Magic,New York Knicks,133,121,0,401810124
2025-11-23T00:00:00Z,2026,nba,New Orleans Pelicans,Atlanta Hawks,98,115,0,401810125
2025-11-23T01:00:00Z,2026,nba,Chicago Bulls,Washington Wizards,121,120,0,401810126
2025-11-23T01:00:00Z,2026,nba,Milwaukee Bucks,Detroit Pistons,116,129,0,401810127
2025-11-23T01:30:00Z,2026,nba,Dallas Mavericks,Memphis Grizzlies,96,102,0,401810128
2025-11-23T03:00:00Z,2026,nba,Denver Nuggets,Sacramento Kings,123,128,0,401810129
2025-11-23T18:00:00Z,2026,nba,Philadelphia 76ers,Miami Heat,117,127,0,401810130
2025-11-23T23:00:00Z,2026,nba,Atlanta Hawks,Charlotte Hornets,113,110,0,401810131
2025-11-23T23:00:00Z,2026,nba,Boston Celtics,Orlando Magic,138,129,0,401810132
2025-11-23T23:00:00Z,2026,nba,Cleveland Cavaliers,LA Clippers,120,105,0,401810133
2025-11-23T23:00:00Z,2026,nba,Toronto Raptors,Brooklyn Nets,119,109,0,401810134
2025-11-24T00:00:00Z,2026,nba,Oklahoma City Thunder,Portland Trail Blazers,122,95,0,401810135
2025-11-24T01:00:00Z,2026,nba,Phoenix Suns,San Antonio Spurs,111,102,0,401810136
2025-11-24T01:00:00Z,2026,nba,Utah Jazz,Los Angeles Lakers,106,108,0,401810137
2025-11-25T00:00:00Z,2026,nba,Indiana Pacers,Detroit Pistons,117,122,0,401810138
2025-11-25T00:00:00Z,2026,nba,Toronto Raptors,Cleveland Cavaliers,110,99,0,401810139
2025-11-25T00:30:00Z,2026,nba,Brooklyn Nets,New York Knicks,100,113,0,401810140
2025-11-25T00:30:00Z,2026,nba,Miami Heat,Dallas Mavericks,106,102,0,401810141
2025-11-25T01:00:00Z,2026,nba,Memphis Grizzlies,Denver Nuggets,115,125,0,401810142
2025-11-25T01:00:00Z,2026,nba,Milwaukee Bucks,Portland Trail Blazers,103,115,0,401810143
2025-11-25T01:00:00Z,2026,nba,New Orleans Pelicans,Chicago Bulls,143,130,0,401810144
2025-11-25T02:30:00Z,2026,nba,Phoenix Suns,Houston Rockets,92,114,0,401810145
2025-11-25T03:00:00Z,2026,nba,Golden State Warriors,Utah Jazz,134,117,0,401810146
2025-11-25T03:00:00Z,2026,nba,Sacramento Kings,Minnesota Timberwolves,117,112,0,401810147
2025-11-26T00:00:00Z,2026,nba,Washington Wizards,Atlanta Hawks,132,113,0,401809799
2025-11-26T01:00:00Z,2026,nba,Philadelphia 76ers,Orlando Magic,103,144,0,401809800
2025-11-26T04:00:00Z,2026,nba,Los Angeles Lakers,LA Clippers,135,118,0,401809801
2025-11-26T22:00:00Z,2026,nba,Boston Celtics,Detroit Pistons,117,114,0,401809802
2025-11-27T00:00:00Z,2026,nba,Charlotte Hornets,New York Knicks,101,129,0,401809803
2025-11-27T00:30:00Z,2026,nba,Miami Heat,Milwaukee Bucks,106,103,0,401809804
2025-11-27T00:30:00Z,2026,nba,Toronto Raptors,Indiana Pacers,97,95,0,401809805
2025-11-27T00:30:00Z,2026,nba,Oklahoma City Thunder,Minnesota Timberwolves,113,105,0,401809806
2025-11-27T01:00:00Z,2026,nba,New Orleans Pelicans,Memphis Grizzlies,128,133,0,401809807
2025-11-27T03:00:00Z,2026,nba,Golden State Warriors,Houston Rockets,100,104,0,401809808
2025-11-27T03:00:00Z,2026,nba,Portland Trail Blazers,San Antonio Spurs,102,115,0,401809809
2025-11-27T03:00:00Z,2026,nba,Sacramento Kings,Phoenix Suns,100,112,0,401809810
2025-11-29T00:30:00Z,2026,nba,Atlanta Hawks,Cleveland Cavaliers,130,123,0,401809811
2025-11-29T00:30:00Z,2026,nba,Brooklyn Nets,Philadelphia 76ers,103,115,0,401809812
2025-11-29T00:30:00Z,2026,nba,Charlotte Hornets,Chicago Bulls,123,116,0,401809813
2025-11-29T00:30:00Z,2026,nba,Detroit Pistons,Orlando Magic,109,112,0,401809814
2025-11-29T00:30:00Z,2026,nba,Indiana Pacers,Washington Wizards,119,86,0,401809815
2025-11-29T00:30:00Z,2026,nba,New York Knicks,Milwaukee Bucks,118,109,0,401809816
2025-11-29T02:30:00Z,2026,nba,Oklahoma City Thunder,Phoenix Suns,123,119,0,401809817
2025-11-29T02:30:00Z,2026,nba,Denver Nuggets,San Antonio Spurs,136,139,0,401809818
2025-11-29T02:30:00Z,2026,nba,Utah Jazz,Sacramento Kings,128,119,0,401809819
2025-11-29T03:00:00Z,2026,nba,Los Angeles Lakers,Dallas Mavericks,129,119,0,401809820
2025-11-29T03:00:00Z,2026,nba,LA Clippers,Memphis Grizzlies,107,112,0,401809821
2025-11-29T22:00:00Z,2026,nba,Minnesota Timberwolves,Boston Celtics,119,115,0,401810148
2025-11-29T23:00:00Z,2026,nba,Charlotte Hornets,Toronto Raptors,118,111,0,401810149
2025-11-30T00:30:00Z,2026,nba,Indiana Pacers,Chicago Bulls,103,101,0,401810150
2025-11-30T01:00:00Z,2026,nba,Miami Heat,Detroit Pistons,135,138,0,401810151
2025-11-30T01:00:00Z,2026,nba,Milwaukee Bucks,Brooklyn Nets,116,99,0,401810152
2025-11-30T01:30:00Z,2026,nba,Golden State Warriors,New Orleans Pelicans,104,96,0,401810153
2025-11-30T02:00:00Z,2026,nba,Phoenix Suns,Denver Nuggets,112,130,0,401810154
2025-11-30T03:00:00Z,2026,nba,LA Clippers,Dallas Mavericks,110,114,0,401810155
2025-11-30T20:00:00Z,2026,nba,Utah Jazz,Houston Rockets,101,129,0,401810156
2025-11-30T23:00:00Z,2026,nba,Cleveland Cavaliers,Boston Celtics,115,117,0,401810157
2025-11-30T23:00:00Z,2026,nba,New York Knicks,Toronto Raptors,116,94,0,401810158
2025-11-30T23:00:00Z,2026,nba,Philadelphia 76ers,Atlanta Hawks,134,142,0,401810159
2025-11-30T23:00:00Z,2026,nba,Portland Trail Blazers,Oklahoma City Thunder,115,123,0,401810160
2025-12-01T00:00:00Z,2026,nba,Minnesota Timberwolves,San Antonio Spurs,125,112,0,401810161
2025-12-01T02:00:00Z,2026,nba,Sacramento Kings,Memphis Grizzlies,107,115,0,401810162
2025-12-01T02:30:00Z,2026,nba,Los Angeles Lakers,New Orleans Pelicans,133,121,0,401810163
2025-12-02T00:00:00Z,2026,nba,Detroit Pistons,Atlanta Hawks,99,98,0,401810164
2025-12-02T00:00:00Z,2026,nba,Indiana Pacers,Cleveland Cavaliers,119,135,0,401810165
2025-12-02T00:00:00Z,2026,nba,Washington Wizards,Milwaukee Bucks,129,126,0,401810166
2025-12-02T00:30:00Z,2026,nba,Brooklyn Nets,Charlotte Hornets,116,103,0,401810167
2025-12-02T00:30:00Z,2026,nba,Miami Heat,LA Clippers,140,123,0,401810168
2025-12-02T00:30:00Z,2026,nba,Orlando Magic,Chicago Bulls,125,120,0,401810169
2025-12-02T02:00:00Z,2026,nba,Denver Nuggets,Dallas Mavericks,121,131,0,401810170
2025-12-02T02:00:00Z,2026,nba,Utah Jazz,Houston Rockets,133,125,0,401810171
2025-12-02T03:00:00Z,2026,nba,Los Angeles Lakers,Phoenix Suns,108,125,0,401810172
2025-12-03T00:00:00Z,2026,nba,Philadelphia 76ers,Washington Wizards,121,102,0,401810173
2025-12-03T00:30:00Z,2026,nba,Toronto Raptors,Portland Trail Blazers,121,118,0,401810174
2025-12-03T01:00:00Z,2026,nba,Boston Celtics,New York Knicks,123,117,0,401810175
2025-12-03T01:00:00Z,2026,nba,New Orleans Pelicans,Minnesota Timberwolves,142,149,0,401810176
2025-12-03T01:00:00Z,2026,nba,San Antonio Spurs,Memphis Grizzlies,126,119,0,401810177
2025-12-03T04:00:00Z,2026,nba,Golden State Warriors,Oklahoma City Thunder,112,124,0,401810178
2025-12-04T00:00:00Z,2026,nba,Cleveland Cavaliers,Portland Trail Blazers,110,122,0,401810179
2025-12-04T00:00:00Z,2026,nba,Indiana Pacers,Denver Nuggets,120,135,0,401810180
2025-12-04T00:00:00Z,2026,nba,Orlando Magic,San Antonio Spurs,112,114,0,401810181
2025-12-04T00:30:00Z,2026,nba,Atlanta Hawks,LA Clippers,92,115,0,401810182
2025-12-04T00:30:00Z,2026,nba,New York Knicks,Charlotte Hornets,119,104,0,401810183
2025-12-04T01:00:00Z,2026,nba,Chicago Bulls,Brooklyn Nets,103,113,0,401810184
2025-12-04T01:00:00Z,2026,nba,Houston Rockets,Sacramento Kings,121,95,0,401810185
2025-12-04T01:00:00Z,2026,nba,Milwaukee Bucks,Detroit Pistons,113,109,0,401810186
2025-12-04T01:30:00Z,2026,nba,Dallas Mavericks,Miami Heat,118,108,0,401810187
2025-12-05T00:00:00Z,2026,nba,Philadelphia 76ers,Golden State Warriors,99,98,0,401810188
2025-12-05T00:00:00Z,2026,nba,Washington Wizards,Boston Celtics,101,146,0,401810189
2025-12-05T00:30:00Z,2026,nba,Brooklyn Nets,Utah Jazz,110,123,0,401810190
2025-12-05T00:30:00Z,2026,nba,Toronto Raptors,Los Angeles Lakers,120,123,0,401810191
2025-12-05T01:00:00Z,2026,nba,New Orleans Pelicans,Minnesota Timberwolves,116,125,0,401810192
2025-12-06T00:00:00Z,2026,nba,Boston Celtics,Los Angeles Lakers,126,105,0,401810193
2025-12-06T00:00:00Z,2026,nba,Orlando Magic,Miami Heat,106,105,0,401810194
2025-12-06T00:30:00Z,2026,nba,Atlanta Hawks,Denver Nuggets,133,134,0,401810195
2025-12-06T00:30:00Z,2026,nba,Cleveland Cavaliers,San Antonio Spurs,130,117,0,401810196
2025-12-06T00:30:00Z,2026,nba,Detroit Pistons,Portland Trail Blazers,122,116,0,401810197
2025-12-06T00:30:00Z,2026,nba,New York Knicks,Utah Jazz,146,112,0,401810198
2025-12-06T00:30:00Z,2026,nba,Toronto Raptors,Charlotte Hornets,86,111,0,401810199
2025-12-06T01:00:00Z,2026,nba,Chicago Bulls,Indiana Pacers,105,120,0,401810200
2025-12-06T01:00:00Z,2026,nba,Houston Rockets,Phoenix Suns,117,98,0,401810201
2025-12-06T01:00:00Z,2026,nba,Memphis Grizzlies,LA Clippers,107,98,0,401810202
2025-12-06T01:00:00Z,2026,nba,Milwaukee Bucks,Philadelphia 76ers,101,116,0,401810203
2025-12-06T02:30:00Z,2026,nba,Oklahoma City Thunder,Dallas Mavericks,132,111,0,401810204
2025-12-06T22:00:00Z,2026,nba,Brooklyn Nets,New Orleans Pelicans,119,101,0,401810205
2025-12-07T00:00:00Z,2026,nba,Washington Wizards,Atlanta Hawks,116,131,0,401810206
2025-12-07T00:30:00Z,2026,nba,Cleveland Cavaliers,Golden State Warriors,94,99,0,401810207
2025-12-07T00:30:00Z,2026,nba,Detroit Pistons,Milwaukee Bucks,124,112,0,401810208
2025-12-07T01:00:00Z,2026,nba,Miami Heat,Sacramento Kings,111,127,0,401810209
2025-12-07T01:00:00Z,2026,nba,Minnesota Timberwolves,LA Clippers,109,106,0,401810210
2025-12-07T01:30:00Z,2026,nba,Dallas Mavericks,Houston Rockets,122,109,0,401810211
2025-12-07T17:00:00Z,2026,nba,New York Knicks,Orlando Magic,106,100,0,401810212
2025-12-07T20:30:00Z,2026,nba,Toronto Raptors,Boston Celtics,113,121,0,401810213
2025-12-07T23:00:00Z,2026,nba,Charlotte Hornets,Denver Nuggets,106,115,0,401810214
2025-12-07T23:00:00Z,2026,nba,Memphis Grizzlies,Portland Trail Blazers,119,96,0,401810215
2025-12-08T00:00:00Z,2026,nba,Chicago Bulls,Golden State Warriors,91,123,0,401810216
2025-12-08T00:30:00Z,2026,nba,Philadelphia 76ers,Los Angeles Lakers,108,112,0,401810217
2025-12-08T01:00:00Z,2026,nba,Utah Jazz,Oklahoma City Thunder,101,131,0,401810218
2025-12-09T00:00:00Z,2026,nba,Indiana Pacers,Sacramento Kings,116,105,0,401810219
2025-12-09T00:30:00Z,2026,nba,Minnesota Timberwolves,Phoenix Suns,105,108,0,401810220
2025-12-09T01:00:00Z,2026,nba,New Orleans Pelicans,San Antonio Spurs,132,135,0,401810221
2025-12-09T23:00:00Z,2026,nba,Orlando Magic,Miami Heat,117,108,0,401809833
2025-12-10T01:30:00Z,2026,nba,Toronto Raptors,New York Knicks,101,117,0,401809834
2025-12-11T00:30:00Z,2026,nba,Oklahoma City Thunder,Phoenix Suns,138,89,0,401809835
2025-12-11T03:00:00Z,2026,nba,Los Angeles Lakers,San Antonio Spurs,119,132,0,401809836
2025-12-12T01:00:00Z,2026,nba,Houston Rockets,LA Clippers,115,113,0,401836746
2025-12-12T01:00:00Z,2026,nba,Milwaukee Bucks,Boston Celtics,116,101,0,401836747
2025-12-12T01:00:00Z,2026,nba,New Orleans Pelicans,Portland Trail Blazers,143,120,0,401836748
2025-12-12T03:00:00Z,2026,nba,Sacramento Kings,Denver Nuggets,105,136,0,401836749
2025-12-13T00:00:00Z,2026,nba,Charlotte Hornets,Chicago Bulls,126,129,0,401836750
2025-12-13T00:00:00Z,2026,nba,Detroit Pistons,Atlanta Hawks,142,115,0,401836751
2025-12-13T00:00:00Z,2026,nba,Philadelphia 76ers,Indiana Pacers,115,105,0,401836752
2025-12-13T00:00:00Z,2026,nba,Washington Wizards,Cleveland Cavaliers,126,130,0,401836753
2025-12-13T01:00:00Z,2026,nba,Memphis Grizzlies,Utah Jazz,126,130,0,401836754
2025-12-13T01:30:00Z,2026,nba,Dallas Mavericks,Brooklyn Nets,119,111,0,401836795
2025-12-13T03:00:00Z,2026,nba,Golden State Warriors,Minnesota Timberwolves,120,127,0,401836796
2025-12-13T22:30:00Z,2026,nba,Orlando Magic,New York Knicks,120,132,1,401809837
2025-12-14T02:00:00Z,2026,nba,Oklahoma City Thunder,San Antonio Spurs,109,111,1,401809838
2025-12-14T20:00:00Z,2026,nba,Indiana Pacers,Washington Wizards,89,108,0,401836797
2025-12-14T20:30:00Z,2026,nba,Cleveland Cavaliers,Charlotte Hornets,111,119,0,401836799
2025-12-14T23:00:00Z,2026,nba,Atlanta Hawks,Philadelphia 76ers,120,117,0,401836798
2025-12-14T23:00:00Z,2026,nba,Brooklyn Nets,Milwaukee Bucks,127,82,0,401836800
2025-12-15T00:00:00Z,2026,nba,Minnesota Timberwolves,Sacramento Kings,117,103,0,401836801
2025-12-15T00:00:00Z,2026,nba,Chicago Bulls,New Orleans Pelicans,104,114,0,401836804
2025-12-15T01:00:00Z,2026,nba,Phoenix Suns,Los Angeles Lakers,114,116,0,401839699
2025-12-15T02:00:00Z,2026,nba,Portland Trail Blazers,Golden State Warriors,136,131,0,401836802
2025-12-16T00:00:00Z,2026,nba,Boston Celtics,Detroit Pistons,105,112,0,401836803
2025-12-16T00:30:00Z,2026,nba,Miami Heat,Toronto Raptors,96,106,0,401839023
2025-12-16T02:00:00Z,2026,nba,Utah Jazz,Dallas Mavericks,140,133,0,401836805
2025-12-16T02:30:00Z,2026,nba,Denver Nuggets,Houston Rockets,128,125,0,401836806
2025-12-16T03:30:00Z,2026,nba,LA Clippers,Memphis Grizzlies,103,121,0,401836807
2025-12-17T01:30:00Z,2026,nba,New York Knicks,San Antonio Spurs,124,113,1,401809839
2025-12-18T01:00:00Z,2026,nba,Chicago Bulls,Cleveland Cavaliers,127,111,0,401810222
2025-12-18T01:00:00Z,2026,nba,Minnesota Timberwolves,Memphis Grizzlies,110,116,0,401810223
2025-12-19T00:00:00Z,2026,nba,Charlotte Hornets,Atlanta Hawks,133,126,0,401810226
2025-12-19T00:00:00Z,2026,nba,Indiana Pacers,New York Knicks,113,114,0,401810227
2025-12-19T00:30:00Z,2026,nba,Brooklyn Nets,Miami Heat,95,106,0,401810228
2025-12-19T01:00:00Z,2026,nba,Oklahoma City Thunder,LA Clippers,122,101,0,401810224
2025-12-19T01:00:00Z,2026,nba,San Antonio Spurs,Washington Wizards,119,94,0,401810225
2025-12-19T01:00:00Z,2026,nba,Milwaukee Bucks,Toronto Raptors,105,111,0,401810229
2025-12-19T01:00:00Z,2026,nba,New Orleans Pelicans,Houston Rockets,133,128,0,401810230
2025-12-19T01:30:00Z,2026,nba,Dallas Mavericks,Detroit Pistons,116,114,0,401810231
2025-12-19T02:00:00Z,2026,nba,Denver Nuggets,Orlando Magic,126,115,0,401810232
2025-12-19T02:00:00Z,2026,nba,Phoenix Suns,Golden State Warriors,99,98,0,401810233
2025-12-19T02:00:00Z,2026,nba,Utah Jazz,Los Angeles Lakers,135,143,0,401810234
2025-12-19T03:00:00Z,2026,nba,Portland Trail Blazers,Sacramento Kings,134,133,0,401810235
2025-12-20T00:00:00Z,2026,nba,Boston Celtics,Miami Heat,129,116,0,401810236
2025-12-20T00:00:00Z,2026,nba,New York Knicks,Philadelphia 76ers,107,116,0,401810237
2025-12-20T00:30:00Z,2026,nba,Atlanta Hawks,San Antonio Spurs,98,126,0,401810238
2025-12-20T00:30:00Z,2026,nba,Cleveland Cavaliers,Chicago Bulls,125,136,0,401810239
2025-12-20T02:30:00Z,2026,nba,Minnesota Timberwolves,Oklahoma City Thunder,112,107,0,401810240
2025-12-20T22:00:00Z,2026,nba,Denver Nuggets,Houston Rockets,101,115,0,401810241
2025-12-21T00:00:00Z,2026,nba,Philadelphia 76ers,Dallas Mavericks,121,114,0,401810242
2025-12-21T00:00:00Z,2026,nba,Toronto Raptors,Boston Celtics,96,112,0,401810243
2025-12-21T00:00:00Z,2026,nba,New Orleans Pelicans,Indiana Pacers,128,109,0,401810244
2025-12-21T00:30:00Z,2026,nba,Detroit Pistons,Charlotte Hornets,112,86,0,401810245
2025-12-21T01:00:00Z,2026,nba,Memphis Grizzlies,Washington Wizards,122,130,0,401810246
2025-12-21T01:30:00Z,2026,nba,Golden State Warriors,Phoenix Suns,119,116,0,401810247
2025-12-21T02:30:00Z,2026,nba,Utah Jazz,Orlando Magic,127,128,0,401810248
2025-12-21T03:00:00Z,2026,nba,Sacramento Kings,Portland Trail Blazers,93,98,0,401810249
2025-12-21T03:30:00Z,2026,nba,LA Clippers,Los Angeles Lakers,103,88,0,401810250
2025-12-21T20:30:00Z,2026,nba,Atlanta Hawks,Chicago Bulls,150,152,0,401810251
2025-12-21T23:00:00Z,2026,nba,Brooklyn Nets,Toronto Raptors,96,81,0,401810252
2025-12-21T23:00:00Z,2026,nba,New York Knicks,Miami Heat,132,125,0,401810253
2025-12-22T00:00:00Z,2026,nba,Washington Wizards,San Antonio Spurs,113,124,0,401810254
2025-12-22T00:00:00Z,2026,nba,Minnesota Timberwolves,Milwaukee Bucks,103,100,0,401810255
2025-12-22T03:00:00Z,2026,nba,Sacramento Kings,Houston Rockets,125,124,0,401810256
2025-12-23T00:00:00Z,2026,nba,Cleveland Cavaliers,Charlotte Hornets,139,132,0,401810257
2025-12-23T00:30:00Z,2026,nba,Boston Celtics,Indiana Pacers,103,95,0,401810258
2025-12-23T01:00:00Z,2026,nba,New Orleans Pelicans,Dallas Mavericks,119,113,0,401810259
2025-12-23T02:00:00Z,2026,nba,Denver Nuggets,Utah Jazz,135,112,0,401810260
2025-12-23T02:30:00Z,2026,nba,Oklahoma City Thunder,Memphis Grizzlies,119,103,0,401810261
2025-12-23T03:00:00Z,2026,nba,Golden State Warriors,Orlando Magic,120,97,0,401810262
2025-12-23T03:00:00Z,2026,nba,Portland Trail Blazers,Detroit Pistons,102,110,0,401810263
2025-12-24T00:00:00Z,2026,nba,Charlotte Hornets,Washington Wizards,126,109,0,401810264
2025-12-24T00:00:00Z,2026,nba,Philadelphia 76ers,Brooklyn Nets,106,114,0,401810265
2025-12-24T00:30:00Z,2026,nba,Atlanta Hawks,Chicago Bulls,123,126,0,401810266
2025-12-24T00:30:00Z,2026,nba,Cleveland Cavaliers,New Orleans Pelicans,141,118,0,401810267
2025-12-24T00:30:00Z,2026,nba,Indiana Pacers,Milwaukee Bucks,94,111,0,401810268
2025-12-24T00:30:00Z,2026,nba,Miami Heat,Toronto Raptors,91,112,0,401810269
2025-12-24T01:00:00Z,2026,nba,Dallas Mavericks,Denver Nuggets,131,130,0,401810270
2025-12-24T01:00:00Z,2026,nba,Minnesota Timberwolves,New York Knicks,115,104,0,401810271
2025-12-24T01:30:00Z,2026,nba,San Antonio Spurs,Oklahoma City Thunder,130,110,0,401810272
2025-12-24T02:00:00Z,2026,nba,Phoenix Suns,Los Angeles Lakers,132,108,0,401810273
2025-12-24T02:00:00Z,2026,nba,Utah Jazz,Memphis Grizzlies,128,137,0,401810274
2025-12-24T03:00:00Z,2026,nba,Portland Trail Blazers,Orlando Magic,106,110,0,401810275
2025-12-24T03:00:00Z,2026,nba,Sacramento Kings,Detroit Pistons,127,136,0,401810276
2025-12-24T03:30:00Z,2026,nba,LA Clippers,Houston Rockets,128,108,0,401810277
2025-12-25T17:00:00Z,2026,nba,New York Knicks,Cleveland Cavaliers,126,124,0,401809238
2025-12-25T19:30:00Z,2026,nba,Oklahoma City Thunder,San Antonio Spurs,102,117,0,401809239
2025-12-25T22:17:00Z,2026,nba,Golden State Warriors,Dallas Mavericks,126,116,0,401809240
2025-12-26T01:00:00Z,2026,nba,Los Angeles Lakers,Houston Rockets,96,119,0,401809241
2025-12-26T03:30:00Z,2026,nba,Denver Nuggets,Minnesota Timberwolves,142,138,0,401809242
2025-12-27T00:00:00Z,2026,nba,Atlanta Hawks,Miami Heat,111,126,0,401810278
2025-12-27T00:00:00Z,2026,nba,Orlando Magic,Charlotte Hornets,105,120,0,401810279
2025-12-27T00:00:00Z,2026,nba,Washington Wizards,Toronto Raptors,138,117,0,401810280
2025-12-27T00:00:00Z,2026,nba,Indiana Pacers,Boston Celtics,122,140,0,401810281
2025-12-27T00:30:00Z,2026,nba,Chicago Bulls,Philadelphia 76ers,109,102,0,401810282
2025-12-27T01:00:00Z,2026,nba,Memphis Grizzlies,Milwaukee Bucks,125,104,0,401810283
2025-12-27T01:00:00Z,2026,nba,New Orleans Pelicans,Phoenix Suns,108,115,0,401810284
2025-12-27T02:30:00Z,2026,nba,Utah Jazz,Detroit Pistons,131,129,0,401810285
2025-12-27T03:00:00Z,2026,nba,Portland Trail Blazers,LA Clippers,103,119,0,401810286
2025-12-27T22:00:00Z,2026,nba,Sacramento Kings,Dallas Mavericks,113,107,0,401810287
2025-12-28T00:00:00Z,2026,nba,Orlando Magic,Denver Nuggets,127,126,0,401810288
2025-12-28T00:00:00Z,2026,nba,New Orleans Pelicans,Phoenix Suns,114,123,0,401810289
2025-12-28T01:00:00Z,2026,nba,Atlanta Hawks,New York Knicks,125,128,0,401810290
2025-12-28T01:00:00Z,2026,nba,Miami Heat,Indiana Pacers,142,116,0,401810291
2025-12-28T01:00:00Z,2026,nba,Chicago Bulls,Milwaukee Bucks,103,112,0,401810292
2025-12-28T01:00:00Z,2026,nba,Houston Rockets,Cleveland Cavaliers,117,100,0,401810293
2025-12-28T01:00:00Z,2026,nba,Minnesota Timberwolves,Brooklyn Nets,107,123,0,401810294
2025-12-28T01:00:00Z,2026,nba,San Antonio Spurs,Utah Jazz,114,127,0,401810295
2025-12-28T20:30:00Z,2026,nba,Toronto Raptors,Golden State Warriors,141,127,0,401810296
2025-12-28T20:30:00Z,2026,nba,Oklahoma City Thunder,Philadelphia 76ers,129,104,0,401810297
2025-12-28T23:00:00Z,2026,nba,Washington Wizards,Memphis Grizzlies,116,112,0,401810298
2025-12-28T23:00:00Z,2026,nba,Portland Trail Blazers,Boston Celtics,114,108,0,401810299
2025-12-29T02:00:00Z,2026,nba,LA Clippers,Detroit Pistons,112,99,0,401810300
2025-12-29T02:30:00Z,2026,nba,Los Angeles Lakers,Sacramento Kings,125,101,0,401810301
2025-12-30T00:00:00Z,2026,nba,Charlotte Hornets,Milwaukee Bucks,113,123,0,401810302
2025-12-30T00:00:00Z,2026,nba,Washington Wizards,Phoenix Suns,101,115,0,401810303
2025-12-30T00:30:00Z,2026,nba,Brooklyn Nets,Golden State Warriors,107,120,0,401810304
2025-12-30T00:30:00Z,2026,nba,Miami Heat,Denver Nuggets,147,123,0,401810305
2025-12-30T00:30:00Z,2026,nba,Toronto Raptors,Orlando Magic,107,106,0,401810306
2025-12-30T01:00:00Z,2026,nba,Chicago Bulls,Minnesota Timberwolves,101,136,0,401810307
2025-12-30T01:00:00Z,2026,nba,Houston Rockets,Indiana Pacers,126,119,0,401810308
2025-12-30T01:00:00Z,2026,nba,New Orleans Pelicans,New York Knicks,125,130,0,401810309
2025-12-30T01:00:00Z,2026,nba,Oklahoma City Thunder,Atlanta Hawks,140,129,0,401810310
2025-12-30T01:00:00Z,2026,nba,San Antonio Spurs,Cleveland Cavaliers,101,113,0,401810311
2025-12-30T03:30:00Z,2026,nba,Portland Trail Blazers,Dallas Mavericks,125,122,0,401810312
2025-12-31T01:00:00Z,2026,nba,Memphis Grizzlies,Philadelphia 76ers,136,139,0,401810313
2025-12-31T02:00:00Z,2026,nba,Utah Jazz,Boston Celtics,119,129,0,401810314
2025-12-31T03:30:00Z,2026,nba,Los Angeles Lakers,Detroit Pistons,106,128,0,401810315
2025-12-31T04:00:00Z,2026,nba,LA Clippers,Sacramento Kings,131,90,0,401810316
2025-12-31T18:00:00Z,2026,nba,Charlotte Hornets,Golden State Warriors,125,132,0,401810317
2025-12-31T20:00:00Z,2026,nba,Atlanta Hawks,Minnesota Timberwolves,126,102,0,401810318
2025-12-31T20:00:00Z,2026,nba,Indiana Pacers,Orlando Magic,110,112,0,401810319
2025-12-31T20:30:00Z,2026,nba,Cleveland Cavaliers,Phoenix Suns,129,113,0,401810320
