date,season,league,home,away,home_score,away_score,neutral,espn_id
2022-07-01T16:00:00Z,2022,club.friendly,Valenciennes,UNFP,1,0,0,651188
2022-07-01T17:00:00Z,2022,swe.1,GIF Sundsvall,Malmö FF,2,1,0,628504
2022-07-01T18:00:00Z,2022,uefa.euro.u19,Israel U19,England U19,1,3,0,645232
2022-07-01T18:30:00Z,2022,arg.3,Acassuso,Argentino de Quilmes,3,1,0,636340
2022-07-01T19:00:00Z,2022,bol.1,Real Santa Cruz,Universitario de Sucre,3,0,0,637070
2022-07-01T20:30:00Z,2022,per.1,Ayacucho FC,Academia Cantolao,1,2,0,629778
2022-07-01T21:00:00Z,2022,par.1,Guaireña,Nacional Asunción,1,1,0,627103
2022-07-01T21:00:00Z,2022,ven.1,Deportivo Lara,UCV FC,0,0,0,631915
2022-07-01T22:00:00Z,2022,bra.2,Chapecoense,Sampaio Corrêa,3,1,0,631377
2022-07-01T22:00:00Z,2022,arg.1,Central Córdoba (Santiago del Estero),Argentinos Juniors,1,2,0,635340
2022-07-01T22:10:00Z,2022,arg.2,Belgrano (Córdoba),Almagro,2,1,0,630145
2022-07-01T22:30:00Z,2022,chi.1,Everton CD,Colo Colo,1,1,0,629340
2022-07-01T23:00:00Z,2022,usa.usl.1,New York Red Bulls II,Pittsburgh Riverhounds,0,3,0,627679
2022-07-01T23:15:00Z,2022,par.1,Sol de América,Sportivo Ameliano,0,1,0,627106
2022-07-01T23:15:00Z,2022,ven.1,Estudiantes de Mérida,Monagas SC,1,1,0,631913
2022-07-01T23:30:00Z,2022,bol.1,Independiente Petrolero,Universitario de Vinto,1,1,0,637071
2022-07-02T00:00:00Z,2022,usa.usl.l1,Union Omaha,Charlotte Independence,0,0,0,625706
2022-07-02T00:30:00Z,2022,bra.2,Brusque,Operário PR,2,0,0,631376
2022-07-02T00:30:00Z,2022,bra.2,Cruzeiro,Vila Nova,2,0,0,631380
2022-07-02T00:30:00Z,2022,arg.1,Boca Juniors,Banfield,0,3,0,635341
2022-07-02T01:00:00Z,2022,usa.usl.1,Colorado Springs Switchbacks FC,Sacramento Republic FC,3,0,0,627681
2022-07-02T02:05:00Z,2022,mex.1,Mazatlán FC,Puebla,2,4,0,636012
2022-07-02T02:30:00Z,2022,usa.usl.1,Ventura County FC,Oakland Roots,3,1,0,627680
2022-07-02T09:00:00Z,2022,jpn.1,FC Tokyo,Avispa Fukuoka,2,2,0,628888
2022-07-02T09:30:00Z,2022,jpn.1,Kyoto Sanga,Consadole Sapporo,2,1,0,628889
2022-07-02T09:30:00Z,2022,jpn.1,Sanfrecce Hiroshima,Jubilo Iwata,3,0,0,628890
2022-07-02T09:30:00Z,2022,jpn.1,Kashiwa Reysol,Kashima Antlers,1,2,0,628891
2022-07-02T10:00:00Z,2022,jpn.1,Shonan Bellmare,Nagoya Grampus,0,0,0,628892
2022-07-02T10:00:00Z,2022,jpn.1,Shimizu S-Pulse,Yokohama F. Marinos,3,5,0,628893
2022-07-02T10:00:00Z,2022,jpn.1,Gamba Osaka,Urawa Red Diamonds,1,1,0,628894
2022-07-02T10:00:00Z,2022,jpn.1,Cerezo Osaka,Kawasaki Frontale,2,1,0,628895
2022-07-02T10:30:00Z,2022,jpn.1,Sagan Tosu,Vissel Kobe,0,2,0,628896
2022-07-02T11:00:00Z,2022,club.friendly,Ajax Amsterdam,SC Paderborn 07,2,5,0,638437
2022-07-02T12:00:00Z,2022,club.friendly,Feyenoord Rotterdam,F.C. København,0,7,0,636445
2022-07-02T12:00:00Z,2022,club.friendly,Crystal Palace,Accrington Stanley,1,1,0,651175
2022-07-02T13:00:00Z,2022,swe.1,AIK,Mjällby AIF,0,1,0,628505
2022-07-02T13:00:00Z,2022,club.friendly,PSV Eindhoven,Cercle Brugge KSV,2,2,0,645023
2022-07-02T13:00:00Z,2022,club.friendly,SK Sturm Graz,FC Liefering,0,0,0,651176
2022-07-02T13:30:00Z,2022,club.friendly,RB Salzburg,Olympiacos,3,1,0,651177
2022-07-02T14:00:00Z,2022,nor.1,FK Jerv,Haugesund,1,0,0,628136
2022-07-02T14:00:00Z,2022,bra.2,Londrina,CSA,0,0,0,631371
2022-07-02T15:05:00Z,2022,arg.3,Dock Sud,San Miguel,1,2,0,636338
2022-07-02T15:30:00Z,2022,swe.1,Helsingborg,Kalmar FF,1,1,0,628503
2022-07-02T16:00:00Z,2022,nor.1,Odds BK,Bodo/Glimt,3,2,0,628135
2022-07-02T16:00:00Z,2022,arg.3,Colegiales,JJ Urquiza,1,0,0,636334
2022-07-02T16:30:00Z,2022,club.friendly,Fenerbahce,Partizan Belgrade,1,0,0,641104
2022-07-02T17:10:00Z,2022,arg.2,Deportivo Riestra,Nueva Chicago,3,0,0,630148
2022-07-02T18:00:00Z,2022,per.1,Deportivo Municipal,César Vallejo,1,4,0,629775
2022-07-02T18:00:00Z,2022,arg.2,Almirante Brown,Estudiantes de Río Cuarto,2,2,0,630142
2022-07-02T18:30:00Z,2022,arg.1,Tigre,Talleres (Córdoba),1,1,0,635333
2022-07-02T18:30:00Z,2022,arg.3,Defensores Unidos,Los Andes,2,1,0,636333
2022-07-02T18:30:00Z,2022,arg.3,Talleres de Remedios,Comunicaciones,3,2,0,636337
2022-07-02T18:30:00Z,2022,arg.3,Deportivo Merlo,Cañuelas,2,1,0,636339
2022-07-02T19:00:00Z,2022,chi.1,Palestino,Unión Española,1,0,0,629344
2022-07-02T19:00:00Z,2022,bra.2,Ituano,Criciúma,1,2,0,631372
2022-07-02T19:00:00Z,2022,bol.1,Wilstermann,Atlético Palmaflor,2,1,0,637072
2022-07-02T19:30:00Z,2022,bra.1,Juventude,Atlético-MG,1,2,0,630993
2022-07-02T19:30:00Z,2022,bra.1,Fluminense,Corinthians,4,0,0,630996
2022-07-02T20:15:00Z,2022,per.1,Cienciano del Cusco,San Martin,5,3,0,629773
2022-07-02T21:00:00Z,2022,par.1,Cerro Porteño,Tacuary,1,0,0,627099
2022-07-02T21:00:00Z,2022,ven.1,Deportivo Táchira,Mineros de Guayana,1,0,0,631912
2022-07-02T21:00:00Z,2022,arg.1,Vélez Sarsfield,Atlético Tucumán,0,1,0,635338
2022-07-02T21:00:00Z,2022,arg.1,Godoy Cruz Antonio Tomba,Colón (Santa Fe),1,0,0,635345
2022-07-02T21:05:00Z,2022,arg.2,Estudiantes (Buenos Aires),Agropecuario,2,0,0,630149
2022-07-02T21:15:00Z,2022,bol.1,Real Tomayapo,Royal Pari,2,1,0,637073
2022-07-02T21:30:00Z,2022,chi.1,Universidad de Chile,Unión La Calera,2,1,0,629345
2022-07-02T21:30:00Z,2022,bra.2,Náutico,Novorizontino,3,1,0,631375
2022-07-02T22:00:00Z,2022,bra.1,Santos,Flamengo,1,2,0,630998
2022-07-02T22:00:00Z,2022,bra.1,Ceará,Internacional,1,1,0,631001
2022-07-02T22:00:00Z,2022,mex.1,Necaxa,Toluca,1,3,0,636011
2022-07-02T22:00:00Z,2022,mex.1,Guadalajara,FC Juarez,0,0,0,636013
2022-07-02T22:10:00Z,2022,arg.2,All Boys,Quilmes,3,1,0,630141
2022-07-02T23:00:00Z,2022,usa.usl.l1,Richmond Kickers,North Carolina FC,4,1,0,625704
2022-07-02T23:00:00Z,2022,per.1,Deportivo Binacional,Carlos Stein,3,0,0,629774
2022-07-02T23:10:00Z,2022,arg.2,Chacarita Juniors,Brown de Adrogué,2,1,0,630146
2022-07-02T23:15:00Z,2022,par.1,Resistencia SC,Libertad,0,4,0,627104
2022-07-02T23:15:00Z,2022,ven.1,Caracas FC,Zulia,3,1,0,631917
2022-07-02T23:30:00Z,2022,usa.1,Toronto FC,Seattle Sounders FC,0,2,0,623400
2022-07-02T23:30:00Z,2022,usa.usl.1,Indy Eleven,Miami FC,0,1,0,627683
2022-07-02T23:30:00Z,2022,usa.usl.1,Tampa Bay Rowdies,Memphis 901 FC,2,0,0,627686
2022-07-02T23:30:00Z,2022,bra.2,CRB,Guarani,1,1,0,631374
2022-07-02T23:30:00Z,2022,arg.1,Gimnasia La Plata,Defensa y Justicia,1,0,0,635339
2022-07-02T23:30:00Z,2022,bol.1,Oriente Petrolero,The Strongest,3,0,0,637074
2022-07-03T00:00:00Z,2022,usa.usl.1,Louisville City FC,Birmingham Legion FC,2,1,0,627685
2022-07-03T00:00:00Z,2022,chi.1,Huachipato,Curicó Unido,2,2,0,629342
2022-07-03T00:00:00Z,2022,bra.1,Palmeiras,Athletico-PR,0,2,0,630994
2022-07-03T00:05:00Z,2022,mex.1,Tigres UANL,Cruz Azul,2,3,0,636014
2022-07-03T01:00:00Z,2022,usa.usl.1,Atlanta United 2,El Paso Locomotive FC,2,2,0,627684
2022-07-03T01:00:00Z,2022,usa.usl.1,San Antonio FC,Charleston Battery,2,0,0,627689
2022-07-03T02:00:00Z,2022,usa.1,Vancouver Whitecaps,LAFC,1,0,0,623403
2022-07-03T02:00:00Z,2022,usa.usl.1,Monterey Bay,New Mexico United,1,1,0,627687
2022-07-03T02:05:00Z,2022,mex.1,América,Atlas,0,0,0,636015
2022-07-03T02:30:00Z,2022,usa.usl.l1,Central Valley Fuego FC,South Georgia Tormenta FC,0,1,0,625705
2022-07-03T02:30:00Z,2022,usa.usl.1,Las Vegas Lights FC,Detroit City FC,0,1,0,627682
2022-07-03T02:30:00Z,2022,usa.usl.1,Phoenix Rising FC,Orange County SC,2,2,0,627688
2022-07-03T08:30:00Z,2022,chn.1,Meizhou Hakka,Shenzhen FC,1,0,0,635806
2022-07-03T09:30:00Z,2022,chn.1,Dalian Professional,Changchun Yatai,2,2,0,635804
2022-07-03T09:30:00Z,2022,chn.1,Tianjin Jinmen Tiger,Beijing Guoan,1,2,0,635807
2022-07-03T11:30:00Z,2022,chn.1,Shandong Taishan,Guangzhou City,2,0,0,635805
2022-07-03T11:30:00Z,2022,chn.1,Wuhan Three Towns,Shanghai Shenhua,4,2,0,635809
2022-07-03T12:00:00Z,2022,chn.1,Zhejiang Professional FC,Henan,0,1,0,635808
2022-07-03T13:00:00Z,2022,swe.1,Djurgården,Hammarby IF,1,0,0,628499
2022-07-03T13:00:00Z,2022,swe.1,Varbergs BoIS FC,IFK Värnamo,3,0,0,628501
2022-07-03T14:00:00Z,2022,bra.1,Avaí,Cuiabá,1,2,0,630997
2022-07-03T14:00:00Z,2022,bra.2,Ponte Preta,Tombense,0,0,0,631379
2022-07-03T15:30:00Z,2022,swe.1,BK Häcken,IF Elfsborg,1,1,0,628500
2022-07-03T15:30:00Z,2022,swe.1,IFK Norrköping,IK Sirius,0,1,0,628502
2022-07-03T16:00:00Z,2022,nor.1,Kristiansund BK,Lillestrom,1,3,0,628130
2022-07-03T16:00:00Z,2022,nor.1,Hamarkameratene,Molde,0,0,0,628131
2022-07-03T16:00:00Z,2022,nor.1,Sarpsborg FK,Sandefjord,4,3,0,628132
2022-07-03T16:00:00Z,2022,nor.1,Aalesund,Stromsgodset,1,0,0,628133
2022-07-03T16:00:00Z,2022,arg.1,Unión (Santa Fe),Lanús,3,0,0,635332
2022-07-03T17:00:00Z,2022,per.1,Carlos A. Mannucci,Sporting Cristal,1,3,0,629777
2022-07-03T17:00:00Z,2022,mex.1,Pumas UNAM,Tijuana,1,1,0,636016
2022-07-03T17:45:00Z,2022,arg.2,Gimnasia (Mendoza),Independiente Rivadavia,2,0,0,630152
2022-07-03T18:00:00Z,2022,nor.1,Viking FK,Rosenborg,1,1,0,628129
2022-07-03T18:00:00Z,2022,arg.2,Guillermo Brown,Defensores de Belgrano,0,3,0,630153
2022-07-03T18:00:00Z,2022,arg.2,San Telmo,Ferro Carril Oeste,2,0,0,630156
2022-07-03T18:00:00Z,2022,arg.1,Barracas Central,San Lorenzo,2,1,0,635342
2022-07-03T18:00:00Z,2022,arg.3,Villa San Carlos,Ituzaingó,1,2,0,636335
2022-07-03T18:30:00Z,2022,arg.2,Flandria,Deportivo Morón,0,0,0,630150
2022-07-03T18:30:00Z,2022,arg.2,San Martín (San Juan),Sacachispas,5,0,0,630155
2022-07-03T18:30:00Z,2022,arg.3,UAI Urquiza,Fénix,1,0,0,636336
2022-07-03T19:00:00Z,2022,chi.1,La Serena,O'Higgins,1,0,0,629343
2022-07-03T19:00:00Z,2022,arg.2,Chaco For Ever,Mitre (Santiago del Estero),1,0,0,630147
2022-07-03T19:00:00Z,2022,arg.2,Güemes,Deportivo Maipú,2,1,0,630154
2022-07-03T19:00:00Z,2022,arg.2,Santamarina,Tristán Suárez,0,0,0,630157
2022-07-03T19:00:00Z,2022,bra.1,Atlético Goianiense,São Paulo,1,2,0,631002
2022-07-03T19:00:00Z,2022,bra.2,Bahia,Grêmio,0,0,0,631373
2022-07-03T19:00:00Z,2022,bra.2,Vasco da Gama,Sport,0,0,0,631378
2022-07-03T19:00:00Z,2022,bol.1,Nacional Potosí,Aurora,3,1,0,637075
2022-07-03T20:00:00Z,2022,par.1,12 de Octubre,General Caballero JLM,1,3,0,627096
2022-07-03T20:00:00Z,2022,per.1,ADT,Alianza Lima,1,1,0,629772
2022-07-03T20:00:00Z,2022,per.1,Alianza Atlético,Melgar,0,0,0,629779
2022-07-03T20:00:00Z,2022,per.1,Sport Boys,Sport Huancayo,2,3,0,629780
2022-07-03T20:00:00Z,2022,arg.2,Atlanta,Instituto (Córdoba),0,0,0,630143
2022-07-03T21:00:00Z,2022,usa.1,New York City FC,Atlanta United FC,2,2,0,623404
2022-07-03T21:00:00Z,2022,bra.1,América Mineiro,Goiás,1,0,0,631000
2022-07-03T21:00:00Z,2022,ven.1,Deportivo La Guaira,Carabobo,3,2,0,631910
2022-07-03T21:00:00Z,2022,arg.1,Sarmiento (Junín),Racing Club,1,1,0,635334
2022-07-03T21:15:00Z,2022,bol.1,Guabirá,Always Ready,0,1,0,637076
2022-07-03T21:30:00Z,2022,chi.1,Universidad Católica,Coquimbo Unido,2,0,0,629341
2022-07-03T21:30:00Z,2022,arg.2,Atletico Rafaela,San Martín (Tucumán),1,1,0,630144
2022-07-03T21:45:00Z,2022,bra.1,Coritiba,Fortaleza,2,1,0,630999
2022-07-03T22:00:00Z,2022,mex.1,Atlético de San Luis,León,1,2,0,636017
2022-07-03T22:15:00Z,2022,par.1,Guaraní,Club Olimpia,0,2,0,627101
2022-07-03T23:00:00Z,2021,crc.1,Cartaginés,Alajuelense,0,0,0,645362
2022-07-03T23:15:00Z,2022,ven.1,Academia Puerto Cabello,Zamora FC,0,0,0,631916
2022-07-03T23:30:00Z,2022,usa.1,New England Revolution,FC Cincinnati,2,2,0,623405
2022-07-03T23:30:00Z,2022,usa.1,Columbus Crew,Philadelphia Union,0,0,0,623406
2022-07-03T23:30:00Z,2022,usa.usl.1,Loudoun United FC,FC Tulsa,2,2,0,627690
2022-07-03T23:30:00Z,2022,bol.1,Blooming,Bolívar,2,1,0,637077
2022-07-04T00:00:00Z,2022,usa.1,Minnesota United FC,Real Salt Lake,3,2,0,623401
2022-07-04T00:00:00Z,2022,usa.1,Sporting Kansas City,Red Bull New York,0,1,0,623407
2022-07-04T00:00:00Z,2022,chi.1,Cobresal,Antofagasta,2,1,0,629338
2022-07-04T00:00:00Z,2022,arg.1,Huracán,River Plate,3,2,0,635337
2022-07-04T00:05:00Z,2022,mex.1,Santos,Monterrey,4,3,0,636018
2022-07-04T00:30:00Z,2022,usa.1,Houston Dynamo FC,Charlotte FC,1,2,0,623408
2022-07-04T00:30:00Z,2022,usa.1,Nashville SC,Portland Timbers,2,2,0,623409
2022-07-04T01:00:00Z,2022,usa.1,San Jose Earthquakes,Chicago Fire FC,2,1,0,623402
2022-07-04T01:00:00Z,2022,per.1,Universitario,UTC,1,0,0,629776
2022-07-04T02:00:00Z,2022,usa.usl.l1,FC Tucson,Greenville Triumph,1,1,0,625703
2022-07-04T07:30:00Z,2022,chn.1,Wuhan Yangtze River,Guangzhou,2,1,0,635810
2022-07-04T09:30:00Z,2022,chn.1,Shanghai Port,Hebei FC,2,1,0,635811
2022-07-04T11:30:00Z,2022,chn.1,Chengdu Rongcheng,Cangzhou Mighty Lions,1,1,0,635812
2022-07-04T17:00:00Z,2022,swe.1,IFK Göteborg,Degerfors IF,2,0,0,628498
2022-07-04T18:00:00Z,2022,arg.2,Gimnasia y Esgrima (Jujuy),Deportivo Madryn,0,0,0,630151
2022-07-04T18:00:00Z,2022,arg.2,Villa Dálmine,Alvarado (Mar del Plata),1,1,0,630158
2022-07-04T20:00:00Z,2022,arg.1,Arsenal Sarandi,Estudiantes de La Plata,2,1,0,635343
2022-07-04T22:00:00Z,2022,arg.1,Newell's Old Boys,Patronato,2,2,0,635335
2022-07-04T22:00:00Z,2022,arg.1,Aldosivi,Rosario Central,2,1,0,635344
2022-07-04T23:00:00Z,2022,usa.1,Orlando City SC,D.C. United,3,5,0,623410
2022-07-04T23:00:00Z,2022,bra.1,Red Bull Bragantino,Botafogo,0,1,0,630995
2022-07-05T00:30:00Z,2022,arg.1,Independiente,Platense,1,3,0,635336
2022-07-05T01:00:00Z,2022,usa.1,Colorado Rapids,Austin FC,2,3,0,623411
2022-07-05T01:00:00Z,2022,usa.1,FC Dallas,Inter Miami CF,1,1,0,623412
2022-07-05T01:00:00Z,2022,usa.usl.1,Colorado Springs Switchbacks FC,San Diego Loyal SC,2,3,0,627691
2022-07-05T02:00:00Z,2022,mex.1,Pachuca,Querétaro,2,0,0,636019
2022-07-05T02:30:00Z,2022,usa.1,LA Galaxy,CF Montréal,4,0,0,623413
2022-07-05T12:00:00Z,2022,caf.cosafa,Seychelles,Botswana,0,1,0,645003
2022-07-05T15:00:00Z,2022,caf.cosafa,Angola,Comoros,3,1,0,645004
2022-07-05T16:00:00Z,2022,uefa.champions_qual,Pyunik,CFR Cluj-Napoca,0,0,0,637104
2022-07-05T16:30:00Z,2022,club.friendly,Fenerbahce,Fehérvár,3,0,0,644998
2022-07-05T16:30:00Z,2022,club.friendly,Viktoria Aschaffenburg,Eintracht Frankfurt,0,1,0,646653
2022-07-05T16:30:00Z,2022,club.friendly,Young Boys,Dynamo Kyiv,0,0,0,646654
2022-07-05T17:00:00Z,2022,club.friendly,Luner SV,Borussia Dortmund,1,3,0,636891
2022-07-05T17:00:00Z,2022,uefa.champions_qual,Malmö FF,Vikingur Reykjavik,3,2,0,637102
2022-07-05T17:00:00Z,2022,uefa.europa.conf_qual,St. Joseph's,Larne,0,0,0,637149
2022-07-05T17:00:00Z,2022,uefa.europa.conf_qual,Gzira United,Atlètic Club d'Escaldes,1,1,0,637161
2022-07-05T17:45:00Z,2022,uefa.champions_qual,Ludogorets Razgrad,FK Sutjeska,2,0,0,637112
2022-07-05T18:00:00Z,2022,uefa.champions_qual,The New Saints,Linfield,1,0,0,637108
2022-07-05T18:00:00Z,2022,uefa.champions_qual,Lech Poznan,FK Qarabag,1,0,0,637113
2022-07-05T18:00:00Z,2022,uefa.champions_qual,Ballkani,Zalgiris Vilnius,1,1,0,637116
2022-07-05T18:30:00Z,2022,uefa.champions_qual,Shamrock Rovers,Hibernians,3,0,0,637106
2022-07-05T18:45:00Z,2022,uefa.champions_qual,Shkupi,Lincoln Red Imps,3,0,0,637107
2022-07-05T19:00:00Z,2022,bol.1,Atlético Palmaflor,Real Tomayapo,2,1,0,637078
2022-07-05T22:00:00Z,2022,bra.2,Ituano,Cruzeiro,1,1,0,631393
2022-07-05T22:00:00Z,2022,bra.2,Chapecoense,Londrina,0,3,0,631436
2022-07-05T22:00:00Z,2022,mex.2,Club Atlético Morelia,Tlaxcala FC,2,0,0,638292
2022-07-05T22:15:00Z,2022,conmebol.libertadores,Atlético-MG,Emelec,1,0,0,636190
2022-07-05T22:15:00Z,2022,conmebol.sudamericana,Unión (Santa Fe),Nacional,1,2,0,636206
2022-07-05T22:15:00Z,2022,bol.1,Royal Pari,Independiente Petrolero,3,2,0,637079
2022-07-06T00:05:00Z,2022,mex.2,Cancún FC,Raya2,0,1,0,638290
2022-07-06T00:30:00Z,2022,bra.2,Operário PR,CRB,2,3,0,631363
2022-07-06T00:30:00Z,2022,conmebol.libertadores,Boca Juniors,Corinthians,0,0,0,636191
2022-07-06T00:30:00Z,2022,conmebol.libertadores,Libertad,Athletico-PR,1,1,0,636192
2022-07-06T00:30:00Z,2022,conmebol.sudamericana,Internacional,Colo Colo,4,1,0,636207
2022-07-06T00:30:00Z,2022,bol.1,Universitario de Sucre,Oriente Petrolero,2,0,0,637081
2022-07-06T01:00:00Z,2022,usa.usl.l1,Northern Colorado Hailstorm FC,Forward Madison FC,1,2,0,625702
2022-07-06T02:05:00Z,2022,mex.2,Dorados de Sinaloa,Cimarrones de Sonora,1,2,0,638291
2022-07-06T10:00:00Z,2022,jpn.1,FC Tokyo,Consadole Sapporo,3,0,0,628897
2022-07-06T10:00:00Z,2022,jpn.1,Yokohama F. Marinos,Sanfrecce Hiroshima,3,0,0,628898
2022-07-06T10:00:00Z,2022,jpn.1,Vissel Kobe,Shimizu S-Pulse,2,1,0,628899
2022-07-06T10:00:00Z,2022,jpn.1,Jubilo Iwata,Avispa Fukuoka,0,1,0,628900
2022-07-06T10:00:00Z,2022,jpn.1,Kashima Antlers,Cerezo Osaka,3,3,0,628901
2022-07-06T10:00:00Z,2022,jpn.1,Kashiwa Reysol,Nagoya Grampus,0,1,0,628902
2022-07-06T10:00:00Z,2022,jpn.1,Shonan Bellmare,Gamba Osaka,1,0,0,628904
2022-07-06T10:30:00Z,2022,jpn.1,Urawa Red Diamonds,Kyoto Sanga,2,2,0,628905
2022-07-06T10:30:00Z,2022,chn.1,Zhejiang Professional FC,Dalian Professional,2,0,0,635813
2022-07-06T11:30:00Z,2022,chn.1,Changchun Yatai,Shandong Taishan,1,2,0,635814
2022-07-06T12:00:00Z,2022,caf.cosafa,Mauritius,Eswatini,0,3,0,645005
2022-07-06T14:00:00Z,2022,uefa.champions_qual,Tobol Kostanay,Ferencvaros,0,0,0,637111
2022-07-06T15:00:00Z,2022,uefa.europa.conf_qual,FC Inter Turku,Drita Gjilan,1,0,0,637146
2022-07-06T15:00:00Z,2022,caf.cosafa,Lesotho,Malawi,2,1,0,645006
2022-07-06T16:00:00Z,2022,uefa.champions_qual,Bodo/Glimt,KI Klaksvik,3,0,0,637110
2022-07-06T16:00:00Z,2022,uefa.champions_qual,HJK Helsinki,Rigas Futbola Skola,1,0,0,637114
2022-07-06T17:00:00Z,2022,nor.1,Molde,FK Jerv,1,1,0,628139
2022-07-06T17:00:00Z,2022,club.friendly,FC Liefering,SV Grödig Amateure,2,0,0,651178
2022-07-06T17:30:00Z,2022,uefa.champions_qual,F91 Dudelange,SK Tirana,1,0,0,637109
2022-07-06T18:00:00Z,2022,uefa.champions_qual,Zrinjski Mostar,Sheriff Tiraspol,0,0,0,637115
2022-07-06T18:00:00Z,2022,uefa.europa.conf_qual,Víkingur,Europa FC,1,0,0,637158
2022-07-06T18:15:00Z,2022,uefa.champions_qual,NK Maribor,Shakhter Soligorsk,0,0,0,637103
2022-07-06T18:30:00Z,2022,uefa.champions_qual,Slovan Bratislava,Dinamo Batumi,0,0,0,637105
2022-07-06T19:00:00Z,2022,bol.1,Always Ready,Nacional Potosí,2,1,0,637082
2022-07-06T20:00:00Z,2022,arg.copa,Argentinos Juniors,Defensa y Justicia,0,1,0,645356
2022-07-06T22:00:00Z,2022,bol.1,Aurora,Guabirá,1,0,0,637083
2022-07-06T22:00:00Z,2022,mex.2,Durango,Club Atlético La Paz,0,0,0,638295
2022-07-06T22:15:00Z,2022,conmebol.libertadores,Palmeiras,Cerro Porteño,5,0,0,636193
2022-07-06T22:15:00Z,2022,conmebol.libertadores,Colón (Santa Fe),Talleres (Córdoba),0,2,0,636194
2022-07-06T22:15:00Z,2022,conmebol.sudamericana,Ceará,The Strongest,3,0,0,636208
2022-07-06T23:00:00Z,2022,usa.usl.1,Pittsburgh Riverhounds,Indy Eleven,1,0,0,627693
2022-07-06T23:30:00Z,2022,usa.usl.1,Atlanta United 2,Birmingham Legion FC,3,3,0,627692
2022-07-06T23:30:00Z,2022,usa.usl.1,Detroit City FC,Hartford Athletic,1,1,0,627694
2022-07-07T00:05:00Z,2022,mex.2,Mineros de Zacatecas,Tapatío,3,4,0,638293
2022-07-07T00:30:00Z,2022,bra.2,Novorizontino,Brusque,1,0,0,631362
2022-07-07T00:30:00Z,2022,conmebol.libertadores,Flamengo,Deportes Tolima,7,1,0,636195
2022-07-07T00:30:00Z,2022,conmebol.libertadores,River Plate,Vélez Sarsfield,0,0,0,636196
2022-07-07T00:30:00Z,2022,conmebol.sudamericana,Melgar,Deportivo Cali,2,1,0,636209
2022-07-07T00:30:00Z,2022,conmebol.sudamericana,Santos,Deportivo Táchira,1,1,0,636210
2022-07-07T00:30:00Z,2022,bol.1,Blooming,Real Santa Cruz,5,1,0,637080
2022-07-07T01:00:00Z,2022,usa.usl.1,New Mexico United,Rio Grande Valley FC Toros,1,0,0,627660
2022-07-07T02:00:00Z,2021,crc.1,Alajuelense,Cartaginés,1,1,0,645363
2022-07-07T09:30:00Z,2022,chn.1,Beijing Guoan,Meizhou Hakka,0,0,0,635815
2022-07-07T09:30:00Z,2022,chn.1,Shanghai Shenhua,Hebei FC,1,0,0,635816
2022-07-07T11:30:00Z,2022,chn.1,Henan,Guangzhou City,2,1,0,635817
2022-07-07T11:30:00Z,2022,chn.1,Cangzhou Mighty Lions,Shenzhen FC,1,2,0,635818
2022-07-07T12:00:00Z,2022,caf.cosafa,Comoros,Botswana,0,1,0,645007
2022-07-07T15:00:00Z,2022,uefa.europa.conf_qual,UE Santa Coloma,Breidablik,0,1,0,637135
2022-07-07T15:00:00Z,2022,uefa.europa.conf_qual,Alashkert FC,Hamrun Spartans,1,0,0,637160
2022-07-07T15:00:00Z,2022,caf.cosafa,Angola,Seychelles,3,0,0,645008
2022-07-07T16:00:00Z,2022,uefa.europa.conf_qual,Magpies,Crusaders,2,1,0,637133
2022-07-07T16:00:00Z,2022,uefa.europa.conf_qual,Borac Banja Luka,B36 Torshavn,2,0,0,637134
2022-07-07T16:00:00Z,2022,uefa.europa.conf_qual,Flora,SJK,1,0,0,637143
2022-07-07T16:00:00Z,2022,uefa.europa.conf_qual,KuPS Kuopio,Dila Gori,2,0,0,637147
2022-07-07T16:00:00Z,2022,uefa.europa.conf_qual,Panevezys,FC Milsami,0,0,0,637153
2022-07-07T16:00:00Z,2022,uefa.europa.conf_qual,Pogon Szczecin,KR Reykjavik,4,1,0,637154
2022-07-07T16:00:00Z,2022,uefa.europa.conf_qual,Iberia 1999,Partizani Tirana,0,1,0,637155
2022-07-07T16:30:00Z,2022,uefa.europa.conf_qual,MFK Ruzomberok,Kauno Zalgiris,2,0,0,637151
2022-07-07T17:00:00Z,2022,uefa.europa.conf_qual,Dinamo Tbilisi,Paide Linnameeskond,2,3,0,637140
2022-07-07T17:00:00Z,2022,uefa.europa.conf_qual,Sfintul Gheorghe,NS Mura,1,2,0,637141
2022-07-07T17:00:00Z,2022,uefa.europa.conf_qual,Floriana FC,Petrocub,0,0,0,637144
2022-07-07T17:00:00Z,2022,uefa.europa.conf_qual,Olimpija Ljubljana,FC Differdange 03,1,1,0,637152
2022-07-07T18:00:00Z,2022,uefa.europa.conf_qual,Dinamo Minsk,Decic,1,1,0,637139
2022-07-07T18:00:00Z,2022,uefa.europa.conf_qual,Gjilani,FK Liepaja,1,0,0,637142
2022-07-07T18:00:00Z,2022,uefa.europa.conf_qual,HB Torshavn,Newtown,1,0,0,637145
2022-07-07T18:00:00Z,2022,uefa.europa.conf_qual,KF Laci,Iskra,0,0,0,637148
2022-07-07T18:00:00Z,2022,uefa.europa.conf_qual,KF Shkëndija,Ararat Yerevan,2,0,0,637156
2022-07-07T18:00:00Z,2022,uefa.europa.conf_qual,CS Fola Esch,Tre Fiori,0,1,0,637157
2022-07-07T18:00:00Z,2022,uefa.europa.conf_qual,Bala Town,Sligo Rovers,1,2,0,637159
2022-07-07T18:15:00Z,2022,uefa.europa.conf_qual,Lechia Gdansk,Akademija Pandev,4,1,0,637150
2022-07-07T18:30:00Z,2022,uefa.europa.conf_qual,Buducnost Podgorica,Llapi,2,0,0,637136
2022-07-07T18:30:00Z,2022,uefa.europa.conf_qual,Dunajska Streda,Cliftonville,2,1,0,637137
2022-07-07T18:45:00Z,2022,uefa.europa.conf_qual,Tre Penne,Tuzla City,0,2,0,637132
2022-07-07T18:45:00Z,2022,uefa.europa.conf_qual,Derry City,Riga FC,0,2,0,637138
2022-07-07T19:00:00Z,2022,bol.1,Universitario de Vinto,Bolívar,0,1,0,637084
2022-07-07T21:00:00Z,2022,col.1,Unión Magdalena,Once Caldas,2,2,0,626849
2022-07-07T21:00:00Z,2022,ven.1,UCV FC,Aragua,2,1,0,631903
2022-07-07T22:00:00Z,2022,bra.2,CSA,Ponte Preta,0,1,0,631369
2022-07-07T22:00:00Z,2022,mex.2,Alebrijes de Oaxaca,Venados FC,0,0,0,638296
2022-07-07T22:15:00Z,2022,conmebol.sudamericana,Lanús,Independiente del Valle,0,0,0,636211
2022-07-07T23:05:00Z,2022,col.1,Deportivo Pereira,Alianza FC,1,2,0,626841
2022-07-07T23:15:00Z,2022,ven.1,Mineros de Guayana,Caracas FC,1,2,0,631905
2022-07-08T00:05:00Z,2022,mex.2,Correcaminos UAT,Atlante,1,2,0,638294
2022-07-08T00:30:00Z,2022,conmebol.libertadores,Estudiantes de La Plata,Fortaleza,3,0,0,636197
2022-07-08T00:30:00Z,2022,conmebol.sudamericana,São Paulo,Universidad Católica,4,1,0,636212
2022-07-08T00:30:00Z,2022,conmebol.sudamericana,Atlético Goianiense,Club Olimpia,2,0,0,636213
2022-07-08T01:10:00Z,2022,col.1,Patriotas,Atlético Junior,1,0,0,626848
2022-07-08T08:30:00Z,2022,chn.1,Chengdu Rongcheng,Tianjin Jinmen Tiger,2,1,0,635819
2022-07-08T09:30:00Z,2022,chn.1,Wuhan Three Towns,Wuhan Yangtze River,5,0,0,635820
2022-07-08T11:30:00Z,2022,chn.1,Guangzhou,Shanghai Port,0,1,0,635821
2022-07-08T12:00:00Z,2022,caf.cosafa,Malawi,Eswatini,1,1,0,645009
2022-07-08T14:00:00Z,2022,club.friendly,Sochaux,UNFP,3,1,0,651189
2022-07-08T15:00:00Z,2022,caf.cosafa,Lesotho,Mauritius,2,1,0,645010
2022-07-08T15:30:00Z,2022,club.friendly,1. FC Nürnberg,Arsenal,3,5,0,636882
2022-07-08T18:00:00Z,2022,uru.1,Albion FC,Montevideo City Torque,1,0,0,636656
2022-07-08T21:00:00Z,2022,ven.1,Monagas SC,Deportivo La Guaira,2,2,0,631906
2022-07-08T21:10:00Z,2022,arg.2,Nueva Chicago,Belgrano (Córdoba),0,1,0,630172
2022-07-08T22:00:00Z,2022,bra.2,Vila Nova,Bahia,1,1,0,631361
2022-07-08T22:00:00Z,2022,mex.2,Celaya,Pumas Tabasco,2,1,0,638297
2022-07-08T23:00:00Z,2022,usa.usl.l1,Charlotte Independence,Richmond Kickers,1,1,0,625701
2022-07-08T23:00:00Z,2022,arg.1,Rosario Central,Sarmiento (Junín),1,0,0,635347
2022-07-08T23:10:00Z,2022,arg.2,Ferro Carril Oeste,Gimnasia (Mendoza),0,0,0,630168
2022-07-08T23:15:00Z,2022,ven.1,Carabobo,Academia Puerto Cabello,0,1,0,631902
2022-07-08T23:30:00Z,2022,usa.1,Philadelphia Union,D.C. United,7,0,0,623414
2022-07-09T00:00:00Z,2022,ecu.1,Universidad Católica (Quito),Mushuc Runa,2,1,0,635875
2022-07-09T00:00:00Z,2022,mex.1,Mazatlán FC,Tigres UANL,0,1,0,636020
2022-07-09T00:00:00Z,2022,bol.1,Oriente Petrolero,Royal Pari,0,1,0,637085
2022-07-09T00:30:00Z,2022,chi.1,O'Higgins,Palestino,1,2,0,629333
2022-07-09T00:30:00Z,2022,bra.2,Grêmio,Náutico,2,0,0,631368
2022-07-09T02:00:00Z,2022,usa.1,LAFC,LA Galaxy,3,2,0,623415
2022-07-09T02:05:00Z,2022,mex.1,Tijuana,FC Juarez,0,2,0,636021
2022-07-09T02:05:00Z,2022,mex.1,Puebla,Santos,1,0,0,636022
2022-07-09T02:30:00Z,2022,usa.1,Vancouver Whitecaps,Minnesota United FC,1,3,0,623416
2022-07-09T09:30:00Z,2022,club.friendly,RB Salzburg,Antwerp,1,2,0,647662
2022-07-09T10:00:00Z,2022,jpn.1,Jubilo Iwata,Vissel Kobe,0,1,0,628906
2022-07-09T10:00:00Z,2022,jpn.1,Kawasaki Frontale,Gamba Osaka,4,0,0,628907
2022-07-09T12:00:00Z,2022,club.friendly,Leicester City,Notts County,1,2,0,638266
2022-07-09T12:00:00Z,2022,club.friendly,Ajax Amsterdam,NK Lokomotiva,3,0,0,645738
2022-07-09T12:00:00Z,2022,club.friendly,Crystal Palace,Millwall,5,4,0,651179
2022-07-09T12:00:00Z,2022,club.friendly,FC Liefering,Bayern Munich II,1,3,0,651190
2022-07-09T12:30:00Z,2022,club.friendly,RB Salzburg,Feyenoord Rotterdam,1,2,0,636330
2022-07-09T13:00:00Z,2022,swe.1,Malmö FF,Varbergs BoIS FC,3,0,0,628497
2022-07-09T13:00:00Z,2022,uru.1,Deportivo Maldonado,Montevideo Wanderers,1,2,0,636661
2022-07-09T13:30:00Z,2022,club.friendly,Arminia Bielefeld,PSV Eindhoven,4,0,0,635267
2022-07-09T14:00:00Z,2022,nor.1,Bodo/Glimt,Sarpsborg FK,4,1,0,628128
2022-07-09T14:00:00Z,2022,bra.2,Guarani,Cruzeiro,1,0,0,631365
2022-07-09T14:00:00Z,2022,sco.cis,Albion Rovers,Livingston,2,3,0,635658
2022-07-09T14:00:00Z,2022,sco.cis,Stranraer,Queen's Park,2,5,0,635659
2022-07-09T14:00:00Z,2022,sco.cis,Buckie Thistle,Ross County,1,1,0,635660
2022-07-09T14:00:00Z,2022,sco.cis,Cowdenbeath,Airdrieonians,0,3,0,635661
2022-07-09T14:00:00Z,2022,sco.cis,Dumbarton,Stirling Albion,1,2,0,635662
2022-07-09T14:00:00Z,2022,sco.cis,Dundee,Hamilton Academical,3,0,0,635663
2022-07-09T14:00:00Z,2022,sco.cis,East Fife,Dunfermline Athletic,0,2,0,635664
2022-07-09T14:00:00Z,2022,sco.cis,Fraserburgh,Kilmarnock,1,3,0,635665
2022-07-09T14:00:00Z,2022,sco.cis,Hibernian,Clyde,5,0,0,635666
2022-07-09T14:00:00Z,2022,sco.cis,Kelty Hearts,Inverness Caledonian Thistle,0,1,0,635667
2022-07-09T14:00:00Z,2022,sco.cis,Greenock Morton,Falkirk,0,0,0,635668
2022-07-09T14:00:00Z,2022,sco.cis,Queen of the South,Annan Athletic,2,3,0,635669
2022-07-09T14:00:00Z,2022,sco.cis,St Mirren,Arbroath,0,1,0,635670
2022-07-09T14:00:00Z,2022,sco.cis,Stenhousemuir,Partick Thistle,1,2,0,635671
2022-07-09T14:00:00Z,2022,sco.cis,Ayr United,Elgin City,3,0,0,635672
2022-07-09T14:00:00Z,2022,club.friendly,Besiktas,Werder Bremen,2,1,0,644613
2022-07-09T15:00:00Z,2022,club.friendly,Dynamo Dresden,Borussia Dortmund,0,2,0,645021
2022-07-09T15:30:00Z,2022,swe.1,Degerfors IF,IFK Norrköping,1,1,0,628495
2022-07-09T16:00:00Z,2022,nor.1,Stromsgodset,Odds BK,0,0,0,628125
2022-07-09T16:00:00Z,2022,arg.1,Patronato,Arsenal Sarandi,0,1,0,635351
2022-07-09T17:00:00Z,2022,usa.1,New York City FC,New England Revolution,4,2,0,623417
2022-07-09T17:30:00Z,2022,club.friendly,SK Sturm Graz,Galatasaray,2,1,0,645024
2022-07-09T18:00:00Z,2022,arg.2,Almagro,Villa Dálmine,1,0,0,630160
2022-07-09T18:00:00Z,2022,arg.2,Brown de Adrogué,Guillermo Brown,2,0,0,630162
2022-07-09T18:00:00Z,2022,arg.2,Tristán Suárez,Estudiantes (Buenos Aires),2,0,0,630176
2022-07-09T18:00:00Z,2022,uru.1,Liverpool,Rentistas,2,0,0,636660
2022-07-09T18:00:00Z,2022,per.1,Sporting Cristal,Sport Huancayo,4,3,0,641906
2022-07-09T18:30:00Z,2022,arg.2,Deportivo Maipú,Deportivo Riestra,2,2,0,630165
2022-07-09T18:30:00Z,2022,arg.1,San Lorenzo,Boca Juniors,2,1,0,635346
2022-07-09T18:30:00Z,2022,arg.3,JJ Urquiza,Acassuso,1,0,0,636341
2022-07-09T18:30:00Z,2022,arg.3,Cañuelas,Colegiales,0,1,0,636343
2022-07-09T18:30:00Z,2022,arg.3,San Miguel,UAI Urquiza,0,0,0,636345
2022-07-09T18:30:00Z,2022,arg.3,Comunicaciones,Deportivo Merlo,3,2,0,636346
2022-07-09T18:30:00Z,2022,arg.3,Deportivo Armenio,Dock Sud,2,0,0,636347
2022-07-09T19:00:00Z,2022,chi.1,Curicó Unido,Cobresal,1,0,0,629330
2022-07-09T19:00:00Z,2022,bra.2,Sport,Londrina,2,0,0,631367
2022-07-09T19:00:00Z,2022,bol.1,Real Santa Cruz,Atlético Palmaflor,0,0,0,637086
2022-07-09T19:30:00Z,2022,bra.1,Red Bull Bragantino,Avaí,4,0,0,630986
2022-07-09T19:30:00Z,2022,bra.2,Tombense,Chapecoense,2,1,0,631364
2022-07-09T19:30:00Z,2022,bra.2,Criciúma,Vasco da Gama,0,1,0,631370
2022-07-09T20:00:00Z,2022,ecu.1,Aucas,Orense,2,0,0,635869
2022-07-09T20:15:00Z,2022,col.1,Envigado FC,América de Cali,0,0,0,626842
2022-07-09T20:15:00Z,2022,per.1,Ayacucho FC,Deportivo Municipal,1,1,0,641907
2022-07-09T20:30:00Z,2022,usa.1,Seattle Sounders FC,Portland Timbers,0,3,0,623418
2022-07-09T21:00:00Z,2022,arg.2,Agropecuario,Atlanta,1,0,0,630159
2022-07-09T21:00:00Z,2022,ven.1,Metropolitanos,Inter de Barinas,2,1,0,631904
2022-07-09T21:00:00Z,2022,arg.1,Banfield,Unión (Santa Fe),2,3,0,635356
2022-07-09T21:15:00Z,2022,bol.1,Aurora,Always Ready,1,1,0,637087
2022-07-09T21:30:00Z,2022,chi.1,Audax Italiano,Huachipato,1,1,0,629334
2022-07-09T21:30:00Z,2022,bra.2,Sampaio Corrêa,Ituano,2,0,0,631366
2022-07-09T22:00:00Z,2022,bra.1,Fluminense,Ceará,2,1,0,630988
2022-07-09T22:10:00Z,2022,arg.2,Independiente Rivadavia,All Boys,1,1,0,630169
2022-07-09T22:30:00Z,2022,ecu.1,9 de Octubre,Técnico Universitario,2,0,0,635868
2022-07-09T23:00:00Z,2022,usa.1,Charlotte FC,Nashville SC,4,1,0,623419
2022-07-09T23:00:00Z,2022,usa.1,Atlanta United FC,Austin FC,0,3,0,623420
2022-07-09T23:00:00Z,2022,usa.usl.l1,Greenville Triumph,Central Valley Fuego FC,1,0,0,625697
2022-07-09T23:00:00Z,2022,col.1,Millonarios,Deportivo Pasto,1,1,0,626844
2022-07-09T23:00:00Z,2022,usa.usl.1,Hartford Athletic,Tampa Bay Rowdies,2,3,0,627698
2022-07-09T23:00:00Z,2022,usa.usl.1,Indy Eleven,Detroit City FC,0,1,0,627699
2022-07-09T23:00:00Z,2022,usa.usl.1,Pittsburgh Riverhounds,Miami FC,4,1,0,627705
2022-07-09T23:00:00Z,2022,uru.1,Nacional,Plaza Colonia,3,1,0,636659
2022-07-09T23:00:00Z,2022,per.1,Cienciano del Cusco,César Vallejo,2,0,0,641908
2022-07-09T23:10:00Z,2022,arg.2,Quilmes,Güemes,0,2,0,630173
2022-07-09T23:15:00Z,2022,ven.1,Zamora FC,Deportivo Lara,2,0,0,631907
2022-07-09T23:30:00Z,2022,usa.1,FC Cincinnati,Red Bull New York,1,1,0,623421
2022-07-09T23:30:00Z,2022,usa.1,Toronto FC,San Jose Earthquakes,2,2,0,623423
2022-07-09T23:30:00Z,2022,usa.1,CF Montréal,Sporting Kansas City,1,2,0,623424
2022-07-09T23:30:00Z,2022,usa.usl.l1,South Georgia Tormenta FC,Chattanooga Red Wolves,2,1,0,625698
2022-07-09T23:30:00Z,2022,bra.1,Goiás,Athletico-PR,2,1,0,630985
2022-07-09T23:30:00Z,2022,arg.1,Platense,Newell's Old Boys,1,1,0,635350
2022-07-09T23:30:00Z,2022,arg.1,Talleres (Córdoba),Barracas Central,0,2,0,635359
2022-07-09T23:30:00Z,2022,bol.1,Independiente Petrolero,Blooming,3,0,0,637088
2022-07-10T00:00:00Z,2022,usa.1,Chicago Fire FC,Columbus Crew,2,3,0,623425
2022-07-10T00:00:00Z,2022,usa.usl.1,Charleston Battery,Birmingham Legion FC,0,3,0,627695
2022-07-10T00:00:00Z,2022,usa.usl.1,Louisville City FC,New York Red Bulls II,6,0,0,627706
2022-07-10T00:00:00Z,2022,chi.1,Coquimbo Unido,Everton CD,1,1,0,629331
2022-07-10T00:00:00Z,2022,mex.1,León,Pumas UNAM,3,3,0,636028
2022-07-10T00:05:00Z,2022,mex.1,Guadalajara,Atlético de San Luis,0,1,0,636023
2022-07-10T00:10:00Z,2022,arg.2,Deportivo Morón,Temperley,1,1,0,630166
2022-07-10T00:30:00Z,2022,usa.1,Houston Dynamo FC,FC Dallas,2,2,0,623426
2022-07-10T00:30:00Z,2022,usa.usl.1,FC Tulsa,Atlanta United 2,2,1,0,627697
2022-07-10T00:30:00Z,2022,usa.usl.1,Memphis 901 FC,Phoenix Rising FC,3,1,0,627701
2022-07-10T00:45:00Z,2022,usa.usl.l1,North Carolina FC,Union Omaha,1,1,0,625700
2022-07-10T01:00:00Z,2022,usa.usl.1,New Mexico United,Rio Grande Valley FC Toros,1,1,0,627702
2022-07-10T01:00:00Z,2022,ecu.1,Gualaceo,Liga de Quito,0,1,0,635872
2022-07-10T01:30:00Z,2022,usa.usl.1,El Paso Locomotive FC,Colorado Springs Switchbacks FC,1,0,0,627696
2022-07-10T02:00:00Z,2022,usa.1,Real Salt Lake,Colorado Rapids,2,2,0,623427
2022-07-10T02:00:00Z,2022,usa.usl.l1,FC Tucson,Northern Colorado Hailstorm FC,1,1,0,625699
2022-07-10T02:00:00Z,2022,usa.usl.1,San Diego Loyal SC,Ventura County FC,0,5,0,627700
2022-07-10T02:00:00Z,2022,usa.usl.1,Orange County SC,Monterey Bay,0,2,0,627703
2022-07-10T02:05:00Z,2022,mex.1,Cruz Azul,Pachuca,1,2,0,636024
2022-07-10T02:05:00Z,2022,mex.1,Monterrey,América,3,2,0,636025
2022-07-10T02:24:00Z,2022,usa.1,Orlando City SC,Inter Miami CF,1,0,0,623422
2022-07-10T03:00:00Z,2022,usa.usl.1,Sacramento Republic FC,Oakland Roots,3,3,0,627704
2022-07-10T05:00:00Z,2022,jpn.1,Consadole Sapporo,Kashima Antlers,0,0,0,628908
2022-07-10T09:00:00Z,2022,jpn.1,Sanfrecce Hiroshima,Shonan Bellmare,1,1,0,628909
2022-07-10T09:00:00Z,2022,jpn.1,Nagoya Grampus,Shimizu S-Pulse,0,2,0,628910
2022-07-10T10:00:00Z,2022,jpn.1,Sagan Tosu,Kashiwa Reysol,0,1,0,628911
2022-07-10T10:00:00Z,2022,jpn.1,Cerezo Osaka,Yokohama F. Marinos,2,2,0,628912
2022-07-10T10:00:00Z,2022,jpn.1,Urawa Red Diamonds,FC Tokyo,3,0,0,628913
2022-07-10T10:00:00Z,2022,jpn.1,Avispa Fukuoka,Kyoto Sanga,1,0,0,628914
2022-07-10T10:30:00Z,2022,chn.1,Dalian Professional,Shandong Taishan,1,3,0,635822
2022-07-10T11:30:00Z,2022,chn.1,Zhejiang Professional FC,Guangzhou City,2,0,0,635823
2022-07-10T12:00:00Z,2022,caf.cosafa,Seychelles,Comoros,1,2,0,645011
2022-07-10T12:00:00Z,2022,caf.cosafa,Botswana,Angola,1,0,0,645012
2022-07-10T13:00:00Z,2022,swe.1,IF Elfsborg,AIK,2,2,0,628490
2022-07-10T13:00:00Z,2022,swe.1,Mjällby AIF,BK Häcken,1,2,0,628491
2022-07-10T14:00:00Z,2022,bra.1,Coritiba,Juventude,2,2,0,630990
2022-07-10T14:00:00Z,2022,sco.cis,Peterhead,Aberdeen,0,2,0,635673
2022-07-10T15:00:00Z,2022,uru.1,Danubio,River Plate,1,3,0,636657
2022-07-10T15:00:00Z,2022,caf.cosafa,Mauritius,Malawi,0,2,0,645013
2022-07-10T15:00:00Z,2022,caf.cosafa,Eswatini,Lesotho,2,0,0,645014
2022-07-10T15:30:00Z,2022,swe.1,Kalmar FF,IK Sirius,1,1,0,628496
2022-07-10T16:00:00Z,2022,nor.1,Rosenborg,FK Jerv,3,2,0,628123
2022-07-10T16:00:00Z,2022,nor.1,Vålerenga,Kristiansund BK,3,0,0,628124
2022-07-10T16:00:00Z,2022,nor.1,Molde,Tromso,5,1,0,628126
2022-07-10T16:00:00Z,2022,nor.1,Lillestrom,Viking FK,0,1,0,628127
2022-07-10T16:00:00Z,2022,arg.1,Estudiantes de La Plata,Central Córdoba (Santiago del Estero),2,2,0,635353
2022-07-10T17:00:00Z,2022,mex.1,Toluca,Atlas,3,2,0,636026
2022-07-10T17:30:00Z,2022,club.friendly,Fenerbahce,Hull City,2,0,0,645357
2022-07-10T18:00:00Z,2022,nor.1,Haugesund,Hamarkameratene,1,1,0,628121
2022-07-10T18:00:00Z,2022,arg.2,Deportivo Madryn,Flandria,3,2,0,630164
2022-07-10T18:00:00Z,2022,arg.2,Instituto (Córdoba),San Martín (San Juan),2,1,0,630170
2022-07-10T18:00:00Z,2022,arg.2,Sacachispas,Chaco For Ever,0,1,0,630174
2022-07-10T18:00:00Z,2022,per.1,Atlético Grau,Alianza Lima,1,2,0,641909
2022-07-10T18:15:00Z,2022,per.1,Carlos A. Mannucci,Melgar,0,1,0,641910
2022-07-10T18:30:00Z,2022,arg.1,Racing Club,Independiente,1,0,0,635349
2022-07-10T19:00:00Z,2022,col.1,Internacional de Bogotá,Independiente Santa Fe,2,2,0,626846
2022-07-10T19:00:00Z,2022,chi.1,Antofagasta,Universidad de Chile,1,1,0,629336
2022-07-10T19:00:00Z,2022,arg.2,Estudiantes de Río Cuarto,Gimnasia y Esgrima (Jujuy),3,1,0,630167
2022-07-10T19:00:00Z,2022,arg.2,Mitre (Santiago del Estero),San Telmo,2,1,0,630171
2022-07-10T19:00:00Z,2022,bra.1,Corinthians,Flamengo,1,0,0,630989
2022-07-10T19:00:00Z,2022,ecu.1,Independiente del Valle,Cumbayá,2,0,0,635873
2022-07-10T19:00:00Z,2022,uru.1,Boston River,Defensor Sporting,2,3,0,636655
2022-07-10T19:00:00Z,2022,bol.1,Nacional Potosí,The Strongest,1,5,0,637089
2022-07-10T20:00:00Z,2022,per.1,ADT,Carlos Stein,1,0,0,641911
2022-07-10T20:30:00Z,2022,per.1,Universitario,Academia Cantolao,1,1,0,641912
2022-07-10T21:00:00Z,2022,bra.1,Santos,Atlético Goianiense,1,0,0,630984
2022-07-10T21:00:00Z,2022,bra.1,Fortaleza,Palmeiras,0,0,0,630991
2022-07-10T21:00:00Z,2022,bra.1,Atlético-MG,São Paulo,0,0,0,630992
2022-07-10T21:00:00Z,2022,ven.1,Estudiantes de Mérida,Zulia,2,0,0,631909
2022-07-10T21:00:00Z,2022,arg.1,Lanús,Huracán,2,3,0,635352
2022-07-10T21:00:00Z,2022,arg.1,Atlético Tucumán,Gimnasia La Plata,2,0,0,635357
2022-07-10T21:10:00Z,2022,arg.3,Ituzaingó,Defensores Unidos,1,1,0,636344
2022-07-10T21:15:00Z,2022,bol.1,Real Tomayapo,Bolívar,0,2,0,637090
2022-07-10T21:30:00Z,2022,ecu.1,Macará,Emelec,1,3,0,635874
2022-07-10T22:00:00Z,2022,chi.1,Colo Colo,La Serena,3,0,0,629332
2022-07-10T22:00:00Z,2022,bra.1,Cuiabá,Botafogo,2,0,0,630987
2022-07-10T22:00:00Z,2022,mex.1,Querétaro,Necaxa,1,2,0,636027
2022-07-10T22:00:00Z,2022,uru.1,Peñarol,Fénix ,0,0,0,636658
2022-07-10T23:10:00Z,2022,col.1,Atlético Nacional,Cortuluá,1,1,0,626843
2022-07-10T23:15:00Z,2022,ven.1,Portuguesa,Deportivo Táchira,0,0,0,631908
2022-07-10T23:30:00Z,2022,arg.1,River Plate,Godoy Cruz Antonio Tomba,0,2,0,635348
2022-07-10T23:30:00Z,2022,bol.1,Wilstermann,Universitario de Vinto,2,0,0,637091
2022-07-11T00:00:00Z,2022,ecu.1,Barcelona SC,Delfín,0,1,0,635870
2022-07-11T00:30:00Z,2022,chi.1,Unión La Calera,Ñublense,2,2,0,629337
2022-07-11T01:15:00Z,2022,col.1,Deportes Tolima,Independiente Medellín,1,1,0,626845
2022-07-11T02:00:00Z,2022,mex.2,Leones Negros,Tepatitlán FC,3,0,0,638298
2022-07-11T08:30:00Z,2022,chn.1,Meizhou Hakka,Chengdu Rongcheng,1,2,0,635824
2022-07-11T11:30:00Z,2022,chn.1,Henan,Changchun Yatai,6,2,0,635825
2022-07-11T11:30:00Z,2022,chn.1,Hebei FC,Guangzhou,0,1,0,635826
2022-07-11T11:30:00Z,2022,chn.1,Shenzhen FC,Beijing Guoan,2,1,0,635827
2022-07-11T17:00:00Z,2022,swe.1,Helsingborg,Djurgården,0,2,0,628492
2022-07-11T17:00:00Z,2022,swe.1,IFK Värnamo,GIF Sundsvall,1,1,0,628493
2022-07-11T17:00:00Z,2022,swe.1,Hammarby IF,IFK Göteborg,3,0,0,628494
2022-07-11T18:00:00Z,2022,per.1,Sport Boys,UTC,3,0,0,641913
2022-07-11T18:30:00Z,2022,arg.3,Fénix,Villa San Carlos,1,1,0,636348
2022-07-11T20:15:00Z,2022,per.1,Deportivo Binacional,San Martin,4,0,0,641914
2022-07-11T20:35:00Z,2022,arg.2,Defensores de Belgrano,Atletico Rafaela,1,1,0,630163
2022-07-11T22:00:00Z,2022,arg.1,Defensa y Justicia,Aldosivi,3,2,0,635354
2022-07-11T22:00:00Z,2022,arg.1,Colón (Santa Fe),Vélez Sarsfield,2,1,0,635355
2022-07-11T22:30:00Z,2022,uru.1,Cerrito,Cerro Largo,0,2,0,636654
2022-07-11T22:40:00Z,2022,arg.2,Alvarado (Mar del Plata),Almirante Brown,0,2,0,630161
2022-07-11T23:00:00Z,2022,bra.1,Internacional,América Mineiro,1,0,0,630983
2022-07-12T00:00:00Z,2022,ecu.1,Deportivo Cuenca,Guayaquil City FC,1,0,0,635871
2022-07-12T00:00:00Z,2022,bol.1,Guabirá,Universitario de Sucre,5,0,0,637092
2022-07-12T00:30:00Z,2022,arg.1,Argentinos Juniors,Tigre,2,1,0,635358
2022-07-12T00:40:00Z,2022,arg.2,San Martín (Tucumán),Santamarina,4,0,0,630175
2022-07-12T09:30:00Z,2022,chn.1,Wuhan Yangtze River,Shanghai Shenhua,2,2,0,635828
2022-07-12T10:30:00Z,2022,chn.1,Shanghai Port,Wuhan Three Towns,0,1,0,635830
2022-07-12T11:30:00Z,2022,chn.1,Tianjin Jinmen Tiger,Cangzhou Mighty Lions,3,0,0,635829
2022-07-12T12:00:00Z,2022,caf.cosafa,Madagascar,Namibia,0,2,0,645015
2022-07-12T13:00:00Z,2022,club.friendly,Manchester United,Liverpool,4,0,0,634136
2022-07-12T14:00:00Z,2022,club.friendly,Besiktas,Viktoria Plzen,0,0,0,644614
2022-07-12T15:00:00Z,2022,caf.cosafa,Zambia,Botswana,1,1,0,648286
2022-07-12T15:30:00Z,2022,uefa.champions_qual,Rigas Futbola Skola,HJK Helsinki,2,1,0,637123
2022-07-12T16:00:00Z,2022,uefa.champions_qual,FK Qarabag,Lech Poznan,5,1,0,637117
2022-07-12T16:00:00Z,2022,uefa.champions_qual,Zalgiris Vilnius,Ballkani,1,0,0,637118
2022-07-12T16:00:00Z,2022,uefa.champions_qual,Lincoln Red Imps,Shkupi,2,0,0,637121
2022-07-12T16:30:00Z,2022,club.friendly,FC Lugano,Internazionale,1,4,0,645876
2022-07-12T17:00:00Z,2022,uefa.champions_qual,Sheriff Tiraspol,Zrinjski Mostar,1,0,0,637125
2022-07-12T18:00:00Z,2022,nor.1,Sandefjord,Aalesund,2,2,0,628122
2022-07-12T18:00:00Z,2022,uefa.champions_qual,Hibernians,Shamrock Rovers,0,0,0,637119
2022-07-12T18:00:00Z,2022,uefa.champions_qual,SK Tirana,F91 Dudelange,1,2,0,637128
2022-07-12T18:00:00Z,2022,uefa.europa.conf_qual,Drita Gjilan,FC Inter Turku,3,0,0,637165
2022-07-12T18:00:00Z,2022,club.friendly,Burton Albion,Nottingham Forest,0,1,0,648299
2022-07-12T18:00:00Z,2022,club.friendly,Boreham Wood,West Ham United,1,1,0,648300
2022-07-12T18:00:00Z,2022,club.friendly,Ipswich Town,West Ham United,1,2,0,648301
2022-07-12T18:45:00Z,2022,sco.cis,Airdrieonians,Edinburgh City,1,1,0,635674
2022-07-12T18:45:00Z,2022,sco.cis,Albion Rovers,Cove Rangers,1,2,0,635675
2022-07-12T18:45:00Z,2022,sco.cis,St Johnstone,Annan Athletic,0,0,0,635676
2022-07-12T18:45:00Z,2022,sco.cis,Queen's Park,Forfar Athletic,4,1,0,635677
2022-07-12T18:45:00Z,2022,sco.cis,Livingston,Inverness Caledonian Thistle,1,2,0,635678
2022-07-12T18:45:00Z,2022,sco.cis,Hamilton Academical,Stranraer,5,2,0,635679
2022-07-12T18:45:00Z,2022,sco.cis,Alloa Athletic,East Fife,1,1,0,635680
2022-07-12T18:45:00Z,2022,sco.cis,Ayr United,Queen of the South,0,3,0,635681
2022-07-12T18:45:00Z,2022,sco.cis,Dunfermline Athletic,Buckie Thistle,5,0,0,635682
2022-07-12T18:45:00Z,2022,sco.cis,Falkirk,Hibernian,1,0,0,635683
2022-07-12T18:45:00Z,2022,sco.cis,Fraserburgh,Montrose,2,4,0,635684
2022-07-12T19:00:00Z,2022,uefa.champions_qual,FK Sutjeska,Ludogorets Razgrad,0,1,0,637126
2022-07-12T19:30:00Z,2022,uefa.champions_qual,Vikingur Reykjavik,Malmö FF,3,3,0,637127
2022-07-12T21:10:00Z,2022,arg.3,Los Andes,Talleres de Remedios,0,0,0,636342
2022-07-12T22:00:00Z,2022,mex.2,Tlaxcala FC,Dorados de Sinaloa,0,2,0,638301
2022-07-12T23:00:00Z,2022,col.1,Alianza FC,Unión Magdalena,0,1,0,626840
2022-07-12T23:30:00Z,2022,bra.copa_do_brazil,Athletico-PR,Bahia,2,1,0,636910
2022-07-13T00:00:00Z,2022,bra.copa_do_brazil,Cruzeiro,Fluminense,0,3,0,636905
2022-07-13T00:05:00Z,2022,mex.2,Correcaminos UAT,Durango,5,3,0,638299
2022-07-13T00:10:00Z,2022,arg.copa,Banfield,Unión (Santa Fe),2,1,0,645606
2022-07-13T01:00:00Z,2022,usa.1,Austin FC,Houston Dynamo FC,3,1,0,623428
2022-07-13T01:05:00Z,2022,col.1,Millonarios,Atlético Bucaramanga,0,0,0,626832
2022-07-13T02:05:00Z,2022,mex.2,Cimarrones de Sonora,Mineros de Zacatecas,3,0,0,638300
2022-07-13T10:00:00Z,2022,club.friendly,AS Roma,Sunderland,2,0,0,646655
2022-07-13T11:00:00Z,2022,club.friendly,K-League All-Stars,Tottenham Hotspur,3,6,0,648434
2022-07-13T12:00:00Z,2022,caf.cosafa,Senegal,Eswatini,1,1,0,648287
2022-07-13T15:00:00Z,2022,caf.cosafa,South Africa,Mozambique,0,0,0,645016
2022-07-13T16:00:00Z,2022,club.friendly,Clermont Foot,UNFP,4,2,0,651191
2022-07-13T16:30:00Z,2022,club.friendly,Borussia Mönchengladbach,Viktoria Köln,5,2,0,648435
2022-07-13T17:00:00Z,2022,uefa.champions_qual,KI Klaksvik,Bodo/Glimt,3,1,0,637120
2022-07-13T17:00:00Z,2022,uefa.champions_qual,Shakhter Soligorsk,NK Maribor,0,2,0,637124
2022-07-13T17:00:00Z,2022,uefa.champions_qual,Dinamo Batumi,Slovan Bratislava,1,2,0,637129
2022-07-13T17:00:00Z,2022,club.friendly,Fehérvár,Galatasaray,1,0,0,645025
2022-07-13T17:15:00Z,2022,club.friendly,Olot,Barcelona,1,1,0,637068
2022-07-13T18:00:00Z,2022,uefa.champions_qual,Ferencvaros,Tobol Kostanay,5,1,0,637131
2022-07-13T18:30:00Z,2022,uefa.champions_qual,CFR Cluj-Napoca,Pyunik,2,2,0,637130
2022-07-13T18:45:00Z,2022,sco.cis,Clyde,Bonnyrigg Rose,1,2,0,635685
2022-07-13T18:45:00Z,2022,sco.cis,Arbroath,Cowdenbeath,3,0,0,635686
2022-07-13T18:45:00Z,2022,sco.cis,Aberdeen,Dumbarton,2,0,0,635687
2022-07-13T18:45:00Z,2022,sco.cis,Kilmarnock,Partick Thistle,1,1,0,635688
2022-07-13T18:45:00Z,2022,sco.cis,Raith Rovers,Peterhead,6,0,0,635689
2022-07-13T18:45:00Z,2022,uefa.champions_qual,Linfield,The New Saints,2,0,0,637122
2022-07-13T19:00:00Z,2022,col.1,Cortuluá,Jaguares de Córdoba,0,1,0,626837
2022-07-13T19:00:00Z,2022,arg.copa,Belgrano (Córdoba),Estudiantes de La Plata,1,0,0,645607
2022-07-13T21:05:00Z,2022,col.1,Deportivo Pasto,Envigado FC,4,0,0,626835
2022-07-13T21:30:00Z,2022,arg.copa,Lanús,Godoy Cruz Antonio Tomba,1,3,0,645609
2022-07-13T22:00:00Z,2022,bra.copa_do_brazil,Goiás,Atlético Goianiense,0,3,0,636907
2022-07-13T22:00:00Z,2022,mex.2,Tepatitlán FC,Raya2,1,2,0,638304
2022-07-13T23:00:00Z,2022,usa.usl.1,Miami FC,Charleston Battery,1,0,0,627708
2022-07-13T23:00:00Z,2022,bra.copa_do_brazil,Ceará,Fortaleza,1,0,0,636904
2022-07-13T23:10:00Z,2022,col.1,Once Caldas,Internacional de Bogotá,1,1,0,626838
2022-07-13T23:30:00Z,2022,usa.1,Atlanta United FC,Real Salt Lake,2,1,0,623429
2022-07-13T23:30:00Z,2022,usa.usl.l1,South Georgia Tormenta FC,Greenville Triumph,5,5,0,625696
2022-07-14T00:00:00Z,2022,usa.1,Chicago Fire FC,Toronto FC,2,0,0,623430
2022-07-14T00:00:00Z,2022,usa.1,Inter Miami CF,Philadelphia Union,1,2,0,623431
2022-07-14T00:00:00Z,2022,usa.1,Minnesota United FC,Sporting Kansas City,1,1,0,623432
2022-07-14T00:00:00Z,2022,usa.1,FC Cincinnati,Vancouver Whitecaps,2,2,0,623433
2022-07-14T00:00:00Z,2022,usa.1,D.C. United,Columbus Crew,2,2,0,623434
2022-07-14T00:05:00Z,2022,mex.2,Atlante,Cancún FC,2,0,0,638302
2022-07-14T00:30:00Z,2022,usa.1,Nashville SC,Seattle Sounders FC,1,0,0,623435
2022-07-14T00:30:00Z,2022,usa.usl.1,FC Tulsa,New Mexico United,1,2,0,627707
2022-07-14T00:30:00Z,2022,bra.copa_do_brazil,Flamengo,Atlético-MG,2,0,0,636906
2022-07-14T00:30:00Z,2022,bra.copa_do_brazil,Santos,Corinthians,1,0,0,636911
2022-07-14T00:30:00Z,2022,arg.copa,Barracas Central,River Plate,0,3,0,645608
2022-07-14T01:00:00Z,2022,usa.1,FC Dallas,New York City FC,0,1,0,623436
2022-07-14T01:00:00Z,2022,usa.1,Colorado Rapids,Orlando City SC,1,1,0,623437
2022-07-14T01:00:00Z,2022,usa.usl.l1,Northern Colorado Hailstorm FC,Central Valley Fuego FC,0,1,0,625695
2022-07-14T01:15:00Z,2022,col.1,Atlético Junior,Atlético Nacional,3,1,0,626831
2022-07-14T02:00:00Z,2022,usa.1,LA Galaxy,San Jose Earthquakes,2,3,0,623438
2022-07-14T02:00:00Z,2022,mex.1,América,Toluca,1,0,0,636029
2022-07-14T02:05:00Z,2022,mex.2,Club Atlético La Paz,Leones Negros,2,2,0,638303
2022-07-14T14:00:00Z,2022,uefa.europa.conf_qual,FK Liepaja,Gjilani,3,1,0,637170
2022-07-14T15:00:00Z,2022,uefa.europa.conf_qual,Ararat Yerevan,KF Shkëndija,2,2,0,637163
2022-07-14T15:00:00Z,2022,uefa.europa.conf_qual,Europa FC,Víkingur,1,2,0,637166
2022-07-14T15:00:00Z,2022,uefa.europa.conf_qual,Akademija Pandev,Lechia Gdansk,1,2,0,637185
2022-07-14T16:00:00Z,2022,uefa.europa.conf_qual,FC Milsami,Panevezys,2,0,0,637167
2022-07-14T16:00:00Z,2022,uefa.europa.conf_qual,Kauno Zalgiris,MFK Ruzomberok,0,0,0,637173
2022-07-14T16:00:00Z,2022,uefa.europa.conf_qual,Paide Linnameeskond,Dinamo Tbilisi,1,2,0,637177
2022-07-14T16:00:00Z,2022,uefa.europa.conf_qual,SJK,Flora,4,2,0,637181
2022-07-14T16:00:00Z,2022,uefa.europa.conf_qual,Tuzla City,Tre Penne,6,0,0,637187
2022-07-14T16:00:00Z,2022,club.friendly,SC Verl 1924,Borussia Dortmund,0,5,0,645233
2022-07-14T16:00:00Z,2022,club.friendly,Trabzonspor,MTK Budapest,2,1,0,645880
2022-07-14T17:00:00Z,2022,uefa.europa.conf_qual,Dila Gori,KuPS Kuopio,0,0,0,637164
2022-07-14T17:00:00Z,2022,uefa.europa.conf_qual,Petrocub,Floriana FC,1,0,0,637179
2022-07-14T17:00:00Z,2022,uefa.europa.conf_qual,Riga FC,Derry City,2,0,0,637180
2022-07-14T17:00:00Z,2022,uefa.europa.conf_qual,B36 Torshavn,Borac Banja Luka,3,1,0,637186
2022-07-14T17:00:00Z,2022,uefa.europa.conf_qual,Atlètic Club d'Escaldes,Gzira United,0,1,0,637188
2022-07-14T17:15:00Z,2022,uefa.europa.conf_qual,Newtown,HB Torshavn,2,1,0,637176
2022-07-14T17:30:00Z,2022,uefa.europa.conf_qual,FC Differdange 03,Olimpija Ljubljana,1,2,0,637191
2022-07-14T18:00:00Z,2022,uefa.europa.conf_qual,Hamrun Spartans,Alashkert FC,4,1,0,637171
2022-07-14T18:00:00Z,2022,uefa.europa.conf_qual,Llapi,Buducnost Podgorica,2,2,0,637174
2022-07-14T18:00:00Z,2022,uefa.europa.conf_qual,NS Mura,Sfintul Gheorghe,2,1,0,637175
2022-07-14T18:00:00Z,2022,uefa.europa.conf_qual,Partizani Tirana,Iberia 1999,0,1,0,637178
2022-07-14T18:00:00Z,2022,uefa.europa.conf_qual,Sligo Rovers,Bala Town,0,1,0,637182
2022-07-14T18:15:00Z,2022,uefa.europa.conf_qual,KR Reykjavik,Pogon Szczecin,1,0,0,637172
2022-07-14T18:45:00Z,2022,uefa.europa.conf_qual,Decic,Dinamo Minsk,1,2,0,637162
2022-07-14T18:45:00Z,2022,uefa.europa.conf_qual,Tre Fiori,CS Fola Esch,3,1,0,637169
2022-07-14T18:45:00Z,2022,uefa.europa.conf_qual,Larne,St. Joseph's,0,1,0,637183
2022-07-14T19:00:00Z,2022,uefa.europa.conf_qual,Iskra,KF Laci,0,1,0,637168
2022-07-14T19:00:00Z,2022,uefa.europa.conf_qual,Crusaders,Magpies,3,1,0,637189
2022-07-14T19:00:00Z,2022,uefa.europa.conf_qual,Cliftonville,Dunajska Streda,0,3,0,637190
2022-07-14T19:15:00Z,2022,uefa.europa.conf_qual,Breidablik,UE Santa Coloma,4,1,0,637184
2022-07-14T21:00:00Z,2022,col.1,Águilas Doradas,Independiente Santa Fe,2,2,0,626836
2022-07-14T21:00:00Z,2022,ven.1,Inter de Barinas,Deportivo Lara,3,1,0,631895
2022-07-14T21:30:00Z,2022,bra.2,Operário PR,Sport,0,0,0,631358
2022-07-14T22:00:00Z,2022,uru.1,Montevideo City Torque,Liverpool,2,3,0,636666
2022-07-14T22:00:00Z,2022,mex.2,Tapatío,Club Atlético Morelia,2,0,0,638307
2022-07-14T23:00:00Z,2022,bra.copa_do_brazil,Palmeiras,São Paulo,2,1,0,636908
2022-07-14T23:05:00Z,2022,col.1,Independiente Medellín,Patriotas,1,0,0,626839
2022-07-14T23:15:00Z,2022,par.1,Resistencia SC,Sol de América,2,1,0,623985
2022-07-14T23:15:00Z,2022,ven.1,Aragua,Monagas SC,2,4,0,631899
2022-07-15T00:00:00Z,2022,arg.1,Central Córdoba (Santiago del Estero),Patronato,1,3,0,635370
2022-07-15T00:00:00Z,2022,bra.copa_do_brazil,Botafogo,América Mineiro,0,2,0,636909
2022-07-15T00:05:00Z,2022,mex.2,Pumas Tabasco,Alebrijes de Oaxaca,0,2,0,638305
2022-07-15T00:10:00Z,2022,arg.2,Villa Dálmine,Nueva Chicago,4,3,0,630194
2022-07-15T01:10:00Z,2022,col.1,Deportes Tolima,Deportivo Cali,2,0,0,626833
2022-07-15T02:05:00Z,2022,mex.2,Venados FC,Celaya,3,2,0,638306
2022-07-15T09:30:00Z,2022,club.friendly,FC Liefering,Bohemians 1905,0,2,0,651192
2022-07-15T10:00:00Z,2022,caf.cosafa,South Africa,Madagascar,2,1,0,648789
2022-07-15T10:05:00Z,2022,club.friendly,Melbourne Victory,Manchester United,1,4,0,634137
2022-07-15T12:30:00Z,2022,club.friendly,Newcastle United,TSV 1860 Munich,3,0,0,648734
2022-07-15T12:35:00Z,2022,club.friendly,Liverpool,Crystal Palace,2,0,0,634862
2022-07-15T13:00:00Z,2022,caf.cosafa,Botswana,Eswatini,2,0,0,648790
2022-07-15T13:30:00Z,2022,club.friendly,Ajax Amsterdam,Eupen,1,1,0,645739
2022-07-15T14:00:00Z,2022,caf.cosafa,Namibia,Mozambique,1,0,0,648791
2022-07-15T14:30:00Z,2022,club.friendly,Eintracht Frankfurt,Torino,3,1,0,647655
2022-07-15T15:00:00Z,2022,club.friendly,Paris Saint-Germain,US Quevilly,2,0,0,645884
2022-07-15T17:00:00Z,2022,den.1,FC Midtjylland,Randers FC,1,1,0,636164
2022-07-15T17:00:00Z,2022,rus.1,FC Khimki,Zenit St Petersburg,1,1,0,641111
2022-07-15T17:00:00Z,2022,caf.cosafa,Zambia,Senegal,4,3,0,648792
2022-07-15T18:00:00Z,2022,arg.2,Deportivo Riestra,Quilmes,1,1,0,630183
2022-07-15T18:00:00Z,2022,uru.1,Albion FC,Deportivo Maldonado,2,3,0,636664
2022-07-15T18:15:00Z,2022,club.friendly,Mainz,Besiktas,0,1,0,644615
2022-07-15T18:30:00Z,2022,ger.2,Kaiserslautern,Hannover 96,2,1,0,638744
2022-07-15T20:00:00Z,2022,club.friendly,Benfica,Nice,3,0,0,648735
2022-07-15T20:30:00Z,2022,per.1,Deportivo Municipal,Cienciano del Cusco,0,0,0,641915
2022-07-15T21:00:00Z,2022,ven.1,Deportivo La Guaira,Mineros de Guayana,1,1,0,631898
2022-07-15T22:00:00Z,2022,bra.2,Criciúma,Ponte Preta,1,1,0,631357
2022-07-15T22:00:00Z,2022,arg.1,Sarmiento (Junín),Defensa y Justicia,2,0,0,635365
2022-07-15T22:00:00Z,2022,uru.1,Plaza Colonia,River Plate,0,0,0,636668
2022-07-15T22:00:00Z,2022,bol.1,Wilstermann,Guabirá,2,2,0,637093
2022-07-15T23:00:00Z,2022,usa.usl.1,New York Red Bulls II,Indy Eleven,1,0,0,627709
2022-07-15T23:15:00Z,2022,par.1,Tacuary,Guaireña,0,0,0,623981
2022-07-15T23:15:00Z,2022,ven.1,Deportivo Táchira,Metropolitanos,3,0,0,631897
2022-07-15T23:30:00Z,2022,bol.1,Real Tomayapo,Real Santa Cruz,1,2,0,637094
2022-07-16T00:00:00Z,2022,ecu.1,Cumbayá,Gualaceo,1,2,0,635882
2022-07-16T00:00:00Z,2022,mex.1,Puebla,León,1,1,0,636030
2022-07-16T00:10:00Z,2022,arg.2,All Boys,Ferro Carril Oeste,3,1,0,630177
2022-07-16T00:30:00Z,2022,bra.2,Vila Nova,CSA,1,2,0,631353
2022-07-16T00:30:00Z,2022,arg.1,Aldosivi,Atlético Tucumán,0,1,0,635360
2022-07-16T00:30:00Z,2022,arg.1,Arsenal Sarandi,Platense,1,1,0,635361
2022-07-16T01:00:00Z,2022,usa.usl.1,Colorado Springs Switchbacks FC,Ventura County FC,4,2,0,627710
2022-07-16T02:05:00Z,2022,mex.1,FC Juarez,Querétaro,1,1,0,636031
2022-07-16T09:00:00Z,2022,jpn.1,Shimizu S-Pulse,Urawa Red Diamonds,1,2,0,628917
2022-07-16T09:00:00Z,2022,jpn.1,Kashima Antlers,Vissel Kobe,1,1,0,628918
2022-07-16T10:00:00Z,2022,jpn.1,Sagan Tosu,Yokohama F. Marinos,2,2,0,628920
2022-07-16T10:00:00Z,2022,jpn.1,Shonan Bellmare,Avispa Fukuoka,0,0,0,628921
2022-07-16T10:00:00Z,2022,jpn.1,Gamba Osaka,Cerezo Osaka,1,2,0,628922
2022-07-16T10:00:00Z,2022,jpn.1,Kashiwa Reysol,Consadole Sapporo,1,0,0,628923
2022-07-16T10:00:00Z,2022,club.friendly,Crystal Palace,Ipswich Town,4,2,0,651180
2022-07-16T11:00:00Z,2022,club.friendly,Tottenham Hotspur,Sevilla,1,1,0,635265
2022-07-16T11:00:00Z,2022,ger.2,SpVgg Greuther Fürth,Holstein Kiel,2,2,0,638746
2022-07-16T11:00:00Z,2022,ger.2,SV Sandhausen,Arminia Bielefeld,2,1,0,638747
2022-07-16T11:00:00Z,2022,ger.2,SSV Jahn Regensburg,SV Darmstadt 98,2,0,0,638748
2022-07-16T11:00:00Z,2022,ger.2,St. Pauli,1. FC Nürnberg,3,2,0,638750
2022-07-16T11:30:00Z,2022,club.friendly,Celtic,Blackburn Rovers,2,2,0,649595
2022-07-16T12:00:00Z,2022,club.friendly,Feyenoord Rotterdam,Union St.-Gilloise,0,4,0,641078
2022-07-16T12:00:00Z,2022,rus.1,CSKA Moscow,FC Ural Ekaterinburg,2,0,0,641109
2022-07-16T12:00:00Z,2022,club.friendly,RB Leipzig,Southampton,3,1,0,648736
2022-07-16T12:00:00Z,2022,club.friendly,Standard Liege,Borussia Mönchengladbach,1,1,0,649596
2022-07-16T12:00:00Z,2022,club.friendly,OH Leuven,Leicester City,3,3,0,651181
2022-07-16T13:00:00Z,2022,swe.1,IFK Norrköping,Malmö FF,0,2,0,628488
2022-07-16T14:00:00Z,2022,nor.1,FK Jerv,Sandefjord,1,2,0,628120
2022-07-16T14:00:00Z,2022,bra.2,Ituano,Londrina,0,0,0,631355
2022-07-16T14:00:00Z,2022,sco.cis,Annan Athletic,Elgin City,4,0,0,635690
2022-07-16T14:00:00Z,2022,sco.cis,Buckie Thistle,Alloa Athletic,1,4,0,635691
2022-07-16T14:00:00Z,2022,sco.cis,Clyde,Greenock Morton,2,0,0,635692
2022-07-16T14:00:00Z,2022,sco.cis,Cove Rangers,Livingston,1,2,0,635693
2022-07-16T14:00:00Z,2022,sco.cis,Cowdenbeath,St Mirren,0,2,0,635694
2022-07-16T14:00:00Z,2022,sco.cis,Edinburgh City,Arbroath,1,3,0,635695
2022-07-16T14:00:00Z,2022,sco.cis,Forfar Athletic,Hamilton Academical,0,3,0,635696
2022-07-16T14:00:00Z,2022,sco.cis,Kelty Hearts,Albion Rovers,0,2,0,635697
2022-07-16T14:00:00Z,2022,sco.cis,Montrose,Kilmarnock,0,3,0,635698
2022-07-16T14:00:00Z,2022,sco.cis,Peterhead,Dumbarton,0,2,0,635699
2022-07-16T14:00:00Z,2022,sco.cis,Queen of the South,St Johnstone,2,2,0,635700
2022-07-16T14:00:00Z,2022,sco.cis,Raith Rovers,Stirling Albion,1,1,0,635701
2022-07-16T14:00:00Z,2022,sco.cis,Ross County,Dunfermline Athletic,1,0,0,635702
2022-07-16T14:00:00Z,2022,sco.cis,Stenhousemuir,Fraserburgh,3,0,0,635703
2022-07-16T14:00:00Z,2022,sco.cis,Stranraer,Dundee,0,3,0,635704
2022-07-16T14:00:00Z,2022,uru.1,Rentistas,Fénix ,0,1,0,636669
2022-07-16T14:00:00Z,2022,club.friendly,Blackpool,Rangers,1,2,0,649597
2022-07-16T14:00:00Z,2022,club.friendly,Reading,West Ham United,1,1,0,649598
2022-07-16T14:30:00Z,2022,rus.1,Gazovik Orenburg,Krylia Sovetov,2,4,0,641107
2022-07-16T15:05:00Z,2022,arg.3,Colegiales,Comunicaciones,2,0,0,636349
2022-07-16T15:30:00Z,2022,swe.1,Djurgården,IFK Värnamo,5,0,0,628486
2022-07-16T15:30:00Z,2022,club.friendly,SC Freiburg,Stade Rennais,1,0,0,649599
2022-07-16T15:30:00Z,2022,club.friendly,Paris FC,UNFP,1,2,0,651193
2022-07-16T16:00:00Z,2022,nor.1,Hamarkameratene,Bodo/Glimt,0,2,0,628119
2022-07-16T16:00:00Z,2022,arg.1,Barracas Central,Argentinos Juniors,1,3,0,635372
2022-07-16T16:00:00Z,2022,club.friendly,Trabzonspor,Slovacko,2,2,0,645881
2022-07-16T16:00:00Z,2022,club.friendly,Marseille,Norwich City,0,3,0,649600
2022-07-16T17:00:00Z,2022,club.friendly,PSV Eindhoven,Villarreal,1,2,0,635268
2022-07-16T17:00:00Z,2022,club.friendly,FC Cologne,AC Milan,1,2,0,636006
2022-07-16T17:00:00Z,2022,rus.1,Akhmat Grozny,Spartak Moscow,1,1,0,641110
2022-07-16T17:00:00Z,2022,club.friendly,Galatasaray,Sigma Olomouc,2,0,0,645017
2022-07-16T17:00:00Z,2022,club.friendly,Real Sociedad,Toulouse,0,1,0,649601
2022-07-16T17:10:00Z,2022,arg.2,Atlanta,Tristán Suárez,1,0,0,630179
2022-07-16T17:15:00Z,2022,chi.1,Palestino,Coquimbo Unido,5,1,0,629324
2022-07-16T18:00:00Z,2022,arg.2,Flandria,Estudiantes de Río Cuarto,0,1,0,630185
2022-07-16T18:00:00Z,2022,arg.2,Temperley,Deportivo Madryn,1,1,0,630193
2022-07-16T18:00:00Z,2022,per.1,César Vallejo,ADT,3,2,0,641916
2022-07-16T18:00:00Z,2022,club.friendly,AS Roma,Portimonense,2,0,0,646656
2022-07-16T18:00:00Z,2022,club.friendly,Anderlecht,Lyon,3,0,0,649602
2022-07-16T18:30:00Z,2022,arg.2,Gimnasia (Mendoza),Mitre (Santiago del Estero),3,0,0,630187
2022-07-16T18:30:00Z,2022,arg.2,San Martín (San Juan),Agropecuario,3,0,0,630190
2022-07-16T18:30:00Z,2022,arg.1,Independiente,Rosario Central,0,0,0,635367
2022-07-16T18:30:00Z,2022,arg.1,Gimnasia La Plata,Colón (Santa Fe),0,0,0,635369
2022-07-16T18:30:00Z,2022,arg.3,Acassuso,Cañuelas,1,1,0,636351
2022-07-16T18:30:00Z,2022,arg.3,UAI Urquiza,Deportivo Armenio,1,2,0,636353
2022-07-16T18:30:00Z,2022,arg.3,Defensores Unidos,Fénix,0,1,0,636355
2022-07-16T18:30:00Z,2022,ger.2,1. FC Magdeburg,Fortuna Düsseldorf,1,2,0,638745
2022-07-16T18:30:00Z,2022,club.friendly,Internazionale,AS Monaco,2,2,0,645886
2022-07-16T19:00:00Z,2022,bra.2,CRB,Brusque,1,1,0,631352
2022-07-16T19:00:00Z,2022,uru.1,Boston River,Cerrito,1,0,0,636663
2022-07-16T19:00:00Z,2022,club.friendly,Leganés,Getafe,2,0,0,649603
2022-07-16T19:15:00Z,2022,club.friendly,Nice,Fulham,0,2,0,649604
2022-07-16T19:30:00Z,2022,bra.1,Athletico-PR,Internacional,0,0,0,630981
2022-07-16T19:30:00Z,2022,bra.2,Grêmio,Tombense,3,0,0,631359
2022-07-16T19:30:00Z,2022,bra.2,Sampaio Corrêa,Vasco da Gama,3,1,0,631360
2022-07-16T19:30:00Z,2022,bol.1,Royal Pari,Nacional Potosí,2,2,0,637095
2022-07-16T19:45:00Z,2022,chi.1,Audax Italiano,Colo Colo,1,2,0,629323
2022-07-16T20:00:00Z,2022,ecu.1,Orense,Macará,1,1,0,635876
2022-07-16T20:30:00Z,2022,per.1,San Martin,Universitario,0,4,0,641917
2022-07-16T21:00:00Z,2022,par.1,Sportivo Ameliano,Libertad,2,0,0,623983
2022-07-16T21:00:00Z,2022,col.1,Jaguares de Córdoba,Deportivo Pasto,0,1,0,626824
2022-07-16T21:00:00Z,2022,ven.1,Caracas FC,Estudiantes de Mérida,3,1,0,631896
2022-07-16T21:00:00Z,2022,arg.1,Newell's Old Boys,Racing Club,0,0,0,635366
2022-07-16T21:10:00Z,2022,arg.2,Estudiantes (Buenos Aires),San Martín (Tucumán),0,0,0,630184
2022-07-16T21:15:00Z,2022,bol.1,Independiente Petrolero,Bolívar,1,4,0,637096
2022-07-16T21:30:00Z,2022,bra.2,Guarani,Bahia,0,2,0,631351
2022-07-16T22:00:00Z,2022,bra.1,Flamengo,Coritiba,2,0,0,630976
2022-07-16T22:00:00Z,2022,bra.1,Avaí,Santos,1,0,0,630982
2022-07-16T22:00:00Z,2022,mex.1,Atlas,Cruz Azul,3,2,0,636032
2022-07-16T22:00:00Z,2022,uru.1,Montevideo Wanderers,Peñarol,3,3,0,636667
2022-07-16T22:15:00Z,2022,chi.1,Cobresal,Unión La Calera,3,1,0,629328
2022-07-16T22:30:00Z,2022,usa.usl.l1,Richmond Kickers,Greenville Triumph,1,3,0,625692
2022-07-16T22:30:00Z,2022,ecu.1,Liga de Quito,Deportivo Cuenca,1,1,0,635878
2022-07-16T23:00:00Z,2022,club.friendly,Arsenal,Everton,2,0,0,635210
2022-07-16T23:00:00Z,2022,per.1,Sport Huancayo,Atlético Grau,1,1,0,641918
2022-07-16T23:05:00Z,2022,col.1,Atlético Nacional,Millonarios,1,2,0,626827
2022-07-16T23:15:00Z,2022,par.1,Club Olimpia,Guaraní,2,0,0,623982
2022-07-16T23:15:00Z,2022,ven.1,Academia Puerto Cabello,UCV FC,3,0,0,631900
2022-07-16T23:30:00Z,2022,usa.1,CF Montréal,Toronto FC,1,0,0,623439
2022-07-16T23:30:00Z,2022,usa.1,Philadelphia Union,New England Revolution,2,1,0,623440
2022-07-16T23:30:00Z,2022,usa.usl.l1,Chattanooga Red Wolves,North Carolina FC,2,1,0,625693
2022-07-16T23:30:00Z,2022,usa.usl.1,Loudoun United FC,Tampa Bay Rowdies,1,4,0,627713
2022-07-16T23:30:00Z,2022,arg.1,Boca Juniors,Talleres (Córdoba),1,0,0,635371
2022-07-16T23:30:00Z,2022,bol.1,Atlético Palmaflor,Aurora,1,2,0,637097
2022-07-17T00:00:00Z,2022,usa.1,Chicago Fire FC,Seattle Sounders FC,1,0,0,623441
2022-07-17T00:00:00Z,2022,usa.1,Inter Miami CF,Charlotte FC,3,2,0,623442
2022-07-17T00:00:00Z,2022,usa.1,Minnesota United FC,D.C. United,2,0,0,623443
2022-07-17T00:00:00Z,2022,usa.usl.l1,Union Omaha,FC Tucson,2,1,0,625691
2022-07-17T00:00:00Z,2022,usa.usl.l1,Forward Madison FC,South Georgia Tormenta FC,2,0,0,625694
2022-07-17T00:00:00Z,2022,usa.usl.1,Charleston Battery,Hartford Athletic,3,1,0,627714
2022-07-17T00:00:00Z,2022,usa.usl.1,Orange County SC,Miami FC,0,0,0,627719
2022-07-17T00:00:00Z,2022,bra.1,Ceará,Corinthians,3,1,0,630975
2022-07-17T00:05:00Z,2022,mex.1,Santos,Guadalajara,1,1,0,636033
2022-07-17T00:30:00Z,2022,usa.usl.1,Memphis 901 FC,Louisville City FC,1,2,0,627711
2022-07-17T00:45:00Z,2022,chi.1,Everton CD,Unión Española,2,1,0,629327
2022-07-17T01:00:00Z,2022,usa.1,FC Dallas,Austin FC,1,1,0,623444
2022-07-17T01:00:00Z,2022,usa.1,Colorado Rapids,LA Galaxy,2,0,0,623445
2022-07-17T01:00:00Z,2022,usa.usl.1,New Mexico United,Pittsburgh Riverhounds,1,1,0,627715
2022-07-17T01:00:00Z,2022,usa.usl.1,San Antonio FC,Atlanta United 2,5,0,0,627716
2022-07-17T01:00:00Z,2022,ecu.1,Técnico Universitario,Barcelona SC,0,2,0,635883
2022-07-17T01:10:00Z,2022,col.1,Internacional de Bogotá,Atlético Junior,0,0,0,626826
2022-07-17T02:00:00Z,2022,usa.usl.1,Monterey Bay,Detroit City FC,0,0,0,627712
2022-07-17T02:00:00Z,2022,usa.usl.1,Oakland Roots,El Paso Locomotive FC,4,0,0,627718
2022-07-17T02:00:00Z,2022,club.friendly,Chelsea,América,2,1,0,635209
2022-07-17T03:00:00Z,2022,usa.usl.1,Sacramento Republic FC,Birmingham Legion FC,0,1,0,627717
2022-07-17T04:30:00Z,2022,club.friendly,Aston Villa,Leeds United,1,0,0,650004
2022-07-17T08:00:00Z,2022,caf.cosafa,South Africa,Botswana,2,1,0,649359
2022-07-17T09:00:00Z,2022,jpn.1,FC Tokyo,Jubilo Iwata,2,0,0,628916
2022-07-17T09:30:00Z,2022,jpn.1,Kyoto Sanga,Sanfrecce Hiroshima,1,1,0,628919
2022-07-17T11:30:00Z,2022,ger.2,SC Paderborn 07,Karlsruher SC,5,0,0,638749
2022-07-17T11:30:00Z,2022,ger.2,Hansa Rostock,1. FC Heidenheim 1846,0,1,0,638751
2022-07-17T11:30:00Z,2022,ger.2,TSV Eintracht Braunschweig,Hamburg SV,0,2,0,638752
2022-07-17T12:00:00Z,2022,den.1,Lyngby Boldklub,Silkeborg IF,2,2,0,636165
2022-07-17T12:00:00Z,2022,den.1,Viborg FF,AaB,2,1,0,636166
2022-07-17T12:00:00Z,2022,rus.1,FK Torpedo Moscow,Sochi,1,3,0,641106
2022-07-17T13:00:00Z,2022,swe.1,IK Sirius,Degerfors IF,2,0,0,628483
2022-07-17T13:00:00Z,2022,swe.1,Hammarby IF,IF Elfsborg,3,0,0,628485
2022-07-17T13:00:00Z,2022,swe.1,AIK,Kalmar FF,1,0,0,628487
2022-07-17T13:00:00Z,2022,swe.1,IFK Göteborg,Mjällby AIF,1,1,0,628489
2022-07-17T13:30:00Z,2022,caf.cosafa,Mozambique,Senegal,1,1,0,649360
2022-07-17T14:00:00Z,2022,bra.1,Juventude,Goiás,0,0,0,630980
2022-07-17T14:00:00Z,2022,sco.cis,Bonnyrigg Rose,Hibernian,1,4,0,635705
2022-07-17T14:00:00Z,2022,den.1,F.C. København,AC Horsens,0,1,0,636167
2022-07-17T14:30:00Z,2022,rus.1,Lokomotiv Moscow,Nizhny Novgorod,1,1,0,641112
2022-07-17T15:00:00Z,2022,club.friendly,Bayer Leverkusen,Panathinaikos,0,0,0,649986
2022-07-17T16:00:00Z,2022,nor.1,Molde,Haugesund,1,0,0,628114
2022-07-17T16:00:00Z,2022,nor.1,Viking FK,Kristiansund BK,2,1,0,628115
2022-07-17T16:00:00Z,2022,nor.1,Odds BK,Lillestrom,1,2,0,628116
2022-07-17T16:00:00Z,2022,nor.1,Sarpsborg FK,Vålerenga,0,1,0,628118
2022-07-17T16:00:00Z,2022,arg.1,Unión (Santa Fe),Huracán,0,0,0,635363
2022-07-17T16:00:00Z,2022,arg.1,Godoy Cruz Antonio Tomba,Lanús,2,1,0,635368
2022-07-17T16:00:00Z,2022,den.1,Brøndby IF,AGF,1,0,0,636168
2022-07-17T16:00:00Z,2022,per.1,Academia Cantolao,Deportivo Binacional,1,0,0,641919
2022-07-17T16:00:00Z,2022,club.friendly,Perugia,Napoli,1,4,0,649987
2022-07-17T16:30:00Z,2022,chi.1,La Serena,Antofagasta,0,1,0,629322
2022-07-17T17:00:00Z,2022,mex.1,Pumas UNAM,Necaxa,1,0,0,636034
2022-07-17T17:00:00Z,2022,rus.1,Krasnodar,Fakel Voronezh,2,2,0,641105
2022-07-17T17:00:00Z,2022,rus.1,Dinamo Moscow,Rostov,1,1,0,641108
2022-07-17T17:00:00Z,2022,caf.cosafa,Namibia,Zambia,0,1,0,649361
2022-07-17T18:00:00Z,2022,nor.1,Aalesund,Rosenborg,0,0,0,628113
2022-07-17T18:00:00Z,2022,arg.2,San Telmo,Sacachispas,0,0,0,630191
2022-07-17T18:00:00Z,2022,per.1,Carlos Stein,Ayacucho FC,2,2,0,641920
2022-07-17T18:05:00Z,2022,arg.2,Guillermo Brown,Chacarita Juniors,0,0,0,630188
2022-07-17T18:15:00Z,2022,per.1,Alianza Lima,Sport Boys,3,1,0,641921
2022-07-17T18:30:00Z,2022,arg.2,Gimnasia y Esgrima (Jujuy),Alvarado (Mar del Plata),3,2,0,630186
2022-07-17T18:30:00Z,2022,arg.1,Banfield,San Lorenzo,1,1,0,635373
2022-07-17T18:30:00Z,2022,arg.3,Argentino de Quilmes,JJ Urquiza,3,1,0,636350
2022-07-17T18:30:00Z,2022,arg.3,Talleres de Remedios,Ituzaingó,0,2,0,636352
2022-07-17T18:30:00Z,2022,arg.3,Villa San Carlos,San Miguel,0,2,0,636354
2022-07-17T18:30:00Z,2022,arg.3,Deportivo Merlo,Los Andes,0,0,0,636356
2022-07-17T19:00:00Z,2022,usa.1,Atlanta United FC,Orlando City SC,1,1,0,623449
2022-07-17T19:00:00Z,2022,col.1,Envigado FC,Alianza FC,2,2,0,626821
2022-07-17T19:00:00Z,2022,chi.1,Universidad de Chile,Ñublense,0,1,0,629329
2022-07-17T19:00:00Z,2022,arg.2,Atletico Rafaela,Brown de Adrogué,1,0,0,630180
2022-07-17T19:00:00Z,2022,arg.2,Chaco For Ever,Instituto (Córdoba),1,2,0,630182
2022-07-17T19:00:00Z,2022,bra.1,São Paulo,Fluminense,2,2,0,630978
2022-07-17T19:00:00Z,2022,bra.2,Náutico,Chapecoense,1,2,0,631354
2022-07-17T19:00:00Z,2022,bra.2,Cruzeiro,Novorizontino,2,1,0,631356
2022-07-17T19:00:00Z,2022,ecu.1,Mushuc Runa,9 de Octubre,3,1,0,635877
2022-07-17T19:00:00Z,2022,uru.1,Cerro Largo,Nacional,0,0,0,636662
2022-07-17T19:00:00Z,2022,bol.1,Universitario de Sucre,The Strongest,0,3,0,637098
2022-07-17T19:00:00Z,2022,bol.1,Always Ready,Universitario de Vinto,3,0,0,637099
2022-07-17T19:15:00Z,2022,club.friendly,Benfica,Fulham,5,1,0,647656
2022-07-17T20:00:00Z,2022,par.1,General Caballero JLM,Nacional Asunción,1,2,0,623984
2022-07-17T20:10:00Z,2022,arg.2,Belgrano (Córdoba),Deportivo Maipú,1,0,0,630181
2022-07-17T20:30:00Z,2022,per.1,Melgar,Sporting Cristal,0,1,0,641922
2022-07-17T20:40:00Z,2022,arg.2,Almirante Brown,Almagro,0,0,0,630178
2022-07-17T21:00:00Z,2022,usa.1,Red Bull New York,New York City FC,0,1,0,623450
2022-07-17T21:00:00Z,2022,bra.1,Botafogo,Atlético-MG,0,1,0,630973
2022-07-17T21:00:00Z,2022,bra.1,Atlético Goianiense,Fortaleza,0,1,0,630979
2022-07-17T21:00:00Z,2022,ven.1,Zulia,Carabobo,2,0,0,631894
2022-07-17T21:00:00Z,2022,arg.1,Tigre,Estudiantes de La Plata,2,1,0,635364
2022-07-17T21:05:00Z,2022,col.1,Independiente Santa Fe,Cortuluá,1,0,0,626823
2022-07-17T21:30:00Z,2022,chi.1,Curicó Unido,Universidad Católica,3,2,0,629326
2022-07-17T21:30:00Z,2022,ecu.1,Guayaquil City FC,Universidad Católica (Quito),2,0,0,635879
2022-07-17T21:30:00Z,2022,uru.1,Defensor Sporting,Danubio,2,1,0,636665
2022-07-17T22:00:00Z,2022,usa.usl.l1,Northern Colorado Hailstorm FC,Charlotte Independence,3,1,0,625690
2022-07-17T22:00:00Z,2022,bra.1,América Mineiro,Red Bull Bragantino,0,3,0,630974
2022-07-17T22:00:00Z,2022,mex.1,Atlético de San Luis,Monterrey,0,1,0,636035
2022-07-17T22:30:00Z,2022,par.1,Cerro Porteño,12 de Octubre,2,1,0,623980
2022-07-17T23:30:00Z,2022,usa.1,Columbus Crew,FC Cincinnati,2,0,0,623451
2022-07-17T23:30:00Z,2022,usa.usl.1,Rio Grande Valley FC Toros,Las Vegas Lights FC,0,1,0,627720
2022-07-17T23:30:00Z,2022,ven.1,Portuguesa,Zamora FC,2,3,0,631901
2022-07-17T23:30:00Z,2022,arg.1,Vélez Sarsfield,River Plate,2,2,0,635362
2022-07-17T23:30:00Z,2022,bol.1,Blooming,Oriente Petrolero,2,2,0,637100
2022-07-18T00:00:00Z,2022,chi.1,Huachipato,O'Higgins,1,2,0,629325
2022-07-18T00:00:00Z,2022,ecu.1,Emelec,Independiente del Valle,2,3,0,635880
2022-07-18T00:00:00Z,2022,mex.1,Tigres UANL,Tijuana,1,0,0,636036
2022-07-18T00:30:00Z,2022,usa.1,Nashville SC,LAFC,1,2,0,623452
2022-07-18T01:30:00Z,2022,usa.1,Real Salt Lake,Sporting Kansas City,3,0,0,623446
2022-07-18T01:30:00Z,2022,usa.1,San Jose Earthquakes,Houston Dynamo FC,1,2,0,623447
2022-07-18T02:30:00Z,2022,usa.1,Portland Timbers,Vancouver Whitecaps,1,1,0,623448
2022-07-18T14:00:00Z,2022,club.friendly,Mainz,Newcastle United,1,0,0,650008
2022-07-18T17:00:00Z,2022,swe.1,GIF Sundsvall,BK Häcken,1,5,0,628482
2022-07-18T17:00:00Z,2022,swe.1,Varbergs BoIS FC,Helsingborg,0,0,0,628484
2022-07-18T17:00:00Z,2022,den.1,Odense Boldklub,FC Nordsjælland,0,2,0,636169
2022-07-18T17:00:00Z,2022,club.friendly,Borussia Dortmund,Valencia,1,3,0,645877
2022-07-18T20:30:00Z,2022,per.1,UTC,Alianza Atlético,2,1,0,641923
2022-07-18T21:05:00Z,2022,arg.2,Güemes,Independiente Rivadavia,0,0,0,630189
2022-07-18T23:00:00Z,2022,col.1,Unión Magdalena,Deportes Tolima,2,1,0,626830
2022-07-18T23:00:00Z,2022,bra.1,Palmeiras,Cuiabá,1,0,0,630977
2022-07-18T23:00:00Z,2022,bra.2,Sport,Vila Nova,0,0,0,631350
2022-07-19T00:00:00Z,2022,ecu.1,Delfín,Aucas,0,0,0,635881
2022-07-19T00:00:00Z,2022,mex.1,Pachuca,Mazatlán FC,1,1,0,636037
2022-07-19T00:30:00Z,2022,arg.2,Santamarina,Defensores de Belgrano,1,1,0,630192
2022-07-19T01:05:00Z,2022,col.1,Once Caldas,Águilas Doradas,2,0,0,626829
2022-07-19T02:00:00Z,2022,usa.usl.1,San Diego Loyal SC,Colorado Springs Switchbacks FC,3,0,0,627582
2022-07-19T10:10:00Z,2022,club.friendly,Manchester United,Crystal Palace,3,1,0,634138
2022-07-19T16:00:00Z,2022,club.friendly,Galatasaray,FK AS Pardubice,0,0,0,645743
2022-07-19T16:00:00Z,2022,uefa.champions_qual,Pyunik,F91 Dudelange,0,1,0,648793
2022-07-19T16:00:00Z,2022,uefa.champions_qual,FK Qarabag,FC Zürich,3,2,0,648797
2022-07-19T16:00:00Z,2022,uefa.champions_qual,Zalgiris Vilnius,Malmö FF,1,0,0,648798
2022-07-19T16:30:00Z,2022,club.friendly,RB Salzburg,Ajax Amsterdam,2,3,0,636332
2022-07-19T17:45:00Z,2022,uefa.champions_qual,FC Midtjylland,AEK Larnaca,1,1,0,648799
2022-07-19T17:45:00Z,2022,uefa.champions_qual,Ludogorets Razgrad,Shamrock Rovers,3,0,0,648800
2022-07-19T18:00:00Z,2022,club.friendly,PSV Eindhoven,FC Eindhoven,5,0,0,635269
2022-07-19T18:00:00Z,2022,uru.1,Liverpool,Albion FC,0,0,0,636677
2022-07-19T18:00:00Z,2022,club.friendly,Gillingham,Crystal Palace,2,3,0,648817
2022-07-19T18:00:00Z,2022,uefa.europa.conf_qual,Hibernians,FC Levadia Tallinn,3,2,0,648944
2022-07-19T18:00:00Z,2022,uefa.europa.conf_qual,SK Tirana,Zrinjski Mostar,0,1,0,648945
2022-07-19T18:45:00Z,2022,sco.cis,Alloa Athletic,Ross County,0,2,0,635706
2022-07-19T18:45:00Z,2022,sco.cis,Annan Athletic,Ayr United,1,1,0,635707
2022-07-19T18:45:00Z,2022,sco.cis,Cove Rangers,Kelty Hearts,2,3,0,635708
2022-07-19T18:45:00Z,2022,sco.cis,Dumbarton,Raith Rovers,0,0,0,635709
2022-07-19T18:45:00Z,2022,sco.cis,Stirling Albion,Aberdeen,0,5,0,635710
2022-07-19T18:45:00Z,2022,sco.cis,Elgin City,St Johnstone,2,4,0,635711
2022-07-19T18:45:00Z,2022,sco.cis,Forfar Athletic,Stranraer,3,0,0,635712
2022-07-19T18:45:00Z,2022,sco.cis,Inverness Caledonian Thistle,Albion Rovers,4,0,0,635713
2022-07-19T18:45:00Z,2022,sco.cis,Montrose,Stenhousemuir,0,2,0,635714
2022-07-19T18:45:00Z,2022,sco.cis,Partick Thistle,Fraserburgh,2,0,0,635715
2022-07-19T18:45:00Z,2022,sco.cis,Queen's Park,Dundee,1,2,0,635716
2022-07-19T18:45:00Z,2022,sco.cis,Airdrieonians,St Mirren,2,0,0,635717
2022-07-19T18:45:00Z,2022,sco.cis,East Fife,Buckie Thistle,3,2,0,635718
2022-07-19T18:45:00Z,2022,uefa.champions_qual,Linfield,Bodo/Glimt,1,0,0,648795
2022-07-19T18:45:00Z,2022,uefa.europa.conf_qual,Fiorita,Ballkani,0,4,0,648946
2022-07-19T19:00:00Z,2022,club.friendly,Sporting CP,AS Roma,3,2,0,646657
2022-07-19T19:00:00Z,2022,uefa.champions_qual,Dinamo Zagreb,Shkupi,2,2,0,648801
2022-07-19T19:30:00Z,2022,arg.1,Colón (Santa Fe),Aldosivi,1,1,0,635385
2022-07-19T20:00:00Z,2022,arg.1,Platense,Central Córdoba (Santiago del Estero),2,0,0,635379
2022-07-19T21:00:00Z,2022,par.1,Guaireña,Sportivo Ameliano,3,1,0,647528
2022-07-19T21:00:00Z,2022,crc.1,AD Guanacasteca,Herediano,0,2,0,647818
2022-07-19T22:00:00Z,2022,bra.2,Bahia,CRB,1,1,0,631341
2022-07-19T22:00:00Z,2022,bra.2,Tombense,Criciúma,1,0,0,631342
2022-07-19T22:00:00Z,2022,bra.2,Brusque,Grêmio,1,1,0,631344
2022-07-19T22:00:00Z,2022,bra.2,Londrina,Sampaio Corrêa,1,0,0,631349
2022-07-19T22:00:00Z,2022,arg.1,Racing Club,Arsenal Sarandi,1,1,0,635378
2022-07-19T22:00:00Z,2022,arg.1,Atlético Tucumán,Sarmiento (Junín),1,0,0,635386
2022-07-19T22:00:00Z,2022,uru.1,Deportivo Maldonado,Montevideo City Torque,1,1,0,636670
2022-07-19T22:05:00Z,2022,mex.2,Mineros de Zacatecas,Tepatitlán FC,1,1,0,638310
2022-07-19T23:15:00Z,2022,par.1,Libertad,Club Olimpia,4,2,0,647530
2022-07-20T00:00:00Z,2022,club.friendly,Inter Miami CF,Barcelona,0,6,0,635215
2022-07-20T00:05:00Z,2022,mex.2,Cancún FC,Tlaxcala FC,1,0,0,638308
2022-07-20T00:30:00Z,2022,bra.1,Ceará,Avaí,1,0,0,630965
2022-07-20T00:30:00Z,2022,bra.2,Vasco da Gama,Ituano,1,1,0,631346
2022-07-20T00:30:00Z,2022,arg.1,Argentinos Juniors,Boca Juniors,2,0,0,635374
2022-07-20T01:00:00Z,2022,col.1,Deportivo Pereira,Patriotas,2,0,0,626828
2022-07-20T02:05:00Z,2022,mex.2,Dorados de Sinaloa,Club Atlético La Paz,1,0,0,638309
2022-07-20T09:45:00Z,2022,club.friendly,Brisbane Roar,Aston Villa,0,1,0,650120
2022-07-20T10:30:00Z,2022,club.friendly,Paris Saint-Germain,Kawasaki Frontale,2,1,0,636007
2022-07-20T15:00:00Z,2022,uru.1,Fénix ,Montevideo Wanderers,1,0,0,636673
2022-07-20T15:00:00Z,2022,club.friendly,AJ Auxerre,UNFP,3,1,0,651194
2022-07-20T16:00:00Z,2022,uefa.champions_qual,HJK Helsinki,Viktoria Plzen,1,2,0,648802
2022-07-20T16:00:00Z,2022,club.friendly,Stade de Reims,Metz,1,0,0,650121
2022-07-20T16:00:00Z,2022,club.friendly,Legia Warsaw,Celtic,2,2,0,650122
2022-07-20T16:30:00Z,2022,club.friendly,Borussia Mönchengladbach,RKC Waalwijk,1,1,0,650123
2022-07-20T17:00:00Z,2022,arg.1,San Lorenzo,Unión (Santa Fe),2,2,0,635375
2022-07-20T17:00:00Z,2022,club.friendly,Wolverhampton Wanderers,Alavés,4,0,0,648737
2022-07-20T17:00:00Z,2022,uefa.champions_qual,Maccabi Haifa,Olympiacos,1,1,0,648803
2022-07-20T17:00:00Z,2022,uefa.europa.conf_qual,Botev Plovdiv,Apoel Nicosia,0,0,0,648947
2022-07-20T17:00:00Z,2022,uefa.europa.conf_qual,Víkingur,Dunajska Streda,0,2,0,649020
2022-07-20T18:00:00Z,2022,uefa.champions_qual,Ferencvaros,Slovan Bratislava,1,2,0,648794
2022-07-20T18:00:00Z,2022,uefa.champions_qual,Dynamo Kyiv,Fenerbahce,0,0,0,648804
2022-07-20T18:00:00Z,2022,club.friendly,Sheffield Wednesday,Rayo Vallecano,0,2,0,650124
2022-07-20T18:00:00Z,2022,club.friendly,Nottingham Forest,Hertha Berlin,3,1,0,650125
2022-07-20T18:15:00Z,2022,uefa.champions_qual,NK Maribor,Sheriff Tiraspol,0,0,0,648796
2022-07-20T18:45:00Z,2022,sco.cis,Edinburgh City,Cowdenbeath,3,0,0,635719
2022-07-20T18:45:00Z,2022,sco.cis,Bonnyrigg Rose,Falkirk,1,1,0,635720
2022-07-20T18:45:00Z,2022,sco.cis,Hibernian,Greenock Morton,0,3,0,635721
2022-07-20T18:45:00Z,2022,club.friendly,Hull City,Leicester City,0,4,0,650126
2022-07-20T19:00:00Z,2022,uru.1,Boston River,Cerro Largo,2,0,0,636672
2022-07-20T19:00:00Z,2022,uefa.europa.conf_qual,FK Sutjeska,KI Klaksvik,0,0,0,648981
2022-07-20T19:30:00Z,2022,arg.1,Patronato,Tigre,1,0,0,635387
2022-07-20T20:30:00Z,2022,crc.1,Alajuelense,Santos,2,0,0,647817
2022-07-20T21:00:00Z,2022,par.1,Sol de América,12 de Octubre,1,0,0,647532
2022-07-20T22:00:00Z,2022,bra.1,Goiás,Fluminense,2,3,0,630968
2022-07-20T22:00:00Z,2022,bra.1,Red Bull Bragantino,Fortaleza,2,1,0,630969
2022-07-20T22:00:00Z,2022,bra.2,CSA,Cruzeiro,1,1,0,631343
2022-07-20T22:00:00Z,2022,bra.2,Chapecoense,Guarani,0,0,0,631345
2022-07-20T22:00:00Z,2022,bra.2,Ponte Preta,Náutico,1,0,0,631347
2022-07-20T22:00:00Z,2022,arg.1,Estudiantes de La Plata,Barracas Central,3,1,0,635383
2022-07-20T22:00:00Z,2022,arg.1,Defensa y Justicia,Independiente,2,1,0,635384
2022-07-20T22:00:00Z,2022,mex.2,Durango,Venados FC,1,1,0,638313
2022-07-20T22:30:00Z,2022,bra.1,Athletico-PR,Atlético Goianiense,4,1,0,630964
2022-07-20T23:00:00Z,2022,usa.usl.1,Louisville City FC,Phoenix Rising FC,0,0,0,627721
2022-07-20T23:00:00Z,2022,crc.1,Pérez Zeledón,Saprissa,2,0,0,647819
2022-07-20T23:15:00Z,2022,par.1,Tacuary,Cerro Porteño,0,1,0,647531
2022-07-20T23:30:00Z,2022,bra.1,Flamengo,Juventude,4,0,0,630970
2022-07-20T23:30:00Z,2022,bra.1,Internacional,São Paulo,3,3,0,630972
2022-07-20T23:30:00Z,2022,club.friendly,D.C. United,Bayern Munich,2,6,0,634863
2022-07-21T00:00:00Z,2022,crc.1,Guadalupe FC,Sporting San José,1,2,0,647820
2022-07-21T00:00:00Z,2022,club.friendly,Minnesota United FC,Everton,4,0,0,648436
2022-07-21T00:05:00Z,2022,mex.2,Celaya,Tapatío,2,0,0,638311
2022-07-21T00:30:00Z,2022,bra.1,Santos,Botafogo,2,0,0,630966
2022-07-21T00:30:00Z,2022,bra.1,Corinthians,Coritiba,3,1,0,630967
2022-07-21T00:30:00Z,2022,bra.2,Novorizontino,Operário PR,2,1,0,631348
2022-07-21T00:30:00Z,2022,arg.1,Lanús,Vélez Sarsfield,2,2,0,635381
2022-07-21T00:30:00Z,2022,arg.1,Huracán,Godoy Cruz Antonio Tomba,0,0,0,635382
2022-07-21T00:30:00Z,2022,club.friendly,Orlando City SC,Arsenal,1,3,0,636331
2022-07-21T00:35:00Z,2022,club.friendly,Charlotte FC,Chelsea,1,1,0,635211
2022-07-21T01:00:00Z,2022,club.friendly,Manchester City,América,2,1,0,634864
2022-07-21T02:00:00Z,2022,crc.1,Puntarenas FC,AD San Carlos,3,0,0,647815
2022-07-21T02:00:00Z,2022,crc.1,Cartaginés,Grecia,1,2,0,647816
2022-07-21T02:05:00Z,2022,mex.1,Guadalajara,León,0,0,0,636038
2022-07-21T02:05:00Z,2022,mex.2,Raya2,Atlante,0,0,0,638312
2022-07-21T02:30:00Z,2022,club.friendly,San Jose Earthquakes,Celta Vigo,1,1,0,650129
2022-07-21T12:00:00Z,2022,uefa.europa.conf_qual,Kyzylzhar,Osijek,1,2,0,648956
2022-07-21T14:00:00Z,2022,uefa.europa.conf_qual,FK Liepaja,Young Boys,0,1,0,648950
2022-07-21T14:00:00Z,2022,uefa.europa.conf_qual,Kairat Almaty,Kisvárda FC,0,1,0,648991
2022-07-21T14:00:00Z,2022,uefa.europa.conf_qual,Tobol Kostanay,Lincoln Red Imps,2,0,0,649021
2022-07-21T15:00:00Z,2022,uefa.europa.conf_qual,ARARAT-ARMENIA,Paide Linnameeskond,0,0,0,648948
2022-07-21T15:00:00Z,2022,uefa.europa.conf_qual,Valmiera,KF Shkëndija,1,2,0,648954
2022-07-21T15:30:00Z,2022,uru.1,Danubio,Plaza Colonia,2,0,0,636671
2022-07-21T15:30:00Z,2022,uefa.europa.conf_qual,FK Makedonija,CSKA Sofia,0,0,0,648957
2022-07-21T16:00:00Z,2022,club.friendly,Athletic Club,VfL Bochum,4,1,0,648738
2022-07-21T16:00:00Z,2022,uefa.europa.conf_qual,Zira FK,Maccabi Tel-Aviv,0,3,0,648958
2022-07-21T16:00:00Z,2022,uefa.europa.conf_qual,Lech Poznan,Dinamo Batumi,5,0,0,648959
2022-07-21T16:00:00Z,2022,uefa.europa.conf_qual,SJK,Lillestrom,0,1,0,648984
2022-07-21T16:00:00Z,2022,uefa.europa.conf_qual,Iberia 1999,FCSB,1,0,0,648986
2022-07-21T16:00:00Z,2022,uefa.europa.conf_qual,Molde,IF Elfsborg,4,1,0,648992
2022-07-21T16:00:00Z,2022,uefa.europa.conf_qual,KuPS Kuopio,FC Milsami,2,2,0,649018
2022-07-21T16:00:00Z,2022,uefa.europa.conf_qual,FC Koper,FC Vaduz,0,1,0,649022
2022-07-21T16:30:00Z,2022,uefa.europa.conf_qual,Pogon Szczecin,Brøndby IF,1,1,0,648952
2022-07-21T16:30:00Z,2022,uefa.europa.conf_qual,FK Suduva,Viborg FF,0,1,0,648993
2022-07-21T16:30:00Z,2022,uefa.europa.conf_qual,MFK Ruzomberok,Riga FC,0,3,0,649044
2022-07-21T17:00:00Z,2022,uefa.europa.conf_qual,FC Basel,Crusaders,2,0,0,648949
2022-07-21T17:00:00Z,2022,uefa.europa.conf_qual,Gzira United,Radnicki Nis,2,2,0,648951
2022-07-21T17:00:00Z,2022,uefa.europa.conf_qual,Levski Sofia,PAOK,2,0,0,648960
2022-07-21T17:00:00Z,2022,uefa.europa.conf_qual,Antwerp,Drita Gjilan,0,0,0,648983
2022-07-21T17:00:00Z,2022,uefa.europa.conf_qual,Rapid Vienna,Lechia Gdansk,0,0,0,648985
2022-07-21T17:00:00Z,2022,uefa.europa.conf_qual,St. Joseph's,Slavia Prague,0,4,0,648989
2022-07-21T17:00:00Z,2022,uefa.europa.conf_qual,Sparta Prague,Viking FK,0,0,0,648994
2022-07-21T17:00:00Z,2022,uefa.europa.conf_qual,Fehérvár,FK Qabala,4,1,0,648995
2022-07-21T17:00:00Z,2022,uefa.europa.conf_qual,Petrocub,KF Laci,0,0,0,649019
2022-07-21T17:00:00Z,2022,uefa.europa.conf_qual,Vorskla,AIK,3,2,0,649023
2022-07-21T17:00:00Z,2022,uefa.europa.conf_qual,B36 Torshavn,Tre Fiori,1,0,0,649043
2022-07-21T17:15:00Z,2022,club.friendly,RB Leipzig,Liverpool,0,5,0,641079
2022-07-21T17:30:00Z,2022,uefa.europa.conf_qual,Hapoel Be'er,Dinamo Minsk,2,1,0,649017
2022-07-21T17:30:00Z,2022,uefa.europa.conf_qual,Aris Limassol,Neftchi,2,0,0,649024
2022-07-21T17:30:00Z,2022,uefa.europa.conf_qual,CFR Cluj-Napoca,Inter D'Escaldes,3,0,0,649045
2022-07-21T17:45:00Z,2022,uefa.europa.conf_qual,Istanbul Basaksehir,Maccabi Netanya,1,1,0,648996
2022-07-21T18:00:00Z,2022,uru.1,River Plate,Defensor Sporting,1,1,0,636674
2022-07-21T18:00:00Z,2022,uefa.europa.conf_qual,Sepsi Sfantu Gheorghe,Olimpija Ljubljana,3,1,0,648987
2022-07-21T18:00:00Z,2022,uefa.europa.conf_qual,Aris,Gomel,5,1,0,648997
2022-07-21T18:00:00Z,2022,uefa.europa.conf_qual,Racing Luxembourg,Cukaricki Belgrade,1,4,0,649025
2022-07-21T18:30:00Z,2022,uefa.europa.conf_qual,AZ Alkmaar,Tuzla City,1,0,0,648953
2022-07-21T18:30:00Z,2022,uefa.europa.conf_qual,Velez Mostar,Hamrun Spartans,0,1,0,648955
2022-07-21T18:30:00Z,2022,uefa.europa.conf_qual,FC Spartak Trnava,Newtown,4,1,0,648988
2022-07-21T18:30:00Z,2022,uefa.europa.conf_qual,Rijeka,Djurgården,1,2,0,648998
2022-07-21T18:45:00Z,2022,uefa.europa.conf_qual,Motherwell,Sligo Rovers,0,1,0,648982
2022-07-21T18:45:00Z,2022,uefa.europa.conf_qual,St Patrick's Athletic,NS Mura,1,1,0,648990
2022-07-21T19:00:00Z,2022,uefa.europa.conf_qual,Vllaznia Shkoder,CSU Craiova,1,1,0,648961
2022-07-21T19:00:00Z,2022,uefa.europa.conf_qual,Raków Czestochowa,FC Astana,5,0,0,648999
2022-07-21T19:00:00Z,2022,uefa.europa.conf_qual,BATE Borisov,Konyaspor,0,3,0,649026
2022-07-21T19:15:00Z,2022,uefa.europa.conf_qual,Breidablik,Buducnost Podgorica,2,0,0,649016
2022-07-21T19:30:00Z,2022,arg.1,Rosario Central,Newell's Old Boys,1,0,0,635376
2022-07-21T19:30:00Z,2022,uefa.europa.conf_qual,Vikingur Reykjavik,The New Saints,2,0,0,649027
2022-07-21T19:30:00Z,2022,uefa.europa.conf_qual,Vitória de Guimaraes,Puskas Akademia,3,0,0,649028
2022-07-21T21:00:00Z,2022,ven.1,Mineros de Guayana,UCV FC,3,1,0,631892
2022-07-21T21:00:00Z,2022,par.1,Nacional Asunción,Resistencia SC,1,1,0,647533
2022-07-21T22:00:00Z,2022,bra.1,Cuiabá,Atlético-MG,1,1,0,630963
2022-07-21T22:00:00Z,2022,arg.1,Talleres (Córdoba),Banfield,1,0,0,635380
2022-07-21T22:30:00Z,2022,uru.1,Nacional,Cerrito,5,0,0,636676
2022-07-21T23:00:00Z,2022,bra.1,América Mineiro,Palmeiras,0,1,0,630971
2022-07-21T23:15:00Z,2022,ven.1,Carabobo,Inter de Barinas,1,0,0,631888
2022-07-21T23:15:00Z,2022,par.1,Guaraní,General Caballero JLM,2,1,0,647529
2022-07-22T00:00:00Z,2022,mex.2,Leones Negros,Correcaminos UAT,0,0,0,638314
2022-07-22T00:30:00Z,2022,arg.1,River Plate,Gimnasia La Plata,1,0,0,635377
2022-07-22T01:00:00Z,2022,col.1,Deportivo Cali,Independiente Medellín,2,2,0,626825
2022-07-22T02:00:00Z,2022,mex.1,Querétaro,Monterrey,0,3,0,636039
2022-07-22T10:05:00Z,2022,club.friendly,Crystal Palace,Leeds United,1,1,0,651182
2022-07-22T16:30:00Z,2022,ger.2,SV Darmstadt 98,SV Sandhausen,2,1,0,638757
2022-07-22T16:30:00Z,2022,ger.2,Fortuna Düsseldorf,SC Paderborn 07,2,1,0,638758
2022-07-22T17:00:00Z,2022,arg.2,Estudiantes de Río Cuarto,Temperley,0,0,0,630203
2022-07-22T17:00:00Z,2022,den.1,FC Midtjylland,Silkeborg IF,1,3,0,636170
2022-07-22T17:00:00Z,2022,rus.1,Zenit St Petersburg,Krylia Sovetov,3,0,0,641117
2022-07-22T17:00:00Z,2022,club.friendly,Borussia Dortmund,Villarreal,0,2,0,645878
2022-07-22T18:00:00Z,2022,arg.2,Deportivo Maipú,Villa Dálmine,4,0,0,630202
2022-07-22T18:00:00Z,2022,arg.2,Sacachispas,Gimnasia (Mendoza),0,0,0,630210
2022-07-22T18:30:00Z,2022,aut.1,RB Salzburg,Austria Vienna,3,0,0,641758
2022-07-22T18:45:00Z,2022,bel.1,Standard Liege,KAA Gent,2,2,0,641345
2022-07-22T19:00:00Z,2022,arg.2,Mitre (Santiago del Estero),All Boys,1,0,0,630207
2022-07-22T20:00:00Z,2022,per.1,Ayacucho FC,César Vallejo,0,1,0,641924
2022-07-22T21:00:00Z,2022,ven.1,Monagas SC,Caracas FC,0,0,0,631889
2022-07-22T22:00:00Z,2022,arg.2,Alvarado (Mar del Plata),Flandria,2,2,0,630197
2022-07-22T22:00:00Z,2022,arg.2,Tristán Suárez,San Martín (San Juan),3,0,0,630212
2022-07-22T22:00:00Z,2022,mex.2,Alebrijes de Oaxaca,Cimarrones de Sonora,1,1,0,638315
2022-07-22T22:10:00Z,2022,arg.2,Ferro Carril Oeste,Güemes,1,0,0,630204
2022-07-22T23:00:00Z,2022,col.1,Alianza FC,Atlético Bucaramanga,3,1,0,626812
2022-07-22T23:00:00Z,2022,chi.1,Ñublense,Cobresal,3,2,0,629315
2022-07-22T23:00:00Z,2022,bol.1,Royal Pari,Atlético Palmaflor,2,2,0,650025
2022-07-22T23:15:00Z,2022,ven.1,Deportivo La Guaira,Deportivo Táchira,0,0,0,631890
2022-07-23T00:00:00Z,2022,ecu.1,Gualaceo,Deportivo Cuenca,0,0,0,635888
2022-07-23T00:00:00Z,2022,mex.1,Mazatlán FC,Atlético de San Luis,1,1,0,636040
2022-07-23T00:10:00Z,2022,arg.2,San Martín (Tucumán),Atlanta,0,0,0,630211
2022-07-23T00:30:00Z,2022,bra.2,Sampaio Corrêa,Sport,4,1,0,631338
2022-07-23T01:00:00Z,2022,usa.usl.1,Colorado Springs Switchbacks FC,Charleston Battery,3,3,0,627722
2022-07-23T01:05:00Z,2022,col.1,Millonarios,Envigado FC,1,0,0,626815
2022-07-23T02:05:00Z,2022,mex.1,Necaxa,FC Juarez,1,0,0,636041
2022-07-23T03:00:00Z,2022,club.friendly,Juventus,Guadalajara,2,0,0,637069
2022-07-23T09:45:00Z,2022,club.friendly,Manchester United,Aston Villa,2,2,0,636181
2022-07-23T10:00:00Z,2022,club.friendly,Paris Saint-Germain,Urawa Red Diamonds,3,0,0,636008
2022-07-23T11:00:00Z,2022,ger.2,1. FC Heidenheim 1846,TSV Eintracht Braunschweig,3,0,0,638753
2022-07-23T11:00:00Z,2022,ger.2,Holstein Kiel,Kaiserslautern,2,2,0,638755
2022-07-23T11:00:00Z,2022,ger.2,1. FC Nürnberg,SpVgg Greuther Fürth,2,0,0,638760
2022-07-23T12:00:00Z,2022,rus.1,CSKA Moscow,Sochi,3,0,0,641119
2022-07-23T12:00:00Z,2022,club.friendly,Derby County,Leicester City,1,3,0,651183
2022-07-23T13:00:00Z,2022,swe.1,Malmö FF,IK Sirius,3,1,0,628481
2022-07-23T13:15:00Z,2022,uru.1,Liverpool,Deportivo Maldonado,3,1,0,636682
2022-07-23T13:30:00Z,2022,club.friendly,VfB Stuttgart,Valencia,5,2,0,647657
2022-07-23T13:30:00Z,2022,club.friendly,Borussia Mönchengladbach,Real Sociedad,1,1,0,647658
2022-07-23T14:00:00Z,2022,nor.1,Bodo/Glimt,FK Jerv,5,0,0,628112
2022-07-23T14:00:00Z,2022,sco.cis,Arbroath,Airdrieonians,3,0,0,635722
2022-07-23T14:00:00Z,2022,sco.cis,Dundee,Forfar Athletic,5,1,0,635723
2022-07-23T14:00:00Z,2022,sco.cis,Dunfermline Athletic,Alloa Athletic,1,1,0,635724
2022-07-23T14:00:00Z,2022,sco.cis,Elgin City,Queen of the South,0,2,0,635725
2022-07-23T14:00:00Z,2022,sco.cis,Falkirk,Clyde,1,0,0,635726
2022-07-23T14:00:00Z,2022,sco.cis,Hamilton Academical,Queen's Park,1,1,0,635727
2022-07-23T14:00:00Z,2022,sco.cis,Inverness Caledonian Thistle,Cove Rangers,1,1,0,635728
2022-07-23T14:00:00Z,2022,sco.cis,Kilmarnock,Stenhousemuir,4,1,0,635729
2022-07-23T14:00:00Z,2022,sco.cis,Livingston,Kelty Hearts,2,0,0,635730
2022-07-23T14:00:00Z,2022,sco.cis,Greenock Morton,Bonnyrigg Rose,3,1,0,635731
2022-07-23T14:00:00Z,2022,sco.cis,Partick Thistle,Montrose,4,2,0,635732
2022-07-23T14:00:00Z,2022,sco.cis,Ross County,East Fife,7,0,0,635733
2022-07-23T14:00:00Z,2022,sco.cis,St Johnstone,Ayr United,1,0,0,635734
2022-07-23T14:00:00Z,2022,sco.cis,St Mirren,Edinburgh City,3,1,0,635735
2022-07-23T14:00:00Z,2022,sco.cis,Stirling Albion,Peterhead,3,0,0,635736
2022-07-23T14:00:00Z,2022,club.friendly,Rangers,Tottenham Hotspur,1,2,0,637192
2022-07-23T14:00:00Z,2022,club.friendly,Preston North End,Leicester City,1,2,0,638267
2022-07-23T14:00:00Z,2022,bel.1,Royal Charleroi SC,Eupen,3,1,0,641346
2022-07-23T14:00:00Z,2022,club.friendly,Queens Park Rangers,Crystal Palace,0,3,0,651184
2022-07-23T14:00:00Z,2022,club.friendly,VfL Wolfsburg,Brentford,4,0,0,651185
2022-07-23T14:00:00Z,2022,club.friendly,Celtic,Norwich City,2,0,0,651186
2022-07-23T14:30:00Z,2022,rus.1,Gazovik Orenburg,FC Ural Ekaterinburg,3,0,0,641116
2022-07-23T15:00:00Z,2022,aut.1,LASK Linz,SK Austria Klagenfurt,3,1,0,641759
2022-07-23T15:30:00Z,2022,swe.1,Mjällby AIF,Degerfors IF,2,1,0,628475
2022-07-23T15:30:00Z,2022,club.friendly,Nimes,UNFP,4,2,0,651195
2022-07-23T16:00:00Z,2022,nor.1,Rosenborg,Tromso,3,0,0,628110
2022-07-23T16:00:00Z,2022,club.friendly,PSV Eindhoven,Real Betis,2,1,0,635266
2022-07-23T16:00:00Z,2022,per.1,Alianza Atlético,Academia Cantolao,3,1,0,641925
2022-07-23T16:00:00Z,2022,club.friendly,Zalaegerszegi TE,AC Milan,3,2,0,645226
2022-07-23T16:00:00Z,2022,club.friendly,Trabzonspor,Torino,0,3,0,650006
2022-07-23T16:10:00Z,2022,arg.3,San Miguel,Defensores Unidos,0,0,0,636357
2022-07-23T16:15:00Z,2022,bel.1,Zulte-Waregem,RFC Seraing,2,0,0,641347
2022-07-23T16:15:00Z,2022,bel.1,KV Kortrijk,OH Leuven,0,2,0,641348
2022-07-23T16:30:00Z,2022,chi.1,Antofagasta,Audax Italiano,2,3,0,629314
2022-07-23T16:30:00Z,2022,club.friendly,Lens,Internazionale,1,0,0,645887
2022-07-23T17:00:00Z,2022,club.friendly,Wolverhampton Wanderers,Besiktas,3,0,0,638268
2022-07-23T17:00:00Z,2022,rus.1,Krasnodar,Spartak Moscow,1,4,0,641114
2022-07-23T17:30:00Z,2022,aut.1,Wolfsberger,SK Sturm Graz,1,1,0,641760
2022-07-23T18:00:00Z,2022,arg.2,Almagro,Gimnasia y Esgrima (Jujuy),2,0,0,630196
2022-07-23T18:00:00Z,2022,arg.2,Brown de Adrogué,Santamarina,0,1,0,630198
2022-07-23T18:00:00Z,2022,uru.1,Albion FC,Peñarol,1,3,0,636678
2022-07-23T18:00:00Z,2022,per.1,Atlético Grau,UTC,3,1,0,641926
2022-07-23T18:00:00Z,2022,club.friendly,AS Roma,Nice,1,1,0,646658
2022-07-23T18:15:00Z,2022,per.1,Sport Boys,San Martin,2,0,0,641927
2022-07-23T18:30:00Z,2022,arg.2,Chacarita Juniors,Atletico Rafaela,3,1,0,630199
2022-07-23T18:30:00Z,2022,arg.2,Defensores de Belgrano,Estudiantes (Buenos Aires),1,0,0,630200
2022-07-23T18:30:00Z,2022,arg.2,Independiente Rivadavia,Deportivo Riestra,2,0,0,630205
2022-07-23T18:30:00Z,2022,arg.1,Sarmiento (Junín),Colón (Santa Fe),1,3,0,635390
2022-07-23T18:30:00Z,2022,arg.3,Comunicaciones,Acassuso,3,1,0,636358
2022-07-23T18:30:00Z,2022,arg.3,Cañuelas,Argentino de Quilmes,2,1,0,636359
2022-07-23T18:30:00Z,2022,arg.3,Los Andes,Colegiales,0,2,0,636360
2022-07-23T18:30:00Z,2022,arg.3,Deportivo Armenio,Villa San Carlos,1,1,0,636361
2022-07-23T18:30:00Z,2022,arg.3,Fénix,Talleres de Remedios,0,2,0,636363
2022-07-23T18:30:00Z,2022,ger.2,Hannover 96,St. Pauli,2,2,0,638756
2022-07-23T18:35:00Z,2022,arg.2,Nueva Chicago,Almirante Brown,2,2,0,630208
2022-07-23T18:45:00Z,2022,bel.1,Sint-Truidense,Union St.-Gilloise,1,1,0,641349
2022-07-23T19:00:00Z,2022,col.1,Águilas Doradas,Internacional de Bogotá,3,0,0,626818
2022-07-23T19:00:00Z,2022,chi.1,Coquimbo Unido,La Serena,2,0,0,629317
2022-07-23T19:00:00Z,2022,arg.2,Agropecuario,Chaco For Ever,0,0,0,630195
2022-07-23T19:00:00Z,2022,bra.2,Cruzeiro,Bahia,1,0,0,631331
2022-07-23T19:00:00Z,2022,bol.1,Real Santa Cruz,Oriente Petrolero,2,1,0,650026
2022-07-23T19:30:00Z,2022,bra.2,Grêmio,Ponte Preta,2,1,0,631337
2022-07-23T19:30:00Z,2022,bra.2,Vila Nova,Vasco da Gama,1,0,0,631340
2022-07-23T20:00:00Z,2022,ecu.1,Orense,Cumbayá,3,1,0,635884
2022-07-23T20:30:00Z,2022,uru.1,Montevideo Wanderers,Rentistas,3,1,0,636684
2022-07-23T20:30:00Z,2022,per.1,Carlos A. Mannucci,Alianza Lima,0,1,0,641928
2022-07-23T20:40:00Z,2022,arg.2,Instituto (Córdoba),San Telmo,2,0,0,630206
2022-07-23T21:00:00Z,2022,ven.1,Estudiantes de Mérida,Academia Puerto Cabello,1,3,0,631886
2022-07-23T21:00:00Z,2022,gua.1,Municipal,Cobán Imperial,1,4,0,640947
2022-07-23T21:00:00Z,2022,par.1,Sportivo Ameliano,Tacuary,2,0,0,647539
2022-07-23T21:05:00Z,2022,col.1,Deportivo Pasto,Unión Magdalena,1,2,0,626820
2022-07-23T21:15:00Z,2022,bol.1,Guabirá,Nacional Potosí,2,1,0,650027
2022-07-23T21:30:00Z,2022,chi.1,Colo Colo,Huachipato,1,0,0,629319
2022-07-23T21:30:00Z,2022,bra.2,Náutico,Londrina,1,2,0,631335
2022-07-23T22:00:00Z,2022,bra.1,São Paulo,Goiás,3,3,0,630960
2022-07-23T22:00:00Z,2022,bra.2,Ituano,Chapecoense,1,0,0,631334
2022-07-23T22:00:00Z,2022,mex.1,Toluca,Santos,2,1,0,636042
2022-07-23T22:30:00Z,2022,ecu.1,Aucas,Independiente del Valle,5,0,0,635890
2022-07-23T23:00:00Z,2022,usa.1,New York City FC,Inter Miami CF,2,0,0,623453
2022-07-23T23:00:00Z,2022,usa.usl.l1,Greenville Triumph,Union Omaha,0,0,0,625689
2022-07-23T23:00:00Z,2022,usa.usl.1,Hartford Athletic,Pittsburgh Riverhounds,1,2,0,627729
2022-07-23T23:00:00Z,2022,usa.usl.1,Indy Eleven,Memphis 901 FC,1,1,0,627730
2022-07-23T23:00:00Z,2022,per.1,Melgar,Sport Huancayo,1,0,0,641929
2022-07-23T23:00:00Z,2022,crc.1,Alajuelense,AD Guanacasteca,4,1,0,647826
2022-07-23T23:10:00Z,2022,col.1,Atlético Junior,Independiente Santa Fe,2,0,0,626816
2022-07-23T23:15:00Z,2022,ven.1,Metropolitanos,Portuguesa,0,0,0,631891
2022-07-23T23:15:00Z,2022,club.friendly,Bayern Munich,Manchester City,0,1,0,634865
2022-07-23T23:15:00Z,2022,par.1,Club Olimpia,Guaireña,2,1,0,647537
2022-07-23T23:30:00Z,2022,usa.1,Columbus Crew,New England Revolution,0,0,0,623454
2022-07-23T23:30:00Z,2022,usa.1,FC Cincinnati,Nashville SC,1,1,0,623455
2022-07-23T23:30:00Z,2022,usa.1,Orlando City SC,Philadelphia Union,0,1,0,623456
2022-07-23T23:30:00Z,2022,usa.1,Toronto FC,Charlotte FC,4,0,0,623457
2022-07-23T23:30:00Z,2022,usa.usl.l1,South Georgia Tormenta FC,North Carolina FC,2,1,0,625686
2022-07-23T23:30:00Z,2022,usa.usl.l1,Chattanooga Red Wolves,Northern Colorado Hailstorm FC,0,0,0,625687
2022-07-23T23:30:00Z,2022,usa.usl.1,Birmingham Legion FC,FC Tulsa,0,2,0,627723
2022-07-23T23:30:00Z,2022,usa.usl.1,Tampa Bay Rowdies,Atlanta United 2,3,1,0,627724
2022-07-23T23:30:00Z,2022,usa.usl.1,Detroit City FC,New Mexico United,2,2,0,627727
2022-07-23T23:30:00Z,2022,usa.usl.1,Loudoun United FC,Miami FC,1,2,0,627732
2022-07-23T23:30:00Z,2022,bra.2,CRB,Novorizontino,2,1,0,631336
2022-07-23T23:30:00Z,2022,arg.1,Central Córdoba (Santiago del Estero),Racing Club,1,3,0,635399
2022-07-24T00:00:00Z,2022,usa.1,D.C. United,CF Montréal,1,2,0,623465
2022-07-24T00:00:00Z,2022,chi.1,Everton CD,Unión La Calera,0,1,0,629321
2022-07-24T00:00:00Z,2022,bra.1,Botafogo,Athletico-PR,2,0,0,630954
2022-07-24T00:00:00Z,2022,club.friendly,Arsenal,Chelsea,4,0,0,635212
2022-07-24T00:00:00Z,2022,crc.1,Sporting San José,Santos,3,3,0,647824
2022-07-24T00:05:00Z,2022,mex.1,Cruz Azul,Puebla,2,2,0,636043
2022-07-24T00:30:00Z,2022,usa.1,Houston Dynamo FC,Minnesota United FC,1,2,0,623458
2022-07-24T00:30:00Z,2022,usa.1,Sporting Kansas City,LAFC,0,2,0,623459
2022-07-24T01:00:00Z,2022,ecu.1,Guayaquil City FC,Emelec,0,0,0,635887
2022-07-24T01:00:00Z,2022,mex.1,Tijuana,América,2,0,0,636044
2022-07-24T01:15:00Z,2022,col.1,Deportes Tolima,Atlético Nacional,2,2,0,626811
2022-07-24T01:30:00Z,2022,usa.usl.1,El Paso Locomotive FC,San Antonio FC,0,1,0,627728
2022-07-24T02:00:00Z,2022,usa.1,Real Salt Lake,FC Dallas,0,1,0,623460
2022-07-24T02:00:00Z,2022,usa.1,Seattle Sounders FC,Colorado Rapids,2,1,0,623461
2022-07-24T02:00:00Z,2022,usa.1,Vancouver Whitecaps,Chicago Fire FC,1,3,0,623462
2022-07-24T02:00:00Z,2022,usa.usl.l1,FC Tucson,Charlotte Independence,2,3,0,625685
2022-07-24T02:00:00Z,2022,usa.usl.1,San Diego Loyal SC,Rio Grande Valley FC Toros,2,1,0,627725
2022-07-24T02:00:00Z,2022,usa.usl.1,Monterey Bay,New York Red Bulls II,2,0,0,627733
2022-07-24T02:00:00Z,2022,usa.usl.1,Oakland Roots,Las Vegas Lights FC,0,2,0,627734
2022-07-24T02:00:00Z,2022,gua.1,Xelajú MC,Iztapa,3,0,0,640945
2022-07-24T02:00:00Z,2022,crc.1,Herediano,Guadalupe FC,1,0,0,647823
2022-07-24T02:05:00Z,2022,mex.1,Tigres UANL,Atlas,2,0,0,636045
2022-07-24T02:30:00Z,2022,usa.1,Portland Timbers,San Jose Earthquakes,2,1,0,623463
2022-07-24T02:30:00Z,2022,usa.usl.l1,Central Valley Fuego FC,Richmond Kickers,3,1,0,625688
2022-07-24T02:30:00Z,2022,usa.usl.1,Phoenix Rising FC,Sacramento Republic FC,0,0,0,627726
2022-07-24T02:30:00Z,2022,usa.usl.1,Ventura County FC,Orange County SC,2,5,0,627731
2022-07-24T03:00:00Z,2022,club.friendly,Real Madrid,Barcelona,0,1,0,637056
2022-07-24T08:30:00Z,2022,club.friendly,Getafe,Levante,0,0,0,650196
2022-07-24T08:30:00Z,2022,club.friendly,Espanyol,Lille,2,0,0,650197
2022-07-24T11:30:00Z,2022,ger.2,Karlsruher SC,1. FC Magdeburg,2,3,0,638754
2022-07-24T11:30:00Z,2022,ger.2,Arminia Bielefeld,SSV Jahn Regensburg,0,3,0,638759
2022-07-24T11:30:00Z,2022,ger.2,Hamburg SV,Hansa Rostock,0,1,0,638761
2022-07-24T11:30:00Z,2022,bel.1,Club Brugge,Racing Genk,3,2,0,641350
2022-07-24T12:00:00Z,2022,den.1,AGF,Viborg FF,3,1,0,636171
2022-07-24T12:00:00Z,2022,den.1,Randers FC,Odense Boldklub,2,2,0,636172
2022-07-24T12:00:00Z,2022,rus.1,FC Khimki,Nizhny Novgorod,3,0,0,641118
2022-07-24T13:00:00Z,2022,swe.1,IFK Värnamo,AIK,2,3,0,628474
2022-07-24T13:00:00Z,2022,swe.1,Helsingborg,GIF Sundsvall,1,0,0,628477
2022-07-24T13:15:00Z,2022,uru.1,Montevideo City Torque,Fénix ,2,0,0,636683
2022-07-24T14:00:00Z,2022,bra.1,Avaí,Flamengo,1,2,0,630959
2022-07-24T14:00:00Z,2022,bra.2,Guarani,Brusque,1,1,0,631332
2022-07-24T14:00:00Z,2022,arg.1,Independiente,Atlético Tucumán,0,1,0,635401
2022-07-24T14:00:00Z,2022,sco.cis,Aberdeen,Raith Rovers,3,0,0,635737
2022-07-24T14:00:00Z,2022,den.1,Brøndby IF,FC Nordsjælland,1,3,0,636173
2022-07-24T14:00:00Z,2022,bel.1,KV Mechelen,Antwerp,0,2,0,641351
2022-07-24T14:00:00Z,2022,club.friendly,Blackpool,Everton,2,4,0,650198
2022-07-24T14:30:00Z,2022,rus.1,Dinamo Moscow,FK Torpedo Moscow,4,0,0,641120
2022-07-24T14:45:00Z,2022,club.friendly,Feyenoord Rotterdam,Lyon,0,2,0,641080
2022-07-24T15:00:00Z,2022,aut.1,Austria Lustenau,WSG Swarovski Tirol,2,1,0,641761
2022-07-24T15:00:00Z,2022,aut.1,Rapid Vienna,SV Josko Ried,1,0,0,641762
2022-07-24T15:00:00Z,2022,aut.1,TSV Hartberg,SC Rheindorf Altach,2,1,0,641763
2022-07-24T15:30:00Z,2022,swe.1,BK Häcken,Djurgården,1,2,0,628476
2022-07-24T15:30:00Z,2022,swe.1,Kalmar FF,IF Elfsborg,1,0,0,628479
2022-07-24T16:00:00Z,2022,nor.1,Sandefjord,Molde,2,3,0,628107
2022-07-24T16:00:00Z,2022,nor.1,Kristiansund BK,Odds BK,2,2,0,628108
2022-07-24T16:00:00Z,2022,nor.1,Haugesund,Sarpsborg FK,3,1,0,628109
2022-07-24T16:00:00Z,2022,nor.1,Vålerenga,Viking FK,4,2,0,628111
2022-07-24T16:00:00Z,2022,den.1,AaB,F.C. København,1,3,0,636174
2022-07-24T16:15:00Z,2022,arg.1,Tigre,Platense,3,0,0,635391
2022-07-24T16:30:00Z,2022,bel.1,Anderlecht,KV Oostende,2,0,0,641352
2022-07-24T16:45:00Z,2022,club.friendly,Estoril,Fulham,1,3,0,650199
2022-07-24T17:00:00Z,2022,gua.1,Santa Lucía Cotzumalguapa,CD Achuapa,1,0,0,640948
2022-07-24T17:00:00Z,2022,rus.1,Akhmat Grozny,Fakel Voronezh,2,1,0,641113
2022-07-24T17:00:00Z,2022,rus.1,Lokomotiv Moscow,Rostov,2,2,0,641115
2022-07-24T17:00:00Z,2022,club.friendly,Galatasaray,Kasimpasa,2,1,0,645740
2022-07-24T17:00:00Z,2022,crc.1,Cartaginés,Puntarenas FC,1,3,0,647821
2022-07-24T18:00:00Z,2022,nor.1,Stromsgodset,Hamarkameratene,1,1,0,628106
2022-07-24T18:00:00Z,2022,uru.1,Defensor Sporting,Plaza Colonia,1,2,0,636681
2022-07-24T18:30:00Z,2022,arg.1,Aldosivi,River Plate,0,3,0,635394
2022-07-24T18:30:00Z,2022,arg.3,Dock Sud,UAI Urquiza,2,1,0,636362
2022-07-24T18:45:00Z,2022,club.friendly,Sporting CP,Sevilla,1,1,0,650200
2022-07-24T19:00:00Z,2022,chi.1,O'Higgins,Universidad de Chile,1,0,0,629320
2022-07-24T19:00:00Z,2022,bra.1,Fluminense,Red Bull Bragantino,2,1,0,630955
2022-07-24T19:00:00Z,2022,bra.1,Juventude,Ceará,1,0,0,630956
2022-07-24T19:00:00Z,2022,bra.1,Palmeiras,Internacional,2,1,0,630961
2022-07-24T19:00:00Z,2022,ecu.1,Mushuc Runa,Técnico Universitario,0,0,0,635885
2022-07-24T19:00:00Z,2022,bel.1,KVC Westerlo,Cercle Brugge KSV,2,0,0,641353
2022-07-24T19:00:00Z,2022,bol.1,Always Ready,Real Tomayapo,5,0,0,650028
2022-07-24T19:45:00Z,2022,col.1,América de Cali,Cortuluá,1,1,0,626813
2022-07-24T20:00:00Z,2022,per.1,ADT,Cienciano del Cusco,0,1,0,641930
2022-07-24T20:00:00Z,2022,crc.1,Grecia,Saprissa,0,3,0,647825
2022-07-24T20:30:00Z,2022,per.1,Universitario,Carlos Stein,2,0,0,641931
2022-07-24T20:30:00Z,2022,par.1,General Caballero JLM,Libertad,3,2,0,647538
2022-07-24T21:00:00Z,2022,bra.1,Atlético Goianiense,América Mineiro,0,1,0,630953
2022-07-24T21:00:00Z,2022,bra.1,Atlético-MG,Corinthians,1,2,0,630957
2022-07-24T21:00:00Z,2022,ven.1,Deportivo Lara,Aragua,2,2,0,631887
2022-07-24T21:00:00Z,2022,arg.1,Gimnasia La Plata,Lanús,1,0,0,635400
2022-07-24T21:00:00Z,2022,uru.1,Nacional,Boston River,2,0,0,636685
2022-07-24T21:00:00Z,2022,gua.1,CD Guastatoya,CD Malacateco,0,0,0,640946
2022-07-24T21:15:00Z,2022,bol.1,The Strongest,Aurora,4,0,0,650029
2022-07-24T21:30:00Z,2022,chi.1,Universidad Católica,Palestino,0,1,0,629318
2022-07-24T21:30:00Z,2022,ecu.1,Universidad Católica (Quito),Liga de Quito,4,0,0,635891
2022-07-24T21:50:00Z,2022,col.1,Independiente Medellín,Once Caldas,1,1,0,626819
2022-07-24T22:00:00Z,2022,bra.1,Fortaleza,Santos,0,0,0,630962
2022-07-24T22:45:00Z,2022,par.1,Cerro Porteño,Sol de América,2,0,0,647535
2022-07-24T23:00:00Z,2022,gua.1,Deportivo Mixco,Antigua GFC,0,2,0,640944
2022-07-24T23:00:00Z,2022,gua.1,Xinabajul,Comunicaciones,1,0,0,640949
2022-07-24T23:00:00Z,2022,per.1,Deportivo Binacional,Deportivo Municipal,2,0,0,641932
2022-07-24T23:15:00Z,2022,ven.1,Zamora FC,Zulia,5,1,0,631893
2022-07-24T23:30:00Z,2022,arg.1,Boca Juniors,Estudiantes de La Plata,3,1,0,635398
2022-07-24T23:30:00Z,2022,bol.1,Independiente Petrolero,Universitario de Sucre,2,0,0,650030
2022-07-25T00:00:00Z,2022,usa.1,Austin FC,Red Bull New York,3,4,0,623464
2022-07-25T00:00:00Z,2022,ecu.1,Barcelona SC,9 de Octubre,2,2,0,635889
2022-07-25T00:00:00Z,2022,mex.1,Pachuca,Pumas UNAM,0,0,0,636046
2022-07-25T00:00:00Z,2022,crc.1,AD San Carlos,Pérez Zeledón,2,1,0,647822
2022-07-25T01:30:00Z,2022,usa.1,LA Galaxy,Atlanta United FC,2,0,0,623466
2022-07-25T02:00:00Z,2022,mex.2,Club Atlético Morelia,Pumas Tabasco,1,1,0,638316
2022-07-25T10:00:00Z,2022,club.friendly,Paris Saint-Germain,Gamba Osaka,6,2,0,636009
2022-07-25T16:00:00Z,2022,club.friendly,Trabzonspor,Empoli,0,1,0,650007
2022-07-25T17:00:00Z,2022,swe.1,Varbergs BoIS FC,Hammarby IF,0,3,0,628478
2022-07-25T17:00:00Z,2022,swe.1,IFK Norrköping,IFK Göteborg,0,2,0,628480
2022-07-25T17:00:00Z,2022,den.1,AC Horsens,Lyngby Boldklub,1,0,0,636175
2022-07-25T17:00:00Z,2022,uru.1,Cerrito,Danubio,0,1,0,636679
2022-07-25T18:30:00Z,2022,par.1,12 de Octubre,Nacional Asunción,1,2,0,647534
2022-07-25T19:30:00Z,2022,arg.1,San Lorenzo,Talleres (Córdoba),1,1,0,635389
2022-07-25T21:00:00Z,2022,uru.1,Cerro Largo,River Plate,0,0,0,636680
2022-07-25T21:40:00Z,2022,col.1,Deportivo Pereira,Deportivo Cali,2,1,0,626814
2022-07-25T22:00:00Z,2022,chi.1,Unión Española,Curicó Unido,1,3,0,629316
2022-07-25T22:00:00Z,2022,bra.2,Criciúma,CSA,2,1,0,631333
2022-07-25T22:00:00Z,2022,bra.2,Operário PR,Tombense,0,0,0,631339
2022-07-25T22:00:00Z,2022,arg.1,Newell's Old Boys,Defensa y Justicia,1,2,0,635388
2022-07-25T22:00:00Z,2022,arg.1,Banfield,Argentinos Juniors,1,1,0,635396
2022-07-25T23:00:00Z,2022,bra.1,Coritiba,Cuiabá,1,0,0,630958
2022-07-25T23:00:00Z,2022,bol.1,Bolívar,Wilstermann,3,0,0,650031
2022-07-25T23:15:00Z,2022,par.1,Resistencia SC,Guaraní,0,0,0,647536
2022-07-26T00:10:00Z,2022,arg.3,Ituzaingó,Deportivo Merlo,0,1,0,636364
2022-07-26T00:30:00Z,2022,arg.1,Unión (Santa Fe),Godoy Cruz Antonio Tomba,2,1,0,635392
2022-07-26T00:30:00Z,2022,arg.1,Vélez Sarsfield,Huracán,1,1,0,635393
2022-07-26T00:30:00Z,2022,ecu.1,Macará,Delfín,1,2,0,635886
2022-07-26T15:30:00Z,2022,uefa.champions_qual,AEK Larnaca,FC Midtjylland,1,1,0,648809
2022-07-26T16:00:00Z,2022,uefa.europa.conf_qual,Lincoln Red Imps,Tobol Kostanay,0,1,0,649029
2022-07-26T17:00:00Z,2022,club.friendly,Besiktas,Alavés,1,2,0,645741
2022-07-26T17:00:00Z,2022,uefa.champions_qual,Sheriff Tiraspol,NK Maribor,1,0,0,648808
2022-07-26T17:00:00Z,2022,uefa.champions_qual,Viktoria Plzen,HJK Helsinki,5,0,0,648810
2022-07-26T17:15:00Z,2022,uefa.europa.conf_qual,The New Saints,Vikingur Reykjavik,0,0,0,649030
2022-07-26T17:30:00Z,2022,uefa.champions_qual,F91 Dudelange,Pyunik,1,4,0,648806
2022-07-26T18:00:00Z,2022,club.friendly,Ajax Amsterdam,Shakhtar Donetsk,3,1,0,638269
2022-07-26T18:00:00Z,2022,per.1,Academia Cantolao,Atlético Grau,1,2,0,641933
2022-07-26T18:00:00Z,2022,uefa.europa.conf_qual,Ballkani,Fiorita,6,0,0,648962
2022-07-26T19:00:00Z,2022,uefa.champions_qual,Shamrock Rovers,Ludogorets Razgrad,2,1,0,648811
2022-07-26T19:00:00Z,2022,uefa.champions_qual,Shkupi,Dinamo Zagreb,0,1,0,648812
2022-07-26T20:15:00Z,2022,per.1,UTC,Sporting Cristal,0,2,0,641934
2022-07-26T21:30:00Z,2022,bra.2,Chapecoense,Grêmio,0,0,0,631324
2022-07-26T21:40:00Z,2022,col.1,Patriotas,Jaguares de Córdoba,0,0,0,626817
2022-07-26T22:05:00Z,2022,mex.2,Atlante,Dorados de Sinaloa,3,0,0,638319
2022-07-26T22:15:00Z,2022,bol.1,Nacional Potosí,Real Santa Cruz,3,1,0,650044
2022-07-26T22:30:00Z,2022,uru.1,Peñarol,Rentistas,2,0,0,636675
2022-07-26T22:30:00Z,2022,per.1,Sport Huancayo,Carlos A. Mannucci,4,0,0,641935
2022-07-26T23:00:00Z,2022,arg.1,Arsenal Sarandi,Rosario Central,0,3,0,635395
2022-07-26T23:00:00Z,2022,arg.1,Barracas Central,Patronato,2,1,0,635397
2022-07-27T00:00:00Z,2022,usa.usl.l1,Forward Madison FC,Union Omaha,0,0,0,625684
2022-07-27T00:00:00Z,2022,mex.1,Atlas,Tijuana,1,2,0,636047
2022-07-27T00:00:00Z,2022,mex.1,FC Juarez,Tigres UANL,0,1,0,636048
2022-07-27T00:00:00Z,2022,mex.1,Monterrey,Puebla,1,0,0,636049
2022-07-27T00:05:00Z,2022,mex.2,Correcaminos UAT,Alebrijes de Oaxaca,0,0,0,638317
2022-07-27T00:10:00Z,2022,arg.2,Estudiantes (Buenos Aires),Brown de Adrogué,1,0,0,630221
2022-07-27T00:30:00Z,2022,club.friendly,Barcelona,Juventus,2,2,0,637057
2022-07-27T00:30:00Z,2022,bol.1,Oriente Petrolero,Guabirá,4,1,0,650033
2022-07-27T02:05:00Z,2022,mex.1,León,Toluca,0,1,0,636050
2022-07-27T02:05:00Z,2022,mex.1,Atlético de San Luis,Cruz Azul,0,0,0,636051
2022-07-27T02:05:00Z,2022,mex.2,Club Atlético La Paz,Celaya,0,0,0,638318
2022-07-27T02:30:00Z,2022,club.friendly,Real Madrid,América,2,2,0,637058
2022-07-27T08:30:00Z,2022,club.friendly,Getafe,Elche,0,1,0,650408
2022-07-27T11:00:00Z,2022,club.friendly,Feyenoord Rotterdam,NAC Breda,6,1,0,641081
2022-07-27T15:00:00Z,2022,uefa.europa.conf_qual,Inter D'Escaldes,CFR Cluj-Napoca,1,1,0,649046
2022-07-27T16:00:00Z,2022,per.1,Alianza Lima,Alianza Atlético,1,0,0,641936
2022-07-27T16:00:00Z,2022,uefa.champions_qual,Bodo/Glimt,Linfield,8,0,0,648805
2022-07-27T16:00:00Z,2022,club.friendly,FC Astoria Walldorf,Eintracht Frankfurt,0,5,0,650409
2022-07-27T16:00:00Z,2022,club.friendly,Orléans,UNFP,3,2,0,651196
2022-07-27T17:00:00Z,2022,nor.1,Sandefjord,Kristiansund BK,2,0,0,628156
2022-07-27T17:00:00Z,2022,club.friendly,Salernitana,Galatasaray,1,1,0,641082
2022-07-27T17:00:00Z,2022,club.friendly,Numancia,Atlético Madrid,0,4,0,641086
2022-07-27T17:00:00Z,2022,club.friendly,Wolfsberger,AC Milan,0,5,0,645888
2022-07-27T17:00:00Z,2022,uefa.champions_qual,Fenerbahce,Dynamo Kyiv,1,2,0,648813
2022-07-27T17:00:00Z,2022,uefa.champions_qual,Malmö FF,Zalgiris Vilnius,0,2,0,648814
2022-07-27T17:00:00Z,2022,uefa.champions_qual,FC Zürich,FK Qarabag,2,2,0,648815
2022-07-27T17:00:00Z,2022,uefa.europa.conf_qual,AIK,Vorskla,2,0,0,649031
2022-07-27T18:00:00Z,2022,arg.2,Flandria,Almagro,0,3,0,630222
2022-07-27T18:00:00Z,2022,arg.2,Gimnasia y Esgrima (Jujuy),Nueva Chicago,2,0,0,630223
2022-07-27T18:00:00Z,2022,arg.2,Temperley,Alvarado (Mar del Plata),0,0,0,630229
2022-07-27T18:00:00Z,2022,arg.2,Villa Dálmine,Quilmes,2,0,0,630230
2022-07-27T18:00:00Z,2022,per.1,San Martin,Ayacucho FC,3,3,0,641938
2022-07-27T18:00:00Z,2022,club.friendly,RB Salzburg,Liverpool,1,0,0,644616
2022-07-27T18:00:00Z,2022,club.friendly,Marseille,Real Betis,1,1,0,647659
2022-07-27T18:00:00Z,2022,uefa.europa.conf_qual,KI Klaksvik,FK Sutjeska,1,0,0,649000
2022-07-27T18:00:00Z,2022,uefa.europa.conf_qual,Gomel,Aris,1,2,0,649032
2022-07-27T18:05:00Z,2022,arg.2,Gimnasia (Mendoza),Instituto (Córdoba),2,0,0,630224
2022-07-27T18:30:00Z,2022,arg.2,San Telmo,Agropecuario,0,0,0,630227
2022-07-27T18:30:00Z,2022,uefa.champions_qual,Slovan Bratislava,Ferencvaros,1,4,0,648807
2022-07-27T18:30:00Z,2022,club.friendly,Sevilla,Angers,6,0,0,650410
2022-07-27T18:45:00Z,2022,club.friendly,Southampton,AS Monaco,3,1,0,650411
2022-07-27T19:00:00Z,2022,uefa.champions_qual,Olympiacos,Maccabi Haifa,0,4,0,648816
2022-07-27T19:00:00Z,2022,bol.1,Real Tomayapo,Universitario de Vinto,4,0,0,650034
2022-07-27T20:00:00Z,2022,per.1,Carlos Stein,Sport Boys,3,2,0,641937
2022-07-27T20:10:00Z,2022,arg.copa,Tigre,Deportivo Madryn,3,3,0,650098
2022-07-27T20:15:00Z,2022,per.1,Deportivo Municipal,ADT,1,0,0,641939
2022-07-27T22:00:00Z,2022,arg.2,Güemes,Mitre (Santiago del Estero),1,1,0,630225
2022-07-27T22:00:00Z,2022,mex.2,Tlaxcala FC,Raya2,1,1,0,638322
2022-07-27T22:00:00Z,2022,bol.1,Universitario de Sucre,Royal Pari,1,0,0,650035
2022-07-27T22:30:00Z,2022,arg.2,Atlanta,Defensores de Belgrano,0,2,0,630215
2022-07-27T22:30:00Z,2022,per.1,Cienciano del Cusco,Deportivo Binacional,1,1,0,641940
2022-07-27T23:00:00Z,2022,usa.usl.l1,North Carolina FC,Richmond Kickers,2,3,0,625683
2022-07-27T23:00:00Z,2022,arg.2,Almirante Brown,Deportivo Maipú,2,1,0,630214
2022-07-27T23:00:00Z,2022,col.copa,Millonarios,Fortaleza CEIF,3,0,0,635082
2022-07-27T23:00:00Z,2022,uru.1,Liverpool,Nacional,0,1,0,650211
2022-07-27T23:05:00Z,2022,arg.2,All Boys,Sacachispas,2,1,0,630213
2022-07-27T23:30:00Z,2022,arg.2,Santamarina,Chacarita Juniors,2,1,0,630228
2022-07-27T23:30:00Z,2022,usa.open,Orlando City SC,Red Bull New York,5,1,0,645234
2022-07-28T00:00:00Z,2022,usa.usl.1,Birmingham Legion FC,Loudoun United FC,6,1,0,627735
2022-07-28T00:00:00Z,2022,arg.2,Chaco For Ever,Tristán Suárez,1,0,0,630218
2022-07-28T00:00:00Z,2022,mex.1,Necaxa,Pachuca,2,0,0,636052
2022-07-28T00:00:00Z,2022,mex.1,Querétaro,Guadalajara,2,2,0,636053
2022-07-28T00:05:00Z,2022,mex.2,Pumas Tabasco,Mineros de Zacatecas,1,1,0,638320
2022-07-28T00:15:00Z,2022,bol.1,The Strongest,Always Ready,4,2,0,650032
2022-07-28T00:30:00Z,2022,usa.usl.1,Rio Grande Valley FC Toros,Hartford Athletic,0,0,0,627738
2022-07-28T00:30:00Z,2022,bra.copa_do_brazil,Atlético Goianiense,Corinthians,2,0,0,650108
2022-07-28T00:30:00Z,2022,bra.copa_do_brazil,Flamengo,Athletico-PR,0,0,0,650109
2022-07-28T00:35:00Z,2022,arg.2,Belgrano (Córdoba),Independiente Rivadavia,1,1,0,630217
2022-07-28T01:00:00Z,2022,per.1,César Vallejo,Universitario,1,0,0,641941
2022-07-28T01:05:00Z,2022,col.copa,Deportes Tolima,Independiente Medellín,1,3,0,635080
2022-07-28T02:00:00Z,2022,usa.usl.1,Oakland Roots,Phoenix Rising FC,0,0,0,627736
2022-07-28T02:05:00Z,2022,mex.1,Pumas UNAM,Mazatlán FC,1,1,0,636054
2022-07-28T02:05:00Z,2022,mex.2,Cimarrones de Sonora,Cancún FC,0,0,0,638321
2022-07-28T02:30:00Z,2022,usa.usl.1,Las Vegas Lights FC,San Antonio FC,0,2,0,627737
2022-07-28T02:30:00Z,2022,usa.open,Sacramento Republic FC,Sporting Kansas City,0,0,0,645235
2022-07-28T15:00:00Z,2022,uefa.europa.conf_qual,FC Astana,Raków Czestochowa,0,1,0,649008
2022-07-28T16:00:00Z,2022,uefa.europa.conf_qual,Paide Linnameeskond,ARARAT-ARMENIA,0,0,0,648967
2022-07-28T16:00:00Z,2022,uefa.europa.conf_qual,Kisvárda FC,Kairat Almaty,1,0,0,649009
2022-07-28T16:00:00Z,2022,uefa.europa.conf_qual,FK Qabala,Fehérvár,2,1,0,649010
2022-07-28T16:00:00Z,2022,uefa.europa.conf_qual,FC Milsami,KuPS Kuopio,1,4,0,649034
2022-07-28T16:45:00Z,2022,uefa.europa.conf_qual,IF Elfsborg,Molde,1,2,0,649011
2022-07-28T16:45:00Z,2022,uefa.europa.conf_qual,Maccabi Netanya,Istanbul Basaksehir,0,1,0,649012
2022-07-28T17:00:00Z,2022,uefa.europa.conf_qual,Radnicki Nis,Gzira United,3,3,0,648966
2022-07-28T17:00:00Z,2022,uefa.europa.conf_qual,Apoel Nicosia,Botev Plovdiv,2,0,0,648971
2022-07-28T17:00:00Z,2022,uefa.europa.conf_qual,FC Levadia Tallinn,Hibernians,1,1,0,648972
2022-07-28T17:00:00Z,2022,uefa.europa.conf_qual,Dinamo Batumi,Lech Poznan,1,1,0,648973
2022-07-28T17:00:00Z,2022,uefa.europa.conf_qual,CSKA Sofia,FK Makedonija,4,0,0,648974
2022-07-28T17:00:00Z,2022,uefa.europa.conf_qual,Djurgården,Rijeka,2,0,0,648975
2022-07-28T17:00:00Z,2022,uefa.europa.conf_qual,Slavia Prague,St. Joseph's,7,0,0,649001
2022-07-28T17:00:00Z,2022,uefa.europa.conf_qual,Olimpija Ljubljana,Sepsi Sfantu Gheorghe,2,0,0,649002
2022-07-28T17:00:00Z,2022,uefa.europa.conf_qual,Newtown,FC Spartak Trnava,1,2,0,649003
2022-07-28T17:00:00Z,2022,uefa.europa.conf_qual,Lillestrom,SJK,5,2,0,649005
2022-07-28T17:00:00Z,2022,uefa.europa.conf_qual,Viking FK,Sparta Prague,2,1,0,649013
2022-07-28T17:00:00Z,2022,uefa.europa.conf_qual,Neftchi,Aris Limassol,3,0,0,649014
2022-07-28T17:00:00Z,2022,uefa.europa.conf_qual,Viborg FF,FK Suduva,1,0,0,649015
2022-07-28T17:00:00Z,2022,uefa.europa.conf_qual,Riga FC,MFK Ruzomberok,2,1,0,649049
2022-07-28T17:30:00Z,2022,uefa.europa.conf_qual,Maccabi Tel-Aviv,Zira FK,0,0,0,648976
2022-07-28T17:30:00Z,2022,uefa.europa.conf_qual,CSU Craiova,Vllaznia Shkoder,3,0,0,648977
2022-07-28T17:30:00Z,2022,uefa.europa.conf_qual,PAOK,Levski Sofia,1,1,0,648978
2022-07-28T17:30:00Z,2022,uefa.europa.conf_qual,FCSB,Iberia 1999,4,2,0,649007
2022-07-28T17:45:00Z,2022,uefa.europa.conf_qual,Lechia Gdansk,Rapid Vienna,1,2,0,649006
2022-07-28T18:00:00Z,2022,uefa.europa.conf_qual,Young Boys,FK Liepaja,3,0,0,648964
2022-07-28T18:00:00Z,2022,uefa.europa.conf_qual,KF Shkëndija,Valmiera,3,1,0,648965
2022-07-28T18:00:00Z,2022,uefa.europa.conf_qual,Hamrun Spartans,Velez Mostar,1,0,0,648968
2022-07-28T18:00:00Z,2022,uefa.europa.conf_qual,Brøndby IF,Pogon Szczecin,4,0,0,648970
2022-07-28T18:00:00Z,2022,uefa.europa.conf_qual,NS Mura,St Patrick's Athletic,0,0,0,649004
2022-07-28T18:00:00Z,2022,uefa.europa.conf_qual,Sligo Rovers,Motherwell,2,0,0,649033
2022-07-28T18:00:00Z,2022,uefa.europa.conf_qual,Drita Gjilan,Antwerp,0,2,0,649035
2022-07-28T18:00:00Z,2022,uefa.europa.conf_qual,Dinamo Minsk,Hapoel Be'er,0,1,0,649036
2022-07-28T18:00:00Z,2022,uefa.europa.conf_qual,Konyaspor,BATE Borisov,2,0,0,649039
2022-07-28T18:00:00Z,2022,uefa.europa.conf_qual,Cukaricki Belgrade,Racing Luxembourg,4,0,0,649040
2022-07-28T18:00:00Z,2022,uefa.europa.conf_qual,FC Vaduz,FC Koper,1,1,0,649041
2022-07-28T18:00:00Z,2022,uefa.europa.conf_qual,KF Laci,Petrocub,1,4,0,649048
2022-07-28T18:30:00Z,2022,uefa.europa.conf_qual,Osijek,Kyzylzhar,0,2,0,648980
2022-07-28T18:30:00Z,2022,uefa.europa.conf_qual,Buducnost Podgorica,Breidablik,2,1,0,649038
2022-07-28T18:35:00Z,2022,arg.2,San Martín (San Juan),San Martín (Tucumán),0,2,0,630226
2022-07-28T18:45:00Z,2022,uefa.europa.conf_qual,Tuzla City,AZ Alkmaar,0,4,0,648963
2022-07-28T18:45:00Z,2022,uefa.europa.conf_qual,Tre Fiori,B36 Torshavn,0,0,0,649047
2022-07-28T19:00:00Z,2022,uefa.europa.conf_qual,Crusaders,FC Basel,1,1,0,648969
2022-07-28T19:00:00Z,2022,uefa.europa.conf_qual,Zrinjski Mostar,SK Tirana,3,2,0,648979
2022-07-28T19:00:00Z,2022,uefa.europa.conf_qual,Dunajska Streda,Víkingur,2,0,0,649037
2022-07-28T19:00:00Z,2022,uefa.europa.conf_qual,Puskas Akademia,Vitória de Guimaraes,0,0,0,649042
2022-07-28T19:00:00Z,2022,bol.1,Bolívar,Atlético Palmaflor,2,2,0,650036
2022-07-28T21:00:00Z,2022,ven.1,Inter de Barinas,Estudiantes de Mérida,1,1,0,631882
2022-07-28T21:35:00Z,2022,arg.2,Atletico Rafaela,Guillermo Brown,4,1,0,630216
2022-07-28T22:00:00Z,2022,bra.2,Vasco da Gama,CRB,4,0,0,631321
2022-07-28T23:00:00Z,2022,col.copa,Internacional de Bogotá,Unión Magdalena,1,1,0,635083
2022-07-28T23:00:00Z,2022,bra.copa_do_brazil,São Paulo,América Mineiro,1,0,0,650111
2022-07-28T23:15:00Z,2022,ven.1,UCV FC,Monagas SC,0,2,0,631884
2022-07-28T23:30:00Z,2022,bol.1,Blooming,Wilstermann,0,1,0,650037
2022-07-28T23:30:00Z,2022,bra.copa_do_brazil,Fortaleza,Fluminense,0,1,0,650110
2022-07-29T00:05:00Z,2022,mex.2,Tepatitlán FC,Durango,0,0,0,638323
2022-07-29T00:30:00Z,2022,bra.2,Sport,Guarani,2,1,0,631325
2022-07-29T00:35:00Z,2022,arg.2,Deportivo Morón,Estudiantes de Río Cuarto,2,2,0,630219
2022-07-29T01:05:00Z,2022,col.copa,Atlético Junior,Atlético Nacional,3,0,0,635081
2022-07-29T15:00:00Z,2022,rus.1,FC Ural Ekaterinburg,Krasnodar,1,3,0,641123
2022-07-29T16:01:00Z,2022,ger.dfb_pokal,Dynamo Dresden,VfB Stuttgart,0,1,0,635848
2022-07-29T16:01:00Z,2022,ger.dfb_pokal,TSG Neustrelitz,Karlsruher SC,0,8,0,635855
2022-07-29T16:01:00Z,2022,ger.dfb_pokal,Kaan Marie,1. FC Nürnberg,0,2,0,635858
2022-07-29T17:00:00Z,2022,den.1,Odense Boldklub,FC Midtjylland,1,5,0,636916
2022-07-29T18:30:00Z,2022,club.friendly,Southend United,Crystal Palace U23,0,3,0,651197
2022-07-29T18:45:00Z,2022,bel.1,Union St.-Gilloise,Royal Charleroi SC,1,0,0,641354
2022-07-29T18:45:00Z,2022,club.friendly,Everton,Dynamo Kyiv,4,0,0,650212
2022-07-29T18:46:00Z,2022,ger.dfb_pokal,TSV 1860 Munich,Borussia Dortmund,0,3,0,635856
2022-07-29T19:00:00Z,2022,eng.2,Huddersfield Town,Burnley,0,1,0,643182
2022-07-29T19:00:00Z,2022,club.friendly,Udinese,Chelsea,1,3,0,647654
2022-07-29T20:30:00Z,2022,per.1,Melgar,UTC,1,0,0,641942
2022-07-29T21:00:00Z,2022,ven.1,Zulia,Mineros de Guayana,1,1,0,631883
2022-07-29T21:00:00Z,2022,par.1,Guaireña,General Caballero JLM,1,2,0,647543
2022-07-29T22:00:00Z,2022,chi.1,Huachipato,Unión Española,2,5,0,629312
2022-07-29T22:00:00Z,2022,bra.2,Bahia,Náutico,3,0,0,631327
2022-07-29T23:00:00Z,2022,usa.usl.l1,Charlotte Independence,Central Valley Fuego FC,4,0,0,625682
2022-07-29T23:00:00Z,2022,arg.1,Godoy Cruz Antonio Tomba,Vélez Sarsfield,1,1,0,635407
2022-07-29T23:00:00Z,2022,bol.1,Aurora,Independiente Petrolero,1,0,0,650038
2022-07-29T23:15:00Z,2022,ven.1,Deportivo Táchira,Caracas FC,0,0,0,631879
2022-07-29T23:15:00Z,2022,par.1,Nacional Asunción,Sol de América,3,0,0,647541
2022-07-30T00:00:00Z,2022,ecu.1,Deportivo Cuenca,Aucas,1,2,0,635898
2022-07-30T00:00:00Z,2022,mex.2,Venados FC,Club Atlético Morelia,0,2,0,638325
2022-07-30T00:30:00Z,2022,chi.1,Unión La Calera,Palestino,2,2,0,629311
2022-07-30T00:30:00Z,2022,bra.2,Tombense,Sampaio Corrêa,3,0,0,631329
2022-07-30T02:05:00Z,2022,mex.1,FC Juarez,Toluca,1,1,0,636055
2022-07-30T03:00:00Z,2022,usa.1,LAFC,Seattle Sounders FC,2,1,0,623467
2022-07-30T05:00:00Z,2022,jpn.1,Consadole Sapporo,Nagoya Grampus,2,2,0,628924
2022-07-30T09:00:00Z,2022,club.friendly,Udinese,Chelsea,0,2,0,650696
2022-07-30T09:30:00Z,2022,jpn.1,Jubilo Iwata,Shonan Bellmare,1,0,0,628925
2022-07-30T10:00:00Z,2022,jpn.1,Vissel Kobe,Kashiwa Reysol,0,1,0,628926
2022-07-30T10:00:00Z,2022,jpn.1,Urawa Red Diamonds,Kawasaki Frontale,3,1,0,628927
2022-07-30T10:00:00Z,2022,jpn.1,Sanfrecce Hiroshima,FC Tokyo,1,2,0,628928
2022-07-30T10:00:00Z,2022,jpn.1,Gamba Osaka,Kyoto Sanga,1,1,0,628929
2022-07-30T10:00:00Z,2022,jpn.1,Cerezo Osaka,Avispa Fukuoka,2,0,0,628930
2022-07-30T10:00:00Z,2022,jpn.1,Yokohama F. Marinos,Kashima Antlers,2,0,0,628931
2022-07-30T11:00:00Z,2022,sco.1,Livingston,Rangers,1,2,0,639050
2022-07-30T11:01:00Z,2022,ger.dfb_pokal,FC Viktoria 1889 Berlin,VfL Bochum,0,3,0,635843
2022-07-30T11:01:00Z,2022,ger.dfb_pokal,SV Straelen,St. Pauli,3,4,0,635862
2022-07-30T11:30:00Z,2022,friendly.emirates_cup,Arsenal,Sevilla,6,0,0,635214
2022-07-30T11:45:00Z,2022,club.friendly,Atlético Madrid,Manchester United,1,0,0,635654
2022-07-30T12:00:00Z,2022,rus.1,Fakel Voronezh,Dinamo Moscow,3,3,0,641128
2022-07-30T13:00:00Z,2022,swe.1,Degerfors IF,Kalmar FF,2,1,0,628470
2022-07-30T13:00:00Z,2022,fra.2,Dijon FCO,Saint-Étienne,2,1,0,639991
2022-07-30T13:15:00Z,2022,uru.1,Rentistas,Albion FC,2,4,0,650677
2022-07-30T13:31:00Z,2022,ger.dfb_pokal,VfB Lübeck,Hansa Rostock,1,0,0,635833
2022-07-30T13:31:00Z,2022,ger.dfb_pokal,FV Illertissen,1. FC Heidenheim 1846,0,2,0,635846
2022-07-30T13:31:00Z,2022,ger.dfb_pokal,SSV Jahn Regensburg,FC Cologne,2,2,0,635849
2022-07-30T13:31:00Z,2022,ger.dfb_pokal,SV Elversberg,Bayer Leverkusen,4,3,0,635850
2022-07-30T13:31:00Z,2022,ger.dfb_pokal,SpVgg Bayreuth,Hamburg SV,1,3,0,635853
2022-07-30T13:31:00Z,2022,ger.dfb_pokal,Einheit,SC Paderborn 07,0,10,0,635860
2022-07-30T14:00:00Z,2022,nor.1,Aalesund,Bodo/Glimt,1,2,0,628104
2022-07-30T14:00:00Z,2022,bra.2,Brusque,Cruzeiro,0,0,0,631323
2022-07-30T14:00:00Z,2022,sco.1,Kilmarnock,Dundee United,1,1,0,639051
2022-07-30T14:00:00Z,2022,sco.1,St Johnstone,Hibernian,0,1,0,639052
2022-07-30T14:00:00Z,2022,sco.1,Heart of Midlothian,Ross County,2,1,0,639054
2022-07-30T14:00:00Z,2022,sco.2,Ayr United,Arbroath,0,0,0,639430
2022-07-30T14:00:00Z,2022,sco.2,Cove Rangers,Raith Rovers,2,0,0,639431
2022-07-30T14:00:00Z,2022,sco.2,Inverness Caledonian Thistle,Queen's Park,1,1,0,639432
2022-07-30T14:00:00Z,2022,sco.2,Hamilton Academical,Greenock Morton,1,1,0,639433
2022-07-30T14:00:00Z,2022,sco.2,Dundee,Partick Thistle,2,3,0,639434
2022-07-30T14:00:00Z,2022,bel.1,Cercle Brugge KSV,Anderlecht,1,0,0,641355
2022-07-30T14:00:00Z,2022,eng.4,AFC Wimbledon,Gillingham,2,0,0,642078
2022-07-30T14:00:00Z,2022,eng.4,Bradford City,Doncaster Rovers,0,0,0,642079
2022-07-30T14:00:00Z,2022,eng.4,Carlisle United,Crawley Town,1,0,0,642080
2022-07-30T14:00:00Z,2022,eng.4,Harrogate Town,Swindon Town,3,0,0,642081
2022-07-30T14:00:00Z,2022,eng.4,Leyton Orient,Grimsby Town,2,0,0,642082
2022-07-30T14:00:00Z,2022,eng.4,Northampton Town,Colchester United,3,2,0,642083
2022-07-30T14:00:00Z,2022,eng.4,Rochdale,Crewe Alexandra,1,2,0,642084
2022-07-30T14:00:00Z,2022,eng.4,Salford City,Mansfield Town,2,0,0,642085
2022-07-30T14:00:00Z,2022,eng.4,Stockport County,Barrow,2,3,0,642086
2022-07-30T14:00:00Z,2022,eng.4,Sutton United,Newport County,1,1,0,642087
2022-07-30T14:00:00Z,2022,eng.4,Tranmere Rovers,Stevenage,1,2,0,642088
2022-07-30T14:00:00Z,2022,eng.4,Walsall,Hartlepool United,4,0,0,642089
2022-07-30T14:00:00Z,2022,eng.3,Accrington Stanley,Charlton Athletic,2,2,0,642630
2022-07-30T14:00:00Z,2022,eng.3,Bristol Rovers,Forest Green Rovers,1,2,0,642631
2022-07-30T14:00:00Z,2022,eng.3,Cambridge United,Milton Keynes Dons,1,0,0,642632
2022-07-30T14:00:00Z,2022,eng.3,Cheltenham Town,Peterborough United,2,3,0,642633
2022-07-30T14:00:00Z,2022,eng.3,Derby County,Oxford United,1,0,0,642634
2022-07-30T14:00:00Z,2022,eng.3,Ipswich Town,Bolton Wanderers,1,1,0,642635
2022-07-30T14:00:00Z,2022,eng.3,Lincoln City,Exeter City,1,1,0,642636
2022-07-30T14:00:00Z,2022,eng.3,Morecambe,Shrewsbury Town,0,0,0,642637
2022-07-30T14:00:00Z,2022,eng.3,Plymouth Argyle,Barnsley,1,0,0,642638
2022-07-30T14:00:00Z,2022,eng.3,Port Vale,Fleetwood Town,2,1,0,642639
2022-07-30T14:00:00Z,2022,eng.3,Sheffield Wednesday,Portsmouth,3,3,0,642640
2022-07-30T14:00:00Z,2022,eng.3,Wycombe Wanderers,Burton Albion,3,0,0,642641
2022-07-30T14:00:00Z,2022,eng.2,Cardiff City,Norwich City,1,0,0,643183
2022-07-30T14:00:00Z,2022,eng.2,Hull City,Bristol City,2,1,0,643184
2022-07-30T14:00:00Z,2022,eng.2,Blackburn Rovers,Queens Park Rangers,1,0,0,643185
2022-07-30T14:00:00Z,2022,eng.2,Blackpool,Reading,1,0,0,643186
2022-07-30T14:00:00Z,2022,eng.2,Luton Town,Birmingham City,0,0,0,643187
2022-07-30T14:00:00Z,2022,eng.2,Rotherham United,Swansea City,1,1,0,643188
2022-07-30T14:00:00Z,2022,eng.2,Wigan Athletic,Preston North End,0,0,0,643189
2022-07-30T14:00:00Z,2022,eng.2,Millwall,Stoke City,2,0,0,643190
2022-07-30T14:00:00Z,2022,club.friendly,Southampton,Villarreal,1,2,0,647660
2022-07-30T14:00:00Z,2022,club.friendly,AFC Bournemouth,Real Sociedad,1,2,0,650699
2022-07-30T14:00:00Z,2022,club.friendly,Brighton & Hove Albion,Espanyol,5,1,0,650700
2022-07-30T14:00:00Z,2022,club.friendly,Brentford,Real Betis,1,0,0,650701
2022-07-30T14:00:00Z,2022,club.friendly,Crystal Palace,Montpellier,4,2,0,650702
2022-07-30T14:00:00Z,2022,club.friendly,Newcastle United,Athletic Club,2,1,0,650703
2022-07-30T14:30:00Z,2022,rus.1,Zenit St Petersburg,Lokomotiv Moscow,5,0,0,641127
2022-07-30T15:00:00Z,2022,aut.1,SV Josko Ried,Austria Lustenau,1,0,0,641765
2022-07-30T15:00:00Z,2022,aut.1,SC Rheindorf Altach,Wolfsberger,2,2,0,641766
2022-07-30T15:00:00Z,2022,club.friendly,Borussia Dortmund,Antalyaspor,1,1,0,647663
2022-07-30T15:00:00Z,2022,club.friendly,Nice,Torino,1,0,0,650698
2022-07-30T15:00:00Z,2022,club.friendly,Stade Rennais,Aston Villa,1,2,0,651187
2022-07-30T15:30:00Z,2022,swe.1,GIF Sundsvall,Varbergs BoIS FC,1,3,0,628473
2022-07-30T16:00:00Z,2022,nor.1,Hamarkameratene,Kristiansund BK,0,1,0,628098
2022-07-30T16:00:00Z,2022,nor.1,Odds BK,Rosenborg,2,3,0,628100
2022-07-30T16:00:00Z,2022,nor.1,Tromso,Sandefjord,3,0,0,628101
2022-07-30T16:00:00Z,2022,eng.charity,Liverpool,Manchester City,3,1,0,635246
2022-07-30T16:00:00Z,2022,club.friendly,Besiktas,Sampdoria,1,1,0,642077
2022-07-30T16:00:00Z,2022,ita.coppa_italia,Sudtirol,FeralpiSalo,1,3,0,647664
2022-07-30T16:00:00Z,2022,club.friendly,Brest,Real Valladolid,0,0,0,650704
2022-07-30T16:00:00Z,2022,club.friendly,Lazio,Qatar,0,0,0,663466
2022-07-30T16:01:00Z,2022,ger.dfb_pokal,FC Carl Zeiss Jena,VfL Wolfsburg,0,1,0,635839
2022-07-30T16:01:00Z,2022,ger.dfb_pokal,Kickers Offenbach,Fortuna Düsseldorf,1,4,0,635847
2022-07-30T16:01:00Z,2022,ger.dfb_pokal,Stuttgarter Kickers,SpVgg Greuther Fürth,2,0,0,635854
2022-07-30T16:05:00Z,2022,arg.3,Defensores Unidos,Deportivo Armenio,0,1,0,636366
2022-07-30T16:10:00Z,2022,arg.3,Colegiales,Ituzaingó,4,2,0,636370
2022-07-30T16:15:00Z,2022,bel.1,KV Oostende,KV Mechelen,2,1,0,641356
2022-07-30T16:15:00Z,2022,bel.1,OH Leuven,KVC Westerlo,2,0,0,641357
2022-07-30T16:15:00Z,2022,club.friendly,Lens,West Ham United,0,0,0,650705
2022-07-30T16:30:00Z,2022,chi.1,Antofagasta,Coquimbo Unido,2,1,0,629308
2022-07-30T16:30:00Z,2022,eng.2,Middlesbrough,West Bromwich Albion,1,1,0,643191
2022-07-30T17:00:00Z,2022,fra.2,Bastia,Stade Laval,0,2,0,639990
2022-07-30T17:00:00Z,2022,fra.2,Annecy,Niort,1,2,0,639992
2022-07-30T17:00:00Z,2022,fra.2,Guingamp,Pau,4,0,0,639993
2022-07-30T17:00:00Z,2022,fra.2,Bordeaux,Valenciennes,0,0,0,639994
2022-07-30T17:00:00Z,2022,fra.2,Metz,SC Amiens,3,0,0,639995
2022-07-30T17:00:00Z,2022,fra.2,Nimes,Caen,0,1,0,639996
2022-07-30T17:00:00Z,2022,fra.2,US Quevilly,Rodez Aveyron,0,0,0,639997
2022-07-30T17:00:00Z,2022,fra.2,Le Havre AC,Grenoble,0,0,0,639999
2022-07-30T17:00:00Z,2022,rus.1,Sochi,Akhmat Grozny,2,1,0,641121
2022-07-30T17:00:00Z,2022,club.friendly,Nottingham Forest,Valencia,1,1,0,650706
2022-07-30T17:30:00Z,2022,aut.1,SK Sturm Graz,RB Salzburg,2,1,0,641764
2022-07-30T17:45:00Z,2022,club.friendly,Sporting CP,Wolverhampton Wanderers,1,1,0,650707
2022-07-30T18:00:00Z,2022,nor.1,FK Jerv,Vålerenga,2,5,0,628103
2022-07-30T18:00:00Z,2022,ned.supercup,Ajax Amsterdam,PSV Eindhoven,3,5,0,637193
2022-07-30T18:15:00Z,2022,club.friendly,Tottenham Hotspur,AS Roma,0,1,0,636010
2022-07-30T18:30:00Z,2022,ger.super_cup,RB Leipzig,Bayern Munich,3,5,0,635232
2022-07-30T18:30:00Z,2022,arg.1,Argentinos Juniors,San Lorenzo,0,1,0,635402
2022-07-30T18:30:00Z,2022,arg.3,Deportivo Merlo,Fénix,0,0,0,636365
2022-07-30T18:30:00Z,2022,arg.3,Acassuso,Los Andes,0,0,0,636367
2022-07-30T18:30:00Z,2022,arg.3,JJ Urquiza,Cañuelas,0,1,0,636368
2022-07-30T18:30:00Z,2022,arg.3,Argentino de Quilmes,Comunicaciones,0,1,0,636371
2022-07-30T18:30:00Z,2022,club.friendly,Internazionale,Lyon,2,2,0,645889
2022-07-30T18:45:00Z,2022,bel.1,KAA Gent,Sint-Truidense,1,1,0,641358
2022-07-30T19:00:00Z,2022,usa.1,Minnesota United FC,Portland Timbers,4,4,0,623469
2022-07-30T19:00:00Z,2022,col.1,Cortuluá,Independiente Medellín,1,0,0,626806
2022-07-30T19:00:00Z,2022,chi.1,La Serena,Ñublense,3,0,0,629313
2022-07-30T19:00:00Z,2022,bra.2,Londrina,Criciúma,1,1,0,631322
2022-07-30T19:00:00Z,2022,bol.1,Always Ready,Universitario de Sucre,4,0,0,650039
2022-07-30T19:00:00Z,2022,uru.1,Plaza Colonia,Boston River,1,1,0,650678
2022-07-30T19:30:00Z,2022,bra.1,Goiás,Coritiba,1,0,0,630947
2022-07-30T19:30:00Z,2022,bra.1,Ceará,Palmeiras,1,2,0,630951
2022-07-30T20:00:00Z,2022,ecu.1,Delfín,Guayaquil City FC,1,3,0,635899
2022-07-30T20:15:00Z,2022,per.1,Ayacucho FC,Cienciano del Cusco,0,1,0,641944
2022-07-30T20:45:00Z,2022,par.1,Sportivo Ameliano,Cerro Porteño,0,2,0,647540
2022-07-30T21:00:00Z,2022,usa.1,Chicago Fire FC,Atlanta United FC,0,0,0,623470
2022-07-30T21:00:00Z,2022,ven.1,Metropolitanos,Zamora FC,2,0,0,631885
2022-07-30T21:00:00Z,2022,arg.1,Estudiantes de La Plata,Banfield,0,0,0,635406
2022-07-30T21:05:00Z,2022,col.1,Jaguares de Córdoba,Alianza FC,2,1,0,626801
2022-07-30T21:15:00Z,2022,bol.1,Universitario de Vinto,Guabirá,0,1,0,650040
2022-07-30T21:30:00Z,2022,bra.2,Novorizontino,Vila Nova,1,1,0,631330
2022-07-30T21:30:00Z,2022,gua.1,Cobán Imperial,Xinabajul,3,1,0,640955
2022-07-30T22:00:00Z,2022,chi.1,Universidad Católica,Cobresal,1,0,0,629306
2022-07-30T22:00:00Z,2022,bra.1,Corinthians,Botafogo,1,0,0,630946
2022-07-30T22:00:00Z,2022,bra.2,Ponte Preta,Operário PR,3,0,0,631328
2022-07-30T22:00:00Z,2022,mex.1,Cruz Azul,Necaxa,1,0,0,636056
2022-07-30T22:00:00Z,2022,uru.1,Deportivo Maldonado,Nacional,2,1,0,650679
2022-07-30T22:30:00Z,2022,ecu.1,Liga de Quito,Técnico Universitario,2,0,0,635895
2022-07-30T23:00:00Z,2022,usa.usl.1,Indy Eleven,Tampa Bay Rowdies,1,3,0,627739
2022-07-30T23:00:00Z,2022,usa.usl.1,Pittsburgh Riverhounds,FC Tulsa,1,0,0,627743
2022-07-30T23:00:00Z,2022,usa.usl.1,Hartford Athletic,Birmingham Legion FC,0,1,0,627748
2022-07-30T23:00:00Z,2022,club.friendly,Red Bull New York,Barcelona,0,2,0,635216
2022-07-30T23:00:00Z,2022,per.1,Universitario,Deportivo Municipal,0,1,0,641945
2022-07-30T23:00:00Z,2022,crc.1,Pérez Zeledón,Grecia,2,3,0,647828
2022-07-30T23:00:00Z,2022,crc.1,Santos,Guadalupe FC,3,3,0,647829
2022-07-30T23:10:00Z,2022,arg.3,Talleres de Remedios,San Miguel,2,1,0,636369
2022-07-30T23:15:00Z,2022,ven.1,Academia Puerto Cabello,Deportivo Lara,3,2,0,631881
2022-07-30T23:15:00Z,2022,par.1,Tacuary,Club Olimpia,2,1,0,647545
2022-07-30T23:30:00Z,2022,usa.1,Philadelphia Union,Houston Dynamo FC,6,0,0,623473
2022-07-30T23:30:00Z,2022,usa.1,CF Montréal,New York City FC,0,0,0,623474
2022-07-30T23:30:00Z,2022,usa.usl.1,Loudoun United FC,Monterey Bay,0,1,0,627740
2022-07-30T23:30:00Z,2022,usa.usl.1,Atlanta United 2,Las Vegas Lights FC,1,1,0,627745
2022-07-30T23:30:00Z,2022,usa.usl.1,Charleston Battery,Sacramento Republic FC,2,4,0,627746
2022-07-30T23:30:00Z,2022,bra.1,Flamengo,Atlético Goianiense,4,1,0,630944
2022-07-30T23:30:00Z,2022,bra.2,CSA,Ituano,1,3,0,631326
2022-07-30T23:30:00Z,2022,arg.1,Atlético Tucumán,Newell's Old Boys,2,0,0,635403
2022-07-30T23:30:00Z,2022,arg.1,Huracán,Gimnasia La Plata,0,1,0,635415
2022-07-31T00:00:00Z,2022,usa.1,Inter Miami CF,FC Cincinnati,4,4,0,623475
2022-07-31T00:00:00Z,2022,usa.1,Nashville SC,Vancouver Whitecaps,1,1,0,623476
2022-07-31T00:00:00Z,2022,usa.1,New England Revolution,Toronto FC,0,0,0,623477
2022-07-31T00:00:00Z,2022,usa.usl.l1,Union Omaha,Chattanooga Red Wolves,1,1,0,625678
2022-07-31T00:00:00Z,2022,usa.usl.l1,Forward Madison FC,Northern Colorado Hailstorm FC,1,1,0,625680
2022-07-31T00:00:00Z,2022,hon.1,C.D.Real Sociedad,Club Deportivo Marathón,0,2,0,647704
2022-07-31T00:05:00Z,2022,mex.1,Tigres UANL,Querétaro,2,1,0,636057
2022-07-31T00:30:00Z,2022,usa.1,Sporting Kansas City,Austin FC,0,2,0,623478
2022-07-31T00:30:00Z,2022,chi.1,Curicó Unido,Everton CD,0,4,0,629309
2022-07-31T00:45:00Z,2022,usa.usl.l1,Greenville Triumph,South Georgia Tormenta FC,1,3,0,625681
2022-07-31T01:00:00Z,2022,usa.1,FC Dallas,LA Galaxy,1,0,0,623479
2022-07-31T01:00:00Z,2022,usa.usl.1,San Antonio FC,Ventura County FC,1,1,0,627744
2022-07-31T01:00:00Z,2022,ecu.1,Independiente del Valle,Barcelona SC,1,1,0,635896
2022-07-31T01:00:00Z,2022,gua.1,Antigua GFC,Xelajú MC,2,2,0,640953
2022-07-31T01:30:00Z,2022,usa.usl.1,El Paso Locomotive FC,Louisville City FC,0,1,0,627747
2022-07-31T01:30:00Z,2022,hon.1,Vida,Club Deportivo Olimpia,0,1,0,647701
2022-07-31T01:30:00Z,2022,crc.1,AD San Carlos,Cartaginés,1,1,0,647827
2022-07-31T02:00:00Z,2022,usa.1,San Jose Earthquakes,Real Salt Lake,2,2,0,623468
2022-07-31T02:00:00Z,2022,usa.usl.1,Orange County SC,San Diego Loyal SC,2,3,0,627741
2022-07-31T02:00:00Z,2022,club.friendly,Real Madrid,Juventus,2,0,0,637059
2022-07-31T02:00:00Z,2022,crc.1,Herediano,Alajuelense,3,0,0,647830
2022-07-31T02:05:00Z,2022,mex.1,Tijuana,Mazatlán FC,2,0,0,636058
2022-07-31T02:05:00Z,2022,mex.1,Guadalajara,Pachuca,0,0,0,636059
2022-07-31T02:05:00Z,2022,mex.1,Puebla,Atlético de San Luis,0,0,0,636060
2022-07-31T02:30:00Z,2022,usa.usl.1,Phoenix Rising FC,Colorado Springs Switchbacks FC,4,0,0,627742
2022-07-31T09:00:00Z,2022,jpn.1,Shimizu S-Pulse,Sagan Tosu,3,3,0,628932
2022-07-31T11:00:00Z,2022,eng.2,Sunderland,Coventry City,1,1,0,643192
2022-07-31T11:01:00Z,2022,ger.dfb_pokal,BSV Schwarz-Weiß Rehden,SV Sandhausen,0,4,0,635835
2022-07-31T11:01:00Z,2022,ger.dfb_pokal,Bremer SV,Schalke 04,0,5,0,635836
2022-07-31T11:30:00Z,2022,bel.1,Racing Genk,Standard Liege,3,1,0,641359
2022-07-31T12:00:00Z,2022,den.1,AGF,Randers FC,0,0,0,636913
2022-07-31T12:00:00Z,2022,den.1,AaB,AC Horsens,0,0,0,636914
2022-07-31T12:00:00Z,2022,rus.1,Nizhny Novgorod,CSKA Moscow,2,2,0,641124
2022-07-31T12:00:00Z,2022,club.friendly,Almere City,Ajax Amsterdam,1,1,0,650213
2022-07-31T13:00:00Z,2022,swe.1,IF Elfsborg,BK Häcken,4,4,0,628466
2022-07-31T13:00:00Z,2022,swe.1,Hammarby IF,IFK Värnamo,1,2,0,628469
2022-07-31T13:00:00Z,2022,swe.1,IK Sirius,Mjällby AIF,0,1,0,628472
2022-07-31T13:15:00Z,2022,uru.1,Danubio,Cerrito,0,0,0,650680
2022-07-31T13:30:00Z,2022,nor.1,Sarpsborg FK,Lillestrom,0,2,0,628099
2022-07-31T13:30:00Z,2022,nor.1,Molde,Stromsgodset,3,0,0,628102
2022-07-31T13:31:00Z,2022,ger.dfb_pokal,Schott,Hannover 96,0,3,0,635834
2022-07-31T13:31:00Z,2022,ger.dfb_pokal,FV Engers 07,Arminia Bielefeld,1,7,0,635845
2022-07-31T13:31:00Z,2022,ger.dfb_pokal,SV Rödinghausen,TSG Hoffenheim,0,2,0,635851
2022-07-31T13:31:00Z,2022,ger.dfb_pokal,Kaiserslautern,SC Freiburg,1,2,0,635857
2022-07-31T13:31:00Z,2022,ger.dfb_pokal,Lohne,FC Augsburg,0,4,0,635859
2022-07-31T13:31:00Z,2022,ger.dfb_pokal,Oberachern,Borussia Mönchengladbach,1,9,0,635863
2022-07-31T14:00:00Z,2022,den.1,Viborg FF,F.C. København,4,2,0,636918
2022-07-31T14:00:00Z,2022,sco.1,St Mirren,Motherwell,0,1,0,639053
2022-07-31T14:00:00Z,2022,bel.1,Eupen,Club Brugge,2,1,0,641360
2022-07-31T14:00:00Z,2022,club.friendly,Fulham,Villarreal,1,1,0,650924
2022-07-31T14:30:00Z,2022,rus.1,Spartak Moscow,Gazovik Orenburg,4,1,0,641122
2022-07-31T14:30:00Z,2022,rus.1,Krylia Sovetov,FK Torpedo Moscow,1,1,0,641125
2022-07-31T15:00:00Z,2022,club.friendly,Manchester United,Rayo Vallecano,1,1,0,637194
2022-07-31T15:00:00Z,2022,aut.1,WSG Swarovski Tirol,TSV Hartberg,2,1,0,641767
2022-07-31T15:00:00Z,2022,aut.1,Austria Vienna,LASK Linz,1,1,0,641768
2022-07-31T15:00:00Z,2022,aut.1,SK Austria Klagenfurt,Rapid Vienna,0,1,0,641769
2022-07-31T15:00:00Z,2022,club.friendly,Feyenoord Rotterdam,Osasuna,1,2,0,650214
2022-07-31T15:30:00Z,2022,sco.1,Celtic,Aberdeen,2,0,0,639055
2022-07-31T16:00:00Z,2022,arg.1,Lanús,Aldosivi,0,1,0,635409
2022-07-31T16:00:00Z,2022,arg.1,Platense,Barracas Central,0,0,0,635411
2022-07-31T16:00:00Z,2022,den.1,Silkeborg IF,Brøndby IF,2,0,0,636917
2022-07-31T16:00:00Z,2022,per.1,Alianza Atlético,Carlos Stein,2,1,0,641943
2022-07-31T16:00:00Z,2022,club.friendly,Marseille,AC Milan,0,2,0,645022
2022-07-31T16:00:00Z,2022,club.friendly,Galatasaray,Fiorentina,2,1,0,645742
2022-07-31T16:01:00Z,2022,ger.dfb_pokal,TSV Eintracht Braunschweig,Hertha Berlin,4,4,0,635838
2022-07-31T16:01:00Z,2022,ger.dfb_pokal,FC Erzgebirge Aue,Mainz,0,3,0,635841
2022-07-31T16:01:00Z,2022,ger.dfb_pokal,SV Waldhof Mannheim,Holstein Kiel,0,0,0,635852
2022-07-31T16:30:00Z,2022,bel.1,RFC Seraing,KV Kortrijk,0,1,0,641361
2022-07-31T16:40:00Z,2022,arg.2,Brown de Adrogué,Atlanta,1,2,0,630234
2022-07-31T17:00:00Z,2022,mex.1,Pumas UNAM,Monterrey,1,1,0,636061
2022-07-31T17:00:00Z,2022,gua.1,CD Malacateco,Deportivo Mixco,3,0,0,640950
2022-07-31T17:00:00Z,2022,gua.1,CD Achuapa,Municipal,1,0,0,640954
2022-07-31T17:00:00Z,2022,rus.1,Rostov,FC Khimki,1,0,0,641126
2022-07-31T17:00:00Z,2022,club.friendly,Leicester City,Sevilla,1,0,0,650925
2022-07-31T17:30:00Z,2022,chi.1,Universidad de Chile,Colo Colo,1,3,0,629307
2022-07-31T17:30:00Z,2022,club.friendly,Mirandés,Athletic Club,0,3,0,650926
2022-07-31T17:45:00Z,2022,club.friendly,SC Farense,Wolverhampton Wanderers,1,1,0,650927
2022-07-31T17:45:00Z,2022,club.friendly,Leeds United,Cagliari,6,2,0,650928
2022-07-31T18:00:00Z,2022,arg.2,Sacachispas,Güemes,0,2,0,630246
2022-07-31T18:00:00Z,2022,fra.super_cup,Paris Saint-Germain,Nantes,4,0,0,635050
2022-07-31T18:00:00Z,2022,gua.1,Iztapa,Santa Lucía Cotzumalguapa,1,1,0,640951
2022-07-31T18:00:00Z,2022,per.1,Atlético Grau,San Martin,1,0,0,641946
2022-07-31T18:00:00Z,2022,per.1,Carlos A. Mannucci,Academia Cantolao,0,0,0,641947
2022-07-31T18:00:00Z,2022,uru.1,Cerro Largo,Montevideo City Torque,1,2,0,650681
2022-07-31T18:00:00Z,2022,club.friendly,Stade de Reims,Sassuolo,2,2,0,650929
2022-07-31T18:30:00Z,2022,arg.2,Deportivo Maipú,Gimnasia y Esgrima (Jujuy),3,0,0,630237
2022-07-31T18:30:00Z,2022,arg.1,Racing Club,Tigre,3,3,0,635412
2022-07-31T18:30:00Z,2022,arg.3,Villa San Carlos,Dock Sud,0,1,0,636372
2022-07-31T18:30:00Z,2022,club.friendly,Liverpool,Strasbourg,0,3,0,641085
2022-07-31T18:30:00Z,2022,ita.coppa_italia,Modena,Catanzaro,3,1,0,647665
2022-07-31T18:30:00Z,2022,club.friendly,Napoli,Mallorca,1,1,0,650930
2022-07-31T18:40:00Z,2022,arg.2,Chacarita Juniors,Estudiantes (Buenos Aires),0,1,0,630235
2022-07-31T18:40:00Z,2022,arg.2,Quilmes,Almirante Brown,2,0,0,630245
2022-07-31T19:00:00Z,2022,col.1,Once Caldas,Deportivo Pereira,2,1,0,626804
2022-07-31T19:00:00Z,2022,arg.2,Agropecuario,Gimnasia (Mendoza),0,1,0,630231
2022-07-31T19:00:00Z,2022,arg.2,Independiente Rivadavia,Villa Dálmine,0,0,0,630241
2022-07-31T19:00:00Z,2022,bra.1,Internacional,Atlético-MG,3,0,0,630943
2022-07-31T19:00:00Z,2022,bra.1,Athletico-PR,São Paulo,1,0,0,630952
2022-07-31T19:00:00Z,2022,bra.2,Vasco da Gama,Chapecoense,0,0,0,631312
2022-07-31T19:00:00Z,2022,ecu.1,Cumbayá,Mushuc Runa,1,1,0,635893
2022-07-31T19:00:00Z,2022,bel.1,Antwerp,Zulte-Waregem,1,0,0,641362
2022-07-31T19:00:00Z,2022,ita.coppa_italia,Bari,Padova,3,0,0,647666
2022-07-31T19:00:00Z,2022,ita.coppa_italia,Palermo,Reggiana,3,2,0,647667
2022-07-31T19:00:00Z,2022,bol.1,Wilstermann,Real Tomayapo,0,2,0,650041
2022-07-31T20:00:00Z,2022,per.1,ADT,Deportivo Binacional,1,0,0,641948
2022-07-31T20:00:00Z,2022,par.1,Libertad,Resistencia SC,4,0,0,647542
2022-07-31T20:30:00Z,2022,per.1,Sporting Cristal,Alianza Lima,0,0,0,641949
2022-07-31T20:30:00Z,2022,crc.1,AD Guanacasteca,Sporting San José,0,0,0,647831
2022-07-31T20:30:00Z,2022,uru.1,Montevideo Wanderers,River Plate,1,2,0,650682
2022-07-31T21:00:00Z,2022,usa.1,D.C. United,Orlando City SC,2,1,0,623480
2022-07-31T21:00:00Z,2022,bra.1,América Mineiro,Avaí,3,1,0,630945
2022-07-31T21:00:00Z,2022,bra.1,Cuiabá,Fortaleza,0,1,0,630949
2022-07-31T21:00:00Z,2022,ven.1,Portuguesa,Carabobo,0,1,0,631878
2022-07-31T21:00:00Z,2022,arg.1,Patronato,Boca Juniors,3,0,0,635410
2022-07-31T21:00:00Z,2022,hon.1,Olancho FC,Club Deportivo Victoria,1,1,0,647702
2022-07-31T21:05:00Z,2022,col.1,Águilas Doradas,Atlético Junior,1,1,0,626807
2022-07-31T21:15:00Z,2022,bol.1,Bolívar,The Strongest,0,4,0,650042
2022-07-31T21:30:00Z,2022,ecu.1,Macará,Universidad Católica (Quito),1,3,0,635894
2022-07-31T22:00:00Z,2022,usa.usl.1,New York Red Bulls II,New Mexico United,1,2,0,627749
2022-07-31T22:00:00Z,2022,chi.1,Audax Italiano,O'Higgins,2,1,0,629310
2022-07-31T22:00:00Z,2022,bra.1,Red Bull Bragantino,Juventude,1,0,0,630950
2022-07-31T22:00:00Z,2022,mex.2,Tapatío,Leones Negros,0,2,0,638324
2022-07-31T22:00:00Z,2022,hon.1,FC Motagua,Honduras Progreso,4,0,0,647700
2022-07-31T22:30:00Z,2022,par.1,Guaraní,12 de Octubre,0,1,0,647544
2022-07-31T23:00:00Z,2022,hon.1,Real España,UPNFM,1,0,0,647703
2022-07-31T23:00:00Z,2022,crc.1,Saprissa,Puntarenas FC,1,1,0,647832
2022-07-31T23:10:00Z,2022,col.1,Unión Magdalena,Millonarios,0,2,0,626808
2022-07-31T23:15:00Z,2022,ven.1,Aragua,Deportivo La Guaira,0,2,0,631880
2022-07-31T23:30:00Z,2022,arg.1,River Plate,Sarmiento (Junín),1,2,0,635413
2022-07-31T23:30:00Z,2022,bol.1,Royal Pari,Blooming,3,1,0,650045
2022-08-01T00:00:00Z,2022,ecu.1,Emelec,Gualaceo,2,1,0,635897
2022-08-01T00:00:00Z,2022,gua.1,Comunicaciones,CD Guastatoya,0,0,0,640952
2022-08-01T00:05:00Z,2022,mex.1,Santos,Atlas,1,0,0,636062
2022-08-01T01:15:00Z,2022,col.1,Internacional de Bogotá,Patriotas,4,3,0,626809
2022-08-01T02:05:00Z,2022,mex.1,León,América,3,2,0,636063
2022-08-01T16:01:00Z,2022,ger.dfb_pokal,Chemnitzer GC,1. FC Union Berlin,1,2,0,635837
2022-08-01T16:01:00Z,2022,ger.dfb_pokal,Energie Cottbus,Werder Bremen,1,2,0,635840
2022-08-01T16:01:00Z,2022,ger.dfb_pokal,FC Ingolstadt 04,SV Darmstadt 98,0,3,0,635842
2022-08-01T17:00:00Z,2022,swe.1,IFK Göteborg,IFK Norrköping,2,0,0,628468
2022-08-01T17:00:00Z,2022,den.1,FC Nordsjælland,Lyngby Boldklub,2,1,0,636915
2022-08-01T18:00:00Z,2022,arg.2,Almagro,Temperley,1,1,0,630232
2022-08-01T18:00:00Z,2022,arg.2,Guillermo Brown,Santamarina,1,0,0,630240
2022-08-01T18:00:00Z,2022,arg.2,Nueva Chicago,Flandria,0,1,0,630244
2022-08-01T18:00:00Z,2022,arg.2,Tristán Suárez,San Telmo,0,2,0,630248
2022-08-01T18:00:00Z,2022,per.1,Sport Boys,César Vallejo,1,2,0,641950
2022-08-01T18:00:00Z,2022,uru.1,Liverpool,Defensor Sporting,1,3,0,650683
2022-08-01T18:45:00Z,2022,fra.2,Sochaux,Paris FC,0,0,0,639998
2022-08-01T18:46:00Z,2022,ger.dfb_pokal,1. FC Magdeburg,Eintracht Frankfurt,0,4,0,635864
2022-08-01T19:00:00Z,2022,arg.2,Mitre (Santiago del Estero),Deportivo Riestra,1,1,0,630243
2022-08-01T19:00:00Z,2022,eng.2,Watford,Sheffield United,1,0,0,643193
2022-08-01T19:00:00Z,2022,bol.1,Real Santa Cruz,Aurora,1,1,0,650047
2022-08-01T21:15:00Z,2022,bol.1,Atlético Palmaflor,Nacional Potosí,0,1,0,650048
2022-08-01T22:00:00Z,2022,arg.2,Alvarado (Mar del Plata),Deportivo Morón,0,1,0,630233
2022-08-01T22:00:00Z,2022,arg.1,Defensa y Justicia,Arsenal Sarandi,0,0,0,635405
2022-08-01T22:00:00Z,2022,arg.1,Rosario Central,Central Córdoba (Santiago del Estero),0,3,0,635414
2022-08-01T22:35:00Z,2022,arg.2,Ferro Carril Oeste,Belgrano (Córdoba),2,0,0,630239
2022-08-01T23:00:00Z,2022,col.1,Atlético Bucaramanga,Deportes Tolima,2,1,0,626810
2022-08-01T23:00:00Z,2022,bra.1,Santos,Fluminense,2,2,0,630948
2022-08-01T23:00:00Z,2022,uru.1,Peñarol,Fénix ,0,1,0,650684
2022-08-01T23:30:00Z,2022,bol.1,Independiente Petrolero,Oriente Petrolero,1,2,0,650046
2022-08-02T00:00:00Z,2022,arg.2,San Martín (Tucumán),Chaco For Ever,0,0,0,630247
2022-08-02T00:00:00Z,2022,ecu.1,9 de Octubre,Orense,0,0,0,635892
2022-08-02T00:30:00Z,2022,arg.1,Colón (Santa Fe),Independiente,0,3,0,635404
2022-08-02T00:40:00Z,2022,arg.2,Instituto (Córdoba),All Boys,2,0,0,630242
2022-08-02T01:05:00Z,2022,col.1,Atlético Nacional,Deportivo Pasto,3,1,0,626803
2022-08-02T17:00:00Z,2022,uefa.champions_qual,Sheriff Tiraspol,Viktoria Plzen,1,2,0,650414
2022-08-02T17:45:00Z,2022,uefa.champions_qual,Ludogorets Razgrad,Dinamo Zagreb,1,2,0,650415
2022-08-02T18:00:00Z,2022,uefa.champions_qual,AS Monaco,PSV Eindhoven,1,1,0,650011
2022-08-02T18:35:00Z,2022,arg.2,Estudiantes de Río Cuarto,Deportivo Madryn,1,1,0,630238
2022-08-02T18:45:00Z,2022,eng.league_cup,Cambridge United,Millwall,1,0,0,643742
2022-08-02T18:45:00Z,2022,uefa.champions_qual,Union St.-Gilloise,Rangers,2,0,0,650009
2022-08-02T19:00:00Z,2022,uefa.champions_qual,Benfica,FC Midtjylland,4,1,0,650014
2022-08-02T22:05:00Z,2022,mex.2,Durango,Tlaxcala FC,3,0,0,638328
2022-08-02T22:15:00Z,2022,conmebol.sudamericana,Nacional,Atlético Goianiense,0,1,0,647692
2022-08-02T23:00:00Z,2022,col.1,Deportivo Cali,Envigado FC,0,3,0,626805
2022-08-02T23:30:00Z,2022,usa.1,Red Bull New York,Colorado Rapids,4,5,0,623472
2022-08-03T00:05:00Z,2022,mex.2,Cancún FC,Club Atlético La Paz,2,0,0,638326
2022-08-03T00:10:00Z,2022,arg.2,Defensores de Belgrano,San Martín (San Juan),2,0,0,630236
2022-08-03T00:30:00Z,2022,bra.2,Sport,Criciúma,1,1,0,631313
2022-08-03T00:30:00Z,2022,conmebol.libertadores,Corinthians,Flamengo,0,2,0,647684
2022-08-03T00:30:00Z,2022,conmebol.sudamericana,Deportivo Táchira,Independiente del Valle,0,1,0,647693
2022-08-03T01:00:00Z,2022,usa.usl.l1,Northern Colorado Hailstorm FC,Richmond Kickers,0,1,0,625677
2022-08-03T01:00:00Z,2022,mex.1,Toluca,Puebla,1,1,0,636064
2022-08-03T01:05:00Z,2022,col.1,Independiente Santa Fe,América de Cali,1,1,0,626802
2022-08-03T02:00:00Z,2022,usa.1,Seattle Sounders FC,FC Dallas,1,0,0,623483
2022-08-03T02:05:00Z,2022,mex.2,Dorados de Sinaloa,Celaya,0,1,0,638327
2022-08-03T16:00:00Z,2022,nor.1,Kristiansund BK,Tromso,1,1,0,628168
2022-08-03T16:00:00Z,2022,uefa.champions_qual,FK Qarabag,Ferencvaros,1,1,0,651249
2022-08-03T16:00:00Z,2022,uefa.champions_qual,Bodo/Glimt,Zalgiris Vilnius,5,0,0,651250
2022-08-03T17:00:00Z,2022,club.friendly,Real Betis,Real Zaragoza,2,2,0,649605
2022-08-03T17:00:00Z,2022,uefa.champions_qual,Maccabi Haifa,Apollon Limassol,4,0,0,650012
2022-08-03T17:00:00Z,2022,uefa.europa.conf_qual,Riga FC,Gil Vicente,1,1,0,650429
2022-08-03T17:00:00Z,2022,club.friendly,Villarreal,Levante,3,1,0,650452
2022-08-03T17:00:00Z,2022,uefa.europa.conf_qual,Viborg FF,B36 Torshavn,3,0,0,650658
2022-08-03T17:30:00Z,2022,uefa.europa.conf_qual,Wolfsberger,Gzira United,0,0,0,650427
2022-08-03T18:00:00Z,2022,uefa.champions_qual,Dynamo Kyiv,SK Sturm Graz,1,0,0,650010
2022-08-03T18:30:00Z,2022,uefa.europa.conf_qual,Dunajska Streda,FCSB,0,1,0,650663
2022-08-03T18:45:00Z,2022,uefa.champions_qual,Red Star Belgrade,Pyunik,5,0,0,650013
2022-08-03T22:00:00Z,2022,mex.2,Alebrijes de Oaxaca,Tapatío,4,0,0,638331
2022-08-03T22:00:00Z,2022,bol.1,Universitario de Vinto,Blooming,2,2,0,650043
2022-08-03T22:15:00Z,2022,conmebol.sudamericana,São Paulo,Ceará,1,0,0,647694
2022-08-03T23:00:00Z,2022,usa.1,Charlotte FC,D.C. United,3,0,0,623481
2022-08-03T23:00:00Z,2022,usa.usl.1,New York Red Bulls II,Memphis 901 FC,1,2,0,627751
2022-08-03T23:30:00Z,2022,usa.1,Columbus Crew,CF Montréal,1,2,0,623482
2022-08-04T00:05:00Z,2022,mex.2,Tepatitlán FC,Pumas Tabasco,4,3,0,638332
2022-08-04T00:10:00Z,2022,arg.copa,Aldosivi,Newell's Old Boys,2,4,0,641101
2022-08-04T00:15:00Z,2022,bol.1,The Strongest,Wilstermann,2,0,0,637101
2022-08-04T00:30:00Z,2022,club.friendly,LA Galaxy,Guadalajara,2,0,0,634276
2022-08-04T00:30:00Z,2022,conmebol.libertadores,Vélez Sarsfield,Talleres (Córdoba),3,2,0,647685
2022-08-04T00:30:00Z,2022,conmebol.libertadores,Atlético-MG,Palmeiras,2,2,0,647686
2022-08-04T01:00:00Z,2022,usa.usl.1,New Mexico United,Sacramento Republic FC,1,2,0,627750
2022-08-04T01:00:00Z,2022,mex.1,FC Juarez,Atlético de San Luis,1,1,0,636065
2022-08-04T02:05:00Z,2022,mex.2,Raya2,Cimarrones de Sonora,1,1,0,638330
2022-08-04T02:30:00Z,2022,usa.1,Portland Timbers,Nashville SC,1,1,0,623485
2022-08-04T02:30:00Z,2022,usa.1,San Jose Earthquakes,Inter Miami CF,0,1,0,623486
2022-08-04T02:30:00Z,2022,usa.usl.l1,Central Valley Fuego FC,Chattanooga Red Wolves,0,1,0,625676
2022-08-04T03:15:00Z,2022,club.friendly,LAFC,América,0,0,0,634277
2022-08-04T16:00:00Z,2022,uefa.europa_qual,AEK Larnaca,Partizan Belgrade,2,1,0,650022
2022-08-04T16:00:00Z,2022,uefa.europa.conf_qual,Rigas Futbola Skola,Hibernians,1,1,0,650435
2022-08-04T16:00:00Z,2022,uefa.europa.conf_qual,KuPS Kuopio,Young Boys,0,2,0,650660
2022-08-04T16:30:00Z,2022,uefa.europa.conf_qual,FC Spartak Trnava,Raków Czestochowa,0,2,0,650659
2022-08-04T16:45:00Z,2022,uefa.europa.conf_qual,Paide Linnameeskond,Anderlecht,0,2,0,650428
2022-08-04T17:00:00Z,2022,uefa.europa_qual,Fenerbahce,Slovacko,3,0,0,650021
2022-08-04T17:00:00Z,2022,uefa.europa_qual,Malmö FF,F91 Dudelange,3,0,0,650420
2022-08-04T17:00:00Z,2022,uefa.europa.conf_qual,Maccabi Tel-Aviv,Aris,2,0,0,650426
2022-08-04T17:00:00Z,2022,uefa.europa.conf_qual,Slavia Prague,Panathinaikos,2,0,0,650433
2022-08-04T17:00:00Z,2022,uefa.europa.conf_qual,Shakhter Soligorsk,CFR Cluj-Napoca,0,0,0,650436
2022-08-04T17:00:00Z,2022,uefa.europa.conf_qual,Apoel Nicosia,Kyzylzhar,1,0,0,650642
2022-08-04T17:00:00Z,2022,uefa.europa.conf_qual,Lillestrom,Antwerp,1,3,0,650646
2022-08-04T17:00:00Z,2022,uefa.europa.conf_qual,Molde,Kisvárda FC,3,0,0,650647
2022-08-04T17:00:00Z,2022,uefa.europa.conf_qual,Neftchi,Rapid Vienna,2,1,0,650648
2022-08-04T17:00:00Z,2022,uefa.europa.conf_qual,AIK,KF Shkëndija,1,1,0,650656
2022-08-04T17:00:00Z,2022,uefa.europa.conf_qual,Viking FK,Sligo Rovers,5,1,0,650657
2022-08-04T17:00:00Z,2022,uefa.europa.conf_qual,CSKA Sofia,St Patrick's Athletic,0,1,0,650664
2022-08-04T17:30:00Z,2022,uefa.europa.conf_qual,FC Zorya Luhansk,CSU Craiova,1,0,0,650432
2022-08-04T17:30:00Z,2022,uefa.europa.conf_qual,Hamrun Spartans,Levski Sofia,0,1,0,650645
2022-08-04T18:00:00Z,2022,uefa.europa.conf_qual,Ballkani,KI Klaksvik,3,2,0,650424
2022-08-04T18:00:00Z,2022,uefa.europa.conf_qual,FC Lugano,Hapoel Be'er,0,2,0,650430
2022-08-04T18:00:00Z,2022,uefa.europa.conf_qual,Cukaricki Belgrade,FC Twente,1,3,0,650431
2022-08-04T18:00:00Z,2022,uefa.europa.conf_qual,Sepsi Sfantu Gheorghe,Djurgården,1,3,0,650644
2022-08-04T18:00:00Z,2022,uefa.europa.conf_qual,FC Vaduz,Konyaspor,1,1,0,650662
2022-08-04T18:15:00Z,2022,uefa.europa_qual,NK Maribor,HJK Helsinki,0,2,0,650418
2022-08-04T18:30:00Z,2022,uefa.europa.conf_qual,Brøndby IF,FC Basel,1,0,0,650665
2022-08-04T18:45:00Z,2022,uefa.europa.conf_qual,Vikingur Reykjavik,Lech Poznan,1,0,0,650425
2022-08-04T18:45:00Z,2022,uefa.europa_qual,Linfield,FC Zürich,0,2,0,650637
2022-08-04T18:45:00Z,2022,uefa.europa.conf_qual,Breidablik,Istanbul Basaksehir,1,3,0,650643
2022-08-04T18:55:00Z,2022,uefa.europa.conf_qual,Fehérvár,Petrocub,5,0,0,650661
2022-08-04T19:00:00Z,2022,club.friendly,Cádiz,Atlético Madrid,1,4,0,650201
2022-08-04T19:00:00Z,2022,uefa.europa_qual,Shamrock Rovers,Shkupi,3,1,0,650419
2022-08-04T19:00:00Z,2022,uefa.europa.conf_qual,Dundee United,AZ Alkmaar,1,0,0,650434
2022-08-04T19:00:00Z,2022,uefa.europa.conf_qual,Hajduk Split,Vitória de Guimaraes,3,1,0,650437
2022-08-04T19:00:00Z,2022,uefa.europa_qual,Olympiacos,Slovan Bratislava,1,1,0,650638
2022-08-04T19:00:00Z,2022,uefa.europa.conf_qual,Zrinjski Mostar,Tobol Kostanay,1,0,0,650641
2022-08-04T19:10:00Z,2022,arg.copa,Rosario Central,Quilmes,1,1,0,641100
2022-08-04T21:00:00Z,2022,ven.1,Carabobo,Aragua,5,1,0,631871
2022-08-04T21:30:00Z,2022,gua.1,Cobán Imperial,CD Achuapa,3,2,0,640959
2022-08-04T22:00:00Z,2022,bra.2,Brusque,Sampaio Corrêa,1,1,0,631319
2022-08-04T22:15:00Z,2022,conmebol.sudamericana,Melgar,Internacional,0,0,0,647695
2022-08-04T23:15:00Z,2022,ven.1,Deportivo Lara,Deportivo La Guaira,2,0,0,631873
2022-08-05T00:00:00Z,2022,mex.2,Club Atlético Morelia,Correcaminos UAT,1,0,0,638329
2022-08-05T00:30:00Z,2022,bra.2,CRB,Ponte Preta,1,1,0,631318
2022-08-05T00:30:00Z,2022,conmebol.libertadores,Athletico-PR,Estudiantes de La Plata,0,0,0,647687
2022-08-05T02:00:00Z,2022,mex.1,Atlas,Querétaro,3,1,0,636066
2022-08-05T09:30:00Z,2022,chn.1,Shanghai Shenhua,Changchun Yatai,0,0,0,650708
2022-08-05T11:30:00Z,2022,chn.1,Hebei FC,Chengdu Rongcheng,0,1,0,650709
2022-08-05T12:00:00Z,2022,chn.1,Shenzhen FC,Zhejiang Professional FC,0,2,0,650710
2022-08-05T15:45:00Z,2022,ita.coppa_italia,Cagliari,Perugia,3,2,0,647668
2022-08-05T16:00:00Z,2022,den.1,Randers FC,AC Horsens,1,0,0,636919
2022-08-05T16:00:00Z,2022,ita.coppa_italia,Udinese,FeralpiSalo,2,1,0,647669
2022-08-05T16:30:00Z,2022,ger.2,SV Sandhausen,Fortuna Düsseldorf,1,0,0,638762
2022-08-05T16:30:00Z,2022,ger.2,SpVgg Greuther Fürth,Karlsruher SC,1,1,0,638766
2022-08-05T17:30:00Z,2022,rsa.1,Cape Town City FC,Mamelodi Sundowns,0,2,0,649351
2022-08-05T18:00:00Z,2022,den.1,Lyngby Boldklub,FC Midtjylland,3,3,0,636921
2022-08-05T18:00:00Z,2022,ned.1,Heerenveen,Sparta Rotterdam,0,0,0,637195
2022-08-05T18:00:00Z,2022,ned.2,FC Den Bosch,FC Eindhoven,1,3,0,637501
2022-08-05T18:00:00Z,2022,ned.2,FC Dordrecht,Roda JC Kerkrade,0,2,0,637502
2022-08-05T18:00:00Z,2022,ned.2,Heracles Almelo,ADO Den Haag,4,0,0,637503
2022-08-05T18:00:00Z,2022,ned.2,NAC Breda,Helmond Sport,1,0,0,637504
2022-08-05T18:00:00Z,2022,ned.2,TOP Oss,Jong FC Utrecht,3,0,0,637505
2022-08-05T18:00:00Z,2022,ned.2,VVV-Venlo,Almere City,3,0,0,637506
2022-08-05T18:00:00Z,2022,ned.2,Willem II,Jong PSV,1,1,0,637507
2022-08-05T18:00:00Z,2022,tur.1,Istanbulspor,Trabzonspor,0,2,0,645897
2022-08-05T18:30:00Z,2022,arg.3,San Miguel,Deportivo Merlo,1,2,0,636375
2022-08-05T18:30:00Z,2022,ger.1,Eintracht Frankfurt,Bayern Munich,1,6,0,638734
2022-08-05T18:45:00Z,2022,sco.2,Queen's Park,Ayr United,2,3,0,639435
2022-08-05T18:45:00Z,2022,bel.1,Club Brugge,Zulte-Waregem,1,1,0,641363
2022-08-05T18:45:00Z,2022,eng.2,Birmingham City,Huddersfield Town,2,1,0,643194
2022-08-05T19:00:00Z,2022,eng.1,Crystal Palace,Arsenal,0,2,0,638199
2022-08-05T19:00:00Z,2022,fra.1,Lyon,AC Ajaccio,2,1,0,639617
2022-08-05T19:00:00Z,2022,ita.coppa_italia,Lecce,Cittadella,2,3,0,647670
2022-08-05T19:00:00Z,2022,bol.1,Always Ready,Real Santa Cruz,4,0,0,650050
2022-08-05T19:15:00Z,2022,por.1,Benfica,Arouca,4,0,0,646670
2022-08-05T19:15:00Z,2022,ita.coppa_italia,Sampdoria,Reggina,1,0,0,647671
2022-08-05T21:00:00Z,2022,ven.1,Monagas SC,Academia Puerto Cabello,0,1,0,631870
2022-08-05T21:00:00Z,2022,par.1,Resistencia SC,Guaireña,1,2,0,647550
2022-08-05T22:00:00Z,2022,bra.2,Vila Nova,Ituano,1,1,0,631315
2022-08-05T22:00:00Z,2022,bra.2,Operário PR,Náutico,1,0,0,631317
2022-08-05T22:00:00Z,2022,arg.1,Gimnasia La Plata,Godoy Cruz Antonio Tomba,2,0,0,635425
2022-08-05T22:00:00Z,2022,mex.2,Mineros de Zacatecas,Atlante,1,3,0,638333
2022-08-05T22:45:00Z,2022,col.1,Independiente Medellín,Internacional de Bogotá,1,1,0,626797
2022-08-05T23:00:00Z,2022,usa.usl.l1,Charlotte Independence,Forward Madison FC,0,0,0,625675
2022-08-05T23:00:00Z,2022,uru.1,Nacional,Rentistas,3,0,0,650685
2022-08-05T23:10:00Z,2022,arg.2,Deportivo Morón,Almagro,3,0,0,630255
2022-08-05T23:15:00Z,2022,ven.1,Zamora FC,Deportivo Táchira,2,0,0,631874
2022-08-05T23:15:00Z,2022,par.1,General Caballero JLM,Tacuary,0,4,0,647548
2022-08-05T23:30:00Z,2022,bol.1,Oriente Petrolero,Atlético Palmaflor,0,0,0,650049
2022-08-06T00:00:00Z,2022,ecu.1,Técnico Universitario,Cumbayá,3,3,0,635901
2022-08-06T00:30:00Z,2022,bra.2,Guarani,Grêmio,1,2,0,631314
2022-08-06T00:30:00Z,2022,arg.1,Sarmiento (Junín),Lanús,2,1,0,635421
2022-08-06T00:30:00Z,2022,arg.1,Banfield,Patronato,0,0,0,635429
2022-08-06T00:50:00Z,2022,col.1,Patriotas,Cortuluá,3,0,0,626793
2022-08-06T02:05:00Z,2022,mex.1,Mazatlán FC,Guadalajara,2,1,0,636068
2022-08-06T02:30:00Z,2022,usa.1,Vancouver Whitecaps,Houston Dynamo FC,2,1,0,623487
2022-08-06T09:00:00Z,2022,jpn.1,Kashima Antlers,Sanfrecce Hiroshima,0,2,0,628933
2022-08-06T09:30:00Z,2022,jpn.1,Kyoto Sanga,Kashiwa Reysol,1,2,0,628934
2022-08-06T09:30:00Z,2022,chn.1,Dalian Professional,Shanghai Port,1,1,0,650711
2022-08-06T10:00:00Z,2022,jpn.1,Cerezo Osaka,Vissel Kobe,3,0,0,628935
2022-08-06T10:00:00Z,2022,jpn.1,Nagoya Grampus,Urawa Red Diamonds,3,0,0,628937
2022-08-06T11:00:00Z,2022,ger.2,SSV Jahn Regensburg,1. FC Nürnberg,0,0,0,638763
2022-08-06T11:00:00Z,2022,ger.2,SC Paderborn 07,Hannover 96,4,2,0,638764
2022-08-06T11:00:00Z,2022,ger.2,Hamburg SV,1. FC Heidenheim 1846,1,0,0,638765
2022-08-06T11:30:00Z,2022,eng.1,Fulham,Liverpool,2,2,0,638200
2022-08-06T11:30:00Z,2022,eng.2,Norwich City,Wigan Athletic,1,1,0,643198
2022-08-06T11:30:00Z,2022,chn.1,Guangzhou City,Wuhan Three Towns,0,3,0,650712
2022-08-06T12:00:00Z,2022,rus.1,FC Ural Ekaterinburg,Spartak Moscow,0,2,0,641136
2022-08-06T12:00:00Z,2022,chn.1,Tianjin Jinmen Tiger,Shandong Taishan,0,1,0,650713
2022-08-06T13:00:00Z,2022,swe.1,IFK Norrköping,Degerfors IF,2,0,0,628459
2022-08-06T13:00:00Z,2022,fra.2,Saint-Étienne,Nimes,1,1,0,640003
2022-08-06T13:00:00Z,2022,rsa.1,Marumo Gallants,Stellenbosch,0,0,0,649352
2022-08-06T13:00:00Z,2022,rsa.1,Orlando Pirates,Moroka Swallows,1,0,0,649353
2022-08-06T13:00:00Z,2022,rsa.1,Golden Arrows,Richards Bay FC,0,2,0,649354
2022-08-06T13:30:00Z,2022,ger.1,FC Augsburg,SC Freiburg,0,4,0,638439
2022-08-06T13:30:00Z,2022,ger.1,Borussia Mönchengladbach,TSG Hoffenheim,3,1,0,638440
2022-08-06T13:30:00Z,2022,ger.1,VfL Wolfsburg,Werder Bremen,2,2,0,638441
2022-08-06T13:30:00Z,2022,ger.1,1. FC Union Berlin,Hertha Berlin,3,1,0,638442
2022-08-06T13:30:00Z,2022,ger.1,VfL Bochum,Mainz,1,2,0,638444
2022-08-06T14:00:00Z,2022,nor.1,Bodo/Glimt,Odds BK,7,0,0,628096
2022-08-06T14:00:00Z,2022,eng.1,AFC Bournemouth,Aston Villa,2,0,0,638201
2022-08-06T14:00:00Z,2022,eng.1,Leeds United,Wolverhampton Wanderers,2,1,0,638202
2022-08-06T14:00:00Z,2022,eng.1,Tottenham Hotspur,Southampton,4,1,0,638203
2022-08-06T14:00:00Z,2022,eng.1,Newcastle United,Nottingham Forest,2,0,0,638204
2022-08-06T14:00:00Z,2022,sco.1,Aberdeen,St Mirren,4,1,0,639056
2022-08-06T14:00:00Z,2022,sco.1,Motherwell,St Johnstone,1,2,0,639059
2022-08-06T14:00:00Z,2022,sco.1,Rangers,Kilmarnock,2,0,0,639060
2022-08-06T14:00:00Z,2022,sco.1,Ross County,Celtic,1,3,0,639061
2022-08-06T14:00:00Z,2022,sco.2,Partick Thistle,Hamilton Academical,1,1,0,639436
2022-08-06T14:00:00Z,2022,sco.2,Greenock Morton,Cove Rangers,1,0,0,639437
2022-08-06T14:00:00Z,2022,sco.2,Arbroath,Inverness Caledonian Thistle,0,0,0,639438
2022-08-06T14:00:00Z,2022,sco.2,Raith Rovers,Dundee,0,1,0,639439
2022-08-06T14:00:00Z,2022,bel.1,Racing Genk,Eupen,4,2,0,641364
2022-08-06T14:00:00Z,2022,eng.4,Newport County,Walsall,0,1,0,642090
2022-08-06T14:00:00Z,2022,eng.4,Stevenage,Stockport County,2,1,0,642091
2022-08-06T14:00:00Z,2022,eng.4,Colchester United,Carlisle United,1,1,0,642092
2022-08-06T14:00:00Z,2022,eng.4,Barrow,Bradford City,3,2,0,642093
2022-08-06T14:00:00Z,2022,eng.4,Doncaster Rovers,Sutton United,2,1,0,642094
2022-08-06T14:00:00Z,2022,eng.4,Gillingham,Rochdale,1,0,0,642095
2022-08-06T14:00:00Z,2022,eng.4,Grimsby Town,Northampton Town,1,1,0,642096
2022-08-06T14:00:00Z,2022,eng.4,Hartlepool United,AFC Wimbledon,0,0,0,642097
2022-08-06T14:00:00Z,2022,eng.4,Mansfield Town,Tranmere Rovers,1,0,0,642098
2022-08-06T14:00:00Z,2022,eng.4,Crewe Alexandra,Harrogate Town,3,0,0,642099
2022-08-06T14:00:00Z,2022,eng.4,Crawley Town,Leyton Orient,0,1,0,642100
2022-08-06T14:00:00Z,2022,eng.4,Swindon Town,Salford City,0,0,0,642101
2022-08-06T14:00:00Z,2022,eng.3,Peterborough United,Morecambe,3,0,0,642642
2022-08-06T14:00:00Z,2022,eng.3,Portsmouth,Lincoln City,0,0,0,642643
2022-08-06T14:00:00Z,2022,eng.3,Burton Albion,Bristol Rovers,0,4,0,642644
2022-08-06T14:00:00Z,2022,eng.3,Bolton Wanderers,Wycombe Wanderers,3,0,0,642645
2022-08-06T14:00:00Z,2022,eng.3,Barnsley,Cheltenham Town,1,0,0,642646
2022-08-06T14:00:00Z,2022,eng.3,Fleetwood Town,Plymouth Argyle,2,1,0,642647
2022-08-06T14:00:00Z,2022,eng.3,Forest Green Rovers,Ipswich Town,1,2,0,642648
2022-08-06T14:00:00Z,2022,eng.3,Milton Keynes Dons,Sheffield Wednesday,0,1,0,642649
2022-08-06T14:00:00Z,2022,eng.3,Oxford United,Cambridge United,1,0,0,642650
2022-08-06T14:00:00Z,2022,eng.3,Exeter City,Port Vale,4,0,0,642651
2022-08-06T14:00:00Z,2022,eng.3,Charlton Athletic,Derby County,1,0,0,642652
2022-08-06T14:00:00Z,2022,eng.3,Shrewsbury Town,Accrington Stanley,0,1,0,642653
2022-08-06T14:00:00Z,2022,eng.2,Bristol City,Sunderland,2,3,0,643195
2022-08-06T14:00:00Z,2022,eng.2,Burnley,Luton Town,1,1,0,643196
2022-08-06T14:00:00Z,2022,eng.2,Preston North End,Hull City,0,0,0,643199
2022-08-06T14:00:00Z,2022,eng.2,Queens Park Rangers,Middlesbrough,3,2,0,643200
2022-08-06T14:00:00Z,2022,eng.2,Reading,Cardiff City,2,1,0,643201
2022-08-06T14:00:00Z,2022,eng.2,Sheffield United,Millwall,2,0,0,643202
2022-08-06T14:00:00Z,2022,eng.2,Stoke City,Blackpool,2,0,0,643203
2022-08-06T14:00:00Z,2022,eng.2,Swansea City,Blackburn Rovers,0,3,0,643204
2022-08-06T14:00:00Z,2022,eng.5,Dorking Wanderers,Chesterfield,2,2,0,646976
2022-08-06T14:00:00Z,2022,eng.5,Dagenham & Redbridge,Gateshead,2,2,0,646977
2022-08-06T14:00:00Z,2022,eng.5,York City,Woking,2,0,0,646978
2022-08-06T14:00:00Z,2022,eng.5,Wrexham,Eastleigh,2,1,0,646979
2022-08-06T14:00:00Z,2022,eng.5,Wealdstone,Bromley,3,2,0,646980
2022-08-06T14:00:00Z,2022,eng.5,Torquay United,Oldham Athletic,0,0,0,646981
2022-08-06T14:00:00Z,2022,eng.5,Southend United,Boreham Wood,0,1,0,646982
2022-08-06T14:00:00Z,2022,eng.5,Notts County,Maidenhead United,3,0,0,646984
2022-08-06T14:00:00Z,2022,eng.5,Aldershot Town,Solihull Moors,1,4,0,646985
2022-08-06T14:00:00Z,2022,eng.5,Altrincham,Maidstone United,1,1,0,646986
2022-08-06T14:00:00Z,2022,eng.5,Barnet,FC Halifax Town,2,0,0,646987
2022-08-06T14:30:00Z,2022,den.1,FC Nordsjælland,Viborg FF,1,0,0,636922
2022-08-06T14:30:00Z,2022,ned.1,Fortuna Sittard,Ajax Amsterdam,2,3,0,637196
2022-08-06T14:30:00Z,2022,rus.1,CSKA Moscow,Fakel Voronezh,4,1,0,641135
2022-08-06T14:30:00Z,2022,por.1,Rio Ave,Vizela,0,1,0,646676
2022-08-06T15:00:00Z,2022,fra.1,Strasbourg,AS Monaco,1,2,0,639613
2022-08-06T15:00:00Z,2022,aut.1,SV Josko Ried,SK Sturm Graz,1,1,0,641772
2022-08-06T15:00:00Z,2022,aut.1,Wolfsberger,LASK Linz,1,5,0,641774
2022-08-06T15:30:00Z,2022,rsa.1,Royal AM,Kaizer Chiefs,1,0,0,649355
2022-08-06T15:30:00Z,2022,uru.1,River Plate,Plaza Colonia,2,0,0,650686
2022-08-06T15:45:00Z,2022,ita.coppa_italia,Pisa,Brescia,1,4,0,647672
2022-08-06T16:00:00Z,2022,nor.1,Rosenborg,Hamarkameratene,2,1,0,628091
2022-08-06T16:00:00Z,2022,arg.1,Arsenal Sarandi,Atlético Tucumán,3,1,0,635417
2022-08-06T16:00:00Z,2022,per.1,San Martin,Alianza Atlético,1,0,0,641954
2022-08-06T16:00:00Z,2022,ita.coppa_italia,Spezia,Como,5,1,0,647673
2022-08-06T16:10:00Z,2022,arg.2,San Telmo,San Martín (Tucumán),1,0,0,630263
2022-08-06T16:10:00Z,2022,arg.3,Fénix,Colegiales,4,0,0,636376
2022-08-06T16:15:00Z,2022,bel.1,KV Kortrijk,Sint-Truidense,0,0,0,641365
2022-08-06T16:15:00Z,2022,bel.1,Royal Charleroi SC,KV Oostende,1,3,0,641366
2022-08-06T16:15:00Z,2022,tur.1,Sivasspor,Gaziantep FK,1,1,0,645893
2022-08-06T16:20:00Z,2022,eng.5,Scunthorpe United,Yeovil Town,2,1,0,646983
2022-08-06T16:30:00Z,2022,chi.1,O'Higgins,Curicó Unido,0,0,0,629301
2022-08-06T16:30:00Z,2022,eng.1,Everton,Chelsea,0,1,0,638206
2022-08-06T16:30:00Z,2022,ger.1,Borussia Dortmund,Bayer Leverkusen,1,0,0,638445
2022-08-06T16:45:00Z,2022,ned.1,SC Cambuur,Excelsior,0,2,0,637197
2022-08-06T17:00:00Z,2022,fra.2,Stade Laval,Guingamp,1,2,0,640000
2022-08-06T17:00:00Z,2022,fra.2,Grenoble,Sochaux,1,0,0,640001
2022-08-06T17:00:00Z,2022,fra.2,Valenciennes,Le Havre AC,1,0,0,640002
2022-08-06T17:00:00Z,2022,fra.2,Rodez Aveyron,Bordeaux,0,3,0,640004
2022-08-06T17:00:00Z,2022,fra.2,Pau,Dijon FCO,0,0,0,640005
2022-08-06T17:00:00Z,2022,fra.2,Paris FC,US Quevilly,2,1,0,640006
2022-08-06T17:00:00Z,2022,fra.2,Niort,Bastia,1,4,0,640007
2022-08-06T17:00:00Z,2022,fra.2,SC Amiens,Annecy,1,0,0,640008
2022-08-06T17:00:00Z,2022,rus.1,Akhmat Grozny,Zenit St Petersburg,0,0,0,641129
2022-08-06T17:00:00Z,2022,rus.1,Krasnodar,Lokomotiv Moscow,3,0,0,641134
2022-08-06T17:00:00Z,2022,por.1,Estoril,FC Famalicao,2,0,0,646672
2022-08-06T17:00:00Z,2022,club.friendly,Vicenza,AC Milan,1,6,0,650210
2022-08-06T17:30:00Z,2022,aut.1,TSV Hartberg,RB Salzburg,0,2,0,641771
2022-08-06T18:00:00Z,2022,arg.2,Gimnasia (Mendoza),Tristán Suárez,0,0,0,630260
2022-08-06T18:00:00Z,2022,arg.1,Barracas Central,Racing Club,0,0,0,635428
2022-08-06T18:00:00Z,2022,ned.1,PSV Eindhoven,FC Emmen,4,1,0,637198
2022-08-06T18:00:00Z,2022,rsa.1,Maritzburg United,Sekhukhune United FC,1,1,0,649356
2022-08-06T18:00:00Z,2022,uru.1,Cerro Largo,Montevideo Wanderers,1,1,0,650687
2022-08-06T18:15:00Z,2022,per.1,Academia Cantolao,Sporting Cristal,2,2,0,641956
2022-08-06T18:30:00Z,2022,arg.2,Deportivo Riestra,Sacachispas,2,0,0,630256
2022-08-06T18:30:00Z,2022,arg.2,Villa Dálmine,Ferro Carril Oeste,1,0,0,630266
2022-08-06T18:30:00Z,2022,arg.3,Ituzaingó,Acassuso,0,2,0,636373
2022-08-06T18:30:00Z,2022,arg.3,UAI Urquiza,Villa San Carlos,1,0,0,636377
2022-08-06T18:30:00Z,2022,arg.3,Deportivo Armenio,Talleres de Remedios,0,0,0,636379
2022-08-06T18:30:00Z,2022,ger.2,Hansa Rostock,Arminia Bielefeld,2,1,0,638770
2022-08-06T18:30:00Z,2022,club.friendly,Internazionale,Villarreal,2,4,0,645885
2022-08-06T18:45:00Z,2022,bel.1,KV Mechelen,Union St.-Gilloise,3,0,0,641367
2022-08-06T18:45:00Z,2022,tur.1,Besiktas,Kayserispor,1,0,0,645892
2022-08-06T19:00:00Z,2022,usa.1,Atlanta United FC,Seattle Sounders FC,2,1,0,623488
2022-08-06T19:00:00Z,2022,col.1,Envigado FC,Unión Magdalena,1,2,0,626800
2022-08-06T19:00:00Z,2022,chi.1,Cobresal,La Serena,1,1,0,629302
2022-08-06T19:00:00Z,2022,ned.1,RKC Waalwijk,FC Utrecht,2,2,0,637199
2022-08-06T19:00:00Z,2022,fra.1,Clermont Foot,Paris Saint-Germain,0,5,0,639619
2022-08-06T19:00:00Z,2022,club.friendly,Real Betis,Fiorentina,3,1,0,647661
2022-08-06T19:00:00Z,2022,ita.coppa_italia,Empoli,SPAL,1,2,0,647674
2022-08-06T19:00:00Z,2022,bol.1,Independiente Petrolero,Wilstermann,4,1,0,650051
2022-08-06T19:00:00Z,2022,club.friendly,Sevilla,Cádiz,1,0,0,650453
2022-08-06T19:15:00Z,2022,ita.coppa_italia,Torino,Palermo,3,0,0,647675
2022-08-06T19:30:00Z,2022,bra.1,Juventude,América Mineiro,0,1,0,630933
2022-08-06T19:30:00Z,2022,bra.1,Botafogo,Ceará,1,1,0,630936
2022-08-06T19:30:00Z,2022,bra.2,Bahia,CSA,1,0,0,631311
2022-08-06T19:30:00Z,2022,por.1,FC Porto,Maritimo,5,1,0,646673
2022-08-06T19:40:00Z,2022,arg.2,Estudiantes (Buenos Aires),Guillermo Brown,3,2,0,630257
2022-08-06T20:00:00Z,2022,ecu.1,Orense,Independiente del Valle,1,2,0,635902
2022-08-06T20:30:00Z,2022,per.1,Deportivo Binacional,Ayacucho FC,4,1,0,641952
2022-08-06T21:00:00Z,2022,ven.1,Mineros de Guayana,Metropolitanos,2,2,0,631875
2022-08-06T21:00:00Z,2022,arg.1,Unión (Santa Fe),Vélez Sarsfield,2,1,0,635418
2022-08-06T21:00:00Z,2022,arg.1,Talleres (Córdoba),Argentinos Juniors,2,0,0,635420
2022-08-06T21:00:00Z,2022,par.1,12 de Octubre,Libertad,1,3,0,647546
2022-08-06T21:05:00Z,2022,col.1,Deportes Tolima,Jaguares de Córdoba,2,2,0,626796
2022-08-06T21:05:00Z,2022,arg.2,Temperley,Nueva Chicago,2,2,0,630265
2022-08-06T21:15:00Z,2022,bol.1,Guabirá,Royal Pari,1,0,0,650052
2022-08-06T21:30:00Z,2022,chi.1,Everton CD,Universidad Católica,1,1,0,629303
2022-08-06T21:30:00Z,2022,crc.1,Puntarenas FC,Pérez Zeledón,1,0,0,647838
2022-08-06T22:00:00Z,2022,bra.1,Atlético Goianiense,Red Bull Bragantino,2,1,0,630935
2022-08-06T22:00:00Z,2022,bra.1,Avaí,Corinthians,1,1,0,630937
2022-08-06T22:00:00Z,2022,bra.2,Novorizontino,Londrina,0,1,0,631316
2022-08-06T22:00:00Z,2022,bra.2,Cruzeiro,Tombense,2,0,0,631320
2022-08-06T22:30:00Z,2022,ecu.1,Guayaquil City FC,Macará,0,0,0,635903
2022-08-06T22:30:00Z,2022,uru.1,Cerrito,Boston River,0,3,0,650688
2022-08-06T23:00:00Z,2022,usa.1,Charlotte FC,Chicago Fire FC,2,3,0,623489
2022-08-06T23:00:00Z,2022,usa.usl.1,Indy Eleven,Pittsburgh Riverhounds,0,2,0,627761
2022-08-06T23:00:00Z,2022,per.1,Sport Huancayo,ADT,1,1,0,641958
2022-08-06T23:00:00Z,2022,hon.1,UPNFM,C.D.Real Sociedad,2,0,0,648204
2022-08-06T23:10:00Z,2022,col.1,Alianza FC,Atlético Nacional,0,2,0,626791
2022-08-06T23:15:00Z,2022,ven.1,Caracas FC,Inter de Barinas,1,2,0,631872
2022-08-06T23:15:00Z,2022,par.1,Cerro Porteño,Nacional Asunción,0,0,0,647547
2022-08-06T23:21:00Z,2022,usa.usl.l1,Richmond Kickers,FC Tucson,3,1,0,625671
2022-08-06T23:30:00Z,2022,usa.1,CF Montréal,Inter Miami CF,2,2,0,623490
2022-08-06T23:30:00Z,2022,usa.1,FC Cincinnati,Philadelphia Union,3,1,0,623491
2022-08-06T23:30:00Z,2022,usa.1,Orlando City SC,New England Revolution,0,3,0,623492
2022-08-06T23:30:00Z,2022,usa.1,D.C. United,Red Bull New York,0,0,0,623493
2022-08-06T23:30:00Z,2022,usa.1,Columbus Crew,New York City FC,3,2,0,623494
2022-08-06T23:30:00Z,2022,usa.usl.1,Loudoun United FC,Ventura County FC,2,0,0,627752
2022-08-06T23:30:00Z,2022,usa.usl.1,Tampa Bay Rowdies,Detroit City FC,1,0,0,627754
2022-08-06T23:30:00Z,2022,bra.1,São Paulo,Flamengo,0,2,0,630939
2022-08-06T23:30:00Z,2022,crc.1,Sporting San José,Herediano,1,2,0,647833
2022-08-06T23:45:00Z,2022,bol.1,Blooming,Real Tomayapo,1,0,0,650053
2022-08-07T00:00:00Z,2022,usa.1,Nashville SC,Toronto FC,3,4,0,623495
2022-08-07T00:00:00Z,2022,usa.usl.1,Louisville City FC,Charleston Battery,4,1,0,627753
2022-08-07T00:00:00Z,2022,usa.usl.1,Birmingham Legion FC,Atlanta United 2,6,0,0,627762
2022-08-07T00:00:00Z,2022,arg.1,Boca Juniors,Platense,2,1,0,635427
2022-08-07T00:00:00Z,2022,gua.1,Deportivo Mixco,Comunicaciones,1,1,0,640956
2022-08-07T00:05:00Z,2022,mex.1,Monterrey,León,5,1,0,636069
2022-08-07T00:30:00Z,2022,usa.1,Sporting Kansas City,LA Galaxy,4,2,0,623496
2022-08-07T00:30:00Z,2022,usa.usl.1,Memphis 901 FC,Hartford Athletic,3,1,0,627763
2022-08-07T01:00:00Z,2022,usa.1,Austin FC,San Jose Earthquakes,3,3,0,623497
2022-08-07T01:00:00Z,2022,usa.1,Colorado Rapids,Minnesota United FC,4,3,0,623498
2022-08-07T01:00:00Z,2022,usa.usl.l1,Northern Colorado Hailstorm FC,South Georgia Tormenta FC,2,0,0,625673
2022-08-07T01:00:00Z,2022,usa.usl.1,New Mexico United,Miami FC,0,3,0,627756
2022-08-07T01:00:00Z,2022,ecu.1,Delfín,Emelec,0,3,0,635905
2022-08-07T01:15:00Z,2022,col.1,Millonarios,Deportivo Cali,4,2,0,626794
2022-08-07T01:15:00Z,2022,hon.1,Honduras Progreso,Club Deportivo Marathón,0,2,0,648202
2022-08-07T01:30:00Z,2022,hon.1,Vida,Olancho FC,1,0,0,648203
2022-08-07T01:30:00Z,2022,hon.1,Club Deportivo Olimpia,Club Deportivo Victoria,2,0,0,648205
2022-08-07T01:35:00Z,2022,usa.usl.l1,Chattanooga Red Wolves,Greenville Triumph,5,1,0,625672
2022-08-07T02:00:00Z,2022,usa.1,Real Salt Lake,LAFC,1,4,0,623499
2022-08-07T02:00:00Z,2022,usa.usl.1,Monterey Bay,El Paso Locomotive FC,1,0,0,627755
2022-08-07T02:00:00Z,2022,usa.usl.1,Orange County SC,Colorado Springs Switchbacks FC,3,3,0,627757
2022-08-07T02:00:00Z,2022,usa.usl.1,San Diego Loyal SC,San Antonio FC,3,0,0,627760
2022-08-07T02:00:00Z,2022,gua.1,Xelajú MC,CD Malacateco,1,0,0,640958
2022-08-07T02:00:00Z,2022,crc.1,Guadalupe FC,Alajuelense,1,3,0,647835
2022-08-07T02:00:00Z,2022,crc.1,Saprissa,Cartaginés,1,1,0,647837
2022-08-07T02:05:00Z,2022,mex.1,Santos,Cruz Azul,4,0,0,636071
2022-08-07T02:30:00Z,2022,usa.1,Portland Timbers,FC Dallas,1,1,0,623500
2022-08-07T02:30:00Z,2022,usa.usl.l1,Central Valley Fuego FC,Union Omaha,0,1,0,625674
2022-08-07T02:30:00Z,2022,usa.usl.1,Phoenix Rising FC,Las Vegas Lights FC,0,0,0,627758
2022-08-07T03:00:00Z,2022,usa.usl.1,Sacramento Republic FC,Rio Grande Valley FC Toros,1,1,0,627759
2022-08-07T09:00:00Z,2022,jpn.1,FC Tokyo,Shimizu S-Pulse,0,2,0,628938
2022-08-07T10:00:00Z,2022,jpn.1,Kawasaki Frontale,Yokohama F. Marinos,2,1,0,628939
2022-08-07T10:00:00Z,2022,jpn.1,Sagan Tosu,Jubilo Iwata,2,0,0,628940
2022-08-07T10:00:00Z,2022,jpn.1,Shonan Bellmare,Consadole Sapporo,1,5,0,628941
2022-08-07T10:15:00Z,2022,ned.1,FC Groningen,FC Volendam,2,2,0,637200
2022-08-07T10:15:00Z,2022,ned.2,PEC Zwolle,De Graafschap,2,1,0,637508
2022-08-07T11:00:00Z,2022,sco.1,Hibernian,Heart of Midlothian,1,1,0,639058
2022-08-07T11:00:00Z,2022,fra.1,Toulouse,Nice,1,1,0,639612
2022-08-07T11:30:00Z,2022,ger.2,TSV Eintracht Braunschweig,SV Darmstadt 98,0,1,0,638767
2022-08-07T11:30:00Z,2022,ger.2,1. FC Magdeburg,Holstein Kiel,1,2,0,638768
2022-08-07T11:30:00Z,2022,ger.2,Kaiserslautern,St. Pauli,2,1,0,638769
2022-08-07T11:30:00Z,2022,bel.1,Standard Liege,Cercle Brugge KSV,2,0,0,641368
2022-08-07T11:30:00Z,2022,chn.1,Meizhou Hakka,Wuhan Yangtze River,2,1,0,650714
2022-08-07T11:30:00Z,2022,chn.1,Henan,Beijing Guoan,3,0,0,650715
2022-08-07T12:00:00Z,2022,rus.1,FK Torpedo Moscow,FC Khimki,1,3,0,641130
2022-08-07T12:00:00Z,2022,chn.1,Cangzhou Mighty Lions,Guangzhou,2,0,0,650716
2022-08-07T12:00:00Z,2022,club.friendly,RB Salzburg,Al Ittihad,3,4,0,651284
2022-08-07T12:30:00Z,2022,ned.1,Vitesse,Feyenoord Rotterdam,2,5,0,637201
2022-08-07T12:30:00Z,2022,ned.1,NEC Nijmegen,FC Twente,0,1,0,637202
2022-08-07T13:00:00Z,2022,swe.1,Kalmar FF,AIK,1,0,0,628458
2022-08-07T13:00:00Z,2022,swe.1,Hammarby IF,GIF Sundsvall,3,0,0,628461
2022-08-07T13:00:00Z,2022,swe.1,IK Sirius,Malmö FF,2,1,0,628465
2022-08-07T13:00:00Z,2022,eng.1,Leicester City,Brentford,2,2,0,638205
2022-08-07T13:00:00Z,2022,eng.1,Manchester United,Brighton & Hove Albion,1,2,0,638207
2022-08-07T13:00:00Z,2022,fra.1,Lille,AJ Auxerre,4,1,0,639610
2022-08-07T13:00:00Z,2022,fra.1,Lens,Brest,3,2,0,639611
2022-08-07T13:00:00Z,2022,fra.1,Montpellier,Troyes,3,2,0,639615
2022-08-07T13:00:00Z,2022,fra.1,Angers,Nantes,0,0,0,639618
2022-08-07T13:00:00Z,2022,rsa.1,TS Galaxy FC,AmaZulu,0,0,0,649357
2022-08-07T13:15:00Z,2022,uru.1,Fénix ,Montevideo City Torque,1,0,0,650689
2022-08-07T13:30:00Z,2022,ger.1,VfB Stuttgart,RB Leipzig,1,1,0,638438
2022-08-07T14:00:00Z,2022,den.1,F.C. København,Brøndby IF,4,1,0,636923
2022-08-07T14:00:00Z,2022,sco.1,Dundee United,Livingston,0,1,0,639057
2022-08-07T14:00:00Z,2022,bel.1,KAA Gent,KVC Westerlo,2,1,0,641369
2022-08-07T14:30:00Z,2022,rus.1,Krylia Sovetov,Dinamo Moscow,0,2,0,641133
2022-08-07T14:30:00Z,2022,por.1,Santa Clara,Casa Pia,0,0,0,646677
2022-08-07T14:45:00Z,2022,ned.1,AZ Alkmaar,Go Ahead Eagles,2,0,0,637203
2022-08-07T15:00:00Z,2022,aut.1,SC Rheindorf Altach,Austria Vienna,3,2,0,641770
2022-08-07T15:00:00Z,2022,aut.1,Rapid Vienna,Austria Lustenau,1,1,0,641773
2022-08-07T15:00:00Z,2022,aut.1,WSG Swarovski Tirol,SK Austria Klagenfurt,2,2,0,641775
2022-08-07T15:05:00Z,2022,fra.1,Stade Rennais,Lorient,0,1,0,639614
2022-08-07T15:30:00Z,2022,swe.1,IFK Värnamo,Djurgården,0,0,0,628460
2022-08-07T15:30:00Z,2022,swe.1,Mjällby AIF,IF Elfsborg,1,1,0,628463
2022-08-07T15:30:00Z,2022,eng.1,West Ham United,Manchester City,0,2,0,638208
2022-08-07T15:30:00Z,2022,ger.1,FC Cologne,Schalke 04,3,1,0,638443
2022-08-07T15:30:00Z,2022,rsa.1,SuperSport United,Chippa United,1,1,0,649358
2022-08-07T15:45:00Z,2022,ita.coppa_italia,Venezia,Ascoli,2,3,0,647676
2022-08-07T16:00:00Z,2022,nor.1,Haugesund,FK Jerv,3,1,0,628090
2022-08-07T16:00:00Z,2022,nor.1,Kristiansund BK,Molde,2,3,0,628092
2022-08-07T16:00:00Z,2022,nor.1,Stromsgodset,Sarpsborg FK,3,1,0,628093
2022-08-07T16:00:00Z,2022,nor.1,Lillestrom,Tromso,1,1,0,628094
2022-08-07T16:00:00Z,2022,nor.1,Sandefjord,Viking FK,2,2,0,628095
2022-08-07T16:00:00Z,2022,arg.1,Aldosivi,Huracán,0,1,0,635416
2022-08-07T16:00:00Z,2022,den.1,Odense Boldklub,AGF,1,2,0,636920
2022-08-07T16:00:00Z,2022,per.1,César Vallejo,Atlético Grau,0,1,0,641957
2022-08-07T16:00:00Z,2022,ita.coppa_italia,Hellas Verona,Bari,1,4,0,647677
2022-08-07T16:00:00Z,2022,club.friendly,Juventus,Atlético Madrid,0,4,0,649594
2022-08-07T16:10:00Z,2022,arg.3,Comunicaciones,JJ Urquiza,1,0,0,636378
2022-08-07T16:15:00Z,2022,tur.1,Fatih Karagümrük,Alanyaspor,2,4,0,645894
2022-08-07T16:15:00Z,2022,tur.1,Giresunspor,Adana Demirspor,2,3,0,645895
2022-08-07T16:30:00Z,2022,bel.1,Anderlecht,RFC Seraing,3,1,0,641370
2022-08-07T17:00:00Z,2022,mex.1,Toluca,Tijuana,3,1,0,636072
2022-08-07T17:00:00Z,2022,gua.1,Santa Lucía Cotzumalguapa,Antigua GFC,0,3,0,640961
2022-08-07T17:00:00Z,2022,rus.1,Sochi,Nizhny Novgorod,2,1,0,641131
2022-08-07T17:00:00Z,2022,rus.1,Rostov,Gazovik Orenburg,2,1,0,641132
2022-08-07T17:00:00Z,2022,por.1,Braga,Sporting CP,3,3,0,646674
2022-08-07T17:00:00Z,2022,crc.1,Grecia,AD San Carlos,0,1,0,647834
2022-08-07T17:15:00Z,2022,chi.1,Palestino,Audax Italiano,3,3,0,629299
2022-08-07T18:00:00Z,2022,nor.1,Vålerenga,Aalesund,4,0,0,628089
2022-08-07T18:00:00Z,2022,arg.2,Deportivo Madryn,Alvarado (Mar del Plata),1,1,0,630254
2022-08-07T18:00:00Z,2022,arg.2,Flandria,Deportivo Maipú,1,1,0,630258
2022-08-07T18:00:00Z,2022,arg.1,San Lorenzo,Estudiantes de La Plata,0,0,0,635422
2022-08-07T18:00:00Z,2022,esp.joan_gamper,Barcelona,Pumas UNAM,6,0,0,637048
2022-08-07T18:00:00Z,2022,uru.1,Danubio,Deportivo Maldonado,0,0,0,650690
2022-08-07T18:15:00Z,2022,arg.2,All Boys,Agropecuario,0,0,0,630249
2022-08-07T18:15:00Z,2022,per.1,Deportivo Municipal,Sport Boys,2,2,0,641951
2022-08-07T18:45:00Z,2022,fra.1,Marseille,Stade de Reims,4,1,0,639616
2022-08-07T18:45:00Z,2022,tur.1,Antalyaspor,Galatasaray,0,1,0,645891
2022-08-07T18:45:00Z,2022,club.friendly,AS Roma,Shakhtar Donetsk,5,0,0,650195
2022-08-07T19:00:00Z,2022,col.1,Deportivo Pasto,Atlético Bucaramanga,1,0,0,626792
2022-08-07T19:00:00Z,2022,arg.2,Santamarina,Atletico Rafaela,3,1,0,630264
2022-08-07T19:00:00Z,2022,bra.1,Fluminense,Cuiabá,1,0,0,630938
2022-08-07T19:00:00Z,2022,bra.1,Palmeiras,Goiás,3,0,0,630940
2022-08-07T19:00:00Z,2022,ecu.1,Aucas,Liga de Quito,1,1,0,635900
2022-08-07T19:00:00Z,2022,bel.1,Antwerp,OH Leuven,4,2,0,641371
2022-08-07T19:00:00Z,2022,ita.coppa_italia,Salernitana,Parma,0,2,0,647678
2022-08-07T19:00:00Z,2022,bol.1,Nacional Potosí,Bolívar,2,1,0,650054
2022-08-07T19:15:00Z,2022,ita.coppa_italia,Monza,Frosinone,3,2,0,647679
2022-08-07T19:30:00Z,2022,arg.2,Chaco For Ever,Defensores de Belgrano,1,0,0,630253
2022-08-07T19:30:00Z,2022,por.1,GD Chaves,Vitória de Guimaraes,0,1,0,646671
2022-08-07T19:30:00Z,2022,por.1,Portimonense,Boavista,0,1,0,646675
2022-08-07T19:45:00Z,2022,chi.1,Unión Española,Universidad de Chile,1,1,0,629304
2022-08-07T20:00:00Z,2022,par.1,Sol de América,Guaraní,1,0,0,647551
2022-08-07T20:30:00Z,2022,arg.1,Independiente,River Plate,0,1,0,635424
2022-08-07T20:30:00Z,2022,per.1,Cienciano del Cusco,Universitario,1,0,0,641953
2022-08-07T21:00:00Z,2022,bra.1,Fortaleza,Internacional,3,0,0,630941
2022-08-07T21:00:00Z,2022,ven.1,UCV FC,Zulia,0,1,0,631877
2022-08-07T21:00:00Z,2022,mex.1,Atlético de San Luis,Necaxa,1,2,0,636073
2022-08-07T21:00:00Z,2022,gua.1,Municipal,Iztapa,1,0,0,640957
2022-08-07T21:00:00Z,2022,gua.1,CD Guastatoya,Xinabajul,1,0,0,640960
2022-08-07T21:15:00Z,2022,bol.1,The Strongest,Universitario de Vinto,3,2,0,650055
2022-08-07T21:30:00Z,2022,ecu.1,Universidad Católica (Quito),Deportivo Cuenca,0,2,0,635907
2022-08-07T21:30:00Z,2022,uru.1,Defensor Sporting,Peñarol,2,3,0,650691
2022-08-07T22:00:00Z,2022,bra.1,Atlético-MG,Athletico-PR,2,3,0,630934
2022-08-07T22:15:00Z,2022,chi.1,Colo Colo,Antofagasta,1,0,0,629298
2022-08-07T22:30:00Z,2022,par.1,Club Olimpia,Sportivo Ameliano,2,0,0,647549
2022-08-07T23:00:00Z,2022,arg.2,Belgrano (Córdoba),Mitre (Santiago del Estero),1,3,0,630252
2022-08-07T23:00:00Z,2022,arg.1,Newell's Old Boys,Colón (Santa Fe),0,0,0,635423
2022-08-07T23:00:00Z,2022,hon.1,Real España,FC Motagua,1,1,0,648201
2022-08-07T23:05:00Z,2022,mex.1,Pachuca,Tigres UANL,2,0,0,636074
2022-08-07T23:10:00Z,2022,col.1,Atlético Junior,Once Caldas,1,2,0,626798
2022-08-07T23:30:00Z,2022,ven.1,Estudiantes de Mérida,Portuguesa,1,1,0,631876
2022-08-07T23:30:00Z,2022,bol.1,Aurora,Universitario de Sucre,1,1,0,650056
2022-08-08T00:00:00Z,2022,ecu.1,Barcelona SC,Mushuc Runa,4,1,0,635906
2022-08-08T00:00:00Z,2022,crc.1,Santos,AD Guanacasteca,0,1,0,647836
2022-08-08T00:45:00Z,2022,chi.1,Ñublense,Coquimbo Unido,2,1,0,629300
2022-08-08T01:05:00Z,2022,mex.1,América,FC Juarez,2,1,0,636070
2022-08-08T01:15:00Z,2022,col.1,Deportivo Pereira,Independiente Santa Fe,0,1,0,626795
2022-08-08T02:00:00Z,2022,mex.2,Leones Negros,Venados FC,4,0,0,638334
2022-08-08T14:00:00Z,2022,arg.1,Central Córdoba (Santiago del Estero),Defensa y Justicia,1,0,0,635426
2022-08-08T15:45:00Z,2022,ita.coppa_italia,Genoa,Benevento,3,2,0,647680
2022-08-08T16:00:00Z,2022,ita.coppa_italia,Modena,Sassuolo,3,2,0,647681
2022-08-08T16:15:00Z,2022,tur.1,Istanbul Basaksehir,Kasimpasa,4,0,0,645896
2022-08-08T17:00:00Z,2022,swe.1,BK Häcken,Helsingborg,5,0,0,628462
2022-08-08T17:00:00Z,2022,swe.1,Varbergs BoIS FC,IFK Göteborg,0,4,0,628464
2022-08-08T17:00:00Z,2022,den.1,Silkeborg IF,AaB,3,1,0,636924
2022-08-08T18:00:00Z,2022,arg.2,Gimnasia y Esgrima (Jujuy),Quilmes,3,1,0,630259
2022-08-08T18:00:00Z,2022,ned.2,Jong AZ,MVV Maastricht,3,1,0,637509
2022-08-08T18:00:00Z,2022,ned.2,Jong Ajax,Telstar,1,1,0,637510
2022-08-08T18:00:00Z,2022,uru.1,Albion FC,Liverpool,1,1,0,650692
2022-08-08T18:30:00Z,2022,arg.2,San Martín (San Juan),Brown de Adrogué,3,2,0,630262
2022-08-08T18:30:00Z,2022,arg.3,Los Andes,Argentino de Quilmes,4,1,0,636374
2022-08-08T18:30:00Z,2022,arg.3,Dock Sud,Defensores Unidos,0,1,0,636380
2022-08-08T18:45:00Z,2022,fra.2,Caen,Metz,1,0,0,640009
2022-08-08T18:45:00Z,2022,tur.1,Ankaragucu,Konyaspor,0,0,0,645890
2022-08-08T18:45:00Z,2022,tur.1,Fenerbahce,Umraniyespor,3,3,0,645898
2022-08-08T19:00:00Z,2022,eng.2,West Bromwich Albion,Watford,1,1,0,643205
2022-08-08T19:00:00Z,2022,ita.coppa_italia,Cremonese,Ternana,3,2,0,647682
2022-08-08T19:15:00Z,2022,por.1,Gil Vicente,Paços de Ferreira,1,0,0,646678
2022-08-08T19:15:00Z,2022,ita.coppa_italia,Bologna,Cosenza,1,0,0,647683
2022-08-08T20:10:00Z,2022,arg.2,Güemes,Instituto (Córdoba),1,1,0,630261
2022-08-08T21:30:00Z,2022,chi.1,Huachipato,Unión La Calera,3,4,0,629305
2022-08-08T23:00:00Z,2022,bra.1,Coritiba,Santos,1,2,0,630942
2022-08-08T23:00:00Z,2022,arg.1,Tigre,Rosario Central,3,1,0,635419
2022-08-09T00:00:00Z,2022,ecu.1,Gualaceo,9 de Octubre,1,0,0,635904
2022-08-09T00:10:00Z,2022,arg.2,Atlanta,Chacarita Juniors,1,1,0,630251
2022-08-09T11:00:00Z,2022,afc.cup,PSM Makassar,Kedah,2,1,0,645364
2022-08-09T13:00:00Z,2022,rsa.1,Richards Bay FC,Marumo Gallants,0,0,0,649362
2022-08-09T15:00:00Z,2022,rsa.1,Moroka Swallows,Cape Town City FC,3,2,0,649363
2022-08-09T16:00:00Z,2022,uefa.europa.conf_qual,Gzira United,Wolfsberger,0,4,0,650450
2022-08-09T16:00:00Z,2022,uefa.champions_qual,Zalgiris Vilnius,Bodo/Glimt,1,1,0,651251
2022-08-09T17:00:00Z,2022,uefa.champions_qual,Pyunik,Red Star Belgrade,0,2,0,650015
2022-08-09T17:00:00Z,2022,uefa.champions_qual,Apollon Limassol,Maccabi Haifa,2,0,0,650016
2022-08-09T17:00:00Z,2022,uefa.champions_qual,Viktoria Plzen,Sheriff Tiraspol,2,1,0,650416
2022-08-09T17:30:00Z,2022,rsa.1,Kaizer Chiefs,Maritzburg United,3,0,0,649364
2022-08-09T17:45:00Z,2022,uefa.champions_qual,FC Midtjylland,Benfica,1,3,0,650020
2022-08-09T18:00:00Z,2022,uefa.champions_qual,Dinamo Zagreb,Ludogorets Razgrad,4,2,0,650417
2022-08-09T18:00:00Z,2022,uefa.europa.conf_qual,B36 Torshavn,Viborg FF,1,2,0,650671
2022-08-09T18:00:00Z,2022,uefa.champions_qual,Ferencvaros,FK Qarabag,1,3,0,651252
2022-08-09T18:30:00Z,2022,eng.league_cup,Shrewsbury Town,Carlisle United,3,2,0,643768
2022-08-09T18:30:00Z,2022,sco.challenge,Brora Rangers,Aberdeen B,2,0,0,646540
2022-08-09T18:30:00Z,2022,uefa.champions_qual,PSV Eindhoven,AS Monaco,3,2,0,650017
2022-08-09T18:30:00Z,2022,uefa.champions_qual,SK Sturm Graz,Dynamo Kyiv,1,2,0,650019
2022-08-09T18:45:00Z,2022,eng.league_cup,AFC Wimbledon,Gillingham,0,2,0,643736
2022-08-09T18:45:00Z,2022,eng.league_cup,Accrington Stanley,Tranmere Rovers,2,2,0,643737
2022-08-09T18:45:00Z,2022,eng.league_cup,Blackpool,Barrow,0,0,0,643739
2022-08-09T18:45:00Z,2022,eng.league_cup,Bolton Wanderers,Salford City,5,1,0,643740
2022-08-09T18:45:00Z,2022,eng.league_cup,Bradford City,Hull City,2,1,0,643741
2022-08-09T18:45:00Z,2022,eng.league_cup,Cardiff City,Portsmouth,0,3,0,643743
2022-08-09T18:45:00Z,2022,eng.league_cup,Charlton Athletic,Queens Park Rangers,1,1,0,643744
2022-08-09T18:45:00Z,2022,eng.league_cup,Cheltenham Town,Exeter City,0,7,0,643745
2022-08-09T18:45:00Z,2022,eng.league_cup,Crawley Town,Bristol Rovers,1,0,0,643747
2022-08-09T18:45:00Z,2022,eng.league_cup,Doncaster Rovers,Lincoln City,0,3,0,643748
2022-08-09T18:45:00Z,2022,eng.league_cup,Fleetwood Town,Wigan Athletic,1,0,0,643749
2022-08-09T18:45:00Z,2022,eng.league_cup,Forest Green Rovers,Leyton Orient,2,0,0,643750
2022-08-09T18:45:00Z,2022,eng.league_cup,Grimsby Town,Crewe Alexandra,4,0,0,643751
2022-08-09T18:45:00Z,2022,eng.league_cup,Harrogate Town,Stockport County,0,1,0,643752
2022-08-09T18:45:00Z,2022,eng.league_cup,Huddersfield Town,Preston North End,1,4,0,643753
2022-08-09T18:45:00Z,2022,eng.league_cup,Ipswich Town,Colchester United,0,1,0,643754
2022-08-09T18:45:00Z,2022,eng.league_cup,Luton Town,Newport County,2,3,0,643755
2022-08-09T18:45:00Z,2022,eng.league_cup,Milton Keynes Dons,Sutton United,1,0,0,643756
2022-08-09T18:45:00Z,2022,eng.league_cup,Mansfield Town,Derby County,1,2,0,643757
2022-08-09T18:45:00Z,2022,eng.league_cup,Morecambe,Stoke City,0,0,0,643759
2022-08-09T18:45:00Z,2022,eng.league_cup,Northampton Town,Wycombe Wanderers,1,2,0,643760
2022-08-09T18:45:00Z,2022,eng.league_cup,Norwich City,Birmingham City,2,2,0,643761
2022-08-09T18:45:00Z,2022,eng.league_cup,Oxford United,Swansea City,2,2,0,643762
2022-08-09T18:45:00Z,2022,eng.league_cup,Rochdale,Burton Albion,2,0,0,643766
2022-08-09T18:45:00Z,2022,eng.league_cup,Walsall,Swindon Town,2,0,0,643769
2022-08-09T18:45:00Z,2022,sco.challenge,Albion Rovers,Celtic B,2,3,0,646538
2022-08-09T18:45:00Z,2022,sco.challenge,Elgin City,Dundee United B,1,0,0,646539
2022-08-09T18:45:00Z,2022,sco.challenge,Fraserburgh,St. Johnstone B,0,2,0,646541
2022-08-09T18:45:00Z,2022,sco.challenge,Motherwell B,East Kilbride,1,2,0,646544
2022-08-09T18:45:00Z,2022,sco.challenge,St Mirren B,East Stirlingshire,0,0,0,646545
2022-08-09T18:45:00Z,2022,sco.challenge,Bonnyrigg Rose,Livingston B,0,0,0,646547
2022-08-09T18:45:00Z,2022,sco.challenge,Kilmarnock B,Cowdenbeath,3,0,0,646548
2022-08-09T18:45:00Z,2022,uefa.champions_qual,Rangers,Union St.-Gilloise,3,0,0,650018
2022-08-09T19:00:00Z,2022,eng.league_cup,Reading,Stevenage,1,2,0,643765
2022-08-09T19:00:00Z,2022,uefa.europa_qual,Shkupi,Shamrock Rovers,1,2,0,650423
2022-08-09T19:10:00Z,2022,arg.copa,Gimnasia La Plata,Patronato,1,2,0,651258
2022-08-09T22:00:00Z,2022,bra.2,Grêmio,Operário PR,5,1,0,631307
2022-08-09T22:00:00Z,2022,bra.2,Ituano,Sport,4,1,0,631308
2022-08-09T22:00:00Z,2022,bol.1,Real Tomayapo,Independiente Petrolero,1,0,0,650058
2022-08-09T22:05:00Z,2022,mex.2,Celaya,Tepatitlán FC,1,0,0,638337
2022-08-09T22:15:00Z,2022,conmebol.sudamericana,Atlético Goianiense,Nacional,3,0,0,647696
2022-08-09T23:30:00Z,2022,bra.2,CSA,Brusque,1,0,0,631302
2022-08-09T23:30:00Z,2022,bra.2,Ponte Preta,Vasco da Gama,3,1,0,631309
2022-08-09T23:42:00Z,2022,usa.usl.1,New York Red Bulls II,Atlanta United 2,2,1,0,627764
2022-08-10T00:00:00Z,2022,bra.2,Londrina,Cruzeiro,1,2,0,631304
2022-08-10T00:05:00Z,2022,mex.2,Pumas Tabasco,Durango,2,1,0,638335
2022-08-10T00:10:00Z,2022,arg.2,Almirante Brown,Independiente Rivadavia,2,0,0,630250
2022-08-10T00:15:00Z,2022,bol.1,Wilstermann,Oriente Petrolero,0,1,0,650059
2022-08-10T00:30:00Z,2022,col.1,América de Cali,Águilas Doradas,2,0,0,626799
2022-08-10T00:30:00Z,2022,bra.2,Sampaio Corrêa,Bahia,2,0,0,631301
2022-08-10T00:30:00Z,2022,bra.2,Tombense,Vila Nova,0,0,0,631310
2022-08-10T00:30:00Z,2022,conmebol.libertadores,Flamengo,Corinthians,1,0,0,647688
2022-08-10T00:30:00Z,2022,conmebol.sudamericana,Independiente del Valle,Deportivo Táchira,4,1,0,647697
2022-08-10T02:00:00Z,2022,crc.1,Sporting San José,Alajuelense,2,2,0,647841
2022-08-10T02:00:00Z,2022,crc.1,Herediano,Santos,1,1,0,647844
2022-08-10T02:05:00Z,2022,mex.2,Club Atlético La Paz,Tlaxcala FC,2,2,0,638336
2022-08-10T11:00:00Z,2022,afc.cup,Viettel,Kuala Lumpur City FC,0,0,0,645365
2022-08-10T15:00:00Z,2022,rsa.1,AmaZulu,SuperSport United,2,1,0,649365
2022-08-10T16:00:00Z,2022,uefa.europa.conf_qual,Vitória de Guimaraes,Hajduk Split,1,0,0,650442
2022-08-10T17:00:00Z,2022,gua.1,CD Malacateco,Santa Lucía Cotzumalguapa,3,1,0,640966
2022-08-10T17:30:00Z,2022,rsa.1,Chippa United,Royal AM,1,3,0,649366
2022-08-10T17:30:00Z,2022,rsa.1,Mamelodi Sundowns,TS Galaxy FC,0,1,0,649367
2022-08-10T17:30:00Z,2022,rsa.1,Sekhukhune United FC,Golden Arrows,1,0,0,649368
2022-08-10T17:30:00Z,2022,rsa.1,Stellenbosch,Orlando Pirates,1,1,0,649369
2022-08-10T18:00:00Z,2022,arg.2,Deportivo Madryn,Deportivo Morón,0,1,0,630201
2022-08-10T18:45:00Z,2022,eng.league_cup,Blackburn Rovers,Hartlepool United,4,0,0,643738
2022-08-10T18:45:00Z,2022,eng.league_cup,Coventry City,Bristol City,1,4,0,643746
2022-08-10T18:45:00Z,2022,eng.league_cup,Middlesbrough,Barnsley,0,1,0,643758
2022-08-10T18:45:00Z,2022,eng.league_cup,Plymouth Argyle,Peterborough United,0,2,0,643763
2022-08-10T18:45:00Z,2022,eng.league_cup,Port Vale,Rotherham United,1,2,0,643764
2022-08-10T18:45:00Z,2022,eng.league_cup,Sheffield Wednesday,Sunderland,2,0,0,643767
2022-08-10T18:45:00Z,2022,sco.challenge,Hibernian B,Brechin City,1,1,0,646543
2022-08-10T18:45:00Z,2022,sco.challenge,Spartans FC,Rangers B,0,1,0,646546
2022-08-10T19:00:00Z,2022,uefa.super_cup,Real Madrid,Eintracht Frankfurt,2,0,0,635831
2022-08-10T19:00:00Z,2022,gua.1,Iztapa,Cobán Imperial,4,3,0,640964
2022-08-10T19:00:00Z,2022,sco.challenge,Heart of Midlothian B,Buckie Thistle,2,3,0,646542
2022-08-10T19:00:00Z,2022,bol.1,Real Santa Cruz,The Strongest,0,3,0,650060
2022-08-10T21:00:00Z,2022,gua.1,CD Guastatoya,Deportivo Mixco,0,0,0,640963
2022-08-10T21:00:00Z,2022,hon.1,C.D.Real Sociedad,Real España,2,1,0,648208
2022-08-10T22:00:00Z,2022,bra.2,Náutico,CRB,2,1,0,631303
2022-08-10T22:00:00Z,2022,bra.2,Chapecoense,Novorizontino,2,2,0,631306
2022-08-10T22:00:00Z,2022,mex.2,Alebrijes de Oaxaca,Mineros de Zacatecas,2,2,0,638340
2022-08-10T22:00:00Z,2022,gua.1,Xinabajul,CD Achuapa,1,1,0,640965
2022-08-10T22:00:00Z,2022,bol.1,Atlético Palmaflor,Blooming,2,1,0,650061
2022-08-10T22:15:00Z,2022,conmebol.sudamericana,Ceará,São Paulo,2,1,0,647698
2022-08-10T23:00:00Z,2022,usa.usl.1,Miami FC,FC Tulsa,1,2,0,627767
2022-08-10T23:45:00Z,2022,usa.usl.l1,North Carolina FC,Forward Madison FC,2,1,0,625670
2022-08-11T00:00:00Z,2022,gua.1,Comunicaciones,Xelajú MC,1,0,0,640962
2022-08-11T00:00:00Z,2022,crc.1,AD San Carlos,Saprissa,2,1,0,647839
2022-08-11T00:05:00Z,2022,mex.2,Venados FC,Dorados de Sinaloa,1,1,0,638338
2022-08-11T00:10:00Z,2022,arg.copa,Agropecuario,Boca Juniors,0,1,0,651259
2022-08-11T00:15:00Z,2022,bol.1,Bolívar,Guabirá,3,0,0,650062
2022-08-11T00:30:00Z,2022,usa.1,MLS All-Stars,Liga MX All-Stars,2,1,0,623639
2022-08-11T00:30:00Z,2022,bra.2,Criciúma,Guarani,0,0,0,631305
2022-08-11T00:30:00Z,2022,conmebol.libertadores,Palmeiras,Atlético-MG,0,0,0,647689
2022-08-11T00:30:00Z,2022,conmebol.libertadores,Talleres (Córdoba),Vélez Sarsfield,0,1,0,647690
2022-08-11T01:00:00Z,2022,usa.usl.1,San Antonio FC,Loudoun United FC,2,1,0,627765
2022-08-11T01:00:00Z,2022,hon.1,FC Motagua,Vida,2,2,0,648206
2022-08-11T01:00:00Z,2022,hon.1,Club Deportivo Victoria,UPNFM,4,0,0,648207
2022-08-11T01:15:00Z,2022,hon.1,Honduras Progreso,Olancho FC,2,2,0,648210
2022-08-11T02:00:00Z,2022,usa.usl.1,San Diego Loyal SC,Monterey Bay,1,0,0,627766
2022-08-11T02:00:00Z,2022,gua.1,Antigua GFC,Municipal,0,3,0,640967
2022-08-11T02:05:00Z,2022,mex.2,Cimarrones de Sonora,Leones Negros,2,1,0,638339
2022-08-11T03:05:00Z,2022,hon.1,Club Deportivo Marathón,Club Deportivo Olimpia,1,2,0,648209
2022-08-11T12:00:00Z,2022,chn.1,Hebei FC,Tianjin Jinmen Tiger,3,4,0,650725
2022-08-11T13:30:00Z,2022,uefa.europa.conf_qual,Kyzylzhar,Apoel Nicosia,0,0,0,650655
2022-08-11T14:00:00Z,2022,uefa.europa.conf_qual,Tobol Kostanay,Zrinjski Mostar,1,1,0,650446
2022-08-11T16:00:00Z,2022,uefa.europa_qual,HJK Helsinki,NK Maribor,1,0,0,650421
2022-08-11T16:00:00Z,2022,uefa.europa.conf_qual,Raków Czestochowa,FC Spartak Trnava,1,0,0,650669
2022-08-11T17:00:00Z,2022,uefa.europa_qual,Slovacko,Fenerbahce,1,1,0,650024
2022-08-11T17:00:00Z,2022,uefa.europa.conf_qual,CFR Cluj-Napoca,Shakhter Soligorsk,1,0,0,650443
2022-08-11T17:00:00Z,2022,uefa.europa.conf_qual,FC Twente,Cukaricki Belgrade,4,1,0,650451
2022-08-11T17:00:00Z,2022,uefa.europa_qual,FC Zürich,Linfield,3,0,0,650639
2022-08-11T17:00:00Z,2022,uefa.europa.conf_qual,Djurgården,Sepsi Sfantu Gheorghe,3,1,0,650651
2022-08-11T17:00:00Z,2022,uefa.europa.conf_qual,Petrocub,Fehérvár,1,2,0,650670
2022-08-11T17:00:00Z,2022,uefa.europa.conf_qual,Konyaspor,FC Vaduz,2,4,0,650676
2022-08-11T17:15:00Z,2022,uefa.europa.conf_qual,FC Basel,Brøndby IF,2,1,0,650666
2022-08-11T17:15:00Z,2022,uefa.europa.conf_qual,Hapoel Be'er,FC Lugano,3,1,0,650675
2022-08-11T17:30:00Z,2022,uefa.europa.conf_qual,Panathinaikos,Slavia Prague,1,1,0,650438
2022-08-11T17:30:00Z,2022,uefa.europa.conf_qual,CSU Craiova,FC Zorya Luhansk,3,0,0,650440
2022-08-11T17:30:00Z,2022,uefa.europa.conf_qual,Antwerp,Lillestrom,2,0,0,650650
2022-08-11T17:30:00Z,2022,uefa.europa.conf_qual,FCSB,Dunajska Streda,1,0,0,650667
2022-08-11T17:45:00Z,2022,uefa.europa.conf_qual,Istanbul Basaksehir,Breidablik,3,0,0,650653
2022-08-11T18:00:00Z,2022,uefa.europa_qual,F91 Dudelange,Malmö FF,2,2,0,650422
2022-08-11T18:00:00Z,2022,uefa.europa.conf_qual,Hibernians,Rigas Futbola Skola,1,3,0,650439
2022-08-11T18:00:00Z,2022,uefa.europa.conf_qual,Aris,Maccabi Tel-Aviv,2,1,0,650441
2022-08-11T18:00:00Z,2022,uefa.europa.conf_qual,Anderlecht,Paide Linnameeskond,3,0,0,650444
2022-08-11T18:00:00Z,2022,uefa.europa.conf_qual,KI Klaksvik,Ballkani,2,1,0,650448
2022-08-11T18:00:00Z,2022,uefa.europa.conf_qual,Levski Sofia,Hamrun Spartans,1,2,0,650652
2022-08-11T18:00:00Z,2022,uefa.europa.conf_qual,KF Shkëndija,AIK,1,1,0,650668
2022-08-11T18:00:00Z,2022,uefa.europa.conf_qual,Sligo Rovers,Viking FK,1,0,0,650673
2022-08-11T18:30:00Z,2022,uefa.europa.conf_qual,Lech Poznan,Vikingur Reykjavik,4,1,0,650447
2022-08-11T18:30:00Z,2022,uefa.europa_qual,Slovan Bratislava,Olympiacos,2,2,0,650640
2022-08-11T18:30:00Z,2022,uefa.europa.conf_qual,Rapid Vienna,Neftchi,2,0,0,650649
2022-08-11T18:30:00Z,2022,uru.1,Deportivo Maldonado,Cerrito,2,1,0,651001
2022-08-11T18:45:00Z,2022,uefa.europa.conf_qual,St Patrick's Athletic,CSKA Sofia,0,2,0,650674
2022-08-11T19:00:00Z,2022,eng.league_cup,West Bromwich Albion,Sheffield United,1,0,0,643770
2022-08-11T19:00:00Z,2022,uefa.europa_qual,Partizan Belgrade,AEK Larnaca,2,2,0,650023
2022-08-11T19:00:00Z,2022,uefa.europa.conf_qual,AZ Alkmaar,Dundee United,7,0,0,650445
2022-08-11T19:00:00Z,2022,uefa.europa.conf_qual,Gil Vicente,Riga FC,4,0,0,650449
2022-08-11T19:00:00Z,2022,uefa.europa.conf_qual,Kisvárda FC,Molde,2,1,0,650654
2022-08-11T19:00:00Z,2022,uefa.europa.conf_qual,Young Boys,KuPS Kuopio,3,0,0,650672
2022-08-11T21:00:00Z,2022,ven.1,Zulia,Monagas SC,0,0,0,631867
2022-08-11T21:00:00Z,2022,crc.1,AD Guanacasteca,Guadalupe FC,1,2,0,647840
2022-08-11T22:00:00Z,2022,arg.1,Godoy Cruz Antonio Tomba,Aldosivi,2,0,0,635438
2022-08-11T22:00:00Z,2022,mex.2,Tapatío,Raya2,1,1,0,638343
2022-08-11T22:00:00Z,2022,bol.1,Universitario de Vinto,Aurora,0,3,0,650063
2022-08-11T22:00:00Z,2022,uru.1,Montevideo Wanderers,Fénix ,2,1,0,650998
2022-08-11T22:15:00Z,2022,conmebol.sudamericana,Internacional,Melgar,0,0,0,647699
2022-08-11T23:15:00Z,2022,ven.1,Aragua,Zamora FC,0,1,0,631869
2022-08-12T00:05:00Z,2022,mex.2,Atlante,Club Atlético Morelia,1,0,0,638341
2022-08-12T00:15:00Z,2022,chi.1,Universidad Católica,O'Higgins,2,2,0,629293
2022-08-12T00:15:00Z,2022,bol.1,Universitario de Sucre,Nacional Potosí,0,1,0,650064
2022-08-12T00:30:00Z,2022,arg.1,Colón (Santa Fe),Arsenal Sarandi,1,1,0,635441
2022-08-12T00:30:00Z,2022,arg.1,Atlético Tucumán,Central Córdoba (Santiago del Estero),1,0,0,635442
2022-08-12T00:30:00Z,2022,conmebol.libertadores,Estudiantes de La Plata,Athletico-PR,0,1,0,647691
2022-08-12T01:00:00Z,2022,crc.1,Puntarenas FC,Grecia,3,1,0,647842
2022-08-12T01:00:00Z,2022,crc.1,Pérez Zeledón,Cartaginés,2,1,0,647843
2022-08-12T02:00:00Z,2022,mex.1,Querétaro,Atlético de San Luis,1,1,0,636075
2022-08-12T02:00:00Z,2022,mex.2,Correcaminos UAT,Cancún FC,0,0,0,638342
2022-08-12T11:30:00Z,2022,chn.1,Wuhan Three Towns,Beijing Guoan,5,1,0,650717
2022-08-12T12:00:00Z,2022,chn.1,Guangzhou,Chengdu Rongcheng,1,2,0,650757
2022-08-12T12:00:00Z,2022,chn.1,Cangzhou Mighty Lions,Shandong Taishan,0,2,0,650758
2022-08-12T16:30:00Z,2022,ger.2,1. FC Nürnberg,1. FC Heidenheim 1846,0,3,0,638777
2022-08-12T16:30:00Z,2022,ger.2,Kaiserslautern,SC Paderborn 07,0,1,0,638778
2022-08-12T16:30:00Z,2022,rus.1,Fakel Voronezh,FC Ural Ekaterinburg,0,0,0,641144
2022-08-12T17:00:00Z,2022,nor.1,Sarpsborg FK,Bodo/Glimt,1,4,0,628081
2022-08-12T17:00:00Z,2022,nor.1,Sandefjord,Rosenborg,2,5,0,628086
2022-08-12T17:00:00Z,2022,den.1,AC Horsens,FC Midtjylland,3,3,0,636925
2022-08-12T17:30:00Z,2022,rsa.1,Maritzburg United,Moroka Swallows,0,0,0,649370
2022-08-12T18:00:00Z,2022,ned.1,Excelsior,Vitesse,3,1,0,637204
2022-08-12T18:00:00Z,2022,ned.2,De Graafschap,VVV-Venlo,1,2,0,637514
2022-08-12T18:00:00Z,2022,ned.2,Almere City,TOP Oss,3,0,0,637515
2022-08-12T18:00:00Z,2022,ned.2,Helmond Sport,Jong AZ,1,3,0,637516
2022-08-12T18:00:00Z,2022,ned.2,FC Eindhoven,Willem II,2,1,0,637517
2022-08-12T18:00:00Z,2022,ned.2,Roda JC Kerkrade,Jong Ajax,1,0,0,637518
2022-08-12T18:00:00Z,2022,ned.2,Telstar,PEC Zwolle,0,5,0,637519
2022-08-12T18:00:00Z,2022,tur.1,Trabzonspor,Hatayspor,1,0,0,645906
2022-08-12T18:30:00Z,2022,ger.1,SC Freiburg,Borussia Dortmund,1,3,0,638447
2022-08-12T18:30:00Z,2022,uru.1,Boston River,River Plate,1,2,0,651003
2022-08-12T18:45:00Z,2022,sco.2,Dundee,Arbroath,4,2,0,639442
2022-08-12T18:45:00Z,2022,bel.1,KV Oostende,KAA Gent,1,3,0,641372
2022-08-12T18:45:00Z,2022,ita.2,Parma,Bari,2,2,0,649613
2022-08-12T19:00:00Z,2022,den.1,F.C. København,Randers FC,1,3,0,636929
2022-08-12T19:00:00Z,2022,fra.1,Nantes,Lille,1,1,0,639629
2022-08-12T19:00:00Z,2022,eng.2,Watford,Burnley,1,0,0,643216
2022-08-12T19:00:00Z,2022,esp.1,Osasuna,Sevilla,2,1,0,643775
2022-08-12T19:00:00Z,2022,esp.2,Levante,Huesca,0,0,0,644157
2022-08-12T19:15:00Z,2022,por.1,FC Famalicao,Braga,0,3,0,646679
2022-08-12T21:00:00Z,2022,ven.1,Portuguesa,Deportivo Lara,0,0,0,631864
2022-08-12T21:35:00Z,2022,arg.2,Atletico Rafaela,Estudiantes (Buenos Aires),1,2,0,630270
2022-08-12T22:00:00Z,2022,bra.2,Vila Nova,Londrina,0,0,0,631296
2022-08-12T22:00:00Z,2022,arg.1,Platense,Banfield,3,1,0,635434
2022-08-12T22:00:00Z,2022,arg.1,Huracán,Sarmiento (Junín),4,1,0,635437
2022-08-12T22:00:00Z,2022,uru.1,Plaza Colonia,Cerro Largo,2,0,0,650996
2022-08-12T23:00:00Z,2022,usa.usl.1,New York Red Bulls II,Charleston Battery,1,3,0,627769
2022-08-12T23:15:00Z,2022,ven.1,Metropolitanos,Estudiantes de Mérida,2,0,0,631865
2022-08-13T00:00:00Z,2022,ecu.1,Mushuc Runa,Orense,1,1,0,635908
2022-08-13T00:30:00Z,2022,chi.1,Coquimbo Unido,Cobresal,3,1,0,629291
2022-08-13T00:30:00Z,2022,bra.2,Bahia,Ituano,2,0,0,631295
2022-08-13T00:30:00Z,2022,bra.2,Brusque,Ponte Preta,2,1,0,631298
2022-08-13T00:30:00Z,2022,arg.1,Patronato,San Lorenzo,3,2,0,635435
2022-08-13T00:40:00Z,2022,col.1,Atlético Bucaramanga,Unión Magdalena,1,0,0,626790
2022-08-13T01:00:00Z,2022,usa.usl.1,Colorado Springs Switchbacks FC,El Paso Locomotive FC,4,4,0,627768
2022-08-13T02:00:00Z,2022,usa.usl.1,Orange County SC,Phoenix Rising FC,2,1,0,627770
2022-08-13T02:00:00Z,2022,mex.1,Necaxa,Monterrey,1,2,0,636076
2022-08-13T02:00:00Z,2022,crc.1,Herediano,Sporting San José,4,2,0,647846
2022-08-13T02:05:00Z,2022,mex.1,Tijuana,Puebla,3,3,0,636078
2022-08-13T05:00:00Z,2022,jpn.1,Consadole Sapporo,Vissel Kobe,0,2,0,628942
2022-08-13T09:30:00Z,2022,jpn.1,Jubilo Iwata,Urawa Red Diamonds,0,6,0,628943
2022-08-13T11:00:00Z,2022,ger.2,Karlsruher SC,SV Sandhausen,3,2,0,638771
2022-08-13T11:00:00Z,2022,ger.2,Holstein Kiel,TSV Eintracht Braunschweig,3,0,0,638772
2022-08-13T11:00:00Z,2022,ger.2,Arminia Bielefeld,Hamburg SV,0,2,0,638776
2022-08-13T11:00:00Z,2022,chn.1,Henan,Meizhou Hakka,0,1,0,650723
2022-08-13T11:30:00Z,2022,eng.1,Aston Villa,Everton,2,1,0,638210
2022-08-13T11:30:00Z,2022,eng.3,Bristol Rovers,Oxford United,1,0,0,642655
2022-08-13T11:30:00Z,2022,eng.2,Cardiff City,Birmingham City,1,0,0,643208
2022-08-13T11:30:00Z,2022,chn.1,Guangzhou City,Wuhan Yangtze River,0,5,0,650722
2022-08-13T12:00:00Z,2022,rus.1,Lokomotiv Moscow,Krylia Sovetov,1,1,0,641140
2022-08-13T13:00:00Z,2022,fra.2,Guingamp,Paris FC,0,0,0,640016
2022-08-13T13:00:00Z,2022,rsa.1,Marumo Gallants,Golden Arrows,1,1,0,649371
2022-08-13T13:00:00Z,2022,rsa.1,Stellenbosch,Royal AM,3,1,0,649372
2022-08-13T13:00:00Z,2022,rsa.1,Mamelodi Sundowns,Kaizer Chiefs,4,0,0,649373
2022-08-13T13:30:00Z,2022,ger.1,Werder Bremen,VfB Stuttgart,2,2,0,638446
2022-08-13T13:30:00Z,2022,ger.1,RB Leipzig,FC Cologne,2,2,0,638448
2022-08-13T13:30:00Z,2022,ger.1,Hertha Berlin,Eintracht Frankfurt,1,1,0,638449
2022-08-13T13:30:00Z,2022,ger.1,Bayer Leverkusen,FC Augsburg,1,2,0,638452
2022-08-13T13:30:00Z,2022,ger.1,TSG Hoffenheim,VfL Bochum,3,2,0,638454
2022-08-13T14:00:00Z,2022,nor.1,Aalesund,Haugesund,1,2,0,628082
2022-08-13T14:00:00Z,2022,bra.2,Operário PR,Sampaio Corrêa,1,1,0,631299
2022-08-13T14:00:00Z,2022,bra.2,Vasco da Gama,Tombense,3,1,0,631300
2022-08-13T14:00:00Z,2022,eng.1,Arsenal,Leicester City,4,2,0,638209
2022-08-13T14:00:00Z,2022,eng.1,Brighton & Hove Albion,Newcastle United,0,0,0,638212
2022-08-13T14:00:00Z,2022,eng.1,Manchester City,AFC Bournemouth,4,0,0,638215
2022-08-13T14:00:00Z,2022,eng.1,Southampton,Leeds United,2,2,0,638217
2022-08-13T14:00:00Z,2022,eng.1,Wolverhampton Wanderers,Fulham,0,0,0,638218
2022-08-13T14:00:00Z,2022,sco.1,Aberdeen,Motherwell,2,3,0,639062
2022-08-13T14:00:00Z,2022,sco.1,Livingston,Hibernian,2,1,0,639065
2022-08-13T14:00:00Z,2022,sco.1,Rangers,St Johnstone,4,0,0,639066
2022-08-13T14:00:00Z,2022,sco.1,St Mirren,Ross County,1,0,0,639067
2022-08-13T14:00:00Z,2022,sco.2,Queen's Park,Partick Thistle,3,2,0,639440
2022-08-13T14:00:00Z,2022,sco.2,Inverness Caledonian Thistle,Cove Rangers,4,1,0,639441
2022-08-13T14:00:00Z,2022,sco.2,Ayr United,Hamilton Academical,2,2,0,639443
2022-08-13T14:00:00Z,2022,sco.2,Raith Rovers,Greenock Morton,2,1,0,639444
2022-08-13T14:00:00Z,2022,rus.1,Zenit St Petersburg,CSKA Moscow,2,1,0,641143
2022-08-13T14:00:00Z,2022,bel.1,KVC Westerlo,Standard Liege,4,2,0,641373
2022-08-13T14:00:00Z,2022,eng.4,AFC Wimbledon,Doncaster Rovers,2,2,0,642102
2022-08-13T14:00:00Z,2022,eng.4,Bradford City,Newport County,2,0,0,642103
2022-08-13T14:00:00Z,2022,eng.4,Carlisle United,Swindon Town,1,1,0,642104
2022-08-13T14:00:00Z,2022,eng.4,Harrogate Town,Crawley Town,0,0,0,642105
2022-08-13T14:00:00Z,2022,eng.4,Leyton Orient,Mansfield Town,1,0,0,642106
2022-08-13T14:00:00Z,2022,eng.4,Rochdale,Grimsby Town,0,1,0,642107
2022-08-13T14:00:00Z,2022,eng.4,Walsall,Stevenage,1,1,0,642108
2022-08-13T14:00:00Z,2022,eng.4,Salford City,Crewe Alexandra,3,0,0,642109
2022-08-13T14:00:00Z,2022,eng.4,Stockport County,Colchester United,1,0,0,642110
2022-08-13T14:00:00Z,2022,eng.4,Sutton United,Barrow,1,0,0,642111
2022-08-13T14:00:00Z,2022,eng.4,Tranmere Rovers,Gillingham,3,0,0,642112
2022-08-13T14:00:00Z,2022,eng.4,Northampton Town,Hartlepool United,2,1,0,642113
2022-08-13T14:00:00Z,2022,eng.3,Accrington Stanley,Burton Albion,4,4,0,642654
2022-08-13T14:00:00Z,2022,eng.3,Cambridge United,Exeter City,2,1,0,642656
2022-08-13T14:00:00Z,2022,eng.3,Cheltenham Town,Portsmouth,0,2,0,642657
2022-08-13T14:00:00Z,2022,eng.3,Derby County,Barnsley,2,1,0,642658
2022-08-13T14:00:00Z,2022,eng.3,Lincoln City,Forest Green Rovers,1,1,0,642659
2022-08-13T14:00:00Z,2022,eng.3,Wycombe Wanderers,Shrewsbury Town,1,2,0,642660
2022-08-13T14:00:00Z,2022,eng.3,Morecambe,Fleetwood Town,1,1,0,642661
2022-08-13T14:00:00Z,2022,eng.3,Plymouth Argyle,Peterborough United,2,0,0,642662
2022-08-13T14:00:00Z,2022,eng.3,Port Vale,Bolton Wanderers,0,0,0,642663
2022-08-13T14:00:00Z,2022,eng.3,Sheffield Wednesday,Charlton Athletic,1,0,0,642664
2022-08-13T14:00:00Z,2022,eng.3,Ipswich Town,Milton Keynes Dons,3,0,0,642665
2022-08-13T14:00:00Z,2022,eng.2,Blackpool,Swansea City,0,1,0,643207
2022-08-13T14:00:00Z,2022,eng.2,Huddersfield Town,Stoke City,3,1,0,643209
2022-08-13T14:00:00Z,2022,eng.2,Hull City,Norwich City,2,1,0,643210
2022-08-13T14:00:00Z,2022,eng.2,Rotherham United,Reading,4,0,0,643211
2022-08-13T14:00:00Z,2022,eng.2,Millwall,Coventry City,3,2,0,643213
2022-08-13T14:00:00Z,2022,eng.2,Wigan Athletic,Bristol City,1,1,0,643214
2022-08-13T14:00:00Z,2022,eng.2,Sunderland,Queens Park Rangers,2,2,0,643215
2022-08-13T14:00:00Z,2022,eng.2,Luton Town,Preston North End,0,1,0,643217
2022-08-13T14:00:00Z,2022,eng.5,Boreham Wood,Notts County,2,2,0,646988
2022-08-13T14:00:00Z,2022,eng.5,Woking,Dagenham & Redbridge,2,0,0,646989
2022-08-13T14:00:00Z,2022,eng.5,Solihull Moors,Southend United,1,1,0,646990
2022-08-13T14:00:00Z,2022,eng.5,Maidstone United,York City,2,1,0,646992
2022-08-13T14:00:00Z,2022,eng.5,Yeovil Town,Wrexham,1,1,0,646993
2022-08-13T14:00:00Z,2022,eng.5,Gateshead,Barnet,2,2,0,646994
2022-08-13T14:00:00Z,2022,eng.5,FC Halifax Town,Torquay United,0,1,0,646995
2022-08-13T14:00:00Z,2022,eng.5,Eastleigh,Wealdstone,1,0,0,646996
2022-08-13T14:00:00Z,2022,eng.5,Chesterfield,Aldershot Town,1,0,0,646997
2022-08-13T14:00:00Z,2022,eng.5,Bromley,Altrincham,0,0,0,646998
2022-08-13T14:00:00Z,2022,eng.5,Maidenhead United,Scunthorpe United,3,2,0,646999
2022-08-13T15:00:00Z,2022,fra.1,AS Monaco,Stade Rennais,1,1,0,639625
2022-08-13T15:00:00Z,2022,aut.1,SK Austria Klagenfurt,SV Josko Ried,1,0,0,641777
2022-08-13T15:00:00Z,2022,aut.1,Austria Vienna,WSG Swarovski Tirol,2,1,0,641778
2022-08-13T15:00:00Z,2022,esp.1,Celta Vigo,Espanyol,2,2,0,643780
2022-08-13T15:00:00Z,2022,esp.2,Eibar,Tenerife,2,1,0,644154
2022-08-13T15:30:00Z,2022,swe.1,Helsingborg,IK Sirius,0,0,0,628454
2022-08-13T16:00:00Z,2022,per.1,Sporting Cristal,Carlos Stein,3,2,0,641960
2022-08-13T16:00:00Z,2022,rsa.1,Richards Bay FC,Sekhukhune United FC,1,0,0,649374
2022-08-13T16:15:00Z,2022,arg.3,Talleres de Remedios,Dock Sud,2,1,0,636388
2022-08-13T16:15:00Z,2022,bel.1,RFC Seraing,Royal Charleroi SC,0,1,0,641374
2022-08-13T16:15:00Z,2022,bel.1,Cercle Brugge KSV,KV Mechelen,0,0,0,641375
2022-08-13T16:15:00Z,2022,tur.1,Kayserispor,Istanbulspor,1,0,0,645904
2022-08-13T16:20:00Z,2022,eng.5,Oldham Athletic,Dorking Wanderers,3,2,0,646991
2022-08-13T16:30:00Z,2022,eng.1,Brentford,Manchester United,4,0,0,638211
2022-08-13T16:30:00Z,2022,ger.1,Schalke 04,Borussia Mönchengladbach,2,2,0,638450
2022-08-13T16:30:00Z,2022,ita.1,Sampdoria,Atalanta,0,2,0,644618
2022-08-13T16:30:00Z,2022,ita.1,AC Milan,Udinese,4,2,0,644626
2022-08-13T16:45:00Z,2022,ned.1,Go Ahead Eagles,PSV Eindhoven,2,5,0,637205
2022-08-13T17:00:00Z,2022,fra.2,Bastia,Grenoble,3,0,0,640010
2022-08-13T17:00:00Z,2022,fra.2,Sochaux,SC Amiens,0,1,0,640011
2022-08-13T17:00:00Z,2022,fra.2,Nimes,Rodez Aveyron,1,0,0,640013
2022-08-13T17:00:00Z,2022,fra.2,Bordeaux,Niort,1,0,0,640014
2022-08-13T17:00:00Z,2022,fra.2,Le Havre AC,Pau,1,1,0,640015
2022-08-13T17:00:00Z,2022,fra.2,Annecy,Stade Laval,0,1,0,640017
2022-08-13T17:00:00Z,2022,fra.2,Dijon FCO,Caen,2,2,0,640018
2022-08-13T17:00:00Z,2022,fra.2,Metz,Valenciennes,2,0,0,640019
2022-08-13T17:00:00Z,2022,rus.1,Dinamo Moscow,Krasnodar,0,0,0,641142
2022-08-13T17:00:00Z,2022,esp.1,Real Valladolid,Villarreal,0,3,0,643777
2022-08-13T17:00:00Z,2022,esp.2,Mirandés,Sporting Gijón,1,1,0,644159
2022-08-13T17:00:00Z,2022,por.1,Casa Pia,Benfica,0,1,0,646680
2022-08-13T17:10:00Z,2022,arg.2,Sacachispas,Belgrano (Córdoba),1,1,0,630282
2022-08-13T17:15:00Z,2022,chi.1,Audax Italiano,Everton CD,1,0,0,629292
2022-08-13T17:30:00Z,2022,aut.1,SK Sturm Graz,SC Rheindorf Altach,4,0,0,641776
2022-08-13T18:00:00Z,2022,arg.2,Deportivo Maipú,Temperley,2,1,0,630274
2022-08-13T18:00:00Z,2022,arg.2,Quilmes,Flandria,1,0,0,630281
2022-08-13T18:00:00Z,2022,ned.1,FC Emmen,RKC Waalwijk,1,1,0,637206
2022-08-13T18:00:00Z,2022,ned.1,FC Utrecht,SC Cambuur,0,0,0,637207
2022-08-13T18:00:00Z,2022,rsa.1,AmaZulu,Cape Town City FC,2,1,0,649375
2022-08-13T18:15:00Z,2022,per.1,Carlos A. Mannucci,San Martin,3,2,0,641964
2022-08-13T18:30:00Z,2022,arg.1,Rosario Central,Barracas Central,3,1,0,635431
2022-08-13T18:30:00Z,2022,arg.1,Defensa y Justicia,Tigre,0,0,0,635440
2022-08-13T18:30:00Z,2022,arg.3,Deportivo Merlo,Deportivo Armenio,0,0,0,636382
2022-08-13T18:30:00Z,2022,arg.3,Defensores Unidos,UAI Urquiza,2,1,0,636383
2022-08-13T18:30:00Z,2022,arg.3,Cañuelas,Comunicaciones,0,4,0,636385
2022-08-13T18:30:00Z,2022,arg.3,Acassuso,Fénix,0,0,0,636387
2022-08-13T18:30:00Z,2022,ger.2,SV Darmstadt 98,Hansa Rostock,4,0,0,638779
2022-08-13T18:30:00Z,2022,uru.1,Rentistas,Danubio,0,1,0,651002
2022-08-13T18:45:00Z,2022,bel.1,Union St.-Gilloise,KV Kortrijk,2,1,0,641376
2022-08-13T18:45:00Z,2022,ita.1,Monza,Torino,1,2,0,644620
2022-08-13T18:45:00Z,2022,ita.1,Lecce,Internazionale,1,2,0,644622
2022-08-13T18:45:00Z,2022,tur.1,Adana Demirspor,Sivasspor,3,0,0,645899
2022-08-13T18:45:00Z,2022,tur.1,Galatasaray,Giresunspor,0,1,0,645901
2022-08-13T18:45:00Z,2022,ita.2,Cittadella,Pisa,4,3,0,649609
2022-08-13T18:45:00Z,2022,ita.2,Como,Cagliari,1,1,0,649610
2022-08-13T18:45:00Z,2022,ita.2,Palermo,Perugia,2,0,0,649612
2022-08-13T19:00:00Z,2022,bra.2,Sport,CSA,4,0,0,631291
2022-08-13T19:00:00Z,2022,ned.1,Feyenoord Rotterdam,Heerenveen,0,0,0,637208
2022-08-13T19:00:00Z,2022,fra.1,Paris Saint-Germain,Montpellier,5,2,0,639622
2022-08-13T19:00:00Z,2022,gua.1,Santa Lucía Cotzumalguapa,Comunicaciones,1,1,0,640972
2022-08-13T19:00:00Z,2022,esp.1,Barcelona,Rayo Vallecano,0,0,0,643772
2022-08-13T19:00:00Z,2022,esp.2,Leganés,Alavés,1,2,0,644161
2022-08-13T19:00:00Z,2022,bol.1,Real Santa Cruz,Bolívar,1,2,0,650065
2022-08-13T19:30:00Z,2022,bra.1,Goiás,Avaí,1,1,0,630926
2022-08-13T19:30:00Z,2022,bra.2,Cruzeiro,Chapecoense,1,1,0,631292
2022-08-13T19:30:00Z,2022,por.1,Sporting CP,Rio Ave,3,0,0,646686
2022-08-13T19:45:00Z,2022,chi.1,Curicó Unido,Universidad de Chile,3,1,0,629296
2022-08-13T20:00:00Z,2022,ecu.1,Independiente del Valle,Gualaceo,2,0,0,635910
2022-08-13T20:15:00Z,2022,col.1,Cortuluá,Alianza FC,0,2,0,626781
2022-08-13T20:30:00Z,2022,per.1,Ayacucho FC,ADT,1,2,0,641965
2022-08-13T20:30:00Z,2022,par.1,Libertad,Sol de América,4,1,0,647554
2022-08-13T21:00:00Z,2022,usa.usl.l1,North Carolina FC,Central Valley Fuego FC,0,1,0,625665
2022-08-13T21:00:00Z,2022,ven.1,Deportivo La Guaira,Caracas FC,2,0,0,631863
2022-08-13T21:00:00Z,2022,arg.1,Lanús,Independiente,1,1,0,635443
2022-08-13T21:00:00Z,2022,gua.1,Municipal,CD Malacateco,4,1,0,640971
2022-08-13T21:00:00Z,2022,esp.2,Las Palmas,Real Zaragoza,0,0,0,644151
2022-08-13T21:10:00Z,2022,arg.2,Instituto (Córdoba),Deportivo Riestra,1,1,0,630278
2022-08-13T21:15:00Z,2022,bol.1,The Strongest,Atlético Palmaflor,1,1,0,650066
2022-08-13T21:30:00Z,2022,bra.2,Guarani,Náutico,1,0,0,631297
2022-08-13T21:30:00Z,2022,uru.1,Peñarol,Albion FC,2,0,0,650997
2022-08-13T22:00:00Z,2022,usa.1,Red Bull New York,Orlando City SC,0,1,0,623501
2022-08-13T22:00:00Z,2022,bra.1,Corinthians,Palmeiras,0,1,0,630931
2022-08-13T22:00:00Z,2022,mex.1,León,Mazatlán FC,0,3,0,636079
2022-08-13T22:30:00Z,2022,col.1,Independiente Santa Fe,Deportes Tolima,2,1,0,626789
2022-08-13T22:30:00Z,2022,ecu.1,9 de Octubre,Aucas,1,2,0,635914
2022-08-13T23:00:00Z,2022,usa.usl.l1,Greenville Triumph,Richmond Kickers,1,0,0,625669
2022-08-13T23:00:00Z,2022,usa.usl.1,Hartford Athletic,Indy Eleven,2,1,0,627774
2022-08-13T23:00:00Z,2022,usa.usl.1,Pittsburgh Riverhounds,Memphis 901 FC,0,2,0,627777
2022-08-13T23:00:00Z,2022,par.1,Guaireña,12 de Octubre,2,1,0,647555
2022-08-13T23:00:00Z,2022,hon.1,UPNFM,Honduras Progreso,1,2,0,648213
2022-08-13T23:15:00Z,2022,ven.1,Academia Puerto Cabello,Mineros de Guayana,4,2,0,631866
2022-08-13T23:30:00Z,2022,usa.1,New England Revolution,D.C. United,1,0,0,623502
2022-08-13T23:30:00Z,2022,usa.1,Toronto FC,Portland Timbers,3,1,0,623503
2022-08-13T23:30:00Z,2022,usa.1,Philadelphia Union,Chicago Fire FC,4,1,0,623504
2022-08-13T23:30:00Z,2022,usa.1,FC Cincinnati,Atlanta United FC,2,2,0,623505
2022-08-13T23:30:00Z,2022,usa.usl.l1,South Georgia Tormenta FC,Charlotte Independence,0,3,0,625666
2022-08-13T23:30:00Z,2022,usa.usl.1,Atlanta United 2,Miami FC,0,2,0,627771
2022-08-13T23:30:00Z,2022,usa.usl.1,Detroit City FC,Oakland Roots,1,1,0,627773
2022-08-13T23:30:00Z,2022,usa.usl.1,Louisville City FC,Tampa Bay Rowdies,1,0,0,627775
2022-08-13T23:30:00Z,2022,bra.1,Cuiabá,Juventude,1,0,0,630930
2022-08-13T23:30:00Z,2022,bra.2,CRB,Grêmio,2,0,0,631294
2022-08-13T23:30:00Z,2022,arg.1,River Plate,Newell's Old Boys,4,1,0,635432
2022-08-13T23:30:00Z,2022,bol.1,Guabirá,Independiente Petrolero,1,1,0,650067
2022-08-14T00:00:00Z,2022,usa.1,Inter Miami CF,New York City FC,3,2,0,623506
2022-08-14T00:00:00Z,2022,usa.usl.l1,Forward Madison FC,Chattanooga Red Wolves,1,1,0,625667
2022-08-14T00:00:00Z,2022,usa.usl.l1,Union Omaha,Northern Colorado Hailstorm FC,1,1,0,625668
2022-08-14T00:00:00Z,2022,usa.usl.1,Birmingham Legion FC,San Diego Loyal SC,1,0,0,627772
2022-08-14T00:00:00Z,2022,bra.1,Botafogo,Atlético Goianiense,0,0,0,630924
2022-08-14T00:00:00Z,2022,gua.1,Deportivo Mixco,Xinabajul,2,0,0,640968
2022-08-14T00:00:00Z,2022,per.1,Universitario,Deportivo Binacional,2,0,0,641968
2022-08-14T00:00:00Z,2022,crc.1,Santos,Alajuelense,2,1,0,647850
2022-08-14T00:05:00Z,2022,mex.1,Pumas UNAM,América,0,3,0,636080
2022-08-14T00:30:00Z,2022,chi.1,Unión La Calera,Antofagasta,1,1,0,629290
2022-08-14T00:45:00Z,2022,col.1,Atlético Junior,Independiente Medellín,4,2,0,626786
2022-08-14T01:00:00Z,2022,usa.1,Houston Dynamo FC,CF Montréal,2,3,0,623507
2022-08-14T01:00:00Z,2022,usa.1,Colorado Rapids,Columbus Crew,1,1,0,623508
2022-08-14T01:00:00Z,2022,usa.1,Austin FC,Sporting Kansas City,4,3,0,623509
2022-08-14T01:00:00Z,2022,usa.1,FC Dallas,San Jose Earthquakes,4,1,0,623510
2022-08-14T01:00:00Z,2022,usa.usl.1,San Antonio FC,Las Vegas Lights FC,2,0,0,627778
2022-08-14T01:00:00Z,2022,ecu.1,Barcelona SC,Universidad Católica (Quito),0,0,0,635913
2022-08-14T01:30:00Z,2022,hon.1,Vida,C.D.Real Sociedad,2,0,0,648212
2022-08-14T02:00:00Z,2022,usa.1,LA Galaxy,Vancouver Whitecaps,5,2,0,623511
2022-08-14T02:00:00Z,2022,usa.usl.1,Monterey Bay,Sacramento Republic FC,1,0,0,627776
2022-08-14T02:00:00Z,2022,gua.1,Xelajú MC,CD Guastatoya,1,1,0,640969
2022-08-14T02:05:00Z,2022,mex.1,Guadalajara,Atlas,1,1,0,636081
2022-08-14T02:30:00Z,2022,usa.1,LAFC,Charlotte FC,5,0,0,623512
2022-08-14T09:00:00Z,2022,jpn.1,Kashima Antlers,Avispa Fukuoka,2,0,0,628947
2022-08-14T09:30:00Z,2022,jpn.1,Kashiwa Reysol,Sanfrecce Hiroshima,2,3,0,628948
2022-08-14T10:00:00Z,2022,jpn.1,Gamba Osaka,Shimizu S-Pulse,0,2,0,628949
2022-08-14T10:00:00Z,2022,jpn.1,Sagan Tosu,Nagoya Grampus,0,0,0,628950
2022-08-14T10:15:00Z,2022,ned.1,FC Volendam,NEC Nijmegen,1,4,0,637209
2022-08-14T10:15:00Z,2022,ned.2,ADO Den Haag,FC Den Bosch,0,2,0,637520
2022-08-14T11:00:00Z,2022,sco.1,Kilmarnock,Celtic,0,5,0,639064
2022-08-14T11:30:00Z,2022,ger.2,Hannover 96,SSV Jahn Regensburg,1,0,0,638773
2022-08-14T11:30:00Z,2022,ger.2,Fortuna Düsseldorf,SpVgg Greuther Fürth,2,2,0,638774
2022-08-14T11:30:00Z,2022,ger.2,St. Pauli,1. FC Magdeburg,3,0,0,638775
2022-08-14T11:30:00Z,2022,bel.1,Sint-Truidense,Anderlecht,0,3,0,641377
2022-08-14T12:00:00Z,2022,den.1,Viborg FF,Silkeborg IF,2,0,0,636930
2022-08-14T12:00:00Z,2022,rus.1,FC Khimki,Akhmat Grozny,1,3,0,641141
2022-08-14T12:30:00Z,2022,ned.1,Ajax Amsterdam,FC Groningen,6,1,0,637210
2022-08-14T12:30:00Z,2022,ned.1,FC Twente,Fortuna Sittard,3,0,0,637211
2022-08-14T13:00:00Z,2022,swe.1,Malmö FF,GIF Sundsvall,3,1,0,628450
2022-08-14T13:00:00Z,2022,swe.1,AIK,IFK Värnamo,2,2,0,628453
2022-08-14T13:00:00Z,2022,swe.1,Djurgården,Kalmar FF,3,2,0,628455
2022-08-14T13:00:00Z,2022,eng.1,Nottingham Forest,West Ham United,1,0,0,638216
2022-08-14T13:00:00Z,2022,fra.1,AC Ajaccio,Lens,0,0,0,639620
2022-08-14T13:00:00Z,2022,fra.1,Stade de Reims,Clermont Foot,2,4,0,639621
2022-08-14T13:00:00Z,2022,fra.1,Troyes,Toulouse,0,3,0,639624
2022-08-14T13:00:00Z,2022,fra.1,AJ Auxerre,Angers,2,2,0,639628
2022-08-14T13:00:00Z,2022,eng.2,Middlesbrough,Sheffield United,2,2,0,643212
2022-08-14T13:00:00Z,2022,rsa.1,Orlando Pirates,Chippa United,0,1,0,649376
2022-08-14T13:30:00Z,2022,ger.1,Mainz,1. FC Union Berlin,0,0,0,638453
2022-08-14T14:00:00Z,2022,bra.1,Coritiba,Atlético-MG,0,1,0,630923
2022-08-14T14:00:00Z,2022,bra.2,Novorizontino,Criciúma,3,1,0,631293
2022-08-14T14:00:00Z,2022,den.1,AaB,FC Nordsjælland,0,0,0,636927
2022-08-14T14:00:00Z,2022,sco.1,Heart of Midlothian,Dundee United,4,1,0,639063
2022-08-14T14:00:00Z,2022,bel.1,Eupen,Antwerp,0,1,0,641378
2022-08-14T14:00:00Z,2022,eng.2,Blackburn Rovers,West Bromwich Albion,2,1,0,643206
2022-08-14T14:30:00Z,2022,rus.1,Gazovik Orenburg,FK Torpedo Moscow,1,0,0,641138
2022-08-14T14:30:00Z,2022,rus.1,Nizhny Novgorod,Rostov,3,4,0,641139
2022-08-14T14:30:00Z,2022,por.1,Boavista,Santa Clara,2,1,0,646681
2022-08-14T14:45:00Z,2022,ned.1,Sparta Rotterdam,AZ Alkmaar,2,3,0,637212
2022-08-14T15:00:00Z,2022,aut.1,RB Salzburg,Wolfsberger,2,1,0,641779
2022-08-14T15:00:00Z,2022,aut.1,Austria Lustenau,TSV Hartberg,4,1,0,641780
2022-08-14T15:00:00Z,2022,aut.1,LASK Linz,Rapid Vienna,2,1,0,641781
2022-08-14T15:05:00Z,2022,fra.1,Nice,Strasbourg,1,1,0,639623
2022-08-14T15:30:00Z,2022,swe.1,IF Elfsborg,IFK Norrköping,1,1,0,628452
2022-08-14T15:30:00Z,2022,swe.1,Degerfors IF,Varbergs BoIS FC,1,1,0,628457
2022-08-14T15:30:00Z,2022,eng.1,Chelsea,Tottenham Hotspur,2,2,0,638213
2022-08-14T15:30:00Z,2022,ger.1,Bayern Munich,VfL Wolfsburg,2,0,0,638451
2022-08-14T15:30:00Z,2022,esp.1,Cádiz,Real Sociedad,0,1,0,643778
2022-08-14T15:30:00Z,2022,esp.2,Racing Santander,Villarreal B,0,2,0,644160
2022-08-14T15:30:00Z,2022,rsa.1,TS Galaxy FC,SuperSport United,2,0,0,649377
2022-08-14T15:30:00Z,2022,uru.1,Montevideo City Torque,Defensor Sporting,0,2,0,650999
2022-08-14T16:00:00Z,2022,nor.1,Tromso,Kristiansund BK,2,1,0,628083
2022-08-14T16:00:00Z,2022,nor.1,FK Jerv,Lillestrom,1,0,0,628084
2022-08-14T16:00:00Z,2022,arg.2,Tristán Suárez,All Boys,0,1,0,630284
2022-08-14T16:00:00Z,2022,den.1,Brøndby IF,Odense Boldklub,2,0,0,636928
2022-08-14T16:00:00Z,2022,per.1,Alianza Atlético,César Vallejo,3,0,0,641967
2022-08-14T16:15:00Z,2022,tur.1,Gaziantep FK,Ankaragucu,1,0,0,645902
2022-08-14T16:15:00Z,2022,tur.1,Umraniyespor,Antalyaspor,0,1,0,645907
2022-08-14T16:30:00Z,2022,bel.1,OH Leuven,Club Brugge,0,3,0,641379
2022-08-14T16:30:00Z,2022,ita.1,Lazio,Bologna,2,1,0,644623
2022-08-14T16:30:00Z,2022,ita.1,Fiorentina,Cremonese,3,2,0,644625
2022-08-14T17:00:00Z,2022,gua.1,Cobán Imperial,Antigua GFC,3,1,0,640970
2022-08-14T17:00:00Z,2022,gua.1,CD Achuapa,Iztapa,1,1,0,640973
2022-08-14T17:00:00Z,2022,rus.1,Spartak Moscow,Sochi,3,0,0,641137
2022-08-14T17:00:00Z,2022,por.1,Vizela,FC Porto,0,1,0,646684
2022-08-14T17:00:00Z,2022,crc.1,Grecia,Cartaginés,3,5,0,647848
2022-08-14T17:30:00Z,2022,esp.1,Valencia,Girona,1,0,0,643773
2022-08-14T17:30:00Z,2022,esp.2,UD Ibiza,Granada,0,2,0,644152
2022-08-14T17:45:00Z,2022,arg.2,Chacarita Juniors,San Martín (San Juan),1,1,0,630272
2022-08-14T18:00:00Z,2022,nor.1,Hamarkameratene,Vålerenga,1,1,0,628088
2022-08-14T18:00:00Z,2022,arg.2,Almagro,Deportivo Madryn,1,1,0,630268
2022-08-14T18:00:00Z,2022,arg.2,Brown de Adrogué,Chaco For Ever,1,2,0,630271
2022-08-14T18:00:00Z,2022,arg.2,Defensores de Belgrano,San Telmo,0,0,0,630273
2022-08-14T18:00:00Z,2022,arg.2,Guillermo Brown,Atlanta,1,0,0,630276
2022-08-14T18:00:00Z,2022,ecu.1,Cumbayá,Macará,1,0,0,635912
2022-08-14T18:00:00Z,2022,per.1,Atlético Grau,Deportivo Municipal,2,1,0,641966
2022-08-14T18:15:00Z,2022,per.1,Sport Boys,Cienciano del Cusco,2,1,0,641962
2022-08-14T18:30:00Z,2022,arg.1,Vélez Sarsfield,Gimnasia La Plata,1,1,0,635436
2022-08-14T18:30:00Z,2022,arg.3,Colegiales,San Miguel,2,1,0,636384
2022-08-14T18:30:00Z,2022,uru.1,Liverpool,Nacional,0,1,0,651000
2022-08-14T18:45:00Z,2022,fra.1,Brest,Marseille,1,1,0,639627
2022-08-14T18:45:00Z,2022,ita.1,Spezia,Empoli,1,0,0,644617
2022-08-14T18:45:00Z,2022,ita.1,Salernitana,AS Roma,0,1,0,644619
2022-08-14T18:45:00Z,2022,tur.1,Alanyaspor,Besiktas,3,3,0,645900
2022-08-14T18:45:00Z,2022,ita.2,Ascoli,Ternana,2,1,0,649606
2022-08-14T18:45:00Z,2022,ita.2,Benevento,Cosenza,0,1,0,649607
2022-08-14T18:45:00Z,2022,ita.2,Brescia,Sudtirol,2,0,0,649608
2022-08-14T18:45:00Z,2022,ita.2,Modena,Frosinone,0,1,0,649611
2022-08-14T18:45:00Z,2022,ita.2,SPAL,Reggina,1,3,0,649614
2022-08-14T18:45:00Z,2022,ita.2,Venezia,Genoa,1,2,0,649615
2022-08-14T19:00:00Z,2022,chi.1,La Serena,Huachipato,0,1,0,629295
2022-08-14T19:00:00Z,2022,arg.2,Alvarado (Mar del Plata),Estudiantes de Río Cuarto,0,1,0,630269
2022-08-14T19:00:00Z,2022,bra.1,Flamengo,Athletico-PR,5,0,0,630925
2022-08-14T19:00:00Z,2022,bra.1,São Paulo,Red Bull Bragantino,3,0,0,630927
2022-08-14T19:00:00Z,2022,bra.1,Ceará,Fortaleza,0,1,0,630929
2022-08-14T19:00:00Z,2022,bel.1,Zulte-Waregem,Racing Genk,1,4,0,641380
2022-08-14T19:00:00Z,2022,bol.1,Nacional Potosí,Wilstermann,1,0,0,650068
2022-08-14T19:30:00Z,2022,arg.2,Mitre (Santiago del Estero),Villa Dálmine,3,2,0,630279
2022-08-14T19:30:00Z,2022,por.1,Vitória de Guimaraes,Estoril,1,0,0,646685
2022-08-14T19:30:00Z,2022,par.1,Club Olimpia,Cerro Porteño,2,0,0,647553
2022-08-14T20:00:00Z,2022,esp.1,Almería,Real Madrid,1,2,0,643779
2022-08-14T20:00:00Z,2022,esp.2,Burgos,Málaga,1,0,0,644155
2022-08-14T20:30:00Z,2022,ecu.1,Técnico Universitario,Guayaquil City FC,3,1,0,635915
2022-08-14T20:30:00Z,2022,per.1,Sport Huancayo,UTC,4,0,0,641961
2022-08-14T20:40:00Z,2022,arg.2,San Martín (Tucumán),Gimnasia (Mendoza),0,0,0,630283
2022-08-14T21:00:00Z,2022,col.1,Jaguares de Córdoba,Deportivo Pereira,1,2,0,626784
2022-08-14T21:00:00Z,2022,bra.1,América Mineiro,Santos,1,0,0,630932
2022-08-14T21:00:00Z,2022,ven.1,Inter de Barinas,UCV FC,2,0,0,631868
2022-08-14T21:00:00Z,2022,arg.1,Argentinos Juniors,Unión (Santa Fe),2,0,0,635430
2022-08-14T21:00:00Z,2022,arg.1,Estudiantes de La Plata,Talleres (Córdoba),1,0,0,635439
2022-08-14T21:00:00Z,2022,hon.1,Olancho FC,Club Deportivo Olimpia,0,1,0,648214
2022-08-14T21:15:00Z,2022,bol.1,Universitario de Sucre,Universitario de Vinto,2,1,0,650069
2022-08-14T21:30:00Z,2022,chi.1,Colo Colo,Palestino,1,0,0,629294
2022-08-14T22:00:00Z,2022,bra.1,Internacional,Fluminense,3,0,0,630928
2022-08-14T22:00:00Z,2022,mex.1,Cruz Azul,Toluca,2,3,0,636082
2022-08-14T22:00:00Z,2022,hon.1,Real España,Club Deportivo Victoria,2,1,0,648211
2022-08-14T22:00:00Z,2022,hon.1,FC Motagua,Club Deportivo Marathón,4,1,0,648215
2022-08-14T22:30:00Z,2022,par.1,Guaraní,Nacional Asunción,1,1,0,647556
2022-08-14T23:00:00Z,2022,ecu.1,Liga de Quito,Emelec,2,0,0,635909
2022-08-14T23:00:00Z,2022,crc.1,Saprissa,AD San Carlos,3,0,0,647847
2022-08-14T23:05:00Z,2022,col.1,Águilas Doradas,Millonarios,0,0,0,626787
2022-08-14T23:15:00Z,2022,ven.1,Deportivo Táchira,Carabobo,0,0,0,631862
2022-08-14T23:30:00Z,2022,arg.1,Racing Club,Boca Juniors,0,0,0,635433
2022-08-14T23:30:00Z,2022,bol.1,Oriente Petrolero,Real Tomayapo,3,0,0,650070
2022-08-15T00:00:00Z,2022,usa.usl.1,Ventura County FC,New Mexico United,2,2,0,627779
2022-08-15T00:00:00Z,2022,chi.1,Ñublense,Unión Española,1,2,0,629297
2022-08-15T00:00:00Z,2022,crc.1,Guadalupe FC,AD Guanacasteca,1,0,0,647849
2022-08-15T00:05:00Z,2022,mex.1,Tigres UANL,Santos,2,0,0,636083
2022-08-15T01:25:00Z,2022,usa.1,Nashville SC,Minnesota United FC,1,2,0,623513
2022-08-15T02:00:00Z,2022,usa.1,Seattle Sounders FC,Real Salt Lake,1,2,0,623514
2022-08-15T12:00:00Z,2022,chn.1,Tianjin Jinmen Tiger,Changchun Yatai,2,2,0,650733
2022-08-15T12:00:00Z,2022,chn.1,Hebei FC,Shandong Taishan,0,7,0,650734
2022-08-15T14:30:00Z,2022,por.1,Maritimo,GD Chaves,1,2,0,646683
2022-08-15T15:30:00Z,2022,esp.1,Athletic Club,Mallorca,0,0,0,643771
2022-08-15T15:30:00Z,2022,esp.2,Real Oviedo,FC Andorra,0,1,0,644156
2022-08-15T16:15:00Z,2022,tur.1,Konyaspor,Istanbul Basaksehir,0,0,0,645905
2022-08-15T16:30:00Z,2022,ita.1,Hellas Verona,Napoli,2,5,0,644621
2022-08-15T17:00:00Z,2022,swe.1,BK Häcken,Mjällby AIF,1,0,0,628456
2022-08-15T17:00:00Z,2022,den.1,AGF,Lyngby Boldklub,1,0,0,636926
2022-08-15T17:00:00Z,2022,por.1,Arouca,Gil Vicente,1,0,0,646682
2022-08-15T17:10:00Z,2022,swe.1,IFK Göteborg,Hammarby IF,0,1,0,628451
2022-08-15T17:30:00Z,2022,esp.1,Getafe,Atlético Madrid,0,3,0,643774
2022-08-15T17:30:00Z,2022,esp.2,Lugo,Albacete,1,2,0,644158
2022-08-15T18:00:00Z,2022,arg.3,JJ Urquiza,Los Andes,1,0,0,636381
2022-08-15T18:00:00Z,2022,ned.2,Jong FC Utrecht,Heracles Almelo,0,3,0,637521
2022-08-15T18:00:00Z,2022,ned.2,Jong PSV,FC Dordrecht,1,0,0,637522
2022-08-15T18:00:00Z,2022,ned.2,MVV Maastricht,NAC Breda,3,1,0,637523
2022-08-15T18:30:00Z,2022,arg.2,Nueva Chicago,Deportivo Morón,1,1,0,630280
2022-08-15T18:30:00Z,2022,arg.3,Argentino de Quilmes,Ituzaingó,1,2,0,636386
2022-08-15T18:45:00Z,2022,fra.2,US Quevilly,Saint-Étienne,2,2,0,640012
2022-08-15T18:45:00Z,2022,ita.1,Juventus,Sassuolo,3,0,0,644624
2022-08-15T18:45:00Z,2022,tur.1,Kasimpasa,Fenerbahce,0,6,0,645903
2022-08-15T19:00:00Z,2022,arg.2,Independiente Rivadavia,Gimnasia y Esgrima (Jujuy),3,1,0,630277
2022-08-15T19:00:00Z,2022,eng.1,Liverpool,Crystal Palace,1,1,0,638214
2022-08-15T19:00:00Z,2022,bol.1,Always Ready,Blooming,5,0,0,650071
2022-08-15T19:30:00Z,2022,esp.1,Real Betis,Elche,3,0,0,643776
2022-08-15T19:30:00Z,2022,por.1,Paços de Ferreira,Portimonense,0,3,0,646687
2022-08-15T20:00:00Z,2022,esp.2,FC Cartagena,Ponferradina,2,3,0,644153
2022-08-15T20:00:00Z,2022,par.1,Sportivo Ameliano,General Caballero JLM,2,0,0,647552
2022-08-15T20:15:00Z,2022,col.1,Once Caldas,Patriotas,1,1,0,626788
2022-08-15T22:20:00Z,2022,col.1,Internacional de Bogotá,América de Cali,0,0,0,626782
2022-08-15T22:30:00Z,2022,par.1,Tacuary,Resistencia SC,1,1,0,647557
2022-08-15T23:00:00Z,2022,bol.1,Aurora,Royal Pari,2,1,0,650072
2022-08-16T00:00:00Z,2022,ecu.1,Deportivo Cuenca,Delfín,3,2,0,635911
2022-08-16T00:00:00Z,2022,per.1,Melgar,Academia Cantolao,3,1,0,641963
2022-08-16T00:10:00Z,2022,arg.2,Ferro Carril Oeste,Almirante Brown,1,0,0,630275
2022-08-16T01:00:00Z,2022,crc.1,Pérez Zeledón,Puntarenas FC,1,2,0,647845
2022-08-16T11:30:00Z,2022,chn.1,Shanghai Port,Shenzhen FC,2,0,0,650842
2022-08-16T17:30:00Z,2022,rsa.1,Cape Town City FC,Maritzburg United,0,0,0,649410
2022-08-16T18:45:00Z,2022,eng.4,Gillingham,Harrogate Town,0,2,0,642114
2022-08-16T18:45:00Z,2022,eng.4,Barrow,Walsall,2,1,0,642115
2022-08-16T18:45:00Z,2022,eng.4,Colchester United,Bradford City,1,0,0,642116
2022-08-16T18:45:00Z,2022,eng.4,Crawley Town,Northampton Town,2,3,0,642117
2022-08-16T18:45:00Z,2022,eng.4,Crewe Alexandra,Sutton United,1,0,0,642118
2022-08-16T18:45:00Z,2022,eng.4,Swindon Town,Leyton Orient,1,1,0,642119
2022-08-16T18:45:00Z,2022,eng.4,Hartlepool United,Tranmere Rovers,0,0,0,642121
2022-08-16T18:45:00Z,2022,eng.4,Mansfield Town,AFC Wimbledon,5,2,0,642122
2022-08-16T18:45:00Z,2022,eng.4,Newport County,Salford City,2,3,0,642123
2022-08-16T18:45:00Z,2022,eng.4,Stevenage,Rochdale,1,0,0,642124
2022-08-16T18:45:00Z,2022,eng.4,Doncaster Rovers,Stockport County,2,1,0,642125
2022-08-16T18:45:00Z,2022,eng.3,Barnsley,Bristol Rovers,3,0,0,642666
2022-08-16T18:45:00Z,2022,eng.3,Bolton Wanderers,Morecambe,1,0,0,642667
2022-08-16T18:45:00Z,2022,eng.3,Burton Albion,Ipswich Town,0,1,0,642668
2022-08-16T18:45:00Z,2022,eng.3,Charlton Athletic,Plymouth Argyle,5,1,0,642669
2022-08-16T18:45:00Z,2022,eng.3,Exeter City,Wycombe Wanderers,3,1,0,642670
2022-08-16T18:45:00Z,2022,eng.3,Fleetwood Town,Cheltenham Town,0,0,0,642671
2022-08-16T18:45:00Z,2022,eng.3,Milton Keynes Dons,Port Vale,2,1,0,642673
2022-08-16T18:45:00Z,2022,eng.3,Oxford United,Lincoln City,1,2,0,642674
2022-08-16T18:45:00Z,2022,eng.3,Peterborough United,Sheffield Wednesday,2,0,0,642675
2022-08-16T18:45:00Z,2022,eng.3,Portsmouth,Cambridge United,4,1,0,642676
2022-08-16T18:45:00Z,2022,eng.3,Shrewsbury Town,Derby County,0,0,0,642677
2022-08-16T18:45:00Z,2022,eng.2,Birmingham City,Watford,1,1,0,643218
2022-08-16T18:45:00Z,2022,eng.2,Bristol City,Luton Town,2,0,0,643219
2022-08-16T18:45:00Z,2022,eng.2,Burnley,Hull City,1,1,0,643220
2022-08-16T18:45:00Z,2022,eng.2,Norwich City,Huddersfield Town,2,1,0,643222
2022-08-16T18:45:00Z,2022,eng.2,Preston North End,Rotherham United,0,0,0,643223
2022-08-16T18:45:00Z,2022,eng.2,Swansea City,Millwall,2,2,0,643226
2022-08-16T18:45:00Z,2022,eng.5,FC Halifax Town,Southend United,0,0,0,647000
2022-08-16T18:45:00Z,2022,eng.5,Eastleigh,Dagenham & Redbridge,1,1,0,647001
2022-08-16T18:45:00Z,2022,eng.5,Chesterfield,Wrexham,2,0,0,647002
2022-08-16T18:45:00Z,2022,eng.5,Bromley,Torquay United,1,0,0,647003
2022-08-16T18:45:00Z,2022,eng.5,Boreham Wood,Aldershot Town,1,2,0,647004
2022-08-16T18:45:00Z,2022,eng.5,Gateshead,Notts County,1,1,0,647005
2022-08-16T18:45:00Z,2022,eng.5,Yeovil Town,Barnet,1,2,0,647006
2022-08-16T18:45:00Z,2022,eng.5,Woking,Scunthorpe United,2,0,0,647007
2022-08-16T18:45:00Z,2022,eng.5,Oldham Athletic,Wealdstone,1,2,0,647009
2022-08-16T18:45:00Z,2022,eng.5,Maidstone United,Dorking Wanderers,2,4,0,647010
2022-08-16T18:45:00Z,2022,eng.5,Maidenhead United,Altrincham,2,0,0,647011
2022-08-16T19:00:00Z,2022,eng.2,Queens Park Rangers,Blackpool,0,1,0,643224
2022-08-16T19:00:00Z,2022,chi.copa_chi,Santiago Morning,Cobreloa,0,0,0,649988
2022-08-16T19:00:00Z,2022,uefa.champions_qual,F.C. København,Trabzonspor,2,1,0,651333
2022-08-16T19:00:00Z,2022,uefa.champions_qual,Bodo/Glimt,Dinamo Zagreb,1,0,0,651334
2022-08-16T19:00:00Z,2022,uefa.champions_qual,Rangers,PSV Eindhoven,2,2,0,651335
2022-08-16T19:30:00Z,2022,arg.1,Central Córdoba (Santiago del Estero),Colón (Santa Fe),3,0,0,635450
2022-08-16T19:30:00Z,2022,arg.1,Sarmiento (Junín),Godoy Cruz Antonio Tomba,1,2,0,635454
2022-08-16T22:00:00Z,2022,arg.1,San Lorenzo,Platense,2,0,0,635453
2022-08-16T22:00:00Z,2022,chi.copa_chi,Audax Italiano,Universidad Católica,0,2,0,649989
2022-08-16T22:05:00Z,2022,mex.2,Mineros de Zacatecas,Club Atlético La Paz,2,1,0,638346
2022-08-16T23:30:00Z,2022,bra.2,Londrina,Bahia,1,1,0,631281
2022-08-17T00:00:00Z,2022,mex.1,Atlas,FC Juarez,0,1,0,636084
2022-08-17T00:00:00Z,2022,mex.1,Mazatlán FC,Querétaro,1,1,0,636085
2022-08-17T00:05:00Z,2022,mex.2,Cancún FC,Alebrijes de Oaxaca,0,0,0,638344
2022-08-17T00:10:00Z,2022,arg.2,Agropecuario,Güemes,2,0,0,630267
2022-08-17T00:30:00Z,2022,arg.1,Independiente,Huracán,1,1,0,635451
2022-08-17T00:30:00Z,2022,chi.copa_chi,Universidad de Concepción,Magallanes,0,2,0,649990
2022-08-17T02:05:00Z,2022,mex.1,Puebla,Necaxa,2,2,0,636086
2022-08-17T02:05:00Z,2022,mex.2,Raya2,Venados FC,1,2,0,638345
2022-08-17T02:30:00Z,2022,usa.1,LAFC,D.C. United,1,0,0,623520
2022-08-17T09:30:00Z,2022,chn.1,Shanghai Shenhua,Chengdu Rongcheng,0,2,0,650836
2022-08-17T10:30:00Z,2022,afc.cup,Khujand,Sogdiana Jizzakh,0,4,0,651363
2022-08-17T11:30:00Z,2022,chn.1,Henan,Wuhan Three Towns,0,3,0,650726
2022-08-17T11:30:00Z,2022,chn.1,Wuhan Yangtze River,Beijing Guoan,1,4,0,650731
2022-08-17T11:30:00Z,2022,chn.1,Meizhou Hakka,Guangzhou City,2,1,0,650732
2022-08-17T16:45:00Z,2022,uefa.champions_qual,FK Qarabag,Viktoria Plzen,0,0,0,651336
2022-08-17T16:45:00Z,2022,uefa.europa.conf_qual,Djurgården,Apoel Nicosia,3,0,0,651567
2022-08-17T17:30:00Z,2022,rsa.1,Royal AM,Orlando Pirates,0,1,0,649416
2022-08-17T18:45:00Z,2022,eng.2,Stoke City,Middlesbrough,2,2,0,643227
2022-08-17T18:45:00Z,2022,eng.5,Solihull Moors,York City,1,1,0,647008
2022-08-17T19:00:00Z,2022,eng.2,Sheffield United,Sunderland,2,1,0,643225
2022-08-17T19:00:00Z,2022,eng.2,Reading,Blackburn Rovers,3,0,0,643228
2022-08-17T19:00:00Z,2022,eng.2,West Bromwich Albion,Cardiff City,0,0,0,643229
2022-08-17T19:00:00Z,2022,uefa.champions_qual,Dynamo Kyiv,Benfica,0,2,0,651337
2022-08-17T19:00:00Z,2022,uefa.champions_qual,Maccabi Haifa,Red Star Belgrade,3,2,0,651338
2022-08-17T19:30:00Z,2022,arg.1,Newell's Old Boys,Lanús,2,0,0,635452
2022-08-17T19:30:00Z,2022,arg.1,Tigre,Atlético Tucumán,0,0,0,635456
2022-08-17T21:00:00Z,2022,chi.copa_chi,Antofagasta,Curicó Unido,4,2,0,649991
2022-08-17T22:00:00Z,2022,bra.2,Criciúma,Operário PR,2,0,0,631287
2022-08-17T22:00:00Z,2022,arg.1,Arsenal Sarandi,River Plate,0,0,0,635446
2022-08-17T22:00:00Z,2022,mex.2,Durango,Leones Negros,1,0,0,638349
2022-08-17T22:00:00Z,2022,chi.copa_chi,Ñublense,Colo Colo,2,1,0,649992
2022-08-17T23:00:00Z,2022,col.copa,Independiente Medellín,Deportes Tolima,0,1,0,635085
2022-08-17T23:00:00Z,2022,bra.copa_do_brazil,Fluminense,Fortaleza,2,2,0,650115
2022-08-17T23:30:00Z,2022,usa.1,Atlanta United FC,Red Bull New York,1,2,0,623516
2022-08-17T23:30:00Z,2022,usa.1,Toronto FC,New England Revolution,2,2,0,623517
2022-08-18T00:00:00Z,2022,usa.1,New York City FC,Charlotte FC,1,3,0,623515
2022-08-18T00:00:00Z,2022,usa.usl.l1,Union Omaha,Charlotte Independence,2,1,0,625738
2022-08-18T00:00:00Z,2022,usa.usl.1,Birmingham Legion FC,Detroit City FC,1,2,0,627780
2022-08-18T00:00:00Z,2022,mex.1,Toluca,Monterrey,1,1,0,636087
2022-08-18T00:05:00Z,2022,mex.2,Tlaxcala FC,Celaya,0,1,0,638347
2022-08-18T00:30:00Z,2022,arg.1,Boca Juniors,Rosario Central,0,0,0,635449
2022-08-18T00:30:00Z,2022,chi.copa_chi,O'Higgins,Unión Española,1,3,0,649993
2022-08-18T00:30:00Z,2022,bra.copa_do_brazil,Corinthians,Atlético Goianiense,4,1,0,650112
2022-08-18T00:30:00Z,2022,bra.copa_do_brazil,Athletico-PR,Flamengo,0,1,0,650113
2022-08-18T01:00:00Z,2022,usa.1,FC Dallas,Philadelphia Union,1,0,0,623518
2022-08-18T01:00:00Z,2022,usa.usl.1,New Mexico United,Memphis 901 FC,0,2,0,627781
2022-08-18T01:15:00Z,2022,col.copa,Fortaleza CEIF,Millonarios,2,3,0,635086
2022-08-18T02:00:00Z,2022,usa.1,Vancouver Whitecaps,Colorado Rapids,2,1,0,623519
2022-08-18T02:00:00Z,2022,usa.usl.l1,Northern Colorado Hailstorm FC,FC Tucson,1,2,0,625664
2022-08-18T02:00:00Z,2022,usa.usl.1,Orange County SC,Las Vegas Lights FC,1,1,0,627783
2022-08-18T02:05:00Z,2022,mex.1,Pachuca,América,0,3,0,636088
2022-08-18T02:05:00Z,2022,mex.1,Cruz Azul,Tijuana,1,2,0,636089
2022-08-18T03:00:00Z,2022,usa.usl.1,Sacramento Republic FC,Colorado Springs Switchbacks FC,3,0,0,627782
2022-08-18T08:00:00Z,2022,afc.champions,Daegu FC,Jeonbuk Motors,1,2,0,634826
2022-08-18T11:00:00Z,2022,afc.champions,Vissel Kobe,Yokohama F. Marinos,3,2,0,634828
2022-08-18T11:30:00Z,2022,chn.1,Dalian Professional,Cangzhou Mighty Lions,2,0,0,650742
2022-08-18T16:00:00Z,2022,uefa.europa_qual,HJK Helsinki,Silkeborg IF,1,0,0,651367
2022-08-18T16:00:00Z,2022,uefa.europa.conf_qual,Raków Czestochowa,Slavia Prague,2,1,0,651555
2022-08-18T16:30:00Z,2022,uefa.europa_qual,Ferencvaros,Shamrock Rovers,4,0,0,651374
2022-08-18T17:00:00Z,2022,uefa.europa_qual,FC Zürich,Heart of Midlothian,2,1,0,651368
2022-08-18T17:00:00Z,2022,uefa.europa_qual,Malmö FF,Sivasspor,3,1,0,651371
2022-08-18T17:00:00Z,2022,uefa.europa_qual,Pyunik,Sheriff Tiraspol,0,0,0,651372
2022-08-18T17:00:00Z,2022,uefa.europa_qual,Apollon Limassol,Olympiacos,1,1,0,651547
2022-08-18T17:00:00Z,2022,uefa.europa.conf_qual,Molde,Wolfsberger,0,1,0,651549
2022-08-18T17:00:00Z,2022,uefa.europa.conf_qual,Maccabi Tel-Aviv,Nice,1,0,0,651550
2022-08-18T17:00:00Z,2022,uefa.europa.conf_qual,Rigas Futbola Skola,Linfield,2,2,0,651560
2022-08-18T17:00:00Z,2022,uefa.europa.conf_qual,Slovacko,AIK,3,0,0,651561
2022-08-18T17:00:00Z,2022,uefa.europa.conf_qual,CSKA Sofia,FC Basel,1,0,0,651562
2022-08-18T17:00:00Z,2022,uefa.europa.conf_qual,Young Boys,Anderlecht,0,1,0,651563
2022-08-18T17:30:00Z,2022,arg.1,Barracas Central,Defensa y Justicia,3,1,0,635448
2022-08-18T17:30:00Z,2022,uefa.europa.conf_qual,CSU Craiova,Hapoel Be'er,1,1,0,651565
2022-08-18T17:45:00Z,2022,uefa.europa_qual,Ludogorets Razgrad,Zalgiris Vilnius,1,0,0,651373
2022-08-18T17:45:00Z,2022,uefa.europa.conf_qual,Istanbul Basaksehir,Antwerp,1,1,0,651558
2022-08-18T18:00:00Z,2022,uefa.europa_qual,SC Dnipro-1,AEK Larnaca,1,2,0,651370
2022-08-18T18:00:00Z,2022,uefa.europa.conf_qual,FC Vaduz,Rapid Vienna,1,1,0,651556
2022-08-18T18:00:00Z,2022,uefa.europa.conf_qual,Zrinjski Mostar,Slovan Bratislava,1,0,0,651566
2022-08-18T18:15:00Z,2022,uefa.europa.conf_qual,NK Maribor,CFR Cluj-Napoca,0,0,0,651554
2022-08-18T18:30:00Z,2022,uefa.europa_qual,KAA Gent,Omonia Nicosia,0,2,0,651375
2022-08-18T18:30:00Z,2022,uefa.europa.conf_qual,FC Cologne,Fehérvár,1,2,0,651552
2022-08-18T18:30:00Z,2022,uefa.europa.conf_qual,FCSB,Viking FK,1,2,0,651557
2022-08-18T18:30:00Z,2022,uefa.europa.conf_qual,Lech Poznan,F91 Dudelange,2,0,0,651564
2022-08-18T18:45:00Z,2022,uefa.europa.conf_qual,Villarreal,Hajduk Split,4,2,0,651568
2022-08-18T18:45:00Z,2022,uefa.europa.conf_qual,West Ham United,Viborg FF,3,1,0,651569
2022-08-18T19:00:00Z,2022,uefa.europa_qual,Austria Vienna,Fenerbahce,0,2,0,651369
2022-08-18T19:00:00Z,2022,uefa.europa.conf_qual,Fiorentina,FC Twente,2,1,0,651551
2022-08-18T19:00:00Z,2022,uefa.europa.conf_qual,AZ Alkmaar,Gil Vicente,4,0,0,651553
2022-08-18T19:00:00Z,2022,uefa.europa.conf_qual,Partizan Belgrade,Hamrun Spartans,4,1,0,651559
2022-08-18T19:00:00Z,2022,uefa.europa.conf_qual,Shkupi,Ballkani,1,2,0,651570
2022-08-18T19:30:00Z,2022,arg.1,Aldosivi,Vélez Sarsfield,3,2,0,635444
2022-08-18T21:00:00Z,2022,ven.1,Zulia,Aragua,0,0,0,631855
2022-08-18T22:00:00Z,2022,arg.1,Talleres (Córdoba),Patronato,3,3,0,635455
2022-08-18T22:00:00Z,2022,arg.1,Unión (Santa Fe),Gimnasia La Plata,0,2,0,635457
2022-08-18T22:00:00Z,2022,mex.2,Tepatitlán FC,Correcaminos UAT,3,0,0,638351
2022-08-18T22:00:00Z,2022,chi.copa_chi,Huachipato,Coquimbo Unido,1,0,0,649994
2022-08-18T22:30:00Z,2022,col.copa,Unión Magdalena,Internacional de Bogotá,2,1,0,635087
2022-08-18T23:00:00Z,2022,bra.2,CSA,Vasco da Gama,2,0,0,631289
2022-08-18T23:15:00Z,2022,ven.1,Mineros de Guayana,Zamora FC,2,2,0,631861
2022-08-19T00:00:00Z,2022,mex.2,Pumas Tabasco,Atlante,1,1,0,638350
2022-08-19T00:00:00Z,2022,bra.copa_do_brazil,América Mineiro,São Paulo,2,2,0,650114
2022-08-19T00:05:00Z,2022,mex.1,Santos,León,2,1,0,636090
2022-08-19T00:30:00Z,2022,bra.2,Tombense,Sport,1,0,0,631288
2022-08-19T00:30:00Z,2022,arg.1,Argentinos Juniors,Estudiantes de La Plata,1,0,0,635445
2022-08-19T00:30:00Z,2022,arg.1,Banfield,Racing Club,0,2,0,635447
2022-08-19T00:30:00Z,2022,chi.copa_chi,Cobresal,Universidad de Chile,1,1,0,649995
2022-08-19T01:00:00Z,2022,col.copa,Atlético Nacional,Atlético Junior,1,1,0,635084
2022-08-19T02:05:00Z,2022,mex.1,Atlético de San Luis,Pumas UNAM,3,2,0,636091
2022-08-19T08:00:00Z,2022,afc.champions,BG Pathum United,Kitchee,4,0,0,634825
2022-08-19T10:30:00Z,2022,jpn.1,Nagoya Grampus,Jubilo Iwata,1,0,0,628951
2022-08-19T11:00:00Z,2022,afc.champions,Johor Darul Ta'zim,Urawa Red Diamonds,0,5,0,634827
2022-08-19T12:00:00Z,2022,chn.1,Hebei FC,Changchun Yatai,1,7,0,650848
2022-08-19T16:00:00Z,2022,rus.1,Krylia Sovetov,Fakel Voronezh,1,1,0,641150
2022-08-19T16:30:00Z,2022,ger.2,1. FC Magdeburg,Hannover 96,0,4,0,638781
2022-08-19T16:30:00Z,2022,ger.2,Hamburg SV,SV Darmstadt 98,1,2,0,638786
2022-08-19T17:00:00Z,2022,den.1,Lyngby Boldklub,F.C. København,0,3,0,636934
2022-08-19T17:30:00Z,2022,rsa.1,Moroka Swallows,AmaZulu,2,3,0,649378
2022-08-19T18:00:00Z,2022,ned.2,MVV Maastricht,ADO Den Haag,3,1,0,637524
2022-08-19T18:00:00Z,2022,ned.2,Helmond Sport,FC Eindhoven,0,1,0,637525
2022-08-19T18:00:00Z,2022,ned.2,FC Dordrecht,Jong FC Utrecht,2,1,0,637526
2022-08-19T18:00:00Z,2022,ned.2,FC Den Bosch,Roda JC Kerkrade,0,3,0,637527
2022-08-19T18:00:00Z,2022,ned.2,NAC Breda,TOP Oss,1,0,0,637528
2022-08-19T18:00:00Z,2022,ned.2,Willem II,Telstar,2,1,0,637529
2022-08-19T18:00:00Z,2022,esp.1,Espanyol,Rayo Vallecano,0,2,0,643783
2022-08-19T18:00:00Z,2022,esp.2,Villarreal B,Eibar,2,2,0,644168
2022-08-19T18:00:00Z,2022,tur.1,Umraniyespor,Galatasaray,0,1,0,645916
2022-08-19T18:00:00Z,2022,uru.1,Danubio,Montevideo City Torque,3,2,0,651004
2022-08-19T18:30:00Z,2022,arg.2,Estudiantes (Buenos Aires),Santamarina,1,0,0,630293
2022-08-19T18:30:00Z,2022,ger.1,Borussia Mönchengladbach,Hertha Berlin,1,0,0,638462
2022-08-19T18:30:00Z,2022,gre.1,Volos NFC,Asteras Tripoli,3,3,0,650230
2022-08-19T18:45:00Z,2022,sco.2,Partick Thistle,Inverness Caledonian Thistle,4,1,0,639449
2022-08-19T18:45:00Z,2022,bel.1,Eupen,RFC Seraing,1,3,0,641381
2022-08-19T18:45:00Z,2022,ita.2,Bari,Palermo,1,1,0,649617
2022-08-19T19:00:00Z,2022,fra.1,Lyon,Troyes,4,1,0,639630
2022-08-19T19:00:00Z,2022,eng.2,Norwich City,Millwall,2,0,0,643239
2022-08-19T19:00:00Z,2022,bol.1,Universitario de Vinto,Nacional Potosí,3,1,0,651850
2022-08-19T19:15:00Z,2022,por.1,Estoril,Rio Ave,2,2,0,646691
2022-08-19T20:00:00Z,2022,per.1,UTC,Ayacucho FC,2,1,0,641973
2022-08-19T20:00:00Z,2022,esp.1,Sevilla,Real Valladolid,1,1,0,643784
2022-08-19T20:00:00Z,2022,esp.2,Alavés,Mirandés,1,0,0,644166
2022-08-19T21:00:00Z,2022,col.1,Envigado FC,Atlético Bucaramanga,2,1,0,626772
2022-08-19T21:00:00Z,2022,ven.1,Monagas SC,Inter de Barinas,3,1,0,631856
2022-08-19T21:00:00Z,2022,par.1,Resistencia SC,Sportivo Ameliano,2,1,0,647562
2022-08-19T22:00:00Z,2022,bra.2,Ituano,Novorizontino,1,0,0,631286
2022-08-19T22:00:00Z,2022,bol.1,Real Tomayapo,Aurora,3,0,0,651851
2022-08-19T23:00:00Z,2022,uru.1,Cerrito,Cerro Largo,0,0,0,651005
2022-08-19T23:15:00Z,2022,ven.1,Deportivo Lara,Deportivo Táchira,2,0,0,631858
2022-08-19T23:15:00Z,2022,par.1,Sol de América,Guaireña,2,0,0,647563
2022-08-20T00:00:00Z,2022,ecu.1,Gualaceo,Técnico Universitario,0,3,0,635920
2022-08-20T00:00:00Z,2022,mex.1,Necaxa,Guadalajara,0,4,0,636092
2022-08-20T00:10:00Z,2022,arg.2,Belgrano (Córdoba),Instituto (Córdoba),1,0,0,630288
2022-08-20T00:15:00Z,2022,bol.1,Independiente Petrolero,Real Santa Cruz,1,0,0,651852
2022-08-20T00:30:00Z,2022,col.1,Alianza FC,Deportivo Cali,4,4,0,626774
2022-08-20T00:30:00Z,2022,bra.2,Náutico,Vila Nova,1,2,0,631290
2022-08-20T02:00:00Z,2022,usa.1,LA Galaxy,Seattle Sounders FC,3,3,0,623521
2022-08-20T05:00:00Z,2022,jpn.1,Consadole Sapporo,Sagan Tosu,1,2,0,628952
2022-08-20T09:00:00Z,2022,jpn.1,Shimizu S-Pulse,Kashiwa Reysol,1,1,0,628953
2022-08-20T10:00:00Z,2022,jpn.1,Sanfrecce Hiroshima,Gamba Osaka,5,2,0,628954
2022-08-20T10:00:00Z,2022,jpn.1,Avispa Fukuoka,Kawasaki Frontale,1,4,0,628982
2022-08-20T10:00:00Z,2022,rus.1,FC Ural Ekaterinburg,Nizhny Novgorod,0,1,0,641148
2022-08-20T11:00:00Z,2022,ger.2,SV Sandhausen,1. FC Nürnberg,1,2,0,638783
2022-08-20T11:00:00Z,2022,ger.2,SSV Jahn Regensburg,Karlsruher SC,0,6,0,638784
2022-08-20T11:00:00Z,2022,ger.2,SC Paderborn 07,Holstein Kiel,7,2,0,638785
2022-08-20T11:30:00Z,2022,eng.1,Tottenham Hotspur,Wolverhampton Wanderers,1,0,0,638227
2022-08-20T11:30:00Z,2022,sco.1,Hibernian,Rangers,2,2,0,639070
2022-08-20T11:30:00Z,2022,chn.1,Shanghai Port,Zhejiang Professional FC,1,1,0,650735
2022-08-20T12:00:00Z,2022,rus.1,FC Khimki,Lokomotiv Moscow,0,3,0,641145
2022-08-20T12:00:00Z,2022,eng.4,Hartlepool United,Bradford City,1,3,0,642133
2022-08-20T13:00:00Z,2022,swe.1,Varbergs BoIS FC,Djurgården,2,2,0,628445
2022-08-20T13:00:00Z,2022,fra.2,Saint-Étienne,Le Havre AC,0,6,0,640026
2022-08-20T13:00:00Z,2022,rsa.1,Sekhukhune United FC,Mamelodi Sundowns,1,1,0,649379
2022-08-20T13:00:00Z,2022,rsa.1,Golden Arrows,TS Galaxy FC,0,0,0,649380
2022-08-20T13:00:00Z,2022,uru.1,Rentistas,Liverpool,0,2,0,651008
2022-08-20T13:30:00Z,2022,ger.1,Bayer Leverkusen,TSG Hoffenheim,0,3,0,638456
2022-08-20T13:30:00Z,2022,ger.1,VfL Wolfsburg,Schalke 04,0,0,0,638457
2022-08-20T13:30:00Z,2022,ger.1,VfB Stuttgart,SC Freiburg,0,1,0,638459
2022-08-20T13:30:00Z,2022,ger.1,FC Augsburg,Mainz,1,2,0,638460
2022-08-20T13:30:00Z,2022,ger.1,Borussia Dortmund,Werder Bremen,2,3,0,638463
2022-08-20T14:00:00Z,2022,bra.2,Ponte Preta,Guarani,1,0,0,631285
2022-08-20T14:00:00Z,2022,den.1,FC Midtjylland,AGF,0,2,0,636932
2022-08-20T14:00:00Z,2022,eng.1,Crystal Palace,Aston Villa,3,1,0,638220
2022-08-20T14:00:00Z,2022,eng.1,Everton,Nottingham Forest,1,1,0,638221
2022-08-20T14:00:00Z,2022,eng.1,Fulham,Brentford,3,2,0,638222
2022-08-20T14:00:00Z,2022,eng.1,Leicester City,Southampton,1,2,0,638224
2022-08-20T14:00:00Z,2022,sco.1,Dundee United,St Mirren,0,3,0,639069
2022-08-20T14:00:00Z,2022,sco.1,Motherwell,Livingston,1,0,0,639071
2022-08-20T14:00:00Z,2022,sco.1,Ross County,Kilmarnock,1,0,0,639072
2022-08-20T14:00:00Z,2022,sco.1,St Johnstone,Aberdeen,0,1,0,639073
2022-08-20T14:00:00Z,2022,sco.2,Arbroath,Queen's Park,1,2,0,639445
2022-08-20T14:00:00Z,2022,sco.2,Cove Rangers,Ayr United,1,2,0,639446
2022-08-20T14:00:00Z,2022,sco.2,Hamilton Academical,Raith Rovers,0,2,0,639447
2022-08-20T14:00:00Z,2022,sco.2,Greenock Morton,Dundee,0,0,0,639448
2022-08-20T14:00:00Z,2022,bel.1,KV Oostende,Sint-Truidense,0,1,0,641383
2022-08-20T14:00:00Z,2022,eng.4,Barrow,Harrogate Town,1,0,0,642126
2022-08-20T14:00:00Z,2022,eng.4,Colchester United,Leyton Orient,1,3,0,642127
2022-08-20T14:00:00Z,2022,eng.4,Crawley Town,AFC Wimbledon,0,2,0,642128
2022-08-20T14:00:00Z,2022,eng.4,Crewe Alexandra,Northampton Town,2,2,0,642129
2022-08-20T14:00:00Z,2022,eng.4,Doncaster Rovers,Salford City,2,1,0,642130
2022-08-20T14:00:00Z,2022,eng.4,Gillingham,Walsall,0,0,0,642131
2022-08-20T14:00:00Z,2022,eng.4,Grimsby Town,Sutton United,0,0,0,642132
2022-08-20T14:00:00Z,2022,eng.4,Mansfield Town,Stockport County,2,1,0,642134
2022-08-20T14:00:00Z,2022,eng.4,Newport County,Tranmere Rovers,2,1,0,642135
2022-08-20T14:00:00Z,2022,eng.4,Stevenage,Carlisle United,2,1,0,642136
2022-08-20T14:00:00Z,2022,eng.4,Swindon Town,Rochdale,3,0,0,642137
2022-08-20T14:00:00Z,2022,eng.3,Barnsley,Wycombe Wanderers,0,3,0,642678
2022-08-20T14:00:00Z,2022,eng.3,Bolton Wanderers,Sheffield Wednesday,0,2,0,642679
2022-08-20T14:00:00Z,2022,eng.3,Burton Albion,Port Vale,0,2,0,642680
2022-08-20T14:00:00Z,2022,eng.3,Charlton Athletic,Cambridge United,1,1,0,642681
2022-08-20T14:00:00Z,2022,eng.3,Exeter City,Cheltenham Town,0,1,0,642682
2022-08-20T14:00:00Z,2022,eng.3,Fleetwood Town,Derby County,0,0,0,642683
2022-08-20T14:00:00Z,2022,eng.3,Forest Green Rovers,Plymouth Argyle,0,3,0,642684
2022-08-20T14:00:00Z,2022,eng.3,Milton Keynes Dons,Accrington Stanley,1,1,0,642685
2022-08-20T14:00:00Z,2022,eng.3,Oxford United,Morecambe,1,1,0,642686
2022-08-20T14:00:00Z,2022,eng.3,Peterborough United,Lincoln City,4,0,0,642687
2022-08-20T14:00:00Z,2022,eng.3,Portsmouth,Bristol Rovers,3,1,0,642688
2022-08-20T14:00:00Z,2022,eng.3,Shrewsbury Town,Ipswich Town,0,3,0,642689
2022-08-20T14:00:00Z,2022,eng.2,West Bromwich Albion,Hull City,5,2,0,643230
2022-08-20T14:00:00Z,2022,eng.2,Birmingham City,Wigan Athletic,0,1,0,643231
2022-08-20T14:00:00Z,2022,eng.2,Sheffield United,Blackburn Rovers,3,0,0,643232
2022-08-20T14:00:00Z,2022,eng.2,Stoke City,Sunderland,0,1,0,643233
2022-08-20T14:00:00Z,2022,eng.2,Swansea City,Luton Town,0,2,0,643234
2022-08-20T14:00:00Z,2022,eng.2,Preston North End,Watford,0,0,0,643235
2022-08-20T14:00:00Z,2022,eng.2,Queens Park Rangers,Rotherham United,1,1,0,643236
2022-08-20T14:00:00Z,2022,eng.2,Burnley,Blackpool,3,3,0,643237
2022-08-20T14:00:00Z,2022,eng.2,Reading,Middlesbrough,1,0,0,643240
2022-08-20T14:00:00Z,2022,eng.5,Aldershot Town,Bromley,0,1,0,647012
2022-08-20T14:00:00Z,2022,eng.5,Altrincham,Yeovil Town,2,2,0,647013
2022-08-20T14:00:00Z,2022,eng.5,York City,Eastleigh,0,1,0,647014
2022-08-20T14:00:00Z,2022,eng.5,Wrexham,Maidstone United,5,0,0,647015
2022-08-20T14:00:00Z,2022,eng.5,Wealdstone,FC Halifax Town,1,0,0,647016
2022-08-20T14:00:00Z,2022,eng.5,Torquay United,Boreham Wood,0,1,0,647017
2022-08-20T14:00:00Z,2022,eng.5,Southend United,Oldham Athletic,1,0,0,647018
2022-08-20T14:00:00Z,2022,eng.5,Scunthorpe United,Solihull Moors,3,4,0,647019
2022-08-20T14:00:00Z,2022,eng.5,Dorking Wanderers,Gateshead,2,1,0,647021
2022-08-20T14:00:00Z,2022,eng.5,Dagenham & Redbridge,Maidenhead United,1,0,0,647022
2022-08-20T14:00:00Z,2022,eng.5,Barnet,Woking,2,0,0,647023
2022-08-20T14:30:00Z,2022,ned.1,Vitesse,Heerenveen,0,4,0,637213
2022-08-20T14:30:00Z,2022,rus.1,Dinamo Moscow,Spartak Moscow,1,0,0,641152
2022-08-20T14:30:00Z,2022,por.1,Santa Clara,Arouca,1,2,0,646696
2022-08-20T15:00:00Z,2022,fra.1,AS Monaco,Lens,1,4,0,639639
2022-08-20T15:00:00Z,2022,aut.1,RB Salzburg,SK Austria Klagenfurt,2,0,0,641782
2022-08-20T15:00:00Z,2022,aut.1,SC Rheindorf Altach,Austria Lustenau,1,2,0,641784
2022-08-20T15:30:00Z,2022,esp.1,Osasuna,Cádiz,2,0,0,643786
2022-08-20T15:30:00Z,2022,esp.2,Sporting Gijón,FC Andorra,4,1,0,644170
2022-08-20T15:30:00Z,2022,rsa.1,Cape Town City FC,Stellenbosch,1,1,0,649381
2022-08-20T16:00:00Z,2022,nor.1,Bodo/Glimt,Hamarkameratene,2,2,0,628075
2022-08-20T16:00:00Z,2022,nor.1,Odds BK,Sarpsborg FK,1,0,0,628078
2022-08-20T16:15:00Z,2022,bel.1,Racing Genk,Cercle Brugge KSV,2,1,0,641384
2022-08-20T16:15:00Z,2022,tur.1,Giresunspor,Kasimpasa,1,0,0,645911
2022-08-20T16:15:00Z,2022,tur.1,Hatayspor,Gaziantep FK,1,2,0,645912
2022-08-20T16:20:00Z,2022,eng.5,Notts County,Chesterfield,2,2,0,647020
2022-08-20T16:30:00Z,2022,eng.1,AFC Bournemouth,Arsenal,0,3,0,638219
2022-08-20T16:30:00Z,2022,ger.1,1. FC Union Berlin,RB Leipzig,2,1,0,638455
2022-08-20T16:30:00Z,2022,ita.1,Torino,Lazio,0,0,0,644627
2022-08-20T16:30:00Z,2022,ita.1,Udinese,Salernitana,0,0,0,644636
2022-08-20T16:30:00Z,2022,fifa.friendly,Qatar,Morocco,2,2,0,652182
2022-08-20T16:45:00Z,2022,ned.1,Fortuna Sittard,SC Cambuur,1,4,0,637217
2022-08-20T17:00:00Z,2022,fra.2,Dijon FCO,Nimes,2,1,0,640021
2022-08-20T17:00:00Z,2022,fra.2,Caen,Guingamp,4,1,0,640022
2022-08-20T17:00:00Z,2022,fra.2,SC Amiens,Bastia,3,1,0,640023
2022-08-20T17:00:00Z,2022,fra.2,Stade Laval,Metz,3,3,0,640024
2022-08-20T17:00:00Z,2022,fra.2,Valenciennes,US Quevilly,0,0,0,640025
2022-08-20T17:00:00Z,2022,fra.2,Rodez Aveyron,Annecy,2,2,0,640027
2022-08-20T17:00:00Z,2022,fra.2,Pau,Sochaux,0,3,0,640028
2022-08-20T17:00:00Z,2022,fra.2,Niort,Paris FC,2,1,0,640029
2022-08-20T17:00:00Z,2022,rus.1,Rostov,Sochi,2,2,0,641147
2022-08-20T17:00:00Z,2022,por.1,GD Chaves,Vizela,1,1,0,646690
2022-08-20T17:00:00Z,2022,gre.1,Atromitos,OFI CRETE,3,1,0,650225
2022-08-20T17:10:00Z,2022,arg.2,Gimnasia (Mendoza),Defensores de Belgrano,0,1,0,630297
2022-08-20T17:15:00Z,2022,chi.copa_chi,Magallanes,Universidad de Concepción,4,1,0,649996
2022-08-20T17:30:00Z,2022,aut.1,SK Sturm Graz,LASK Linz,0,1,0,641783
2022-08-20T17:30:00Z,2022,esp.1,Mallorca,Real Betis,1,2,0,643787
2022-08-20T17:30:00Z,2022,esp.2,Albacete,Burgos,0,0,0,644165
2022-08-20T17:30:00Z,2022,esp.2,Real Zaragoza,Levante,0,0,0,644171
2022-08-20T18:00:00Z,2022,arg.2,Deportivo Riestra,Agropecuario,1,0,0,630292
2022-08-20T18:00:00Z,2022,arg.2,Flandria,Independiente Rivadavia,0,1,0,630295
2022-08-20T18:00:00Z,2022,arg.2,Villa Dálmine,Sacachispas,0,0,0,630302
2022-08-20T18:00:00Z,2022,rsa.1,Maritzburg United,Chippa United,2,1,0,649382
2022-08-20T18:00:00Z,2022,rsa.1,Kaizer Chiefs,Richards Bay FC,1,0,0,649383
2022-08-20T18:00:00Z,2022,uru.1,Fénix ,River Plate,1,2,0,651010
2022-08-20T18:15:00Z,2022,per.1,Deportivo Municipal,Alianza Atlético,0,1,0,641974
2022-08-20T18:30:00Z,2022,arg.3,Deportivo Armenio,Colegiales,3,0,0,636389
2022-08-20T18:30:00Z,2022,arg.3,Dock Sud,Deportivo Merlo,1,2,0,636390
2022-08-20T18:30:00Z,2022,arg.3,Villa San Carlos,Defensores Unidos,1,0,0,636391
2022-08-20T18:30:00Z,2022,arg.3,UAI Urquiza,Talleres de Remedios,1,0,0,636392
2022-08-20T18:30:00Z,2022,arg.3,San Miguel,Acassuso,2,0,0,636393
2022-08-20T18:30:00Z,2022,arg.3,Fénix,Argentino de Quilmes,1,2,0,636396
2022-08-20T18:30:00Z,2022,ger.2,TSV Eintracht Braunschweig,Fortuna Düsseldorf,2,2,0,638788
2022-08-20T18:30:00Z,2022,gre.1,Lamia,AEK Athens,0,3,0,650226
2022-08-20T18:45:00Z,2022,arg.2,San Martín (San Juan),Guillermo Brown,4,1,0,630299
2022-08-20T18:45:00Z,2022,ita.1,Sassuolo,Lecce,1,0,0,644628
2022-08-20T18:45:00Z,2022,ita.1,Internazionale,Spezia,3,0,0,644632
2022-08-20T18:45:00Z,2022,tur.1,Antalyaspor,Trabzonspor,5,2,0,645908
2022-08-20T18:45:00Z,2022,ita.2,Ascoli,SPAL,1,1,0,649616
2022-08-20T18:45:00Z,2022,ita.2,Genoa,Benevento,0,0,0,649621
2022-08-20T18:45:00Z,2022,ita.2,Perugia,Parma,0,0,0,649622
2022-08-20T18:45:00Z,2022,gre.1,PAOK,Panetolikos,1,0,0,650228
2022-08-20T19:00:00Z,2022,col.1,Deportivo Pereira,Cortuluá,2,1,0,626773
2022-08-20T19:00:00Z,2022,ned.1,FC Emmen,FC Utrecht,3,2,0,637216
2022-08-20T19:00:00Z,2022,fra.1,Marseille,Nantes,2,1,0,639634
2022-08-20T19:00:00Z,2022,bol.1,Royal Pari,The Strongest,0,2,0,651853
2022-08-20T19:30:00Z,2022,bra.1,Atlético-MG,Goiás,0,1,0,630920
2022-08-20T19:30:00Z,2022,bra.2,Chapecoense,Brusque,1,0,0,631282
2022-08-20T19:30:00Z,2022,por.1,FC Porto,Sporting CP,3,0,0,646695
2022-08-20T19:45:00Z,2022,chi.copa_chi,Cobreloa,Santiago Morning,1,0,0,649997
2022-08-20T20:00:00Z,2022,ecu.1,Orense,Barcelona SC,1,2,0,635916
2022-08-20T20:00:00Z,2022,esp.1,Celta Vigo,Real Madrid,1,4,0,643790
2022-08-20T20:00:00Z,2022,esp.2,Granada,Racing Santander,2,0,0,644164
2022-08-20T20:00:00Z,2022,par.1,General Caballero JLM,Club Olimpia,0,2,0,647560
2022-08-20T20:30:00Z,2022,per.1,Cienciano del Cusco,Atlético Grau,2,2,0,641976
2022-08-20T21:00:00Z,2022,ven.1,UCV FC,Portuguesa,2,0,0,631860
2022-08-20T21:00:00Z,2022,arg.1,Colón (Santa Fe),Tigre,2,1,0,635459
2022-08-20T21:00:00Z,2022,uru.1,Nacional,Montevideo Wanderers,2,0,0,651009
2022-08-20T21:05:00Z,2022,col.1,Patriotas,Águilas Doradas,0,1,0,626780
2022-08-20T21:10:00Z,2022,arg.2,Temperley,Quilmes,2,3,0,630301
2022-08-20T21:15:00Z,2022,bol.1,Bolívar,Oriente Petrolero,1,0,0,651854
2022-08-20T21:30:00Z,2022,hon.1,Club Deportivo Marathón,Vida,4,4,0,648216
2022-08-20T22:00:00Z,2022,usa.1,Red Bull New York,FC Cincinnati,1,1,0,623522
2022-08-20T22:00:00Z,2022,bra.1,Fluminense,Coritiba,5,2,0,630917
2022-08-20T22:00:00Z,2022,bra.2,Sampaio Corrêa,CRB,1,2,0,631283
2022-08-20T22:00:00Z,2022,mex.1,Querétaro,Tijuana,2,0,0,636094
2022-08-20T22:30:00Z,2022,ecu.1,Liga de Quito,Cumbayá,1,0,0,635918
2022-08-20T22:30:00Z,2022,par.1,12 de Octubre,Tacuary,0,2,0,647559
2022-08-20T22:30:00Z,2022,chi.copa_chi,Universidad Católica,Audax Italiano,3,0,0,649998
2022-08-20T23:00:00Z,2022,usa.usl.1,Hartford Athletic,Miami FC,0,2,0,627788
2022-08-20T23:00:00Z,2022,usa.usl.1,Pittsburgh Riverhounds,New York Red Bulls II,2,2,0,627794
2022-08-20T23:10:00Z,2022,col.1,Millonarios,Jaguares de Córdoba,2,0,0,626776
2022-08-20T23:10:00Z,2022,arg.2,All Boys,San Martín (Tucumán),2,2,0,630285
2022-08-20T23:15:00Z,2022,ven.1,Carabobo,Metropolitanos,2,0,0,631859
2022-08-20T23:30:00Z,2022,usa.1,D.C. United,Philadelphia Union,0,6,0,623523
2022-08-20T23:30:00Z,2022,usa.1,CF Montréal,New England Revolution,4,0,0,623531
2022-08-20T23:30:00Z,2022,usa.usl.l1,Chattanooga Red Wolves,South Georgia Tormenta FC,2,1,0,625663
2022-08-20T23:30:00Z,2022,usa.usl.1,Detroit City FC,Louisville City FC,0,1,0,627785
2022-08-20T23:30:00Z,2022,usa.usl.1,Loudoun United FC,Atlanta United 2,3,1,0,627791
2022-08-20T23:30:00Z,2022,arg.1,Huracán,Newell's Old Boys,1,0,0,635467
2022-08-20T23:30:00Z,2022,bol.1,Wilstermann,Universitario de Sucre,5,1,0,651855
2022-08-21T00:00:00Z,2022,usa.1,Minnesota United FC,Austin FC,2,1,0,623524
2022-08-21T00:00:00Z,2022,usa.1,Inter Miami CF,Toronto FC,2,1,0,623532
2022-08-21T00:00:00Z,2022,usa.usl.l1,Union Omaha,North Carolina FC,4,1,0,625661
2022-08-21T00:00:00Z,2022,gua.1,Deportivo Mixco,Xelajú MC,2,0,0,640976
2022-08-21T00:00:00Z,2022,gua.1,Antigua GFC,CD Achuapa,6,0,0,640978
2022-08-21T00:00:00Z,2022,crc.1,Santos,Herediano,1,2,0,647856
2022-08-21T00:05:00Z,2022,mex.1,Monterrey,Tigres UANL,0,0,0,636095
2022-08-21T00:05:00Z,2022,mex.1,Atlas,Puebla,1,1,0,636096
2022-08-21T00:30:00Z,2022,usa.usl.1,FC Tulsa,Indy Eleven,1,0,0,627787
2022-08-21T00:30:00Z,2022,usa.usl.1,Memphis 901 FC,Birmingham Legion FC,2,4,0,627792
2022-08-21T01:00:00Z,2022,usa.1,Colorado Rapids,Houston Dynamo FC,1,1,0,623525
2022-08-21T01:00:00Z,2022,usa.usl.l1,Northern Colorado Hailstorm FC,Forward Madison FC,1,3,0,625659
2022-08-21T01:00:00Z,2022,usa.usl.1,Colorado Springs Switchbacks FC,Tampa Bay Rowdies,1,0,0,627784
2022-08-21T01:00:00Z,2022,usa.usl.1,New Mexico United,Monterey Bay,2,0,0,627793
2022-08-21T01:00:00Z,2022,usa.usl.1,San Antonio FC,Rio Grande Valley FC Toros,2,2,0,627795
2022-08-21T01:00:00Z,2022,ecu.1,Macará,Aucas,1,1,0,635917
2022-08-21T01:00:00Z,2022,hon.1,UPNFM,FC Motagua,2,3,0,648219
2022-08-21T01:15:00Z,2022,col.1,Independiente Medellín,Independiente Santa Fe,2,0,0,626775
2022-08-21T01:30:00Z,2022,usa.usl.1,El Paso Locomotive FC,San Diego Loyal SC,1,3,0,627786
2022-08-21T02:00:00Z,2022,usa.1,Real Salt Lake,Vancouver Whitecaps,1,1,0,623526
2022-08-21T02:00:00Z,2022,usa.1,San Jose Earthquakes,LAFC,2,1,0,623527
2022-08-21T02:00:00Z,2022,usa.usl.l1,FC Tucson,Greenville Triumph,0,1,0,625660
2022-08-21T02:00:00Z,2022,gua.1,Comunicaciones,Municipal,2,2,0,640977
2022-08-21T02:00:00Z,2022,crc.1,Saprissa,Pérez Zeledón,4,0,0,647853
2022-08-21T02:05:00Z,2022,mex.1,FC Juarez,Mazatlán FC,1,1,0,636093
2022-08-21T02:05:00Z,2022,mex.1,América,Cruz Azul,7,0,0,636097
2022-08-21T02:15:00Z,2022,crc.1,AD San Carlos,Grecia,1,2,0,647855
2022-08-21T02:30:00Z,2022,usa.usl.l1,Central Valley Fuego FC,Richmond Kickers,2,2,0,625662
2022-08-21T02:30:00Z,2022,usa.usl.1,Ventura County FC,Charleston Battery,1,1,0,627789
2022-08-21T02:30:00Z,2022,usa.usl.1,Las Vegas Lights FC,Sacramento Republic FC,2,1,0,627790
2022-08-21T10:00:00Z,2022,jpn.1,Shonan Bellmare,Kashima Antlers,1,1,0,628955
2022-08-21T10:15:00Z,2022,ned.1,FC Groningen,Go Ahead Eagles,1,0,0,637214
2022-08-21T10:15:00Z,2022,ned.2,VVV-Venlo,PEC Zwolle,0,4,0,637530
2022-08-21T11:00:00Z,2022,fra.1,Strasbourg,Stade de Reims,1,1,0,639636
2022-08-21T11:00:00Z,2022,eng.2,Bristol City,Cardiff City,2,0,0,643241
2022-08-21T11:00:00Z,2022,chn.1,Wuhan Yangtze River,Henan,2,2,0,650736
2022-08-21T11:00:00Z,2022,chn.1,Shandong Taishan,Chengdu Rongcheng,2,1,0,650739
2022-08-21T11:30:00Z,2022,ger.2,1. FC Heidenheim 1846,Arminia Bielefeld,1,1,0,638780
2022-08-21T11:30:00Z,2022,ger.2,SpVgg Greuther Fürth,Kaiserslautern,1,3,0,638782
2022-08-21T11:30:00Z,2022,ger.2,Hansa Rostock,St. Pauli,2,0,0,638787
2022-08-21T11:30:00Z,2022,bel.1,Club Brugge,KV Kortrijk,2,1,0,641386
2022-08-21T11:30:00Z,2022,chn.1,Guangzhou,Shenzhen FC,4,1,0,650738
2022-08-21T11:30:00Z,2022,chn.1,Shanghai Shenhua,Tianjin Jinmen Tiger,1,1,0,650845
2022-08-21T12:00:00Z,2022,den.1,FC Nordsjælland,Silkeborg IF,0,2,0,636933
2022-08-21T12:00:00Z,2022,rus.1,CSKA Moscow,Akhmat Grozny,4,2,0,641151
2022-08-21T12:30:00Z,2022,ned.1,Sparta Rotterdam,Ajax Amsterdam,0,1,0,637219
2022-08-21T13:00:00Z,2022,swe.1,IFK Värnamo,IF Elfsborg,1,1,0,628447
2022-08-21T13:00:00Z,2022,swe.1,Mjällby AIF,Malmö FF,1,1,0,628449
2022-08-21T13:00:00Z,2022,eng.1,Leeds United,Chelsea,3,0,0,638223
2022-08-21T13:00:00Z,2022,eng.1,West Ham United,Brighton & Hove Albion,0,2,0,638228
2022-08-21T13:00:00Z,2022,fra.1,Clermont Foot,Nice,1,0,0,639632
2022-08-21T13:00:00Z,2022,fra.1,Angers,Brest,1,3,0,639633
2022-08-21T13:00:00Z,2022,fra.1,Toulouse,Lorient,2,2,0,639635
2022-08-21T13:00:00Z,2022,fra.1,Montpellier,AJ Auxerre,1,2,0,639638
2022-08-21T13:00:00Z,2022,rsa.1,Royal AM,Marumo Gallants,2,2,0,649384
2022-08-21T13:30:00Z,2022,ger.1,Eintracht Frankfurt,FC Cologne,1,1,0,638461
2022-08-21T14:00:00Z,2022,bra.1,Juventude,Botafogo,2,2,0,630914
2022-08-21T14:00:00Z,2022,den.1,Randers FC,Viborg FF,1,0,0,636936
2022-08-21T14:00:00Z,2022,sco.1,Celtic,Heart of Midlothian,2,0,0,639068
2022-08-21T14:00:00Z,2022,bel.1,Zulte-Waregem,Royal Charleroi SC,1,3,0,641387
2022-08-21T14:15:00Z,2022,uru.1,Defensor Sporting,Boston River,0,1,0,651007
2022-08-21T14:30:00Z,2022,rus.1,Zenit St Petersburg,FK Torpedo Moscow,2,0,0,641149
2022-08-21T14:30:00Z,2022,por.1,Casa Pia,Boavista,2,0,0,646689
2022-08-21T14:45:00Z,2022,ned.1,RKC Waalwijk,Feyenoord Rotterdam,0,1,0,637220
2022-08-21T15:00:00Z,2022,aut.1,SV Josko Ried,WSG Swarovski Tirol,1,2,0,641785
2022-08-21T15:00:00Z,2022,aut.1,Wolfsberger,Austria Vienna,1,2,0,641786
2022-08-21T15:05:00Z,2022,fra.1,Stade Rennais,AC Ajaccio,2,1,0,639637
2022-08-21T15:30:00Z,2022,swe.1,IFK Norrköping,AIK,2,4,0,628442
2022-08-21T15:30:00Z,2022,swe.1,GIF Sundsvall,Helsingborg,1,2,0,628446
2022-08-21T15:30:00Z,2022,eng.1,Newcastle United,Manchester City,3,3,0,638226
2022-08-21T15:30:00Z,2022,ger.1,VfL Bochum,Bayern Munich,0,7,0,638458
2022-08-21T15:30:00Z,2022,esp.1,Athletic Club,Valencia,1,0,0,643789
2022-08-21T15:30:00Z,2022,esp.2,Real Oviedo,Leganés,1,0,0,644172
2022-08-21T15:30:00Z,2022,rsa.1,SuperSport United,Orlando Pirates,0,0,0,649385
2022-08-21T16:00:00Z,2022,nor.1,Stromsgodset,FK Jerv,6,0,0,628074
2022-08-21T16:00:00Z,2022,nor.1,Haugesund,Molde,0,1,0,628076
2022-08-21T16:00:00Z,2022,nor.1,Lillestrom,Sandefjord,3,0,0,628077
2022-08-21T16:00:00Z,2022,nor.1,Vålerenga,Tromso,1,0,0,628079
2022-08-21T16:00:00Z,2022,arg.1,Lanús,Arsenal Sarandi,1,0,0,635466
2022-08-21T16:00:00Z,2022,den.1,AaB,Brøndby IF,2,1,0,636931
2022-08-21T16:00:00Z,2022,per.1,Alianza Lima,Sport Huancayo,1,0,0,641970
2022-08-21T16:00:00Z,2022,chi.copa_chi,Curicó Unido,Antofagasta,2,1,0,649999
2022-08-21T16:10:00Z,2022,arg.2,Almirante Brown,Mitre (Santiago del Estero),2,0,0,630286
2022-08-21T16:15:00Z,2022,tur.1,Istanbul Basaksehir,Kayserispor,2,0,0,645913
2022-08-21T16:30:00Z,2022,bel.1,Standard Liege,OH Leuven,1,3,0,641388
2022-08-21T16:30:00Z,2022,ita.1,Napoli,Monza,4,0,0,644631
2022-08-21T16:30:00Z,2022,ita.1,Empoli,Fiorentina,0,0,0,644633
2022-08-21T17:00:00Z,2022,mex.1,Pumas UNAM,Santos,1,5,0,636098
2022-08-21T17:00:00Z,2022,rus.1,Krasnodar,Gazovik Orenburg,2,0,0,641146
2022-08-21T17:00:00Z,2022,por.1,Braga,Maritimo,5,0,0,646692
2022-08-21T17:00:00Z,2022,gre.1,Panathinaikos,Ionikos FC,1,0,0,650229
2022-08-21T17:30:00Z,2022,esp.1,Atlético Madrid,Villarreal,0,2,0,643781
2022-08-21T17:30:00Z,2022,esp.2,Huesca,FC Cartagena,2,3,0,644163
2022-08-21T17:30:00Z,2022,gre.1,Aris,Levadiakos,3,0,0,650224
2022-08-21T18:00:00Z,2022,nor.1,Rosenborg,Aalesund,2,1,0,628073
2022-08-21T18:00:00Z,2022,arg.2,Deportivo Madryn,Nueva Chicago,1,0,0,630290
2022-08-21T18:00:00Z,2022,arg.2,Gimnasia y Esgrima (Jujuy),Ferro Carril Oeste,0,1,0,630296
2022-08-21T18:00:00Z,2022,per.1,Carlos Stein,Melgar,0,2,0,641977
2022-08-21T18:10:00Z,2022,arg.2,Chaco For Ever,Chacarita Juniors,2,0,0,630289
2022-08-21T18:15:00Z,2022,gua.1,CD Malacateco,Cobán Imperial,1,0,0,640974
2022-08-21T18:15:00Z,2022,per.1,César Vallejo,Carlos A. Mannucci,4,1,0,641972
2022-08-21T18:30:00Z,2022,arg.2,Deportivo Morón,Deportivo Maipú,1,0,0,630291
2022-08-21T18:30:00Z,2022,arg.2,San Telmo,Brown de Adrogué,1,1,0,630300
2022-08-21T18:30:00Z,2022,arg.1,Godoy Cruz Antonio Tomba,Independiente,1,1,0,635468
2022-08-21T18:45:00Z,2022,fra.1,Lille,Paris Saint-Germain,1,7,0,639631
2022-08-21T18:45:00Z,2022,ita.1,Bologna,Hellas Verona,1,1,0,644634
2022-08-21T18:45:00Z,2022,ita.1,Atalanta,AC Milan,1,1,0,644635
2022-08-21T18:45:00Z,2022,tur.1,Besiktas,Fatih Karagümrük,4,1,0,645909
2022-08-21T18:45:00Z,2022,ita.2,Cagliari,Cittadella,2,1,0,649618
2022-08-21T18:45:00Z,2022,ita.2,Cosenza,Modena,2,1,0,649619
2022-08-21T18:45:00Z,2022,ita.2,Frosinone,Brescia,3,0,0,649620
2022-08-21T18:45:00Z,2022,ita.2,Pisa,Como,2,2,0,649623
2022-08-21T18:45:00Z,2022,ita.2,Sudtirol,Venezia,1,2,0,649624
2022-08-21T18:45:00Z,2022,ita.2,Ternana,Reggina,1,0,0,649625
2022-08-21T19:00:00Z,2022,bra.1,Palmeiras,Flamengo,1,1,0,630919
2022-08-21T19:00:00Z,2022,bra.2,Grêmio,Cruzeiro,2,2,0,631284
2022-08-21T19:00:00Z,2022,bel.1,KV Mechelen,KVC Westerlo,5,4,0,641389
2022-08-21T19:00:00Z,2022,gre.1,Olympiacos,Pas Giannina,2,0,0,650227
2022-08-21T19:00:00Z,2022,bol.1,Atlético Palmaflor,Always Ready,2,4,0,651856
2022-08-21T19:30:00Z,2022,arg.2,Estudiantes de Río Cuarto,Almagro,1,0,0,630294
2022-08-21T19:30:00Z,2022,por.1,Portimonense,Vitória de Guimaraes,2,1,0,646693
2022-08-21T19:30:00Z,2022,par.1,Nacional Asunción,Libertad,0,2,0,647561
2022-08-21T20:00:00Z,2022,per.1,ADT,Universitario,1,1,0,641969
2022-08-21T20:00:00Z,2022,esp.1,Real Sociedad,Barcelona,1,4,0,643785
2022-08-21T20:00:00Z,2022,esp.2,Tenerife,Lugo,1,1,0,644169
2022-08-21T20:00:00Z,2022,hon.1,C.D.Real Sociedad,Olancho FC,1,2,0,648218
2022-08-21T20:30:00Z,2022,col.1,América de Cali,Atlético Junior,2,1,0,626777
2022-08-21T20:30:00Z,2022,per.1,San Martin,Sporting Cristal,1,2,0,641971
2022-08-21T21:00:00Z,2022,bra.1,Athletico-PR,América Mineiro,1,1,0,630913
2022-08-21T21:00:00Z,2022,bra.1,Red Bull Bragantino,Ceará,1,1,0,630915
2022-08-21T21:00:00Z,2022,bra.1,Fortaleza,Corinthians,1,0,0,630916
2022-08-21T21:00:00Z,2022,bra.1,Atlético Goianiense,Cuiabá,1,1,0,630918
2022-08-21T21:00:00Z,2022,ven.1,Caracas FC,Academia Puerto Cabello,3,1,0,631854
2022-08-21T21:00:00Z,2022,arg.1,River Plate,Central Córdoba (Santiago del Estero),3,0,0,635462
2022-08-21T21:00:00Z,2022,gua.1,CD Guastatoya,Santa Lucía Cotzumalguapa,1,1,0,640975
2022-08-21T21:00:00Z,2022,crc.1,AD Guanacasteca,Alajuelense,1,2,0,647854
2022-08-21T21:15:00Z,2022,bol.1,Blooming,Guabirá,1,3,0,651857
2022-08-21T21:30:00Z,2022,chi.copa_chi,Colo Colo,Ñublense,1,1,0,650000
2022-08-21T22:00:00Z,2022,usa.1,Chicago Fire FC,New York City FC,0,2,0,623528
2022-08-21T22:00:00Z,2022,bra.1,Santos,São Paulo,1,0,0,630922
2022-08-21T22:00:00Z,2022,mex.1,Atlético de San Luis,Toluca,1,0,0,636099
2022-08-21T22:00:00Z,2022,par.1,Cerro Porteño,Guaraní,1,1,0,647558
2022-08-21T22:00:00Z,2022,crc.1,Puntarenas FC,Cartaginés,1,1,0,647851
2022-08-21T22:00:00Z,2022,hon.1,Club Deportivo Victoria,Honduras Progreso,2,1,0,648217
2022-08-21T22:00:00Z,2022,hon.1,Club Deportivo Olimpia,Real España,1,1,0,648220
2022-08-21T22:35:00Z,2022,col.1,Unión Magdalena,Atlético Nacional,2,2,0,626771
2022-08-21T22:48:00Z,2022,usa.1,Columbus Crew,Atlanta United FC,2,2,0,623529
2022-08-21T23:00:00Z,2022,usa.1,Charlotte FC,Orlando City SC,1,2,0,623530
2022-08-21T23:00:00Z,2022,gua.1,Xinabajul,Iztapa,1,1,0,640979
2022-08-21T23:00:00Z,2022,per.1,Deportivo Binacional,Sport Boys,3,0,0,641975
2022-08-21T23:15:00Z,2022,ven.1,Estudiantes de Mérida,Deportivo La Guaira,2,1,0,631857
2022-08-21T23:30:00Z,2022,arg.1,Defensa y Justicia,Boca Juniors,0,1,0,635471
2022-08-21T23:55:00Z,2022,usa.1,Sporting Kansas City,Portland Timbers,4,1,0,623533
2022-08-22T00:00:00Z,2022,chi.copa_chi,Unión Española,O'Higgins,1,0,0,650001
2022-08-22T00:05:00Z,2022,mex.1,Pachuca,León,1,0,0,636100
2022-08-22T00:15:00Z,2022,crc.1,Sporting San José,Guadalupe FC,4,2,0,647852
2022-08-22T00:30:00Z,2022,usa.1,Nashville SC,FC Dallas,4,0,0,623534
2022-08-22T00:40:00Z,2022,col.1,Deportes Tolima,Internacional de Bogotá,1,1,0,626778
2022-08-22T02:00:00Z,2022,mex.2,Club Atlético Morelia,Cimarrones de Sonora,2,1,0,638352
2022-08-22T07:00:00Z,2022,afc.champions,Vissel Kobe,Jeonbuk Motors,1,3,0,652202
2022-08-22T11:00:00Z,2022,afc.champions,Urawa Red Diamonds,BG Pathum United,4,0,0,652203
2022-08-22T11:30:00Z,2022,chn.1,Meizhou Hakka,Wuhan Three Towns,1,2,0,650740
2022-08-22T11:30:00Z,2022,chn.1,Beijing Guoan,Guangzhou City,1,0,0,650743
2022-08-22T16:15:00Z,2022,tur.1,Istanbulspor,Konyaspor,0,4,0,645914
2022-08-22T16:15:00Z,2022,tur.1,Sivasspor,Alanyaspor,1,1,0,645915
2022-08-22T16:30:00Z,2022,ita.1,AS Roma,Cremonese,1,0,0,644630
2022-08-22T17:00:00Z,2022,swe.1,IK Sirius,BK Häcken,0,1,0,628443
2022-08-22T17:00:00Z,2022,swe.1,Kalmar FF,IFK Göteborg,1,0,0,628448
2022-08-22T17:00:00Z,2022,den.1,Odense Boldklub,AC Horsens,1,0,0,636935
2022-08-22T17:10:00Z,2022,swe.1,Hammarby IF,Degerfors IF,5,1,0,628444
2022-08-22T18:00:00Z,2022,arg.3,Los Andes,Cañuelas,2,0,0,636394
2022-08-22T18:00:00Z,2022,ned.2,Jong AZ,Almere City,3,2,0,637531
2022-08-22T18:00:00Z,2022,ned.2,Jong Ajax,De Graafschap,5,1,0,637532
2022-08-22T18:00:00Z,2022,ned.2,Jong PSV,Heracles Almelo,0,3,0,637533
2022-08-22T18:00:00Z,2022,esp.1,Elche,Almería,1,1,0,643782
2022-08-22T18:00:00Z,2022,esp.2,Ponferradina,UD Ibiza,2,1,0,644167
2022-08-22T18:30:00Z,2022,uru.1,Albion FC,Plaza Colonia,1,0,0,651006
2022-08-22T18:45:00Z,2022,fra.2,Grenoble,Bordeaux,0,0,0,640020
2022-08-22T18:45:00Z,2022,ita.1,Sampdoria,Juventus,0,0,0,644629
2022-08-22T18:45:00Z,2022,tur.1,Fenerbahce,Adana Demirspor,4,2,0,645910
2022-08-22T19:00:00Z,2022,eng.1,Manchester United,Liverpool,2,1,0,638225
2022-08-22T19:15:00Z,2022,por.1,Gil Vicente,FC Famalicao,0,0,0,646694
2022-08-22T19:30:00Z,2022,arg.1,Rosario Central,Banfield,0,1,0,635461
2022-08-22T19:30:00Z,2022,arg.1,Estudiantes de La Plata,Unión (Santa Fe),1,0,0,635470
2022-08-22T20:00:00Z,2022,esp.1,Girona,Getafe,3,1,0,643788
2022-08-22T20:00:00Z,2022,esp.2,Málaga,Las Palmas,0,4,0,644162
2022-08-22T22:00:00Z,2022,arg.2,Atlanta,Atletico Rafaela,0,0,0,630287
2022-08-22T22:00:00Z,2022,arg.1,Racing Club,San Lorenzo,1,2,0,635463
2022-08-22T22:00:00Z,2022,chi.copa_chi,Universidad de Chile,Cobresal,1,0,0,650002
2022-08-22T22:00:00Z,2022,uru.1,Deportivo Maldonado,Peñarol,1,1,0,651011
2022-08-22T23:00:00Z,2022,bra.1,Avaí,Internacional,0,1,0,630921
2022-08-23T00:00:00Z,2022,arg.2,Güemes,Tristán Suárez,0,0,0,630298
2022-08-23T00:00:00Z,2022,ecu.1,Guayaquil City FC,Independiente del Valle,0,1,0,635919
2022-08-23T00:30:00Z,2022,arg.1,Vélez Sarsfield,Sarmiento (Junín),1,1,0,635460
2022-08-23T00:30:00Z,2022,arg.1,Platense,Talleres (Córdoba),0,0,0,635464
2022-08-23T00:30:00Z,2022,chi.copa_chi,Coquimbo Unido,Huachipato,0,0,0,650003
2022-08-23T01:00:00Z,2022,col.1,Deportivo Pasto,Once Caldas,2,0,0,626779
2022-08-23T15:00:00Z,2022,fifa.friendly,Jamaica,Morocco,0,3,0,652189
2022-08-23T16:00:00Z,2022,uefa.europa.conf_qual,Apoel Nicosia,Djurgården,3,2,0,651582
2022-08-23T16:30:00Z,2022,fifa.friendly,Qatar,Ghana,2,1,0,652183
2022-08-23T17:30:00Z,2022,rsa.1,Cape Town City FC,Kaizer Chiefs,2,0,0,649386
2022-08-23T17:30:00Z,2022,rsa.1,Moroka Swallows,Sekhukhune United FC,2,1,0,649387
2022-08-23T18:00:00Z,2022,eng.league_cup,Walsall,Charlton Athletic,0,1,0,651405
2022-08-23T18:30:00Z,2022,eng.league_cup,Shrewsbury Town,Burnley,0,1,0,651389
2022-08-23T18:30:00Z,2022,eng.league_cup,Sheffield Wednesday,Rochdale,3,0,0,651390
2022-08-23T18:45:00Z,2022,sco.challenge,Elgin City,Stenhousemuir,3,1,0,646549
2022-08-23T18:45:00Z,2022,sco.challenge,Rangers B,Dumbarton,7,0,0,646550
2022-08-23T18:45:00Z,2022,sco.challenge,East Fife,St. Johnstone B,4,0,0,646551
2022-08-23T18:45:00Z,2022,sco.challenge,Forfar Athletic,Kelty Hearts,1,2,0,646552
2022-08-23T18:45:00Z,2022,sco.challenge,East Kilbride,Annan Athletic,1,1,0,646553
2022-08-23T18:45:00Z,2022,eng.league_cup,Cambridge United,Southampton,0,3,0,651387
2022-08-23T18:45:00Z,2022,eng.league_cup,Stevenage,Peterborough United,1,0,0,651388
2022-08-23T18:45:00Z,2022,eng.league_cup,Rotherham United,Morecambe,0,1,0,651391
2022-08-23T18:45:00Z,2022,eng.league_cup,Oxford United,Crystal Palace,0,2,0,651392
2022-08-23T18:45:00Z,2022,eng.league_cup,Norwich City,AFC Bournemouth,2,2,0,651393
2022-08-23T18:45:00Z,2022,eng.league_cup,Newport County,Portsmouth,3,2,0,651394
2022-08-23T18:45:00Z,2022,eng.league_cup,Grimsby Town,Nottingham Forest,0,3,0,651396
2022-08-23T18:45:00Z,2022,eng.league_cup,Gillingham,Exeter City,0,0,0,651397
2022-08-23T18:45:00Z,2022,eng.league_cup,Fleetwood Town,Everton,0,1,0,651399
2022-08-23T18:45:00Z,2022,eng.league_cup,Derby County,West Bromwich Albion,1,0,0,651400
2022-08-23T18:45:00Z,2022,eng.league_cup,Crawley Town,Fulham,2,0,0,651401
2022-08-23T18:45:00Z,2022,eng.league_cup,Colchester United,Brentford,0,2,0,651402
2022-08-23T18:45:00Z,2022,eng.league_cup,Wolverhampton Wanderers,Preston North End,2,1,0,651403
2022-08-23T18:45:00Z,2022,eng.league_cup,Watford,Milton Keynes Dons,0,2,0,651404
2022-08-23T18:45:00Z,2022,eng.league_cup,Barrow,Lincoln City,2,2,0,651408
2022-08-23T18:45:00Z,2022,eng.league_cup,Bradford City,Blackburn Rovers,1,2,0,651409
2022-08-23T18:45:00Z,2022,eng.league_cup,Bolton Wanderers,Aston Villa,1,4,0,651410
2022-08-23T18:45:00Z,2022,eng.league_cup,Stockport County,Leicester City,0,0,0,651411
2022-08-23T18:45:00Z,2022,sco.challenge,Kilmarnock B,East Stirlingshire,5,2,0,651546
2022-08-23T19:00:00Z,2022,uefa.champions_qual,Red Star Belgrade,Maccabi Haifa,2,2,0,651339
2022-08-23T19:00:00Z,2022,uefa.champions_qual,Viktoria Plzen,FK Qarabag,2,1,0,651340
2022-08-23T19:00:00Z,2022,uefa.champions_qual,Benfica,Dynamo Kyiv,3,0,0,651341
2022-08-23T19:00:00Z,2022,bol.1,Real Santa Cruz,Royal Pari,2,1,0,651858
2022-08-23T22:00:00Z,2022,arg.1,Patronato,Argentinos Juniors,0,0,0,635465
2022-08-23T22:05:00Z,2022,mex.2,Leones Negros,Mineros de Zacatecas,3,2,0,638355
2022-08-23T22:15:00Z,2022,bol.1,Oriente Petrolero,Universitario de Vinto,0,0,0,651859
2022-08-24T00:05:00Z,2022,mex.1,Guadalajara,Monterrey,1,0,0,636101
2022-08-24T00:05:00Z,2022,mex.2,Correcaminos UAT,Tlaxcala FC,0,2,0,638353
2022-08-24T00:10:00Z,2022,arg.3,Ituzaingó,JJ Urquiza,1,0,0,636395
2022-08-24T00:30:00Z,2022,bra.2,Sport,Chapecoense,1,0,0,631272
2022-08-24T00:30:00Z,2022,arg.1,Atlético Tucumán,Barracas Central,4,0,0,635458
2022-08-24T00:30:00Z,2022,arg.1,Gimnasia La Plata,Aldosivi,0,0,0,635469
2022-08-24T00:30:00Z,2022,bol.1,Aurora,Bolívar,1,4,0,651860
2022-08-24T02:05:00Z,2022,mex.1,Querétaro,América,0,1,0,636102
2022-08-24T02:05:00Z,2022,mex.2,Club Atlético La Paz,Raya2,1,0,0,638354
2022-08-24T09:30:00Z,2022,chn.1,Cangzhou Mighty Lions,Zhejiang Professional FC,1,1,0,650727
2022-08-24T11:30:00Z,2022,chn.1,Guangzhou,Dalian Professional,0,0,0,650730
2022-08-24T13:00:00Z,2022,afc.cup,Kuala Lumpur City FC,PSM Makassar,5,2,0,651364
2022-08-24T15:00:00Z,2022,rsa.1,Mamelodi Sundowns,Stellenbosch,3,0,0,649388
2022-08-24T17:30:00Z,2022,rsa.1,Orlando Pirates,Marumo Gallants,1,0,0,649389
2022-08-24T17:30:00Z,2022,rsa.1,Royal AM,Maritzburg United,1,0,0,649390
2022-08-24T17:30:00Z,2022,rsa.1,Chippa United,TS Galaxy FC,0,0,0,649391
2022-08-24T17:30:00Z,2022,rsa.1,AmaZulu,Golden Arrows,0,1,0,649392
2022-08-24T17:30:00Z,2022,rsa.1,Richards Bay FC,SuperSport United,0,1,0,649393
2022-08-24T18:45:00Z,2022,sco.challenge,Brechin City,Stirling Albion,1,1,0,646554
2022-08-24T18:45:00Z,2022,sco.challenge,Edinburgh City,Stranraer,3,2,0,646555
2022-08-24T18:45:00Z,2022,eng.league_cup,Leeds United,Barnsley,3,1,0,651395
2022-08-24T18:45:00Z,2022,eng.league_cup,Forest Green Rovers,Brighton & Hove Albion,0,3,0,651398
2022-08-24T18:45:00Z,2022,eng.league_cup,Tranmere Rovers,Newcastle United,1,2,0,651406
2022-08-24T18:45:00Z,2022,eng.league_cup,Wycombe Wanderers,Bristol City,1,3,0,651407
2022-08-24T18:45:00Z,2022,sco.challenge,Celtic B,Livingston B,3,0,0,651544
2022-08-24T19:00:00Z,2022,uefa.champions_qual,PSV Eindhoven,Rangers,0,1,0,651342
2022-08-24T19:00:00Z,2022,uefa.champions_qual,Dinamo Zagreb,Bodo/Glimt,4,1,0,651343
2022-08-24T19:00:00Z,2022,uefa.champions_qual,Trabzonspor,F.C. København,0,0,0,651344
2022-08-24T19:00:00Z,2022,sco.challenge,Buckie Thistle,Brora Rangers,1,1,0,651545
2022-08-24T19:00:00Z,2022,bol.1,Guabirá,Real Tomayapo,2,1,0,651861
2022-08-24T19:30:00Z,2022,club.friendly,Barcelona,Manchester City,3,3,0,641083
2022-08-24T22:00:00Z,2022,mex.2,Celaya,Cimarrones de Sonora,3,1,0,638358
2022-08-24T22:00:00Z,2022,bol.1,Universitario de Sucre,Atlético Palmaflor,2,1,0,651862
2022-08-24T22:30:00Z,2022,bra.copa_do_brazil,Fluminense,Corinthians,2,2,0,652194
2022-08-24T23:00:00Z,2022,col.copa,Atlético Junior,Unión Magdalena,0,1,0,652199
2022-08-25T00:00:00Z,2022,usa.usl.l1,Forward Madison FC,North Carolina FC,0,0,0,625658
2022-08-25T00:05:00Z,2022,mex.2,Venados FC,Pumas Tabasco,2,0,0,638356
2022-08-25T00:10:00Z,2022,arg.2,Quilmes,Belgrano (Córdoba),0,0,0,630209
2022-08-25T00:15:00Z,2022,bol.1,The Strongest,Blooming,3,1,0,651863
2022-08-25T00:30:00Z,2022,usa.usl.1,FC Tulsa,Hartford Athletic,1,2,0,627598
2022-08-25T00:30:00Z,2022,bra.copa_do_brazil,São Paulo,Flamengo,1,3,0,652195
2022-08-25T01:05:00Z,2022,col.copa,Independiente Medellín,Millonarios,0,2,0,652198
2022-08-25T02:00:00Z,2022,usa.usl.1,San Diego Loyal SC,Oakland Roots,1,3,0,627796
2022-08-25T02:05:00Z,2022,mex.1,Pumas UNAM,Tigres UANL,1,1,0,636104
2022-08-25T02:05:00Z,2022,mex.2,Dorados de Sinaloa,Durango,2,2,0,638357
2022-08-25T10:30:00Z,2022,afc.champions,Jeonbuk Motors,Urawa Red Diamonds,2,2,0,652218
2022-08-25T16:00:00Z,2022,uefa.europa_qual,AEK Larnaca,SC Dnipro-1,3,0,0,651377
2022-08-25T16:00:00Z,2022,uefa.europa_qual,Zalgiris Vilnius,Ludogorets Razgrad,3,3,0,651381
2022-08-25T16:05:00Z,2022,ksa.1,Al Fayha,Damac,0,1,0,663139
2022-08-25T16:30:00Z,2022,uefa.europa_qual,Silkeborg IF,HJK Helsinki,1,1,0,651379
2022-08-25T17:00:00Z,2022,uefa.europa_qual,Fenerbahce,Austria Vienna,4,1,0,651376
2022-08-25T17:00:00Z,2022,uefa.europa_qual,Sivasspor,Malmö FF,0,2,0,651378
2022-08-25T17:00:00Z,2022,uefa.europa_qual,Omonia Nicosia,KAA Gent,2,0,0,651382
2022-08-25T17:00:00Z,2022,uefa.europa_qual,Sheriff Tiraspol,Pyunik,0,0,0,651383
2022-08-25T17:00:00Z,2022,uefa.europa.conf_qual,AIK,Slovacko,0,1,0,651574
2022-08-25T17:00:00Z,2022,uefa.europa.conf_qual,FC Basel,CSKA Sofia,2,0,0,651577
2022-08-25T17:00:00Z,2022,uefa.europa.conf_qual,Viking FK,FCSB,1,3,0,651579
2022-08-25T17:00:00Z,2022,uefa.europa.conf_qual,Hapoel Be'er,CSU Craiova,1,1,0,651581
2022-08-25T17:00:00Z,2022,uefa.europa.conf_qual,Fehérvár,FC Cologne,0,3,0,651584
2022-08-25T17:00:00Z,2022,uefa.europa.conf_qual,CFR Cluj-Napoca,NK Maribor,1,0,0,651586
2022-08-25T17:00:00Z,2022,uefa.europa.conf_qual,Slavia Prague,Raków Czestochowa,2,0,0,651587
2022-08-25T17:00:00Z,2022,uefa.europa.conf_qual,FC Twente,Fiorentina,0,0,0,651588
2022-08-25T17:00:00Z,2022,uefa.europa.conf_qual,Wolfsberger,Molde,0,4,0,651589
2022-08-25T17:00:00Z,2022,uefa.europa.conf_qual,Viborg FF,West Ham United,0,3,0,651590
2022-08-25T18:00:00Z,2022,uefa.europa.conf_qual,Hamrun Spartans,Partizan Belgrade,3,3,0,651571
2022-08-25T18:00:00Z,2022,uefa.europa.conf_qual,Anderlecht,Young Boys,0,1,0,651572
2022-08-25T18:00:00Z,2022,uefa.europa.conf_qual,Ballkani,Shkupi,1,0,0,651578
2022-08-25T18:00:00Z,2022,uefa.europa.conf_qual,Nice,Maccabi Tel-Aviv,2,0,0,651591
2022-08-25T18:00:00Z,2022,ksa.1,Al Khaleej,Al Hilal,0,2,0,663140
2022-08-25T18:30:00Z,2022,uefa.europa.conf_qual,F91 Dudelange,Lech Poznan,1,1,0,651576
2022-08-25T18:30:00Z,2022,uefa.europa.conf_qual,Slovan Bratislava,Zrinjski Mostar,2,1,0,651583
2022-08-25T18:45:00Z,2022,uefa.europa.conf_qual,Linfield,Rigas Futbola Skola,1,1,0,651573
2022-08-25T18:45:00Z,2022,uefa.europa.conf_qual,Antwerp,Istanbul Basaksehir,1,3,0,651580
2022-08-25T19:00:00Z,2022,uefa.europa_qual,Heart of Midlothian,FC Zürich,0,1,0,651380
2022-08-25T19:00:00Z,2022,uefa.europa_qual,Shamrock Rovers,Ferencvaros,1,0,0,651384
2022-08-25T19:00:00Z,2022,uefa.europa_qual,Olympiacos,Apollon Limassol,1,1,0,651548
2022-08-25T19:00:00Z,2022,uefa.europa.conf_qual,Rapid Vienna,FC Vaduz,0,1,0,651575
2022-08-25T19:00:00Z,2022,uefa.europa.conf_qual,Gil Vicente,AZ Alkmaar,1,2,0,651585
2022-08-25T19:00:00Z,2022,uefa.europa.conf_qual,Hajduk Split,Villarreal,0,2,0,651592
2022-08-25T19:00:00Z,2022,bol.1,Always Ready,Wilstermann,2,1,0,651864
2022-08-25T21:00:00Z,2022,ven.1,Deportivo La Guaira,Zulia,2,1,0,631853
2022-08-25T22:00:00Z,2022,bra.2,Vila Nova,Sampaio Corrêa,0,0,0,631278
2022-08-25T22:00:00Z,2022,mex.2,Tapatío,Cancún FC,1,0,0,638359
2022-08-25T23:00:00Z,2022,bol.1,Nacional Potosí,Independiente Petrolero,3,2,0,651865
2022-08-25T23:15:00Z,2022,ven.1,Zamora FC,Carabobo,1,0,0,631847
2022-08-26T00:05:00Z,2022,mex.1,Pachuca,Atlas,3,1,0,636105
2022-08-26T00:30:00Z,2022,bra.2,Novorizontino,Ponte Preta,1,1,0,631277
2022-08-26T01:00:00Z,2022,col.1,Deportivo Cali,Jaguares de Córdoba,2,2,0,626847
2022-08-26T02:05:00Z,2022,mex.1,Tijuana,Santos,0,2,0,636106
2022-08-26T10:00:00Z,2022,jpn.1,Sagan Tosu,Avispa Fukuoka,1,1,0,628956
2022-08-26T11:30:00Z,2022,chn.1,Beijing Guoan,Shanghai Shenhua,0,2,0,650744
2022-08-26T15:00:00Z,2022,fifa.friendly,Qatar,Jamaica,1,1,0,652184
2022-08-26T15:45:00Z,2022,ksa.1,Al Adalah,Al Ittihad,0,3,0,663141
2022-08-26T15:45:00Z,2022,ksa.1,Al Ettifaq,Al Tai,1,2,0,663142
2022-08-26T16:30:00Z,2022,ger.2,Arminia Bielefeld,TSV Eintracht Braunschweig,4,1,0,638795
2022-08-26T16:30:00Z,2022,ger.2,Fortuna Düsseldorf,SSV Jahn Regensburg,4,0,0,638797
2022-08-26T16:30:00Z,2022,ita.1,Monza,Udinese,1,2,0,644642
2022-08-26T17:00:00Z,2022,den.1,AC Horsens,AGF,2,1,0,636941
2022-08-26T17:00:00Z,2022,rus.1,Sochi,FC Khimki,4,1,0,641155
2022-08-26T18:00:00Z,2022,ned.1,NEC Nijmegen,FC Groningen,1,1,0,637221
2022-08-26T18:00:00Z,2022,ned.2,De Graafschap,FC Dordrecht,1,1,0,637534
2022-08-26T18:00:00Z,2022,ned.2,Almere City,FC Den Bosch,2,0,0,637535
2022-08-26T18:00:00Z,2022,ned.2,FC Eindhoven,Jong AZ,1,0,0,637536
2022-08-26T18:00:00Z,2022,ned.2,Telstar,Helmond Sport,2,1,0,637537
2022-08-26T18:00:00Z,2022,ned.2,PEC Zwolle,Jong PSV,4,2,0,637539
2022-08-26T18:00:00Z,2022,ned.2,Roda JC Kerkrade,NAC Breda,1,3,0,637540
2022-08-26T18:00:00Z,2022,ned.2,TOP Oss,VVV-Venlo,1,2,0,637541
2022-08-26T18:00:00Z,2022,esp.1,Girona,Celta Vigo,0,1,0,643795
2022-08-26T18:00:00Z,2022,esp.2,Albacete,Huesca,2,1,0,644173
2022-08-26T18:00:00Z,2022,tur.1,Gaziantep FK,Antalyaspor,5,2,0,645921
2022-08-26T18:00:00Z,2022,ksa.1,Al Shabab,Al Batin,3,0,0,663143
2022-08-26T18:30:00Z,2022,ger.1,SC Freiburg,VfL Bochum,1,0,0,638466
2022-08-26T18:30:00Z,2022,gre.1,Ionikos FC,Levadiakos,0,0,0,650233
2022-08-26T18:45:00Z,2022,sco.2,Ayr United,Dundee,3,1,0,639450
2022-08-26T18:45:00Z,2022,bel.1,Royal Charleroi SC,Club Brugge,1,3,0,641390
2022-08-26T18:45:00Z,2022,ita.1,Lazio,Internazionale,3,1,0,644645
2022-08-26T18:45:00Z,2022,eng.5,Oldham Athletic,Aldershot Town,2,1,0,647028
2022-08-26T18:45:00Z,2022,eng.5,Chesterfield,Barnet,3,1,0,647033
2022-08-26T19:00:00Z,2022,fra.1,AC Ajaccio,Lille,1,3,0,639640
2022-08-26T19:00:00Z,2022,eng.2,Luton Town,Sheffield United,1,1,0,643246
2022-08-26T19:00:00Z,2022,bol.1,Universitario de Vinto,Real Santa Cruz,2,0,0,651866
2022-08-26T19:15:00Z,2022,por.1,Paços de Ferreira,Estoril,0,3,0,646701
2022-08-26T20:00:00Z,2022,esp.1,Real Betis,Osasuna,1,0,0,643798
2022-08-26T20:00:00Z,2022,esp.2,FC Cartagena,Real Zaragoza,1,0,0,644175
2022-08-26T20:30:00Z,2022,per.1,Sport Boys,ADT,2,1,0,641986
2022-08-26T21:00:00Z,2022,ven.1,Deportivo Lara,Estudiantes de Mérida,2,2,0,631849
2022-08-26T21:00:00Z,2022,arg.1,Central Córdoba (Santiago del Estero),Lanús,2,2,0,635480
2022-08-26T21:00:00Z,2022,par.1,Guaireña,Nacional Asunción,1,3,0,647564
2022-08-26T22:00:00Z,2022,bra.2,Grêmio,Ituano,0,1,0,631274
2022-08-26T22:00:00Z,2022,bra.2,Brusque,Londrina,0,1,0,631275
2022-08-26T22:00:00Z,2022,mex.2,Alebrijes de Oaxaca,Club Atlético Morelia,1,3,0,638360
2022-08-26T22:00:00Z,2022,uru.1,Boston River,Fénix ,1,1,0,651014
2022-08-26T22:10:00Z,2022,arg.2,Instituto (Córdoba),Villa Dálmine,0,0,0,630313
2022-08-26T23:15:00Z,2022,ven.1,Academia Puerto Cabello,Inter de Barinas,1,2,0,631846
2022-08-26T23:15:00Z,2022,par.1,General Caballero JLM,Cerro Porteño,1,1,0,647565
2022-08-26T23:30:00Z,2022,bol.1,Bolívar,Royal Pari,3,0,0,651867
2022-08-27T00:00:00Z,2022,usa.1,Austin FC,LAFC,4,1,0,623535
2022-08-27T00:00:00Z,2022,chi.1,Everton CD,La Serena,4,0,0,629285
2022-08-27T00:00:00Z,2022,arg.1,Arsenal Sarandi,Huracán,1,1,0,635484
2022-08-27T00:00:00Z,2022,ecu.1,Deportivo Cuenca,Macará,1,1,0,635929
2022-08-27T00:00:00Z,2022,mex.1,Puebla,FC Juarez,2,2,0,636107
2022-08-27T00:00:00Z,2022,per.1,Melgar,San Martin,2,1,0,641983
2022-08-27T00:05:00Z,2022,arg.2,San Martín (Tucumán),Güemes,4,0,0,630318
2022-08-27T00:30:00Z,2022,col.1,Once Caldas,América de Cali,1,1,0,626761
2022-08-27T00:30:00Z,2022,bra.2,Cruzeiro,Náutico,4,0,0,631276
2022-08-27T01:15:00Z,2022,hon.1,Honduras Progreso,Vida,0,1,0,648222
2022-08-27T02:00:00Z,2022,usa.1,Portland Timbers,Seattle Sounders FC,2,1,0,623536
2022-08-27T02:05:00Z,2022,mex.1,Mazatlán FC,América,1,3,0,636108
2022-08-27T09:00:00Z,2022,jpn.1,Nagoya Grampus,Gamba Osaka,0,2,0,628957
2022-08-27T09:00:00Z,2022,jpn.1,Shimizu S-Pulse,Kyoto Sanga,1,0,0,628958
2022-08-27T09:30:00Z,2022,chn.1,Shanghai Port,Tianjin Jinmen Tiger,1,0,0,650748
2022-08-27T10:00:00Z,2022,jpn.1,Cerezo Osaka,Sanfrecce Hiroshima,0,3,0,628959
2022-08-27T10:00:00Z,2022,jpn.1,Kashiwa Reysol,FC Tokyo,3,6,0,628960
2022-08-27T10:00:00Z,2022,jpn.1,Kawasaki Frontale,Kashima Antlers,2,1,0,629013
2022-08-27T11:00:00Z,2022,ger.2,Karlsruher SC,Hansa Rostock,2,0,0,638790
2022-08-27T11:00:00Z,2022,ger.2,SV Darmstadt 98,1. FC Heidenheim 1846,2,2,0,638793
2022-08-27T11:00:00Z,2022,ger.2,St. Pauli,SC Paderborn 07,2,2,0,638794
2022-08-27T11:30:00Z,2022,eng.1,Southampton,Manchester United,0,1,0,638237
2022-08-27T11:30:00Z,2022,eng.2,Sunderland,Norwich City,0,1,0,643243
2022-08-27T11:30:00Z,2022,chn.1,Guangzhou City,Chengdu Rongcheng,1,2,0,650745
2022-08-27T11:30:00Z,2022,chn.1,Wuhan Yangtze River,Shandong Taishan,1,2,0,650749
2022-08-27T12:00:00Z,2022,rus.1,Nizhny Novgorod,Dinamo Moscow,2,2,0,641153
2022-08-27T13:00:00Z,2022,swe.1,BK Häcken,IFK Värnamo,4,1,0,628438
2022-08-27T13:00:00Z,2022,fra.2,Bordeaux,Guingamp,0,1,0,640033
2022-08-27T13:00:00Z,2022,fra.2,Metz,Dijon FCO,1,2,0,640038
2022-08-27T13:00:00Z,2022,uru.1,Montevideo Wanderers,Albion FC,0,0,0,651015
2022-08-27T13:30:00Z,2022,ger.1,RB Leipzig,VfL Wolfsburg,2,0,0,638467
2022-08-27T13:30:00Z,2022,ger.1,TSG Hoffenheim,FC Augsburg,1,0,0,638468
2022-08-27T13:30:00Z,2022,ger.1,Schalke 04,1. FC Union Berlin,1,6,0,638469
2022-08-27T13:30:00Z,2022,ger.1,Mainz,Bayer Leverkusen,0,3,0,638471
2022-08-27T13:30:00Z,2022,ger.1,Hertha Berlin,Borussia Dortmund,0,1,0,638472
2022-08-27T14:00:00Z,2022,bra.2,Guarani,Tombense,2,1,0,631279
2022-08-27T14:00:00Z,2022,eng.1,Brentford,Everton,1,1,0,638231
2022-08-27T14:00:00Z,2022,eng.1,Brighton & Hove Albion,Leeds United,1,0,0,638232
2022-08-27T14:00:00Z,2022,eng.1,Chelsea,Leicester City,2,1,0,638233
2022-08-27T14:00:00Z,2022,eng.1,Liverpool,AFC Bournemouth,9,0,0,638234
2022-08-27T14:00:00Z,2022,eng.1,Manchester City,Crystal Palace,4,2,0,638235
2022-08-27T14:00:00Z,2022,sco.1,Aberdeen,Livingston,5,0,0,639074
2022-08-27T14:00:00Z,2022,sco.1,Kilmarnock,Motherwell,2,1,0,639077
2022-08-27T14:00:00Z,2022,sco.1,Rangers,Ross County,4,0,0,639078
2022-08-27T14:00:00Z,2022,sco.1,St Mirren,Hibernian,1,0,0,639079
2022-08-27T14:00:00Z,2022,sco.2,Hamilton Academical,Arbroath,1,0,0,639451
2022-08-27T14:00:00Z,2022,sco.2,Inverness Caledonian Thistle,Greenock Morton,0,1,0,639452
2022-08-27T14:00:00Z,2022,sco.2,Partick Thistle,Raith Rovers,2,1,0,639453
2022-08-27T14:00:00Z,2022,sco.2,Queen's Park,Cove Rangers,2,1,0,639454
2022-08-27T14:00:00Z,2022,bel.1,RFC Seraing,Racing Genk,0,4,0,641391
2022-08-27T14:00:00Z,2022,eng.4,Leyton Orient,Hartlepool United,4,2,0,642138
2022-08-27T14:00:00Z,2022,eng.4,Harrogate Town,Newport County,0,4,0,642139
2022-08-27T14:00:00Z,2022,eng.4,Carlisle United,Gillingham,1,0,0,642140
2022-08-27T14:00:00Z,2022,eng.4,Bradford City,Crewe Alexandra,0,0,0,642141
2022-08-27T14:00:00Z,2022,eng.4,AFC Wimbledon,Barrow,0,1,0,642142
2022-08-27T14:00:00Z,2022,eng.4,Sutton United,Mansfield Town,2,1,0,642143
2022-08-27T14:00:00Z,2022,eng.4,Stockport County,Swindon Town,1,1,0,642144
2022-08-27T14:00:00Z,2022,eng.4,Salford City,Stevenage,1,0,0,642145
2022-08-27T14:00:00Z,2022,eng.4,Rochdale,Crawley Town,1,1,0,642146
2022-08-27T14:00:00Z,2022,eng.4,Northampton Town,Doncaster Rovers,0,1,0,642147
2022-08-27T14:00:00Z,2022,eng.4,Walsall,Grimsby Town,1,2,0,642148
2022-08-27T14:00:00Z,2022,eng.4,Tranmere Rovers,Colchester United,2,0,0,642149
2022-08-27T14:00:00Z,2022,eng.3,Accrington Stanley,Exeter City,0,0,0,642690
2022-08-27T14:00:00Z,2022,eng.3,Wycombe Wanderers,Charlton Athletic,1,1,0,642691
2022-08-27T14:00:00Z,2022,eng.3,Sheffield Wednesday,Forest Green Rovers,5,0,0,642692
2022-08-27T14:00:00Z,2022,eng.3,Derby County,Peterborough United,2,1,0,642693
2022-08-27T14:00:00Z,2022,eng.3,Cheltenham Town,Oxford United,1,2,0,642694
2022-08-27T14:00:00Z,2022,eng.3,Port Vale,Portsmouth,0,1,0,642695
2022-08-27T14:00:00Z,2022,eng.3,Bristol Rovers,Shrewsbury Town,1,1,0,642696
2022-08-27T14:00:00Z,2022,eng.3,Plymouth Argyle,Bolton Wanderers,2,0,0,642697
2022-08-27T14:00:00Z,2022,eng.3,Morecambe,Milton Keynes Dons,0,4,0,642698
2022-08-27T14:00:00Z,2022,eng.3,Lincoln City,Fleetwood Town,2,2,0,642699
2022-08-27T14:00:00Z,2022,eng.3,Ipswich Town,Barnsley,2,2,0,642700
2022-08-27T14:00:00Z,2022,eng.3,Cambridge United,Burton Albion,4,3,0,642701
2022-08-27T14:00:00Z,2022,eng.2,Rotherham United,Birmingham City,2,0,0,643242
2022-08-27T14:00:00Z,2022,eng.2,Millwall,Reading,0,1,0,643244
2022-08-27T14:00:00Z,2022,eng.2,Middlesbrough,Swansea City,2,1,0,643245
2022-08-27T14:00:00Z,2022,eng.2,Watford,Queens Park Rangers,2,3,0,643247
2022-08-27T14:00:00Z,2022,eng.2,Huddersfield Town,West Bromwich Albion,2,2,0,643248
2022-08-27T14:00:00Z,2022,eng.2,Cardiff City,Preston North End,0,0,0,643249
2022-08-27T14:00:00Z,2022,eng.2,Wigan Athletic,Burnley,1,5,0,643250
2022-08-27T14:00:00Z,2022,eng.2,Blackburn Rovers,Stoke City,0,1,0,643251
2022-08-27T14:00:00Z,2022,eng.2,Blackpool,Bristol City,3,3,0,643252
2022-08-27T14:00:00Z,2022,eng.2,Hull City,Coventry City,3,2,0,643253
2022-08-27T14:00:00Z,2022,eng.5,Boreham Wood,Altrincham,1,1,0,647024
2022-08-27T14:00:00Z,2022,eng.5,Gateshead,Wealdstone,0,1,0,647025
2022-08-27T14:00:00Z,2022,eng.5,Maidenhead United,York City,0,1,0,647026
2022-08-27T14:00:00Z,2022,eng.5,Maidstone United,Torquay United,1,0,0,647027
2022-08-27T14:00:00Z,2022,eng.5,Yeovil Town,Dagenham & Redbridge,1,0,0,647029
2022-08-27T14:00:00Z,2022,eng.5,FC Halifax Town,Notts County,1,4,0,647031
2022-08-27T14:00:00Z,2022,eng.5,Eastleigh,Southend United,2,1,0,647032
2022-08-27T14:00:00Z,2022,eng.5,Bromley,Scunthorpe United,1,0,0,647034
2022-08-27T14:00:00Z,2022,eng.5,Solihull Moors,Dorking Wanderers,3,0,0,647035
2022-08-27T14:30:00Z,2022,ned.1,Go Ahead Eagles,Sparta Rotterdam,0,1,0,637222
2022-08-27T14:30:00Z,2022,rus.1,Fakel Voronezh,Spartak Moscow,1,4,0,641158
2022-08-27T14:30:00Z,2022,por.1,Maritimo,Portimonense,0,1,0,646697
2022-08-27T15:00:00Z,2022,fra.1,AJ Auxerre,Strasbourg,1,0,0,639641
2022-08-27T15:00:00Z,2022,aut.1,Austria Lustenau,RB Salzburg,0,6,0,641788
2022-08-27T15:00:00Z,2022,aut.1,TSV Hartberg,SV Josko Ried,2,0,0,641790
2022-08-27T15:30:00Z,2022,swe.1,Degerfors IF,GIF Sundsvall,3,1,0,628434
2022-08-27T15:30:00Z,2022,esp.1,Elche,Real Sociedad,0,1,0,643799
2022-08-27T15:30:00Z,2022,esp.2,Sporting Gijón,Burgos,0,0,0,644178
2022-08-27T15:45:00Z,2022,ksa.1,Al Fateh,Al Taawoun,0,2,0,663144
2022-08-27T16:00:00Z,2022,nor.1,FK Jerv,Bodo/Glimt,0,2,0,628065
2022-08-27T16:00:00Z,2022,nor.1,Sandefjord,Stromsgodset,2,2,0,628071
2022-08-27T16:00:00Z,2022,chi.1,Palestino,Curicó Unido,2,1,0,629284
2022-08-27T16:00:00Z,2022,arg.1,San Lorenzo,Rosario Central,1,1,0,635476
2022-08-27T16:15:00Z,2022,bel.1,OH Leuven,KV Oostende,2,1,0,641392
2022-08-27T16:15:00Z,2022,bel.1,Cercle Brugge KSV,Zulte-Waregem,1,1,0,641393
2022-08-27T16:15:00Z,2022,tur.1,Fatih Karagümrük,Ankaragucu,4,1,0,645920
2022-08-27T16:20:00Z,2022,eng.5,Woking,Wrexham,2,3,0,647030
2022-08-27T16:30:00Z,2022,eng.1,Arsenal,Fulham,2,1,0,638229
2022-08-27T16:30:00Z,2022,ger.1,Bayern Munich,Borussia Mönchengladbach,1,1,0,638470
2022-08-27T16:30:00Z,2022,ita.1,Cremonese,Torino,1,2,0,644637
2022-08-27T16:30:00Z,2022,ita.1,Juventus,AS Roma,1,1,0,644646
2022-08-27T16:45:00Z,2022,ned.1,Vitesse,RKC Waalwijk,2,2,0,637223
2022-08-27T17:00:00Z,2022,fra.2,Bastia,Rodez Aveyron,0,2,0,640030
2022-08-27T17:00:00Z,2022,fra.2,Annecy,Grenoble,0,0,0,640031
2022-08-27T17:00:00Z,2022,fra.2,Valenciennes,Saint-Étienne,2,2,0,640032
2022-08-27T17:00:00Z,2022,fra.2,Sochaux,Niort,3,0,0,640034
2022-08-27T17:00:00Z,2022,fra.2,US Quevilly,Pau,2,1,0,640035
2022-08-27T17:00:00Z,2022,fra.2,Paris FC,Caen,1,1,0,640036
2022-08-27T17:00:00Z,2022,fra.2,Nimes,Stade Laval,1,0,0,640037
2022-08-27T17:00:00Z,2022,fra.2,Le Havre AC,SC Amiens,1,1,0,640039
2022-08-27T17:00:00Z,2022,rus.1,Akhmat Grozny,Krylia Sovetov,1,2,0,641157
2022-08-27T17:00:00Z,2022,por.1,Boavista,Benfica,0,3,0,646699
2022-08-27T17:00:00Z,2022,crc.1,Grecia,Puntarenas FC,1,0,0,647858
2022-08-27T17:00:00Z,2022,gre.1,Pas Giannina,Lamia,1,1,0,650236
2022-08-27T17:10:00Z,2022,arg.2,Ferro Carril Oeste,Flandria,1,2,0,630310
2022-08-27T17:30:00Z,2022,arg.3,Colegiales,Dock Sud,0,0,0,636404
2022-08-27T17:30:00Z,2022,aut.1,LASK Linz,SC Rheindorf Altach,4,1,0,641789
2022-08-27T17:30:00Z,2022,esp.1,Rayo Vallecano,Mallorca,0,2,0,643794
2022-08-27T17:30:00Z,2022,esp.2,Mirandés,Málaga,1,3,0,644179
2022-08-27T17:30:00Z,2022,esp.2,Lugo,Leganés,1,0,0,644180
2022-08-27T18:00:00Z,2022,arg.2,Brown de Adrogué,Gimnasia (Mendoza),1,2,0,630306
2022-08-27T18:00:00Z,2022,arg.2,Deportivo Maipú,Deportivo Madryn,2,2,0,630309
2022-08-27T18:00:00Z,2022,arg.2,Tristán Suárez,Deportivo Riestra,1,1,0,630320
2022-08-27T18:00:00Z,2022,ned.1,Feyenoord Rotterdam,FC Emmen,4,0,0,637224
2022-08-27T18:00:00Z,2022,uru.1,Rentistas,Cerrito,3,0,0,651018
2022-08-27T18:00:00Z,2022,ksa.1,Al Nassr,Al Wehda,1,0,0,663145
2022-08-27T18:00:00Z,2022,ksa.1,Abha,Al Raed,2,1,0,663146
2022-08-27T18:15:00Z,2022,per.1,Carlos A. Mannucci,Deportivo Municipal,1,1,0,641984
2022-08-27T18:30:00Z,2022,arg.1,Newell's Old Boys,Godoy Cruz Antonio Tomba,1,2,0,635477
2022-08-27T18:30:00Z,2022,arg.1,Banfield,Defensa y Justicia,1,2,0,635483
2022-08-27T18:30:00Z,2022,arg.3,Argentino de Quilmes,San Miguel,1,1,0,636397
2022-08-27T18:30:00Z,2022,arg.3,Cañuelas,Ituzaingó,3,2,0,636398
2022-08-27T18:30:00Z,2022,arg.3,Acassuso,Deportivo Armenio,0,1,0,636400
2022-08-27T18:30:00Z,2022,arg.3,Deportivo Merlo,UAI Urquiza,1,2,0,636402
2022-08-27T18:30:00Z,2022,arg.3,Comunicaciones,Los Andes,1,1,0,636403
2022-08-27T18:30:00Z,2022,ger.2,1. FC Nürnberg,Hamburg SV,0,2,0,638796
2022-08-27T18:30:00Z,2022,gre.1,AEK Athens,Volos NFC,0,1,0,650231
2022-08-27T18:45:00Z,2022,bel.1,Sint-Truidense,KV Mechelen,3,1,0,641394
2022-08-27T18:45:00Z,2022,ita.1,Spezia,Sassuolo,2,2,0,644640
2022-08-27T18:45:00Z,2022,ita.1,AC Milan,Bologna,2,0,0,644643
2022-08-27T18:45:00Z,2022,tur.1,Adana Demirspor,Umraniyespor,1,0,0,645917
2022-08-27T18:45:00Z,2022,tur.1,Alanyaspor,Istanbulspor,0,1,0,645918
2022-08-27T18:45:00Z,2022,ita.2,Modena,Ternana,4,1,0,649629
2022-08-27T18:45:00Z,2022,ita.2,SPAL,Cagliari,1,0,0,649634
2022-08-27T18:45:00Z,2022,ita.2,Palermo,Ascoli,2,3,0,649635
2022-08-27T19:00:00Z,2022,chi.1,Universidad de Chile,Universidad Católica,0,3,0,629288
2022-08-27T19:00:00Z,2022,bra.2,CRB,Criciúma,0,0,0,631273
2022-08-27T19:00:00Z,2022,ned.1,Heerenveen,Fortuna Sittard,2,1,0,637225
2022-08-27T19:00:00Z,2022,fra.1,Lens,Stade Rennais,2,1,0,639648
2022-08-27T19:00:00Z,2022,bol.1,Atlético Palmaflor,Guabirá,2,0,0,651868
2022-08-27T19:30:00Z,2022,usa.1,Minnesota United FC,Houston Dynamo FC,2,1,0,623538
2022-08-27T19:30:00Z,2022,arg.2,Mitre (Santiago del Estero),Gimnasia y Esgrima (Jujuy),2,0,0,630314
2022-08-27T19:30:00Z,2022,bra.1,Goiás,Atlético Goianiense,2,1,0,630904
2022-08-27T19:30:00Z,2022,bra.1,Coritiba,Avaí,1,0,0,630906
2022-08-27T19:30:00Z,2022,por.1,Sporting CP,GD Chaves,0,2,0,646704
2022-08-27T20:00:00Z,2022,arg.2,Chacarita Juniors,San Telmo,4,1,0,630307
2022-08-27T20:00:00Z,2022,ecu.1,Cumbayá,Delfín,2,1,0,635930
2022-08-27T20:00:00Z,2022,esp.1,Almería,Sevilla,2,1,0,643792
2022-08-27T20:00:00Z,2022,esp.2,Levante,Tenerife,2,0,0,644181
2022-08-27T20:00:00Z,2022,par.1,Libertad,Guaraní,2,2,0,647566
2022-08-27T20:30:00Z,2022,col.1,Independiente Santa Fe,Patriotas,2,1,0,626768
2022-08-27T20:30:00Z,2022,per.1,Sport Huancayo,Academia Cantolao,1,1,0,641981
2022-08-27T21:00:00Z,2022,ven.1,Metropolitanos,Monagas SC,0,0,0,631851
2022-08-27T21:00:00Z,2022,arg.1,Argentinos Juniors,Platense,0,2,0,635472
2022-08-27T21:00:00Z,2022,arg.1,Talleres (Córdoba),Racing Club,1,1,0,635474
2022-08-27T21:10:00Z,2022,arg.2,Agropecuario,Belgrano (Córdoba),0,1,0,630303
2022-08-27T21:15:00Z,2022,bol.1,Real Tomayapo,The Strongest,0,1,0,651869
2022-08-27T21:30:00Z,2022,bra.2,Operário PR,CSA,0,0,0,631271
2022-08-27T21:30:00Z,2022,gua.1,Cobán Imperial,Comunicaciones,2,1,0,640985
2022-08-27T21:30:00Z,2022,uru.1,Montevideo City Torque,Nacional,0,3,0,651012
2022-08-27T22:00:00Z,2022,chi.1,Coquimbo Unido,O'Higgins,0,1,0,629286
2022-08-27T22:00:00Z,2022,bra.1,Fluminense,Palmeiras,1,1,0,630911
2022-08-27T22:00:00Z,2022,mex.1,Cruz Azul,Querétaro,2,1,0,636109
2022-08-27T22:30:00Z,2022,usa.usl.l1,Richmond Kickers,Union Omaha,3,0,0,625657
2022-08-27T22:30:00Z,2022,ecu.1,Aucas,Guayaquil City FC,2,1,0,635925
2022-08-27T22:30:00Z,2022,par.1,Club Olimpia,Resistencia SC,1,1,0,647569
2022-08-27T22:45:00Z,2022,col.1,Alianza FC,Deportivo Pasto,0,0,0,626763
2022-08-27T23:00:00Z,2022,usa.1,Red Bull New York,Inter Miami CF,3,1,0,623537
2022-08-27T23:00:00Z,2022,usa.usl.l1,Charlotte Independence,Chattanooga Red Wolves,2,2,0,625653
2022-08-27T23:00:00Z,2022,usa.usl.l1,North Carolina FC,FC Tucson,1,1,0,625654
2022-08-27T23:00:00Z,2022,usa.usl.l1,Greenville Triumph,Northern Colorado Hailstorm FC,0,2,0,625655
2022-08-27T23:00:00Z,2022,usa.usl.1,Miami FC,Louisville City FC,1,0,0,627799
2022-08-27T23:00:00Z,2022,usa.usl.1,Indy Eleven,San Antonio FC,1,0,0,627806
2022-08-27T23:00:00Z,2022,crc.1,Sporting San José,AD Guanacasteca,4,1,0,647859
2022-08-27T23:15:00Z,2022,ven.1,Portuguesa,Caracas FC,2,1,0,631848
2022-08-27T23:30:00Z,2022,usa.1,Philadelphia Union,Colorado Rapids,6,0,0,623539
2022-08-27T23:30:00Z,2022,usa.1,FC Cincinnati,Columbus Crew,2,2,0,623540
2022-08-27T23:30:00Z,2022,usa.usl.1,Atlanta United 2,Pittsburgh Riverhounds,1,2,0,627797
2022-08-27T23:30:00Z,2022,usa.usl.1,Tampa Bay Rowdies,Orange County SC,3,1,0,627800
2022-08-27T23:30:00Z,2022,arg.2,Santamarina,Atlanta,1,2,0,630319
2022-08-27T23:30:00Z,2022,arg.1,Tigre,River Plate,1,1,0,635473
2022-08-28T00:00:00Z,2022,usa.1,Chicago Fire FC,CF Montréal,0,2,0,623545
2022-08-28T00:00:00Z,2022,usa.usl.1,Charleston Battery,Detroit City FC,0,3,0,627798
2022-08-28T00:00:00Z,2022,bra.1,Ceará,Athletico-PR,0,0,0,630905
2022-08-28T00:00:00Z,2022,per.1,Universitario,Ayacucho FC,2,1,0,641982
2022-08-28T00:05:00Z,2022,mex.1,Tigres UANL,Necaxa,0,0,0,636110
2022-08-28T00:10:00Z,2022,usa.1,Charlotte FC,Toronto FC,0,2,0,623546
2022-08-28T00:15:00Z,2022,bol.1,Blooming,Universitario de Sucre,1,1,0,651870
2022-08-28T00:30:00Z,2022,usa.1,Sporting Kansas City,San Jose Earthquakes,1,0,0,623541
2022-08-28T00:30:00Z,2022,usa.usl.1,FC Tulsa,Loudoun United FC,2,1,0,627805
2022-08-28T01:00:00Z,2022,usa.1,FC Dallas,Real Salt Lake,1,1,0,623542
2022-08-28T01:00:00Z,2022,col.1,Atlético Nacional,Atlético Bucaramanga,3,2,0,626762
2022-08-28T01:00:00Z,2022,usa.usl.1,Colorado Springs Switchbacks FC,New Mexico United,1,0,0,627803
2022-08-28T01:00:00Z,2022,ecu.1,9 de Octubre,Emelec,0,3,0,635924
2022-08-28T01:00:00Z,2022,crc.1,Pérez Zeledón,AD San Carlos,0,2,0,647860
2022-08-28T01:30:00Z,2022,usa.usl.1,El Paso Locomotive FC,Phoenix Rising FC,3,1,0,627804
2022-08-28T01:30:00Z,2022,crc.1,Guadalupe FC,Santos,3,0,0,647861
2022-08-28T01:30:00Z,2022,hon.1,Club Deportivo Victoria,C.D.Real Sociedad,1,0,0,648223
2022-08-28T02:00:00Z,2022,usa.1,Vancouver Whitecaps,Nashville SC,0,3,0,623543
2022-08-28T02:00:00Z,2022,usa.usl.1,Monterey Bay,Ventura County FC,0,2,0,627802
2022-08-28T02:00:00Z,2022,gua.1,Xelajú MC,Xinabajul,3,1,0,640984
2022-08-28T02:05:00Z,2022,mex.1,Guadalajara,Pumas UNAM,3,1,0,636111
2022-08-28T02:30:00Z,2022,usa.usl.l1,Central Valley Fuego FC,South Georgia Tormenta FC,0,2,0,625656
2022-08-28T02:30:00Z,2022,usa.usl.1,Las Vegas Lights FC,Rio Grande Valley FC Toros,0,5,0,627807
2022-08-28T03:00:00Z,2022,usa.usl.1,Sacramento Republic FC,Oakland Roots,1,0,0,627801
2022-08-28T09:30:00Z,2022,chn.1,Cangzhou Mighty Lions,Changchun Yatai,1,2,0,650751
2022-08-28T10:00:00Z,2022,rus.1,FC Ural Ekaterinburg,Zenit St Petersburg,0,4,0,641160
2022-08-28T10:15:00Z,2022,ned.1,FC Utrecht,Ajax Amsterdam,0,2,0,637226
2022-08-28T10:15:00Z,2022,ned.2,ADO Den Haag,Jong Ajax,4,0,0,637542
2022-08-28T11:00:00Z,2022,sco.1,Dundee United,Celtic,0,9,0,639075
2022-08-28T11:00:00Z,2022,fra.1,Nantes,Toulouse,3,1,0,639646
2022-08-28T11:00:00Z,2022,chn.1,Henan,Guangzhou,2,1,0,650750
2022-08-28T11:30:00Z,2022,ger.2,Kaiserslautern,1. FC Magdeburg,4,4,0,638789
2022-08-28T11:30:00Z,2022,ger.2,Holstein Kiel,SV Sandhausen,1,0,0,638791
2022-08-28T11:30:00Z,2022,ger.2,Hannover 96,SpVgg Greuther Fürth,2,1,0,638792
2022-08-28T11:30:00Z,2022,bel.1,KAA Gent,Antwerp,1,2,0,641395
2022-08-28T11:30:00Z,2022,chn.1,Meizhou Hakka,Dalian Professional,4,2,0,650746
2022-08-28T11:30:00Z,2022,chn.1,Zhejiang Professional FC,Hebei FC,3,0,0,650747
2022-08-28T11:30:00Z,2022,chn.1,Wuhan Three Towns,Shenzhen FC,5,1,0,650854
2022-08-28T12:00:00Z,2022,den.1,Randers FC,AaB,1,0,0,636938
2022-08-28T12:00:00Z,2022,den.1,Viborg FF,Lyngby Boldklub,2,1,0,636942
2022-08-28T12:00:00Z,2022,rus.1,Lokomotiv Moscow,Gazovik Orenburg,5,1,0,641159
2022-08-28T12:30:00Z,2022,ned.1,Excelsior,PSV Eindhoven,1,6,0,637227
2022-08-28T12:30:00Z,2022,ned.1,FC Volendam,FC Twente,1,0,0,637228
2022-08-28T13:00:00Z,2022,swe.1,AIK,Hammarby IF,2,2,0,628435
2022-08-28T13:00:00Z,2022,swe.1,Varbergs BoIS FC,IFK Norrköping,1,1,0,628437
2022-08-28T13:00:00Z,2022,swe.1,IFK Göteborg,IK Sirius,2,0,0,628439
2022-08-28T13:00:00Z,2022,eng.1,Aston Villa,West Ham United,0,1,0,638230
2022-08-28T13:00:00Z,2022,eng.1,Wolverhampton Wanderers,Newcastle United,1,1,0,638238
2022-08-28T13:00:00Z,2022,fra.1,Troyes,Angers,3,1,0,639642
2022-08-28T13:00:00Z,2022,fra.1,Nice,Marseille,0,3,0,639645
2022-08-28T13:00:00Z,2022,fra.1,Lorient,Clermont Foot,2,1,0,639647
2022-08-28T13:00:00Z,2022,fra.1,Brest,Montpellier,0,7,0,639649
2022-08-28T13:00:00Z,2022,uru.1,Liverpool,Deportivo Maldonado,1,1,0,651013
2022-08-28T13:30:00Z,2022,ger.1,FC Cologne,VfB Stuttgart,0,0,0,638464
2022-08-28T14:00:00Z,2022,den.1,FC Nordsjælland,F.C. København,3,1,0,636939
2022-08-28T14:00:00Z,2022,sco.1,Heart of Midlothian,St Johnstone,3,2,0,639076
2022-08-28T14:00:00Z,2022,bel.1,KV Kortrijk,Standard Liege,0,1,0,641396
2022-08-28T14:30:00Z,2022,rus.1,FK Torpedo Moscow,Krasnodar,1,4,0,641156
2022-08-28T14:30:00Z,2022,por.1,FC Famalicao,Santa Clara,1,0,0,646698
2022-08-28T14:45:00Z,2022,ned.1,SC Cambuur,AZ Alkmaar,0,1,0,637229
2022-08-28T15:00:00Z,2022,aut.1,Rapid Vienna,SK Sturm Graz,1,2,0,641791
2022-08-28T15:00:00Z,2022,aut.1,SK Austria Klagenfurt,Austria Vienna,3,3,0,641792
2022-08-28T15:00:00Z,2022,aut.1,WSG Swarovski Tirol,Wolfsberger,1,3,0,641793
2022-08-28T15:05:00Z,2022,fra.1,Stade de Reims,Lyon,1,1,0,639643
2022-08-28T15:30:00Z,2022,swe.1,Malmö FF,Kalmar FF,0,1,0,628440
2022-08-28T15:30:00Z,2022,swe.1,Helsingborg,Mjällby AIF,0,1,0,628441
2022-08-28T15:30:00Z,2022,eng.1,Nottingham Forest,Tottenham Hotspur,0,2,0,638236
2022-08-28T15:30:00Z,2022,ger.1,Werder Bremen,Eintracht Frankfurt,3,4,0,638465
2022-08-28T15:30:00Z,2022,esp.1,Getafe,Villarreal,0,0,0,643796
2022-08-28T15:30:00Z,2022,esp.2,Racing Santander,Real Oviedo,0,1,0,644183
2022-08-28T16:00:00Z,2022,nor.1,Hamarkameratene,Haugesund,1,0,0,628066
2022-08-28T16:00:00Z,2022,nor.1,Lillestrom,Kristiansund BK,1,1,0,628067
2022-08-28T16:00:00Z,2022,nor.1,Aalesund,Odds BK,1,1,0,628068
2022-08-28T16:00:00Z,2022,nor.1,Molde,Sarpsborg FK,4,1,0,628070
2022-08-28T16:00:00Z,2022,nor.1,Viking FK,Vålerenga,1,2,0,628072
2022-08-28T16:00:00Z,2022,arg.1,Sarmiento (Junín),Gimnasia La Plata,0,0,0,635475
2022-08-28T16:00:00Z,2022,arg.1,Barracas Central,Colón (Santa Fe),1,0,0,635482
2022-08-28T16:00:00Z,2022,den.1,Silkeborg IF,Odense Boldklub,1,2,0,636937
2022-08-28T16:00:00Z,2022,per.1,Alianza Atlético,Cienciano del Cusco,1,0,0,641978
2022-08-28T16:00:00Z,2022,gre.1,Panetolikos,Aris,3,1,0,650237
2022-08-28T16:15:00Z,2022,tur.1,Kasimpasa,Hatayspor,1,0,0,645922
2022-08-28T16:15:00Z,2022,tur.1,Kayserispor,Giresunspor,3,0,0,645923
2022-08-28T16:30:00Z,2022,chi.1,Antofagasta,Ñublense,1,0,0,629289
2022-08-28T16:30:00Z,2022,bel.1,Union St.-Gilloise,Anderlecht,2,1,0,641397
2022-08-28T16:30:00Z,2022,ita.1,Hellas Verona,Atalanta,0,1,0,644639
2022-08-28T16:30:00Z,2022,ita.1,Salernitana,Sampdoria,4,0,0,644641
2022-08-28T16:35:00Z,2022,arg.2,Almagro,Alvarado (Mar del Plata),1,0,0,630304
2022-08-28T16:45:00Z,2022,rus.1,Rostov,CSKA Moscow,0,0,0,641154
2022-08-28T17:00:00Z,2022,mex.1,Toluca,Pachuca,1,4,0,636112
2022-08-28T17:00:00Z,2022,gua.1,CD Achuapa,CD Malacateco,2,1,0,640982
2022-08-28T17:00:00Z,2022,por.1,Arouca,Braga,0,6,0,646700
2022-08-28T17:00:00Z,2022,crc.1,Cartaginés,Saprissa,1,2,0,647862
2022-08-28T17:30:00Z,2022,esp.1,Barcelona,Real Valladolid,4,0,0,643800
2022-08-28T17:30:00Z,2022,esp.2,Eibar,Ponferradina,1,0,0,644174
2022-08-28T18:00:00Z,2022,nor.1,Tromso,Rosenborg,4,3,0,628069
2022-08-28T18:00:00Z,2022,arg.2,Guillermo Brown,Chaco For Ever,1,0,0,630311
2022-08-28T18:00:00Z,2022,gua.1,Iztapa,Antigua GFC,4,1,0,640980
2022-08-28T18:00:00Z,2022,per.1,Atlético Grau,Deportivo Binacional,3,1,0,641985
2022-08-28T18:00:00Z,2022,gre.1,OFI CRETE,Panathinaikos,0,2,0,650234
2022-08-28T18:00:00Z,2022,uru.1,Plaza Colonia,Defensor Sporting,0,1,0,651017
2022-08-28T18:15:00Z,2022,per.1,Sporting Cristal,César Vallejo,0,0,0,641980
2022-08-28T18:30:00Z,2022,arg.1,Independiente,Vélez Sarsfield,1,1,0,635485
2022-08-28T18:30:00Z,2022,arg.3,JJ Urquiza,Fénix,0,1,0,636401
2022-08-28T18:45:00Z,2022,fra.1,Paris Saint-Germain,AS Monaco,1,1,0,639644
2022-08-28T18:45:00Z,2022,ita.1,Fiorentina,Napoli,0,0,0,644638
2022-08-28T18:45:00Z,2022,ita.1,Lecce,Empoli,1,1,0,644644
2022-08-28T18:45:00Z,2022,tur.1,Trabzonspor,Galatasaray,0,0,0,645925
2022-08-28T18:45:00Z,2022,ita.2,Benevento,Frosinone,2,1,0,649626
2022-08-28T18:45:00Z,2022,ita.2,Cittadella,Venezia,1,1,0,649627
2022-08-28T18:45:00Z,2022,ita.2,Reggina,Sudtirol,4,0,0,649630
2022-08-28T18:45:00Z,2022,ita.2,Parma,Cosenza,1,0,0,649631
2022-08-28T18:45:00Z,2022,ita.2,Perugia,Bari,1,3,0,649632
2022-08-28T18:45:00Z,2022,ita.2,Pisa,Genoa,0,1,0,649633
2022-08-28T18:45:00Z,2022,gre.1,PAOK,Atromitos,2,1,0,650235
2022-08-28T19:00:00Z,2022,col.1,Internacional de Bogotá,Deportivo Pereira,1,1,0,626764
2022-08-28T19:00:00Z,2022,chi.1,Cobresal,Huachipato,2,0,0,629287
2022-08-28T19:00:00Z,2022,arg.2,Independiente Rivadavia,Temperley,1,1,0,630312
2022-08-28T19:00:00Z,2022,bra.1,América Mineiro,Atlético-MG,1,1,0,630903
2022-08-28T19:00:00Z,2022,bra.1,São Paulo,Fortaleza,0,1,0,630909
2022-08-28T19:00:00Z,2022,bra.2,Bahia,Vasco da Gama,2,1,0,631280
2022-08-28T19:00:00Z,2022,ecu.1,Mushuc Runa,Gualaceo,2,0,0,635927
2022-08-28T19:00:00Z,2022,bel.1,KVC Westerlo,Eupen,0,1,0,641398
2022-08-28T19:00:00Z,2022,bol.1,Wilstermann,Aurora,2,0,0,651871
2022-08-28T19:15:00Z,2022,gua.1,Santa Lucía Cotzumalguapa,Deportivo Mixco,1,1,0,640981
2022-08-28T19:30:00Z,2022,por.1,Rio Ave,FC Porto,3,1,0,646705
2022-08-28T19:30:00Z,2022,par.1,Sportivo Ameliano,12 de Octubre,2,0,0,647568
2022-08-28T20:00:00Z,2022,usa.1,Atlanta United FC,D.C. United,3,2,0,623544
2022-08-28T20:00:00Z,2022,esp.1,Espanyol,Real Madrid,1,3,0,643797
2022-08-28T20:00:00Z,2022,esp.2,UD Ibiza,Alavés,1,1,0,644177
2022-08-28T20:30:00Z,2022,per.1,UTC,Alianza Lima,1,1,0,641979
2022-08-28T21:00:00Z,2022,usa.usl.1,Birmingham Legion FC,New York Red Bulls II,3,1,0,627808
2022-08-28T21:00:00Z,2022,bra.1,Botafogo,Flamengo,0,1,0,630908
2022-08-28T21:00:00Z,2022,bra.1,Cuiabá,Santos,0,0,0,630912
2022-08-28T21:00:00Z,2022,ven.1,Aragua,Mineros de Guayana,3,3,0,631850
2022-08-28T21:00:00Z,2022,arg.1,Boca Juniors,Atlético Tucumán,2,1,0,635481
2022-08-28T21:00:00Z,2022,gua.1,Municipal,CD Guastatoya,0,0,0,640983
2022-08-28T21:00:00Z,2022,hon.1,Olancho FC,FC Motagua,0,1,0,648224
2022-08-28T21:00:00Z,2022,uru.1,Peñarol,Danubio,1,1,0,651016
2022-08-28T21:05:00Z,2022,col.1,Cortuluá,Millonarios,1,4,0,626767
2022-08-28T21:15:00Z,2022,bol.1,Independiente Petrolero,Always Ready,1,1,0,651872
2022-08-28T21:30:00Z,2022,chi.1,Unión La Calera,Colo Colo,2,1,0,629283
2022-08-28T21:30:00Z,2022,ecu.1,Independiente del Valle,Universidad Católica (Quito),1,2,0,635928
2022-08-28T22:00:00Z,2022,mex.2,Atlante,Tepatitlán FC,1,1,0,638361
2022-08-28T22:00:00Z,2022,par.1,Tacuary,Sol de América,1,0,0,647567
2022-08-28T22:00:00Z,2022,hon.1,Club Deportivo Olimpia,UPNFM,2,0,0,648225
2022-08-28T22:30:00Z,2022,arg.2,Atletico Rafaela,San Martín (San Juan),3,0,0,630305
2022-08-28T23:10:00Z,2022,col.1,Atlético Junior,Deportes Tolima,2,1,0,626769
2022-08-28T23:30:00Z,2022,usa.1,Orlando City SC,New York City FC,2,1,0,623547
2022-08-28T23:30:00Z,2022,ven.1,Deportivo Táchira,UCV FC,0,0,0,631852
2022-08-28T23:30:00Z,2022,arg.1,Unión (Santa Fe),Aldosivi,0,0,0,635478
2022-08-28T23:30:00Z,2022,arg.1,Estudiantes de La Plata,Patronato,1,0,0,635479
2022-08-28T23:30:00Z,2022,bol.1,Oriente Petrolero,Nacional Potosí,4,0,0,651873
2022-08-29T00:00:00Z,2022,usa.1,New England Revolution,LA Galaxy,1,2,0,623548
2022-08-29T00:00:00Z,2022,chi.1,Unión Española,Audax Italiano,2,3,0,629282
2022-08-29T00:00:00Z,2022,ecu.1,Barcelona SC,Liga de Quito,1,1,0,635931
2022-08-29T00:00:00Z,2022,mex.1,León,Atlas,4,2,0,636113
2022-08-29T00:00:00Z,2022,crc.1,Alajuelense,Herediano,2,2,0,647857
2022-08-29T00:05:00Z,2022,mex.1,Santos,Atlético de San Luis,4,1,0,636114
2022-08-29T01:00:00Z,2022,hon.1,Real España,Club Deportivo Marathón,2,0,0,648221
2022-08-29T01:15:00Z,2022,col.1,Águilas Doradas,Independiente Medellín,3,0,0,626766
2022-08-29T02:05:00Z,2022,mex.1,Tijuana,Monterrey,0,3,0,636115
2022-08-29T14:00:00Z,2022,eng.5,Dorking Wanderers,Boreham Wood,1,4,0,647036
2022-08-29T14:00:00Z,2022,eng.5,Notts County,Solihull Moors,1,0,0,647037
2022-08-29T14:00:00Z,2022,eng.5,Scunthorpe United,FC Halifax Town,0,2,0,647038
2022-08-29T14:00:00Z,2022,eng.5,Southend United,Maidenhead United,2,0,0,647039
2022-08-29T14:00:00Z,2022,eng.5,Torquay United,Woking,1,3,0,647040
2022-08-29T14:00:00Z,2022,eng.5,Wealdstone,Yeovil Town,0,0,0,647041
2022-08-29T14:00:00Z,2022,eng.5,York City,Oldham Athletic,1,1,0,647043
2022-08-29T14:00:00Z,2022,eng.5,Aldershot Town,Maidstone United,1,3,0,647044
2022-08-29T14:00:00Z,2022,eng.5,Altrincham,Chesterfield,1,2,0,647045
2022-08-29T14:00:00Z,2022,eng.5,Dagenham & Redbridge,Bromley,4,1,0,647047
2022-08-29T16:00:00Z,2022,gre.1,Asteras Tripoli,Olympiacos,0,0,0,650232
2022-08-29T16:15:00Z,2022,tur.1,Konyaspor,Fenerbahce,1,0,0,645924
2022-08-29T16:15:00Z,2022,eng.5,Barnet,Eastleigh,3,1,0,647046
2022-08-29T17:00:00Z,2022,den.1,Brøndby IF,FC Midtjylland,0,2,0,636940
2022-08-29T17:10:00Z,2022,swe.1,Djurgården,IF Elfsborg,2,1,0,628436
2022-08-29T18:00:00Z,2022,arg.2,Sacachispas,Almirante Brown,0,1,0,630317
2022-08-29T18:00:00Z,2022,ned.2,Heracles Almelo,MVV Maastricht,2,2,0,637538
2022-08-29T18:00:00Z,2022,ned.2,Jong FC Utrecht,Willem II,0,0,0,637543
2022-08-29T18:00:00Z,2022,esp.1,Cádiz,Athletic Club,0,4,0,643791
2022-08-29T18:00:00Z,2022,esp.2,Granada,Villarreal B,3,0,0,644176
2022-08-29T18:00:00Z,2022,por.1,Vitória de Guimaraes,Casa Pia,0,1,0,646703
2022-08-29T18:45:00Z,2022,tur.1,Besiktas,Sivasspor,3,1,0,645919
2022-08-29T18:45:00Z,2022,ita.2,Como,Brescia,0,1,0,649628
2022-08-29T20:00:00Z,2022,esp.1,Valencia,Atlético Madrid,0,1,0,643793
2022-08-29T20:00:00Z,2022,esp.2,Las Palmas,FC Andorra,2,0,0,644182
2022-08-29T20:15:00Z,2022,por.1,Vizela,Gil Vicente,2,2,0,646702
2022-08-29T21:00:00Z,2022,uru.1,Cerro Largo,River Plate,0,5,0,651019
2022-08-29T22:15:00Z,2022,arg.2,Defensores de Belgrano,All Boys,1,1,0,630308
2022-08-29T23:00:00Z,2022,col.1,Jaguares de Córdoba,Envigado FC,0,0,0,626765
2022-08-29T23:00:00Z,2022,bra.1,Internacional,Juventude,4,0,0,630910
2022-08-29T23:00:00Z,2022,bra.2,Chapecoense,Vila Nova,1,2,0,631270
2022-08-29T23:35:00Z,2022,arg.2,Quilmes,Deportivo Morón,2,1,0,630316
2022-08-30T00:00:00Z,2022,arg.2,Nueva Chicago,Estudiantes de Río Cuarto,0,0,0,630315
2022-08-30T00:00:00Z,2022,ecu.1,Técnico Universitario,Orense,2,0,0,635926
2022-08-30T00:30:00Z,2022,bra.1,Corinthians,Red Bull Bragantino,1,0,0,630907
2022-08-30T01:05:00Z,2022,col.1,Deportivo Cali,Unión Magdalena,2,2,0,626770
2022-08-30T16:30:00Z,2022,ita.1,Sassuolo,AC Milan,0,0,0,644648
2022-08-30T18:00:00Z,2022,eng.trophy,AFC Wimbledon,Aston Villa U21,2,1,0,646557
2022-08-30T18:00:00Z,2022,eng.trophy,Cambridge United,Arsenal U21,0,2,0,646558
2022-08-30T18:00:00Z,2022,eng.trophy,Swindon Town,Crystal Palace U21,0,2,0,646562
2022-08-30T18:00:00Z,2022,eng.trophy,Fleetwood Town,Barrow,1,1,0,646564
2022-08-30T18:00:00Z,2022,eng.trophy,Exeter City,Newport County,1,2,0,646565
2022-08-30T18:00:00Z,2022,eng.trophy,Doncaster Rovers,Newcastle United U21,0,0,0,646566
2022-08-30T18:00:00Z,2022,eng.trophy,Walsall,West Ham U21,0,1,0,646567
2022-08-30T18:00:00Z,2022,eng.trophy,Mansfield Town,Manchester City U21,3,2,0,646568
2022-08-30T18:00:00Z,2022,eng.trophy,Derby County,Grimsby Town,3,1,0,646569
2022-08-30T18:00:00Z,2022,eng.trophy,Wycombe Wanderers,Tottenham Hotspur U21,0,0,0,646570
2022-08-30T18:00:00Z,2022,eng.trophy,Shrewsbury Town,Wolverhampton Wanderers U21,1,2,0,646571
2022-08-30T18:00:00Z,2022,eng.trophy,Milton Keynes Dons,Cheltenham Town,1,2,0,646572
2022-08-30T18:00:00Z,2022,eng.trophy,Hartlepool United,Harrogate Town,2,0,0,646573
2022-08-30T18:00:00Z,2022,eng.trophy,Forest Green Rovers,Southampton U21,3,1,0,646574
2022-08-30T18:00:00Z,2022,eng.trophy,Plymouth Argyle,Bristol Rovers,1,1,0,646575
2022-08-30T18:00:00Z,2022,eng.trophy,Burton Albion,Leicester City U21,4,2,0,646576
2022-08-30T18:00:00Z,2022,eng.trophy,Morecambe,Everton U21,3,3,0,646577
2022-08-30T18:00:00Z,2022,eng.trophy,Bolton Wanderers,Crewe Alexandra,4,1,0,646584
2022-08-30T18:30:00Z,2022,eng.1,Fulham,Brighton & Hove Albion,2,1,0,638241
2022-08-30T18:30:00Z,2022,eng.1,Crystal Palace,Brentford,1,1,0,638245
2022-08-30T18:30:00Z,2022,eng.trophy,Carlisle United,Manchester United U21,1,2,0,646559
2022-08-30T18:30:00Z,2022,eng.trophy,Port Vale,Stockport County,1,0,0,646578
2022-08-30T18:30:00Z,2022,eng.trophy,Peterborough United,Stevenage,1,2,0,646579
2022-08-30T18:30:00Z,2022,eng.trophy,Bradford City,Sheffield Wednesday,3,1,0,646580
2022-08-30T18:30:00Z,2022,eng.trophy,Salford City,Liverpool U21,2,1,0,646581
2022-08-30T18:45:00Z,2022,eng.1,Southampton,Chelsea,2,1,0,638246
2022-08-30T18:45:00Z,2022,fra.2,SC Amiens,Paris FC,1,1,0,640040
2022-08-30T18:45:00Z,2022,fra.2,Guingamp,Sochaux,1,2,0,640041
2022-08-30T18:45:00Z,2022,fra.2,Stade Laval,Le Havre AC,1,3,0,640042
2022-08-30T18:45:00Z,2022,fra.2,Niort,Valenciennes,0,1,0,640043
2022-08-30T18:45:00Z,2022,fra.2,Bordeaux,US Quevilly,4,0,0,640044
2022-08-30T18:45:00Z,2022,fra.2,Saint-Étienne,Bastia,5,0,0,640045
2022-08-30T18:45:00Z,2022,fra.2,Grenoble,Nimes,3,2,0,640046
2022-08-30T18:45:00Z,2022,fra.2,Dijon FCO,Annecy,0,2,0,640047
2022-08-30T18:45:00Z,2022,fra.2,Caen,Pau,1,1,0,640048
2022-08-30T18:45:00Z,2022,fra.2,Rodez Aveyron,Metz,1,4,0,640049
2022-08-30T18:45:00Z,2022,eng.2,Wigan Athletic,West Bromwich Albion,1,1,0,643255
2022-08-30T18:45:00Z,2022,eng.2,Birmingham City,Norwich City,1,2,0,643256
2022-08-30T18:45:00Z,2022,eng.2,Burnley,Millwall,2,0,0,643257
2022-08-30T18:45:00Z,2022,eng.2,Cardiff City,Luton Town,1,2,0,643258
2022-08-30T18:45:00Z,2022,eng.2,Queens Park Rangers,Hull City,3,1,0,643259
2022-08-30T18:45:00Z,2022,eng.2,Sheffield United,Reading,4,0,0,643263
2022-08-30T18:45:00Z,2022,ita.1,AS Roma,Monza,3,0,0,644650
2022-08-30T18:45:00Z,2022,ita.1,Internazionale,Cremonese,3,1,0,644653
2022-08-30T18:45:00Z,2022,eng.trophy,Crawley Town,Portsmouth,2,2,0,646561
2022-08-30T18:45:00Z,2022,eng.trophy,Accrington Stanley,Rochdale,3,3,0,646582
2022-08-30T18:45:00Z,2022,eng.trophy,Barnsley,Lincoln City,0,3,0,646583
2022-08-30T18:45:00Z,2022,eng.trophy,Ipswich Town,Northampton Town,6,0,0,646585
2022-08-30T18:45:00Z,2022,eng.trophy,Oxford United,Leyton Orient,5,0,0,646586
2022-08-30T18:45:00Z,2022,eng.5,Wrexham,Gateshead,3,1,0,647042
2022-08-30T18:45:00Z,2022,sco.cis,Dundee,Falkirk,3,0,0,650203
2022-08-30T18:45:00Z,2022,sco.cis,Annan Athletic,Aberdeen,1,4,0,650204
2022-08-30T18:45:00Z,2022,sco.cis,Rangers,Queen of the South,3,1,0,650206
2022-08-30T18:45:00Z,2022,sco.cis,Partick Thistle,Arbroath,1,0,0,650207
2022-08-30T18:46:00Z,2022,ger.dfb_pokal,Teutonia Ottensen,RB Leipzig,0,8,0,635861
2022-08-30T19:00:00Z,2022,eng.1,Leeds United,Everton,1,1,0,638242
2022-08-30T19:00:00Z,2022,eng.2,Watford,Middlesbrough,2,1,0,643254
2022-08-30T19:00:00Z,2022,bol.1,Royal Pari,Universitario de Vinto,2,1,0,651874
2022-08-30T19:15:00Z,2022,por.1,Benfica,Paços de Ferreira,3,2,0,646688
2022-08-30T22:00:00Z,2022,bra.2,Londrina,CRB,1,0,0,631263
2022-08-30T22:00:00Z,2022,bra.2,Sampaio Corrêa,Cruzeiro,1,1,0,631264
2022-08-30T22:00:00Z,2022,bol.1,The Strongest,Guabirá,2,3,0,651875
2022-08-30T22:05:00Z,2022,mex.2,Mineros de Zacatecas,Correcaminos UAT,1,0,0,638364
2022-08-30T23:30:00Z,2022,bra.2,Sport,Novorizontino,1,0,0,631267
2022-08-30T23:30:00Z,2022,bra.2,Ituano,Operário PR,0,0,0,631269
2022-08-31T00:05:00Z,2022,mex.2,Cancún FC,Venados FC,1,2,0,638362
2022-08-31T00:10:00Z,2022,arg.3,Talleres de Remedios,Villa San Carlos,1,2,0,636399
2022-08-31T00:15:00Z,2022,bol.1,Universitario de Sucre,Bolívar,2,3,0,651876
2022-08-31T00:30:00Z,2022,bra.2,Tombense,Brusque,1,0,0,631262
2022-08-31T00:30:00Z,2022,bra.2,Criciúma,Grêmio,2,0,0,631265
2022-08-31T00:30:00Z,2022,bra.2,CSA,Náutico,2,0,0,631268
2022-08-31T00:30:00Z,2022,conmebol.libertadores,Athletico-PR,Palmeiras,1,0,0,651843
2022-08-31T02:05:00Z,2022,mex.2,Cimarrones de Sonora,Club Atlético La Paz,4,0,0,638363
2022-08-31T10:00:00Z,2022,jpn.1,Kawasaki Frontale,Sagan Tosu,4,0,0,628903
2022-08-31T10:00:00Z,2022,jpn.1,Avispa Fukuoka,Gamba Osaka,0,1,0,628936
2022-08-31T11:30:00Z,2022,chn.1,Shanghai Shenhua,Shandong Taishan,2,1,0,650724
2022-08-31T15:55:00Z,2022,ksa.1,Al Batin,Al Fateh,0,5,0,663147
2022-08-31T16:30:00Z,2022,ita.1,Sampdoria,Lazio,1,1,0,644649
2022-08-31T16:30:00Z,2022,ita.1,Udinese,Fiorentina,1,0,0,644651
2022-08-31T16:30:00Z,2022,ita.1,Empoli,Hellas Verona,1,1,0,644654
2022-08-31T16:45:00Z,2022,ned.1,PSV Eindhoven,FC Volendam,7,1,0,637215
2022-08-31T17:00:00Z,2022,nor.1,Kristiansund BK,Viking FK,2,1,0,628080
2022-08-31T17:00:00Z,2022,nor.1,Tromso,Stromsgodset,1,0,0,628117
2022-08-31T17:00:00Z,2022,fra.1,Angers,Stade de Reims,2,4,0,639650
2022-08-31T17:00:00Z,2022,fra.1,AS Monaco,Troyes,2,4,0,639652
2022-08-31T17:00:00Z,2022,fra.1,Montpellier,AC Ajaccio,2,0,0,639653
2022-08-31T17:00:00Z,2022,fra.1,Strasbourg,Nantes,1,1,0,639655
2022-08-31T17:00:00Z,2022,fra.1,Lyon,AJ Auxerre,2,1,0,639656
2022-08-31T18:00:00Z,2022,arg.2,Deportivo Riestra,Ferro Carril Oeste,1,0,0,630220
2022-08-31T18:00:00Z,2022,eng.trophy,Charlton Athletic,Gillingham,3,0,0,646560
2022-08-31T18:00:00Z,2022,ksa.1,Al Hilal,Al Fayha,2,0,0,663148
2022-08-31T18:15:00Z,2022,gua.1,CD Malacateco,Iztapa,1,1,0,640987
2022-08-31T18:30:00Z,2022,eng.1,AFC Bournemouth,Wolverhampton Wanderers,0,0,0,638239
2022-08-31T18:30:00Z,2022,eng.1,Arsenal,Aston Villa,2,1,0,638240
2022-08-31T18:30:00Z,2022,eng.1,Manchester City,Nottingham Forest,6,0,0,638248
2022-08-31T18:30:00Z,2022,bel.1,Antwerp,Union St.-Gilloise,4,2,0,641385
2022-08-31T18:45:00Z,2022,eng.1,West Ham United,Tottenham Hotspur,1,1,0,638244
2022-08-31T18:45:00Z,2022,eng.2,Bristol City,Huddersfield Town,2,0,0,643261
2022-08-31T18:45:00Z,2022,eng.2,Sunderland,Rotherham United,3,0,0,643262
2022-08-31T18:45:00Z,2022,eng.2,Coventry City,Preston North End,0,1,0,643264
2022-08-31T18:45:00Z,2022,eng.2,Stoke City,Swansea City,1,1,0,643265
2022-08-31T18:45:00Z,2022,ita.1,Juventus,Spezia,2,0,0,644652
2022-08-31T18:45:00Z,2022,ita.1,Napoli,Lecce,1,1,0,644656
2022-08-31T18:45:00Z,2022,eng.trophy,Sutton United,Chelsea U21,1,0,0,646587
2022-08-31T18:45:00Z,2022,sco.cis,Ross County,Celtic,1,4,0,650202
2022-08-31T18:45:00Z,2022,sco.cis,Livingston,Dundee United,1,2,0,650205
2022-08-31T18:45:00Z,2022,sco.cis,Motherwell,Inverness Caledonian Thistle,4,0,0,650208
2022-08-31T18:45:00Z,2022,sco.cis,Heart of Midlothian,Kilmarnock,0,1,0,650209
2022-08-31T18:46:00Z,2022,ger.dfb_pokal,Viktoria Köln,Bayern Munich,0,5,0,635844
2022-08-31T19:00:00Z,2022,ned.1,FC Twente,Excelsior,4,0,0,637230
2022-08-31T19:00:00Z,2022,eng.1,Liverpool,Newcastle United,2,1,0,638247
2022-08-31T19:00:00Z,2022,fra.1,Marseille,Clermont Foot,1,0,0,639651
2022-08-31T19:00:00Z,2022,fra.1,Toulouse,Paris Saint-Germain,0,3,0,639654
2022-08-31T19:00:00Z,2022,fra.1,Lille,Nice,1,2,0,639657
2022-08-31T19:00:00Z,2022,fra.1,Lens,Lorient,5,2,0,639658
2022-08-31T19:00:00Z,2022,fra.1,Stade Rennais,Brest,3,1,0,639659
2022-08-31T19:00:00Z,2022,eng.2,Blackpool,Blackburn Rovers,0,1,0,643260
2022-08-31T19:00:00Z,2022,bol.1,Always Ready,Oriente Petrolero,3,0,0,651877
2022-08-31T19:00:00Z,2022,arg.copa,Godoy Cruz Antonio Tomba,Belgrano (Córdoba),0,0,0,652240
2022-08-31T21:00:00Z,2022,gua.1,CD Guastatoya,Cobán Imperial,3,0,0,640986
2022-08-31T21:00:00Z,2022,crc.1,Herediano,AD Guanacasteca,3,0,0,647867
2022-08-31T21:30:00Z,2022,arg.copa,Banfield,Gimnasia y Esgrima (Jujuy),2,0,0,652241
2022-08-31T22:00:00Z,2022,bra.2,Vasco da Gama,Guarani,2,1,0,631266
2022-08-31T22:00:00Z,2022,mex.2,Durango,Atlante,1,1,0,638367
2022-08-31T22:00:00Z,2022,gua.1,Xinabajul,Antigua GFC,2,1,0,640991
2022-08-31T22:00:00Z,2022,bol.1,Atlético Palmaflor,Independiente Petrolero,2,1,0,651878
2022-08-31T23:00:00Z,2022,usa.1,Philadelphia Union,Atlanta United FC,4,1,0,623551
2022-08-31T23:00:00Z,2022,usa.usl.l1,Charlotte Independence,South Georgia Tormenta FC,0,2,0,625652
2022-08-31T23:00:00Z,2022,usa.usl.1,Indy Eleven,Louisville City FC,2,1,0,627641
2022-08-31T23:00:00Z,2022,usa.usl.1,New York Red Bulls II,Hartford Athletic,3,3,0,627811
2022-08-31T23:00:00Z,2022,usa.usl.1,Pittsburgh Riverhounds,Charleston Battery,0,0,0,627812
2022-08-31T23:00:00Z,2022,hon.1,UPNFM,Olancho FC,1,2,0,648227
2022-08-31T23:30:00Z,2022,usa.1,CF Montréal,Red Bull New York,0,1,0,623549
2022-08-31T23:30:00Z,2022,usa.1,Toronto FC,LA Galaxy,2,2,0,623550
2022-08-31T23:30:00Z,2022,usa.1,New England Revolution,Chicago Fire FC,0,0,0,623553
2022-08-31T23:30:00Z,2022,usa.1,Columbus Crew,Inter Miami CF,1,0,0,623554
2022-09-01T00:00:00Z,2022,usa.1,New York City FC,D.C. United,1,2,0,623241
2022-09-01T00:00:00Z,2022,usa.usl.l1,Union Omaha,Forward Madison FC,1,0,0,625651
2022-09-01T00:00:00Z,2022,usa.usl.1,Memphis 901 FC,Loudoun United FC,0,1,0,627810
2022-09-01T00:00:00Z,2022,gua.1,Comunicaciones,CD Achuapa,3,0,0,640990
2022-09-01T00:00:00Z,2022,crc.1,Alajuelense,Guadalupe FC,1,0,0,647863
2022-09-01T00:00:00Z,2022,crc.1,Santos,Sporting San José,0,3,0,647868
2022-09-01T00:05:00Z,2022,mex.2,Tlaxcala FC,Leones Negros,2,0,0,638365
2022-09-01T00:15:00Z,2022,bol.1,Nacional Potosí,Real Tomayapo,2,1,0,651879
2022-09-01T00:30:00Z,2022,usa.1,Houston Dynamo FC,LAFC,2,1,0,623555
2022-09-01T00:30:00Z,2022,usa.1,Nashville SC,Colorado Rapids,4,1,0,623556
2022-09-01T00:30:00Z,2022,bra.2,Ponte Preta,Bahia,2,0,0,631261
2022-09-01T00:30:00Z,2022,conmebol.libertadores,Vélez Sarsfield,Flamengo,0,4,0,651842
2022-09-01T00:30:00Z,2022,conmebol.sudamericana,Independiente del Valle,Melgar,3,0,0,651847
2022-09-01T00:30:00Z,2022,arg.copa,Defensa y Justicia,River Plate,0,4,0,652242
2022-09-01T01:00:00Z,2022,usa.1,Austin FC,Portland Timbers,1,2,0,623557
2022-09-01T01:00:00Z,2022,fifa.friendly,Mexico,Paraguay,0,1,0,634280
2022-09-01T01:00:00Z,2022,gua.1,Deportivo Mixco,Municipal,1,4,0,640988
2022-09-01T01:05:00Z,2022,col.1,Atlético Bucaramanga,América de Cali,0,2,0,626822
2022-09-01T01:15:00Z,2022,hon.1,Honduras Progreso,C.D.Real Sociedad,4,0,0,648229
2022-09-01T01:22:00Z,2022,usa.1,Orlando City SC,Seattle Sounders FC,3,2,0,623552
2022-09-01T01:30:00Z,2022,usa.1,Real Salt Lake,Minnesota United FC,3,0,0,623558
2022-09-01T01:30:00Z,2022,hon.1,Club Deportivo Marathón,Club Deportivo Victoria,1,1,0,648226
2022-09-01T01:30:00Z,2022,hon.1,Vida,Real España,1,0,0,648230
2022-09-01T02:00:00Z,2022,gua.1,Xelajú MC,Santa Lucía Cotzumalguapa,4,1,0,640989
2022-09-01T02:05:00Z,2022,mex.2,Pumas Tabasco,Tapatío,1,0,0,638366
2022-09-01T02:15:00Z,2022,crc.1,AD San Carlos,Puntarenas FC,2,2,0,647866
2022-09-01T02:30:00Z,2022,usa.usl.l1,Central Valley Fuego FC,FC Tucson,3,2,0,625650
2022-09-01T02:30:00Z,2022,usa.usl.1,Phoenix Rising FC,Rio Grande Valley FC Toros,2,1,0,627809
2022-09-01T02:30:00Z,2022,crc.1,Saprissa,Grecia,4,0,0,647864
2022-09-01T09:30:00Z,2022,chn.1,Cangzhou Mighty Lions,Shanghai Port,0,0,0,650719
2022-09-01T11:30:00Z,2022,chn.1,Zhejiang Professional FC,Guangzhou,3,0,0,650718
2022-09-01T11:30:00Z,2022,chn.1,Changchun Yatai,Chengdu Rongcheng,0,1,0,650721
2022-09-01T11:30:00Z,2022,chn.1,Dalian Professional,Shenzhen FC,5,1,0,650825
2022-09-01T16:00:00Z,2022,ksa.1,Al Raed,Al Wehdat,0,0,0,663447
2022-09-01T16:00:00Z,2022,ksa.1,Al Raed,Al Wehda,1,0,0,663448
2022-09-01T18:00:00Z,2022,ned.1,AZ Alkmaar,NEC Nijmegen,1,1,0,637218
2022-09-01T18:00:00Z,2022,ned.2,Telstar,De Graafschap,0,1,0,637548
2022-09-01T18:00:00Z,2022,ksa.1,Abha,Al Shabab,0,4,0,663150
2022-09-01T18:30:00Z,2022,bel.1,Anderlecht,KAA Gent,0,1,0,641382
2022-09-01T18:45:00Z,2022,ita.1,Atalanta,Torino,3,1,0,644647
2022-09-01T18:45:00Z,2022,ita.1,Bologna,Salernitana,1,1,0,644655
2022-09-01T19:00:00Z,2022,eng.1,Leicester City,Manchester United,0,1,0,638243
2022-09-01T19:00:00Z,2022,bol.1,Real Santa Cruz,Wilstermann,0,0,0,651880
2022-09-01T21:00:00Z,2022,ven.1,UCV FC,Zamora FC,1,1,0,631845
2022-09-01T22:30:00Z,2022,bol.1,Aurora,Blooming,1,0,0,651881
2022-09-01T23:00:00Z,2022,arg.1,Huracán,Central Córdoba (Santiago del Estero),2,0,0,635499
2022-09-01T23:15:00Z,2022,ven.1,Inter de Barinas,Deportivo La Guaira,0,2,0,631840
2022-09-02T00:00:00Z,2022,mex.1,Atlético de San Luis,Tijuana,0,0,0,636116
2022-09-02T00:00:00Z,2022,mex.2,Tepatitlán FC,Alebrijes de Oaxaca,1,1,0,638368
2022-09-02T00:30:00Z,2022,col.1,Atlético Nacional,Envigado FC,1,1,0,626785
2022-09-02T00:30:00Z,2022,conmebol.sudamericana,Atlético Goianiense,São Paulo,3,1,0,651846
2022-09-02T02:00:00Z,2022,mex.2,Raya2,Celaya,2,3,0,638369
2022-09-02T02:00:00Z,2022,crc.1,Cartaginés,Pérez Zeledón,2,1,0,647865
2022-09-02T02:00:00Z,2022,hon.1,FC Motagua,Club Deportivo Olimpia,1,0,0,648228
2022-09-02T02:05:00Z,2022,mex.1,Querétaro,Puebla,1,1,0,636117
2022-09-02T10:30:00Z,2022,jpn.1,Consadole Sapporo,Cerezo Osaka,2,1,0,628961
2022-09-02T16:00:00Z,2022,ksa.1,Al Tai,Al Adalah,1,0,0,663151
2022-09-02T16:30:00Z,2022,ger.2,1. FC Heidenheim 1846,Fortuna Düsseldorf,2,1,0,638798
2022-09-02T16:30:00Z,2022,ger.2,TSV Eintracht Braunschweig,1. FC Nürnberg,4,2,0,638806
2022-09-02T17:00:00Z,2022,den.1,F.C. København,Silkeborg IF,1,0,0,636945
2022-09-02T17:30:00Z,2022,rsa.1,SuperSport United,Mamelodi Sundowns,2,1,0,649394
2022-09-02T18:00:00Z,2022,ned.1,Fortuna Sittard,FC Utrecht,3,4,0,637231
2022-09-02T18:00:00Z,2022,ned.2,Willem II,ADO Den Haag,1,0,0,637544
2022-09-02T18:00:00Z,2022,ned.2,VVV-Venlo,Jong FC Utrecht,2,1,0,637545
2022-09-02T18:00:00Z,2022,ned.2,FC Den Bosch,PEC Zwolle,1,2,0,637546
2022-09-02T18:00:00Z,2022,ned.2,NAC Breda,FC Eindhoven,1,1,0,637547
2022-09-02T18:00:00Z,2022,ned.2,Helmond Sport,Almere City,3,0,0,637549
2022-09-02T18:00:00Z,2022,tur.1,Umraniyespor,Trabzonspor,0,1,0,645934
2022-09-02T18:00:00Z,2022,por.1,Benfica,Vizela,2,1,0,646709
2022-09-02T18:00:00Z,2022,ksa.1,Damac,Al Khaleej,2,1,0,663152
2022-09-02T18:30:00Z,2022,ger.1,Borussia Dortmund,TSG Hoffenheim,1,0,0,638474
2022-09-02T18:30:00Z,2022,ita.2,Cagliari,Modena,1,0,0,649639
2022-09-02T18:30:00Z,2022,uru.1,Deportivo Maldonado,Rentistas,2,1,0,651026
2022-09-02T18:45:00Z,2022,fra.2,SC Amiens,Grenoble,1,0,0,640050
2022-09-02T18:45:00Z,2022,fra.2,Bastia,Dijon FCO,1,0,0,640051
2022-09-02T18:45:00Z,2022,fra.2,Valenciennes,Nimes,3,2,0,640052
2022-09-02T18:45:00Z,2022,fra.2,Sochaux,Stade Laval,4,1,0,640053
2022-09-02T18:45:00Z,2022,fra.2,Metz,Annecy,0,0,0,640057
2022-09-02T18:45:00Z,2022,fra.2,Le Havre AC,Caen,2,1,0,640058
2022-09-02T18:45:00Z,2022,fra.2,US Quevilly,Niort,3,3,0,640059
2022-09-02T18:45:00Z,2022,bel.1,Club Brugge,Cercle Brugge KSV,4,0,0,641399
2022-09-02T19:00:00Z,2022,eng.2,West Bromwich Albion,Burnley,1,1,0,643277
2022-09-02T19:00:00Z,2022,esp.1,Celta Vigo,Cádiz,3,0,0,643801
2022-09-02T19:00:00Z,2022,esp.2,Leganés,Eibar,2,1,0,644194
2022-09-02T20:15:00Z,2022,por.1,Estoril,Sporting CP,0,2,0,646714
2022-09-02T20:30:00Z,2022,per.1,Ayacucho FC,Sport Boys,1,1,0,641990
2022-09-02T21:00:00Z,2022,ven.1,Zulia,Portuguesa,0,0,0,631844
2022-09-02T21:00:00Z,2022,par.1,Guaraní,Guaireña,2,2,0,647574
2022-09-02T22:00:00Z,2022,bra.2,Náutico,Ituano,2,0,0,631253
2022-09-02T23:15:00Z,2022,ven.1,Academia Puerto Cabello,Deportivo Táchira,1,2,0,631842
2022-09-02T23:15:00Z,2022,par.1,Resistencia SC,General Caballero JLM,0,0,0,647572
2022-09-03T00:00:00Z,2022,ecu.1,Emelec,Cumbayá,1,0,0,635937
2022-09-03T00:00:00Z,2022,mex.1,Necaxa,León,3,2,0,636118
2022-09-03T00:30:00Z,2022,bra.2,Grêmio,Vila Nova,2,1,0,631260
2022-09-03T01:00:00Z,2022,usa.usl.1,New Mexico United,El Paso Locomotive FC,1,2,0,627813
2022-09-03T02:05:00Z,2022,mex.1,FC Juarez,Cruz Azul,2,2,0,636119
2022-09-03T09:00:00Z,2022,jpn.1,Kashima Antlers,Urawa Red Diamonds,2,2,0,628968
2022-09-03T09:30:00Z,2022,jpn.1,Jubilo Iwata,Kashiwa Reysol,2,2,0,628962
2022-09-03T09:30:00Z,2022,jpn.1,Sanfrecce Hiroshima,Shimizu S-Pulse,2,0,0,628967
2022-09-03T10:00:00Z,2022,jpn.1,Gamba Osaka,Sagan Tosu,0,3,0,628963
2022-09-03T10:00:00Z,2022,jpn.1,FC Tokyo,Yokohama F. Marinos,2,2,0,628964
2022-09-03T10:00:00Z,2022,jpn.1,Shonan Bellmare,Kawasaki Frontale,2,1,0,628965
2022-09-03T10:00:00Z,2022,jpn.1,Kyoto Sanga,Vissel Kobe,2,0,0,628966
2022-09-03T10:00:00Z,2022,jpn.1,Avispa Fukuoka,Nagoya Grampus,2,3,0,628969
2022-09-03T10:00:00Z,2022,rus.1,Gazovik Orenburg,FC Khimki,3,1,0,641164
2022-09-03T11:00:00Z,2022,ger.2,SpVgg Greuther Fürth,St. Pauli,2,2,0,638799
2022-09-03T11:00:00Z,2022,ger.2,SSV Jahn Regensburg,Holstein Kiel,0,0,0,638802
2022-09-03T11:00:00Z,2022,ger.2,SC Paderborn 07,1. FC Magdeburg,1,0,0,638803
2022-09-03T11:30:00Z,2022,eng.1,Everton,Liverpool,0,0,0,638255
2022-09-03T11:30:00Z,2022,sco.1,Celtic,Rangers,4,0,0,639080
2022-09-03T11:30:00Z,2022,chn.1,Guangzhou City,Tianjin Jinmen Tiger,2,0,0,650865
2022-09-03T12:00:00Z,2022,rus.1,Nizhny Novgorod,Fakel Voronezh,3,1,0,641161
2022-09-03T12:00:00Z,2022,esp.1,Mallorca,Girona,1,1,0,643810
2022-09-03T12:00:00Z,2022,esp.2,Alavés,Las Palmas,1,1,0,644193
2022-09-03T12:00:00Z,2022,ita.2,Ascoli,Cittadella,0,0,0,649636
2022-09-03T12:00:00Z,2022,ita.2,Bari,SPAL,2,2,0,649637
2022-09-03T12:00:00Z,2022,ita.2,Brescia,Perugia,2,1,0,649638
2022-09-03T12:00:00Z,2022,ita.2,Frosinone,Como,2,0,0,649640
2022-09-03T12:00:00Z,2022,ita.2,Reggina,Palermo,3,0,0,649642
2022-09-03T12:00:00Z,2022,ita.2,Ternana,Cosenza,1,1,0,649644
2022-09-03T12:00:00Z,2022,ita.2,Venezia,Benevento,0,2,0,649645
2022-09-03T13:00:00Z,2022,fra.2,Paris FC,Bordeaux,1,3,0,640056
2022-09-03T13:00:00Z,2022,ita.1,Fiorentina,Juventus,1,1,0,644658
2022-09-03T13:00:00Z,2022,rsa.1,Golden Arrows,Chippa United,3,2,0,649395
2022-09-03T13:00:00Z,2022,rsa.1,Stellenbosch,Richards Bay FC,1,2,0,649396
2022-09-03T13:30:00Z,2022,ger.1,Bayer Leverkusen,SC Freiburg,2,3,0,638475
2022-09-03T13:30:00Z,2022,ger.1,1. FC Union Berlin,Bayern Munich,1,1,0,638476
2022-09-03T13:30:00Z,2022,ger.1,VfL Wolfsburg,FC Cologne,2,4,0,638477
2022-09-03T13:30:00Z,2022,ger.1,VfB Stuttgart,Schalke 04,1,1,0,638479
2022-09-03T13:30:00Z,2022,ger.1,VfL Bochum,Werder Bremen,0,2,0,638480
2022-09-03T13:30:00Z,2022,uru.1,Albion FC,Montevideo City Torque,1,0,0,651022
2022-09-03T14:00:00Z,2022,bra.2,Novorizontino,CSA,1,1,0,631251
2022-09-03T14:00:00Z,2022,eng.1,Brentford,Leeds United,5,2,0,638250
2022-09-03T14:00:00Z,2022,eng.1,Chelsea,West Ham United,2,1,0,638252
2022-09-03T14:00:00Z,2022,eng.1,Wolverhampton Wanderers,Southampton,1,0,0,638253
2022-09-03T14:00:00Z,2022,eng.1,Nottingham Forest,AFC Bournemouth,2,3,0,638256
2022-09-03T14:00:00Z,2022,eng.1,Tottenham Hotspur,Fulham,2,1,0,638257
2022-09-03T14:00:00Z,2022,eng.1,Newcastle United,Crystal Palace,0,0,0,638258
2022-09-03T14:00:00Z,2022,sco.1,Hibernian,Kilmarnock,1,0,0,639081
2022-09-03T14:00:00Z,2022,sco.1,Livingston,Heart of Midlothian,1,0,0,639082
2022-09-03T14:00:00Z,2022,sco.1,Motherwell,Dundee United,0,0,0,639083
2022-09-03T14:00:00Z,2022,sco.1,Ross County,Aberdeen,1,1,0,639084
2022-09-03T14:00:00Z,2022,sco.1,St Johnstone,St Mirren,3,0,0,639085
2022-09-03T14:00:00Z,2022,sco.2,Cove Rangers,Hamilton Academical,2,2,0,639455
2022-09-03T14:00:00Z,2022,sco.2,Arbroath,Partick Thistle,0,2,0,639456
2022-09-03T14:00:00Z,2022,sco.2,Dundee,Queen's Park,3,0,0,639457
2022-09-03T14:00:00Z,2022,sco.2,Greenock Morton,Ayr United,1,2,0,639458
2022-09-03T14:00:00Z,2022,sco.2,Raith Rovers,Inverness Caledonian Thistle,0,2,0,639459
2022-09-03T14:00:00Z,2022,bel.1,Racing Genk,Sint-Truidense,0,0,0,641401
2022-09-03T14:00:00Z,2022,eng.4,Doncaster Rovers,Mansfield Town,1,3,0,642150
2022-09-03T14:00:00Z,2022,eng.4,Crewe Alexandra,Stevenage,1,2,0,642151
2022-09-03T14:00:00Z,2022,eng.4,Sutton United,Harrogate Town,2,1,0,642152
2022-09-03T14:00:00Z,2022,eng.4,Stockport County,AFC Wimbledon,1,0,0,642153
2022-09-03T14:00:00Z,2022,eng.4,Salford City,Crawley Town,2,2,0,642154
2022-09-03T14:00:00Z,2022,eng.4,Northampton Town,Barrow,3,1,0,642155
2022-09-03T14:00:00Z,2022,eng.4,Carlisle United,Rochdale,3,3,0,642156
2022-09-03T14:00:00Z,2022,eng.4,Bradford City,Walsall,2,1,0,642157
2022-09-03T14:00:00Z,2022,eng.4,Gillingham,Swindon Town,0,0,0,642158
2022-09-03T14:00:00Z,2022,eng.4,Leyton Orient,Tranmere Rovers,2,0,0,642159
2022-09-03T14:00:00Z,2022,eng.4,Newport County,Grimsby Town,0,2,0,642160
2022-09-03T14:00:00Z,2022,eng.4,Colchester United,Hartlepool United,1,1,0,642161
2022-09-03T14:00:00Z,2022,eng.3,Port Vale,Cheltenham Town,2,2,0,642702
2022-09-03T14:00:00Z,2022,eng.3,Portsmouth,Peterborough United,2,1,0,642703
2022-09-03T14:00:00Z,2022,eng.3,Bristol Rovers,Morecambe,2,2,0,642704
2022-09-03T14:00:00Z,2022,eng.3,Bolton Wanderers,Charlton Athletic,3,1,0,642705
2022-09-03T14:00:00Z,2022,eng.3,Accrington Stanley,Ipswich Town,0,2,0,642706
2022-09-03T14:00:00Z,2022,eng.3,Exeter City,Milton Keynes Dons,1,0,0,642707
2022-09-03T14:00:00Z,2022,eng.3,Fleetwood Town,Wycombe Wanderers,1,1,0,642708
2022-09-03T14:00:00Z,2022,eng.3,Forest Green Rovers,Shrewsbury Town,0,2,0,642709
2022-09-03T14:00:00Z,2022,eng.3,Oxford United,Burton Albion,2,1,0,642710
2022-09-03T14:00:00Z,2022,eng.3,Derby County,Plymouth Argyle,2,3,0,642711
2022-09-03T14:00:00Z,2022,eng.3,Cambridge United,Lincoln City,2,0,0,642712
2022-09-03T14:00:00Z,2022,eng.3,Sheffield Wednesday,Barnsley,0,2,0,642713
2022-09-03T14:00:00Z,2022,eng.2,Blackburn Rovers,Bristol City,2,3,0,643266
2022-09-03T14:00:00Z,2022,eng.2,Luton Town,Wigan Athletic,1,2,0,643269
2022-09-03T14:00:00Z,2022,eng.2,Millwall,Cardiff City,2,0,0,643271
2022-09-03T14:00:00Z,2022,eng.2,Norwich City,Coventry City,3,0,0,643272
2022-09-03T14:00:00Z,2022,eng.2,Preston North End,Birmingham City,0,1,0,643273
2022-09-03T14:00:00Z,2022,eng.2,Rotherham United,Watford,1,1,0,643275
2022-09-03T14:00:00Z,2022,eng.2,Swansea City,Queens Park Rangers,1,0,0,643276
2022-09-03T14:00:00Z,2022,eng.5,Gateshead,Maidstone United,4,1,0,647048
2022-09-03T14:00:00Z,2022,eng.5,Dorking Wanderers,Wrexham,0,5,0,647049
2022-09-03T14:00:00Z,2022,eng.5,Yeovil Town,York City,0,1,0,647050
2022-09-03T14:00:00Z,2022,eng.5,Southend United,Torquay United,1,2,0,647052
2022-09-03T14:00:00Z,2022,eng.5,Solihull Moors,Altrincham,5,1,0,647053
2022-09-03T14:00:00Z,2022,eng.5,Scunthorpe United,Boreham Wood,0,2,0,647054
2022-09-03T14:00:00Z,2022,eng.5,Oldham Athletic,Chesterfield,0,2,0,647055
2022-09-03T14:00:00Z,2022,eng.5,Maidenhead United,FC Halifax Town,1,1,0,647056
2022-09-03T14:00:00Z,2022,eng.5,Aldershot Town,Barnet,3,1,0,647057
2022-09-03T14:00:00Z,2022,eng.5,Bromley,Eastleigh,2,1,0,647058
2022-09-03T14:00:00Z,2022,eng.5,Dagenham & Redbridge,Notts County,0,5,0,647059
2022-09-03T14:15:00Z,2022,esp.1,Real Madrid,Real Betis,2,1,0,643808
2022-09-03T14:15:00Z,2022,esp.2,Villarreal B,Mirandés,3,0,0,644189
2022-09-03T14:15:00Z,2022,ita.2,Genoa,Parma,3,3,0,649641
2022-09-03T14:30:00Z,2022,ned.1,Ajax Amsterdam,SC Cambuur,4,0,0,637232
2022-09-03T14:30:00Z,2022,por.1,Braga,Vitória de Guimaraes,1,0,0,646710
2022-09-03T14:45:00Z,2022,gre.1,Lamia,Asteras Tripoli,0,0,0,650240
2022-09-03T15:00:00Z,2022,arg.1,Lanús,Tigre,1,2,0,635491
2022-09-03T15:00:00Z,2022,fra.1,AJ Auxerre,Marseille,0,2,0,639662
2022-09-03T15:00:00Z,2022,aut.1,RB Salzburg,WSG Swarovski Tirol,2,0,0,641794
2022-09-03T15:00:00Z,2022,aut.1,SK Sturm Graz,TSV Hartberg,0,0,0,641795
2022-09-03T15:00:00Z,2022,aut.1,Austria Vienna,Austria Lustenau,2,2,0,641796
2022-09-03T15:30:00Z,2022,rus.1,Krasnodar,Sochi,2,1,0,641166
2022-09-03T15:30:00Z,2022,rsa.1,Kaizer Chiefs,AmaZulu,0,0,0,649397
2022-09-03T15:30:00Z,2022,rsa.1,Sekhukhune United FC,Royal AM,1,2,0,649398
2022-09-03T16:00:00Z,2022,nor.1,Bodo/Glimt,Molde,1,4,0,628061
2022-09-03T16:00:00Z,2022,arg.1,Rosario Central,Talleres (Córdoba),1,0,0,635486
2022-09-03T16:00:00Z,2022,ita.1,AC Milan,Internazionale,3,2,0,644665
2022-09-03T16:00:00Z,2022,gre.1,Olympiacos,Ionikos FC,3,1,0,650238
2022-09-03T16:00:00Z,2022,ksa.1,Al Taawoun,Al Nassr,1,0,0,663153
2022-09-03T16:15:00Z,2022,bel.1,Eupen,KV Kortrijk,0,1,0,641400
2022-09-03T16:15:00Z,2022,bel.1,KV Mechelen,RFC Seraing,2,3,0,641403
2022-09-03T16:15:00Z,2022,tur.1,Istanbul Basaksehir,Alanyaspor,2,0,0,645932
2022-09-03T16:15:00Z,2022,tur.1,Sivasspor,Fatih Karagümrük,0,0,0,645933
2022-09-03T16:30:00Z,2022,arg.3,Defensores Unidos,Talleres de Remedios,2,0,0,636406
2022-09-03T16:30:00Z,2022,eng.1,Aston Villa,Manchester City,1,1,0,638249
2022-09-03T16:30:00Z,2022,ger.1,Eintracht Frankfurt,RB Leipzig,4,0,0,638481
2022-09-03T16:30:00Z,2022,esp.1,Real Sociedad,Atlético Madrid,1,1,0,643804
2022-09-03T16:30:00Z,2022,esp.2,Ponferradina,Sporting Gijón,1,3,0,644187
2022-09-03T16:45:00Z,2022,ned.1,FC Twente,PSV Eindhoven,2,1,0,637233
2022-09-03T17:00:00Z,2022,fra.1,Lyon,Angers,5,0,0,639669
2022-09-03T17:30:00Z,2022,rus.1,Dinamo Moscow,FC Ural Ekaterinburg,2,1,0,641167
2022-09-03T17:30:00Z,2022,gre.1,Panathinaikos,Levadiakos,1,0,0,650332
2022-09-03T18:00:00Z,2022,arg.2,Deportivo Madryn,Quilmes,1,1,0,630327
2022-09-03T18:00:00Z,2022,ned.1,Sparta Rotterdam,FC Volendam,4,0,0,637234
2022-09-03T18:00:00Z,2022,per.1,Deportivo Municipal,Sporting Cristal,0,3,0,641994
2022-09-03T18:00:00Z,2022,rsa.1,TS Galaxy FC,Cape Town City FC,0,1,0,649399
2022-09-03T18:00:00Z,2022,ksa.1,Al Ittihad,Al Ettifaq,0,0,0,663154
2022-09-03T18:30:00Z,2022,arg.1,Vélez Sarsfield,Newell's Old Boys,0,1,0,635492
2022-09-03T18:30:00Z,2022,arg.1,Aldosivi,Sarmiento (Junín),1,2,0,635498
2022-09-03T18:30:00Z,2022,arg.3,UAI Urquiza,Colegiales,0,3,0,636405
2022-09-03T18:30:00Z,2022,arg.3,Deportivo Armenio,Argentino de Quilmes,0,0,0,636407
2022-09-03T18:30:00Z,2022,arg.3,San Miguel,JJ Urquiza,3,1,0,636411
2022-09-03T18:30:00Z,2022,ger.2,Hamburg SV,Karlsruher SC,1,0,0,638804
2022-09-03T18:30:00Z,2022,uru.1,Danubio,Liverpool,1,1,0,651023
2022-09-03T18:40:00Z,2022,arg.2,Gimnasia (Mendoza),Chacarita Juniors,2,1,0,630333
2022-09-03T18:45:00Z,2022,arg.2,San Martín (San Juan),Santamarina,4,0,0,630335
2022-09-03T18:45:00Z,2022,bel.1,Standard Liege,KV Oostende,1,0,0,641402
2022-09-03T18:45:00Z,2022,ita.1,Lazio,Napoli,1,2,0,644657
2022-09-03T18:45:00Z,2022,tur.1,Fenerbahce,Kayserispor,2,0,0,645928
2022-09-03T18:45:00Z,2022,tur.1,Giresunspor,Konyaspor,0,1,0,645930
2022-09-03T19:00:00Z,2022,ecu.1,Deportivo Cuenca,Independiente del Valle,2,1,0,635938
2022-09-03T19:00:00Z,2022,ned.1,Go Ahead Eagles,Feyenoord Rotterdam,3,4,0,637235
2022-09-03T19:00:00Z,2022,fra.1,Nantes,Paris Saint-Germain,0,3,0,639666
2022-09-03T19:00:00Z,2022,esp.1,Sevilla,Barcelona,0,3,0,643806
2022-09-03T19:00:00Z,2022,esp.2,Tenerife,Racing Santander,1,0,0,644184
2022-09-03T19:00:00Z,2022,bol.1,Independiente Petrolero,The Strongest,1,1,0,651882
2022-09-03T19:30:00Z,2022,usa.1,Minnesota United FC,FC Dallas,0,3,0,623560
2022-09-03T19:30:00Z,2022,bra.1,Juventude,Avaí,1,1,0,630894
2022-09-03T19:30:00Z,2022,bra.2,Guarani,Sampaio Corrêa,3,0,0,631256
2022-09-03T19:30:00Z,2022,bra.2,Brusque,Vasco da Gama,1,0,0,631259
2022-09-03T19:30:00Z,2022,por.1,Gil Vicente,FC Porto,0,2,0,646711
2022-09-03T20:00:00Z,2022,bra.2,CRB,Sport,2,0,0,631257
2022-09-03T20:00:00Z,2022,par.1,Sol de América,Sportivo Ameliano,1,1,0,647575
2022-09-03T20:30:00Z,2022,per.1,Cienciano del Cusco,Carlos A. Mannucci,2,0,0,641992
2022-09-03T20:40:00Z,2022,arg.3,Ituzaingó,Comunicaciones,2,1,0,636410
2022-09-03T21:00:00Z,2022,ven.1,Monagas SC,Deportivo Lara,0,1,0,631841
2022-09-03T21:00:00Z,2022,arg.1,Racing Club,Argentinos Juniors,1,0,0,635488
2022-09-03T21:00:00Z,2022,gua.1,Municipal,Xelajú MC,1,1,0,640995
2022-09-03T21:00:00Z,2022,uru.1,Defensor Sporting,Montevideo Wanderers,1,0,0,651027
2022-09-03T21:05:00Z,2022,col.1,Atlético Bucaramanga,Alianza FC,3,1,0,626751
2022-09-03T21:30:00Z,2022,usa.1,Columbus Crew,Chicago Fire FC,0,0,0,623562
2022-09-03T21:30:00Z,2022,ecu.1,Guayaquil City FC,9 de Octubre,1,1,0,635935
2022-09-03T21:30:00Z,2022,gua.1,Cobán Imperial,Deportivo Mixco,0,0,0,640997
2022-09-03T22:00:00Z,2022,bra.1,Athletico-PR,Fluminense,1,0,0,630898
2022-09-03T22:00:00Z,2022,bra.1,Red Bull Bragantino,Palmeiras,2,2,0,630901
2022-09-03T22:00:00Z,2022,bra.2,Chapecoense,Ponte Preta,3,0,0,631255
2022-09-03T22:00:00Z,2022,bra.2,Bahia,Tombense,3,1,0,631258
2022-09-03T22:00:00Z,2022,bol.1,Universitario de Vinto,Atlético Palmaflor,1,1,0,651883
2022-09-03T22:05:00Z,2022,mex.1,Pachuca,Santos,2,0,0,636120
2022-09-03T22:30:00Z,2022,par.1,Nacional Asunción,Tacuary,1,0,0,647573
2022-09-03T22:40:00Z,2022,arg.2,Atlanta,Estudiantes (Buenos Aires),1,0,0,630324
2022-09-03T23:00:00Z,2022,usa.1,Red Bull New York,Philadelphia Union,0,2,0,623559
2022-09-03T23:00:00Z,2022,usa.usl.l1,Greenville Triumph,Forward Madison FC,2,2,0,625648
2022-09-03T23:00:00Z,2022,usa.usl.1,Charleston Battery,New York Red Bulls II,3,0,0,627816
2022-09-03T23:00:00Z,2022,usa.usl.1,Miami FC,Birmingham Legion FC,1,1,0,627821
2022-09-03T23:00:00Z,2022,crc.1,Guadalupe FC,Herediano,0,5,0,647869
2022-09-03T23:10:00Z,2022,col.1,Deportes Tolima,Cortuluá,0,0,0,626753
2022-09-03T23:15:00Z,2022,ven.1,Caracas FC,Metropolitanos,1,1,0,631843
2022-09-03T23:30:00Z,2022,usa.1,FC Cincinnati,Charlotte FC,2,0,0,623564
2022-09-03T23:30:00Z,2022,usa.usl.1,Tampa Bay Rowdies,Las Vegas Lights FC,6,1,0,627814
2022-09-03T23:30:00Z,2022,usa.usl.1,Atlanta United 2,FC Tulsa,2,1,0,627815
2022-09-03T23:30:00Z,2022,usa.usl.1,Detroit City FC,Indy Eleven,0,0,0,627818
2022-09-03T23:30:00Z,2022,usa.usl.1,Louisville City FC,Sacramento Republic FC,3,1,0,627819
2022-09-03T23:30:00Z,2022,bra.1,América Mineiro,Coritiba,2,0,0,630897
2022-09-03T23:30:00Z,2022,bra.2,Operário PR,Londrina,1,0,0,631254
2022-09-03T23:30:00Z,2022,arg.1,Gimnasia La Plata,Independiente,3,1,0,635494
2022-09-04T00:00:00Z,2022,usa.usl.l1,Union Omaha,Chattanooga Red Wolves,2,1,0,625647
2022-09-04T00:00:00Z,2022,ecu.1,Gualaceo,Barcelona SC,2,1,0,635936
2022-09-04T00:00:00Z,2022,crc.1,Alajuelense,Sporting San José,2,1,0,647872
2022-09-04T00:05:00Z,2022,mex.1,Atlas,Pumas UNAM,0,0,0,636121
2022-09-04T00:05:00Z,2022,mex.1,Monterrey,Mazatlán FC,0,0,0,636122
2022-09-04T00:15:00Z,2022,bol.1,Real Tomayapo,Universitario de Sucre,1,1,0,651884
2022-09-04T01:00:00Z,2022,usa.usl.l1,Northern Colorado Hailstorm FC,North Carolina FC,4,1,0,625649
2022-09-04T01:00:00Z,2022,usa.usl.1,Colorado Springs Switchbacks FC,Phoenix Rising FC,1,0,0,627817
2022-09-04T01:15:00Z,2022,col.1,Millonarios,Independiente Santa Fe,2,0,0,626755
2022-09-04T01:29:00Z,2022,usa.1,Nashville SC,Austin FC,3,0,0,623565
2022-09-04T01:30:00Z,2022,hon.1,Club Deportivo Victoria,Vida,1,2,0,648232
2022-09-04T02:00:00Z,2022,usa.usl.l1,FC Tucson,Charlotte Independence,1,0,0,625646
2022-09-04T02:00:00Z,2022,usa.usl.1,Monterey Bay,San Diego Loyal SC,3,1,0,627820
2022-09-04T02:00:00Z,2022,usa.usl.1,Orange County SC,Memphis 901 FC,1,1,0,627822
2022-09-04T02:00:00Z,2022,usa.usl.1,Oakland Roots,San Antonio FC,0,2,0,627823
2022-09-04T02:05:00Z,2022,mex.1,América,Tigres UANL,2,1,0,636123
2022-09-04T02:30:00Z,2022,crc.1,AD Guanacasteca,Santos,1,0,0,647873
2022-09-04T10:15:00Z,2022,ned.1,RKC Waalwijk,Excelsior,5,2,0,637236
2022-09-04T10:15:00Z,2022,ned.2,MVV Maastricht,Roda JC Kerkrade,1,1,0,637550
2022-09-04T10:30:00Z,2022,ita.1,Cremonese,Sassuolo,0,0,0,644666
2022-09-04T11:00:00Z,2022,fra.1,Montpellier,Lille,1,3,0,639665
2022-09-04T11:00:00Z,2022,eng.2,Reading,Stoke City,2,1,0,643274
2022-09-04T11:00:00Z,2022,eng.5,Wealdstone,Woking,1,1,0,647051
2022-09-04T11:30:00Z,2022,ger.2,SV Sandhausen,Kaiserslautern,0,0,0,638800
2022-09-04T11:30:00Z,2022,ger.2,SV Darmstadt 98,Arminia Bielefeld,1,1,0,638801
2022-09-04T11:30:00Z,2022,ger.2,Hansa Rostock,Hannover 96,0,1,0,638805
2022-09-04T11:30:00Z,2022,bel.1,Anderlecht,OH Leuven,2,2,0,641407
2022-09-04T12:00:00Z,2022,den.1,Lyngby Boldklub,Randers FC,0,2,0,636947
2022-09-04T12:00:00Z,2022,den.1,Odense Boldklub,Viborg FF,1,2,0,636948
2022-09-04T12:00:00Z,2022,rus.1,Krylia Sovetov,CSKA Moscow,0,1,0,641165
2022-09-04T12:00:00Z,2022,esp.1,Osasuna,Rayo Vallecano,2,1,0,643802
2022-09-04T12:00:00Z,2022,esp.2,FC Andorra,Granada,1,0,0,644191
2022-09-04T12:30:00Z,2022,ned.1,FC Emmen,AZ Alkmaar,0,3,0,637237
2022-09-04T12:30:00Z,2022,ned.1,Heerenveen,NEC Nijmegen,0,0,0,637238
2022-09-04T12:30:00Z,2022,aut.1,SC Rheindorf Altach,Rapid Vienna,0,1,0,641797
2022-09-04T12:30:00Z,2022,aut.1,Wolfsberger,SK Austria Klagenfurt,3,4,0,641798
2022-09-04T13:00:00Z,2022,swe.1,BK Häcken,Degerfors IF,2,2,0,628426
2022-09-04T13:00:00Z,2022,swe.1,IK Sirius,Djurgården,0,1,0,628427
2022-09-04T13:00:00Z,2022,eng.1,Brighton & Hove Albion,Leicester City,5,2,0,638251
2022-09-04T13:00:00Z,2022,fra.1,Clermont Foot,Toulouse,2,0,0,639660
2022-09-04T13:00:00Z,2022,fra.1,Brest,Strasbourg,1,1,0,639661
2022-09-04T13:00:00Z,2022,fra.1,AC Ajaccio,Lorient,0,1,0,639663
2022-09-04T13:00:00Z,2022,fra.1,Stade de Reims,Lens,1,1,0,639668
2022-09-04T13:00:00Z,2022,ita.1,Spezia,Bologna,2,2,0,644662
2022-09-04T13:00:00Z,2022,rsa.1,Marumo Gallants,Moroka Swallows,1,1,0,649400
2022-09-04T13:30:00Z,2022,ger.1,FC Augsburg,Hertha Berlin,0,2,0,638478
2022-09-04T14:00:00Z,2022,bra.1,Flamengo,Ceará,1,1,0,630896
2022-09-04T14:00:00Z,2022,den.1,AC Horsens,Brøndby IF,0,2,0,636944
2022-09-04T14:00:00Z,2022,bel.1,Antwerp,KVC Westerlo,3,0,0,641404
2022-09-04T14:00:00Z,2022,eng.2,Huddersfield Town,Blackpool,0,1,0,643267
2022-09-04T14:00:00Z,2022,eng.2,Hull City,Sheffield United,0,2,0,643268
2022-09-04T14:15:00Z,2022,esp.1,Athletic Club,Espanyol,0,1,0,643809
2022-09-04T14:15:00Z,2022,esp.2,Málaga,Albacete,1,2,0,644188
2022-09-04T14:15:00Z,2022,ita.2,Sudtirol,Pisa,2,1,0,649643
2022-09-04T14:30:00Z,2022,rus.1,Lokomotiv Moscow,Akhmat Grozny,1,2,0,641168
2022-09-04T14:30:00Z,2022,por.1,Casa Pia,Arouca,0,0,0,646707
2022-09-04T14:45:00Z,2022,ned.1,FC Groningen,Vitesse,0,1,0,637239
2022-09-04T15:00:00Z,2022,aut.1,LASK Linz,SV Josko Ried,1,1,0,641799
2022-09-04T15:05:00Z,2022,fra.1,Troyes,Stade Rennais,1,1,0,639664
2022-09-04T15:30:00Z,2022,swe.1,AIK,GIF Sundsvall,4,0,0,628428
2022-09-04T15:30:00Z,2022,swe.1,IF Elfsborg,Malmö FF,3,2,0,628432
2022-09-04T15:30:00Z,2022,eng.1,Manchester United,Arsenal,3,1,0,638254
2022-09-04T15:30:00Z,2022,ger.1,Borussia Mönchengladbach,Mainz,0,1,0,638473
2022-09-04T15:30:00Z,2022,rsa.1,Maritzburg United,Orlando Pirates,1,0,0,649401
2022-09-04T15:30:00Z,2022,gre.1,Atromitos,Panetolikos,1,1,0,650243
2022-09-04T15:35:00Z,2022,ksa.1,Al Fateh,Al Hilal,0,1,0,663155
2022-09-04T16:00:00Z,2022,nor.1,Stromsgodset,Aalesund,1,2,0,628057
2022-09-04T16:00:00Z,2022,nor.1,Odds BK,FK Jerv,2,1,0,628058
2022-09-04T16:00:00Z,2022,nor.1,Sarpsborg FK,Hamarkameratene,2,1,0,628059
2022-09-04T16:00:00Z,2022,nor.1,Kristiansund BK,Sandefjord,3,1,0,628062
2022-09-04T16:00:00Z,2022,nor.1,Haugesund,Tromso,2,1,0,628063
2022-09-04T16:00:00Z,2022,nor.1,Rosenborg,Viking FK,4,1,0,628064
2022-09-04T16:00:00Z,2022,den.1,FC Midtjylland,AaB,0,2,0,636946
2022-09-04T16:00:00Z,2022,per.1,Academia Cantolao,UTC,0,0,0,641988
2022-09-04T16:00:00Z,2022,ita.1,Hellas Verona,Sampdoria,2,1,0,644659
2022-09-04T16:00:00Z,2022,gre.1,Volos NFC,OFI CRETE,0,1,0,650244
2022-09-04T16:15:00Z,2022,tur.1,Hatayspor,Adana Demirspor,1,1,0,645931
2022-09-04T16:30:00Z,2022,arg.2,Deportivo Morón,Independiente Rivadavia,1,1,0,630328
2022-09-04T16:30:00Z,2022,bel.1,Royal Charleroi SC,KAA Gent,2,1,0,641406
2022-09-04T16:30:00Z,2022,esp.1,Villarreal,Elche,4,0,0,643803
2022-09-04T16:30:00Z,2022,esp.2,Huesca,UD Ibiza,3,0,0,644190
2022-09-04T16:30:00Z,2022,esp.2,Burgos,FC Cartagena,1,0,0,644192
2022-09-04T17:00:00Z,2022,gua.1,CD Achuapa,CD Guastatoya,2,0,0,640996
2022-09-04T17:00:00Z,2022,rus.1,Spartak Moscow,Zenit St Petersburg,1,2,0,641163
2022-09-04T17:00:00Z,2022,por.1,Santa Clara,Maritimo,2,1,0,646713
2022-09-04T17:00:00Z,2022,crc.1,Cartaginés,AD San Carlos,3,2,0,647871
2022-09-04T18:00:00Z,2022,nor.1,Vålerenga,Lillestrom,3,1,0,628060
2022-09-04T18:00:00Z,2022,arg.2,Gimnasia y Esgrima (Jujuy),Sacachispas,1,1,0,630332
2022-09-04T18:00:00Z,2022,arg.2,San Telmo,Guillermo Brown,4,1,0,630336
2022-09-04T18:00:00Z,2022,gua.1,Iztapa,Comunicaciones,0,2,0,640992
2022-09-04T18:00:00Z,2022,per.1,Carlos Stein,Sport Huancayo,0,1,0,641991
2022-09-04T18:30:00Z,2022,arg.2,Flandria,Mitre (Santiago del Estero),0,0,0,630331
2022-09-04T18:30:00Z,2022,arg.2,Villa Dálmine,Agropecuario,1,0,0,630338
2022-09-04T18:30:00Z,2022,arg.1,Platense,Estudiantes de La Plata,0,0,0,635489
2022-09-04T18:30:00Z,2022,arg.1,Patronato,Unión (Santa Fe),0,0,0,635490
2022-09-04T18:30:00Z,2022,arg.3,Villa San Carlos,Deportivo Merlo,1,0,0,636412
2022-09-04T18:30:00Z,2022,gre.1,AEK Athens,Pas Giannina,2,0,0,650241
2022-09-04T18:30:00Z,2022,gre.1,Aris,PAOK,0,0,0,650242
2022-09-04T18:30:00Z,2022,uru.1,Nacional,Peñarol,3,1,0,651024
2022-09-04T18:35:00Z,2022,arg.2,Almirante Brown,Instituto (Córdoba),0,1,0,630322
2022-09-04T18:45:00Z,2022,fra.1,Nice,AS Monaco,0,1,0,639667
2022-09-04T18:45:00Z,2022,ita.1,Udinese,AS Roma,4,0,0,644660
2022-09-04T18:45:00Z,2022,tur.1,Ankaragucu,Besiktas,2,3,0,645926
2022-09-04T18:45:00Z,2022,tur.1,Antalyaspor,Kasimpasa,0,2,0,645927
2022-09-04T19:00:00Z,2022,col.1,Deportivo Pereira,Once Caldas,1,1,0,626759
2022-09-04T19:00:00Z,2022,arg.2,Güemes,Defensores de Belgrano,0,0,0,630334
2022-09-04T19:00:00Z,2022,bra.1,Fortaleza,Botafogo,1,3,0,630895
2022-09-04T19:00:00Z,2022,bra.1,Corinthians,Internacional,2,2,0,630900
2022-09-04T19:00:00Z,2022,bra.2,Cruzeiro,Criciúma,1,1,0,631252
2022-09-04T19:00:00Z,2022,ecu.1,Macará,Mushuc Runa,3,0,0,635933
2022-09-04T19:00:00Z,2022,bel.1,Zulte-Waregem,Union St.-Gilloise,1,3,0,641405
2022-09-04T19:00:00Z,2022,esp.1,Valencia,Getafe,5,1,0,643807
2022-09-04T19:00:00Z,2022,esp.2,Real Zaragoza,Lugo,1,2,0,644185
2022-09-04T19:00:00Z,2022,bol.1,Guabirá,Real Santa Cruz,2,1,0,651885
2022-09-04T19:15:00Z,2022,gua.1,Santa Lucía Cotzumalguapa,Xinabajul,0,2,0,640994
2022-09-04T19:30:00Z,2022,arg.2,Alvarado (Mar del Plata),Nueva Chicago,0,0,0,630323
2022-09-04T19:30:00Z,2022,arg.2,Chaco For Ever,Atletico Rafaela,1,0,0,630326
2022-09-04T19:30:00Z,2022,arg.2,Estudiantes de Río Cuarto,Deportivo Maipú,0,1,0,630330
2022-09-04T19:30:00Z,2022,por.1,Portimonense,FC Famalicao,1,0,0,646712
2022-09-04T19:30:00Z,2022,par.1,12 de Octubre,Club Olimpia,1,3,0,647570
2022-09-04T20:00:00Z,2022,per.1,ADT,Atlético Grau,1,1,0,641987
2022-09-04T20:00:00Z,2022,hon.1,C.D.Real Sociedad,FC Motagua,1,2,0,648234
2022-09-04T20:30:00Z,2022,per.1,Alianza Lima,Universitario,0,2,0,641989
2022-09-04T21:00:00Z,2022,bra.1,Atlético Goianiense,Atlético-MG,0,2,0,630893
2022-09-04T21:00:00Z,2022,ven.1,Mineros de Guayana,Carabobo,2,3,0,631839
2022-09-04T21:00:00Z,2022,arg.1,Colón (Santa Fe),Boca Juniors,1,2,0,635496
2022-09-04T21:00:00Z,2022,crc.1,Puntarenas FC,Saprissa,0,1,0,647874
2022-09-04T21:00:00Z,2022,hon.1,Olancho FC,Real España,3,1,0,648233
2022-09-04T21:05:00Z,2022,col.1,Unión Magdalena,Atlético Junior,2,1,0,626757
2022-09-04T21:30:00Z,2022,usa.1,Portland Timbers,Atlanta United FC,2,1,0,623566
2022-09-04T21:30:00Z,2022,ecu.1,Liga de Quito,Orense,1,2,0,635934
2022-09-04T21:30:00Z,2022,hon.1,Club Deportivo Marathón,UPNFM,1,1,0,648231
2022-09-04T21:30:00Z,2022,uru.1,Cerro Largo,Boston River,1,1,0,651020
2022-09-04T22:00:00Z,2022,bra.1,Cuiabá,São Paulo,1,1,0,630902
2022-09-04T22:00:00Z,2022,par.1,Cerro Porteño,Libertad,1,0,0,647571
2022-09-04T22:00:00Z,2022,hon.1,Club Deportivo Olimpia,Honduras Progreso,1,1,0,648235
2022-09-04T22:30:00Z,2022,mex.1,Toluca,Guadalajara,0,0,0,636124
2022-09-04T23:10:00Z,2022,col.1,Independiente Medellín,Atlético Nacional,4,3,0,626752
2022-09-04T23:10:00Z,2022,arg.2,Belgrano (Córdoba),Tristán Suárez,4,1,0,630325
2022-09-04T23:15:00Z,2022,ven.1,Estudiantes de Mérida,Aragua,2,1,0,631838
2022-09-04T23:30:00Z,2022,usa.1,D.C. United,Colorado Rapids,0,0,0,623561
2022-09-04T23:30:00Z,2022,usa.1,Toronto FC,CF Montréal,3,4,0,623563
2022-09-04T23:30:00Z,2022,usa.usl.1,Loudoun United FC,Pittsburgh Riverhounds,1,2,0,627824
2022-09-04T23:30:00Z,2022,arg.1,River Plate,Barracas Central,2,0,0,635487
2022-09-04T23:30:00Z,2022,bol.1,Bolívar,Always Ready,3,0,0,651886
2022-09-04T23:30:00Z,2022,bol.1,Blooming,Nacional Potosí,4,0,0,651887
2022-09-05T00:00:00Z,2022,usa.1,LA Galaxy,Sporting Kansas City,2,2,0,623568
2022-09-05T00:00:00Z,2022,usa.1,New England Revolution,New York City FC,3,0,0,623569
2022-09-05T00:00:00Z,2022,ecu.1,Universidad Católica (Quito),Aucas,1,2,0,635939
2022-09-05T00:00:00Z,2022,gua.1,Antigua GFC,CD Malacateco,2,1,0,640993
2022-09-05T00:05:00Z,2022,mex.2,Club Atlético Morelia,Dorados de Sinaloa,3,0,0,638370
2022-09-05T01:00:00Z,2022,usa.1,Seattle Sounders FC,Houston Dynamo FC,2,1,0,623570
2022-09-05T01:15:00Z,2022,col.1,América de Cali,Deportivo Cali,1,0,0,626754
2022-09-05T01:30:00Z,2022,usa.1,San Jose Earthquakes,Vancouver Whitecaps,2,0,0,623571
2022-09-05T02:00:00Z,2022,mex.2,Tlaxcala FC,Atlante,0,5,0,638430
2022-09-05T02:30:00Z,2022,usa.1,LAFC,Real Salt Lake,2,0,0,623572
2022-09-05T16:15:00Z,2022,uru.1,Cerrito,River Plate,1,5,0,651021
2022-09-05T16:30:00Z,2022,ita.1,Salernitana,Empoli,2,2,0,644663
2022-09-05T16:30:00Z,2022,ita.1,Monza,Atalanta,0,2,0,644664
2022-09-05T17:00:00Z,2022,swe.1,IFK Värnamo,Helsingborg,3,2,0,628430
2022-09-05T17:00:00Z,2022,swe.1,Mjällby AIF,IFK Göteborg,1,4,0,628431
2022-09-05T17:00:00Z,2022,swe.1,Kalmar FF,Varbergs BoIS FC,1,0,0,628433
2022-09-05T17:00:00Z,2022,den.1,AGF,FC Nordsjælland,2,3,0,636943
2022-09-05T17:00:00Z,2022,rus.1,FK Torpedo Moscow,Rostov,0,1,0,641162
2022-09-05T17:00:00Z,2022,crc.1,Grecia,Pérez Zeledón,2,3,0,647870
2022-09-05T17:00:00Z,2022,afc.cup,Al-Arabi,Al-Seeb,1,2,0,651365
2022-09-05T17:10:00Z,2022,swe.1,IFK Norrköping,Hammarby IF,4,1,0,628429
2022-09-05T18:00:00Z,2022,ned.2,Jong PSV,TOP Oss,0,3,0,637551
2022-09-05T18:00:00Z,2022,ned.2,Jong AZ,FC Dordrecht,3,1,0,637552
2022-09-05T18:00:00Z,2022,ned.2,Jong Ajax,Heracles Almelo,4,0,0,637553
2022-09-05T18:00:00Z,2022,tur.1,Galatasaray,Gaziantep FK,2,1,0,645929
2022-09-05T18:00:00Z,2022,por.1,Boavista,Paços de Ferreira,1,0,0,646708
2022-09-05T18:30:00Z,2022,arg.2,Deportivo Riestra,San Martín (Tucumán),0,0,0,630329
2022-09-05T18:30:00Z,2022,arg.3,Dock Sud,Acassuso,2,0,0,636408
2022-09-05T18:30:00Z,2022,arg.3,Fénix,Cañuelas,1,1,0,636409
2022-09-05T18:45:00Z,2022,fra.2,Pau,Saint-Étienne,2,2,0,640055
2022-09-05T18:45:00Z,2022,ita.1,Torino,Lecce,1,0,0,644661
2022-09-05T18:45:00Z,2022,uru.1,Fénix ,Plaza Colonia,0,1,0,651025
2022-09-05T19:00:00Z,2022,eng.2,Middlesbrough,Sunderland,1,0,0,643270
2022-09-05T19:00:00Z,2022,esp.1,Real Valladolid,Almería,1,0,0,643805
2022-09-05T19:00:00Z,2022,esp.2,Real Oviedo,Levante,1,1,0,644186
2022-09-05T20:15:00Z,2022,por.1,GD Chaves,Rio Ave,1,1,0,646706
2022-09-05T20:30:00Z,2022,per.1,Deportivo Binacional,Alianza Atlético,2,0,0,641993
2022-09-05T22:00:00Z,2022,arg.1,Godoy Cruz Antonio Tomba,Arsenal Sarandi,1,0,0,635493
2022-09-05T22:00:00Z,2022,arg.1,Defensa y Justicia,San Lorenzo,0,0,0,635495
2022-09-05T22:00:00Z,2022,bol.1,Wilstermann,Royal Pari,2,1,0,651888
2022-09-05T22:10:00Z,2022,arg.2,Temperley,Ferro Carril Oeste,1,0,0,630337
2022-09-05T23:00:00Z,2022,col.1,Deportivo Pasto,Jaguares de Córdoba,2,1,0,626756
2022-09-05T23:00:00Z,2022,bra.1,Santos,Goiás,1,2,0,630899
2022-09-06T00:00:00Z,2022,ecu.1,Delfín,Técnico Universitario,0,0,0,635932
2022-09-06T00:10:00Z,2022,arg.2,All Boys,Brown de Adrogué,1,0,0,630321
2022-09-06T00:15:00Z,2022,bol.1,Oriente Petrolero,Aurora,2,1,0,651889
2022-09-06T00:30:00Z,2022,arg.1,Atlético Tucumán,Banfield,0,0,0,635497
2022-09-06T01:05:00Z,2022,col.1,Patriotas,Internacional de Bogotá,2,3,0,626758
2022-09-06T02:30:00Z,2022,usa.usl.1,Ventura County FC,Hartford Athletic,1,3,0,627825
2022-09-06T11:30:00Z,2022,chn.1,Beijing Guoan,Zhejiang Professional FC,2,2,0,650761
2022-09-06T13:00:00Z,2022,afc.cup,Sogdiana Jizzakh,Eastern SC,1,0,0,653664
2022-09-06T15:00:00Z,2022,rsa.1,Royal AM,Richards Bay FC,0,1,0,649409
2022-09-06T16:45:00Z,2022,uefa.champions,Dinamo Zagreb,Chelsea,1,0,0,652586
2022-09-06T16:45:00Z,2022,uefa.champions,Borussia Dortmund,F.C. København,3,0,0,652587
2022-09-06T17:00:00Z,2022,afc.cup,East Riffa,Al-Riffa,1,1,0,651366
2022-09-06T17:30:00Z,2022,rsa.1,Cape Town City FC,Sekhukhune United FC,0,0,0,649405
2022-09-06T18:45:00Z,2022,eng.3,Forest Green Rovers,Accrington Stanley,2,1,0,642672
2022-09-06T18:45:00Z,2022,eng.trophy,Colchester United,Brighton & Hove Albion U21,2,1,0,646588
2022-09-06T19:00:00Z,2022,uefa.champions,Paris Saint-Germain,Juventus,2,1,0,652588
2022-09-06T19:00:00Z,2022,uefa.champions,RB Salzburg,AC Milan,1,1,0,652589
2022-09-06T19:00:00Z,2022,uefa.champions,Celtic,Real Madrid,0,3,0,652590
2022-09-06T19:00:00Z,2022,uefa.champions,RB Leipzig,Shakhtar Donetsk,1,4,0,652591
2022-09-06T19:00:00Z,2022,uefa.champions,Sevilla,Manchester City,0,4,0,652592
2022-09-06T19:00:00Z,2022,uefa.champions,Benfica,Maccabi Haifa,2,0,0,652593
2022-09-06T21:00:00Z,2022,col.1,Envigado FC,Águilas Doradas,0,1,0,626760
2022-09-06T22:05:00Z,2022,mex.2,Leones Negros,Cancún FC,3,0,0,638373
2022-09-06T23:00:00Z,2022,bol.1,Universitario de Vinto,Independiente Petrolero,4,1,0,651890
2022-09-07T00:00:00Z,2022,mex.1,León,FC Juarez,1,0,0,636126
2022-09-07T00:05:00Z,2022,mex.1,Santos,Necaxa,3,1,0,636125
2022-09-07T00:05:00Z,2022,mex.2,Correcaminos UAT,Pumas Tabasco,1,0,0,638371
2022-09-07T00:30:00Z,2022,bra.2,Vila Nova,Guarani,2,1,0,631245
2022-09-07T00:30:00Z,2022,conmebol.libertadores,Palmeiras,Athletico-PR,2,2,0,651844
2022-09-07T02:05:00Z,2022,mex.1,Monterrey,Cruz Azul,3,2,0,636127
2022-09-07T02:05:00Z,2022,mex.1,América,Atlético de San Luis,3,0,0,636128
2022-09-07T10:00:00Z,2022,jpn.1,Yokohama F. Marinos,Shonan Bellmare,3,0,0,628946
2022-09-07T13:30:00Z,2022,afc.cup,Mohun Bagan Super Giant,Kuala Lumpur City FC,1,3,0,653665
2022-09-07T16:45:00Z,2022,uefa.champions,Ajax Amsterdam,Rangers,4,0,0,652594
2022-09-07T16:45:00Z,2022,uefa.champions,Eintracht Frankfurt,Sporting CP,0,3,0,652595
2022-09-07T17:00:00Z,2022,fra.1,Lorient,Lyon,3,1,0,639626
2022-09-07T17:30:00Z,2022,rsa.1,Chippa United,Mamelodi Sundowns,0,1,0,649419
2022-09-07T19:00:00Z,2022,bol.1,Always Ready,Guabirá,2,1,0,651891
2022-09-07T19:00:00Z,2022,uefa.champions,Barcelona,Viktoria Plzen,5,1,0,652596
2022-09-07T19:00:00Z,2022,uefa.champions,Atlético Madrid,FC Porto,2,1,0,652597
2022-09-07T19:00:00Z,2022,uefa.champions,Club Brugge,Bayer Leverkusen,1,0,0,652598
2022-09-07T19:00:00Z,2022,uefa.champions,Tottenham Hotspur,Marseille,2,0,0,652599
2022-09-07T19:00:00Z,2022,uefa.champions,Napoli,Liverpool,4,1,0,652600
2022-09-07T19:00:00Z,2022,uefa.champions,Internazionale,Bayern Munich,0,2,0,652601
2022-09-07T19:10:00Z,2022,arg.copa,Quilmes,Deportivo Madryn,1,1,0,652243
2022-09-07T19:30:00Z,2022,chi.1,Universidad de Chile,Coquimbo Unido,0,0,0,629276
2022-09-07T20:00:00Z,2022,bra.1,Atlético-MG,Red Bull Bragantino,1,1,0,630886
2022-09-07T22:00:00Z,2022,bra.2,Ponte Preta,Sport,1,0,0,631248
2022-09-07T22:00:00Z,2022,mex.2,Celaya,Club Atlético Morelia,2,0,0,638376
2022-09-07T22:00:00Z,2022,bol.1,Universitario de Sucre,Real Santa Cruz,3,1,0,651892
2022-09-07T22:30:00Z,2022,usa.usl.l1,Richmond Kickers,South Georgia Tormenta FC,3,1,0,625645
2022-09-07T23:30:00Z,2022,usa.usl.1,Atlanta United 2,Memphis 901 FC,0,4,0,627826
2022-09-08T00:00:00Z,2022,usa.1,New York City FC,FC Cincinnati,1,1,0,623573
2022-09-08T00:00:00Z,2022,mex.1,Tigres UANL,Toluca,3,1,0,636129
2022-09-08T00:00:00Z,2022,mex.1,Puebla,Pachuca,2,2,0,636130
2022-09-08T00:00:00Z,2022,usa.open,Orlando City SC,Sacramento Republic FC,3,0,0,650636
2022-09-08T00:05:00Z,2022,mex.2,Venados FC,Mineros de Zacatecas,0,1,0,638374
2022-09-08T00:10:00Z,2022,arg.copa,Talleres (Córdoba),Newell's Old Boys,2,1,0,652244
2022-09-08T00:15:00Z,2022,bol.1,Bolívar,Blooming,3,0,0,651893
2022-09-08T00:30:00Z,2022,usa.usl.1,FC Tulsa,Louisville City FC,2,2,0,627828
2022-09-08T00:30:00Z,2022,chi.1,Audax Italiano,Cobresal,2,2,0,629275
2022-09-08T00:30:00Z,2022,bra.2,Sampaio Corrêa,Novorizontino,2,1,0,631246
2022-09-08T00:30:00Z,2022,conmebol.libertadores,Flamengo,Vélez Sarsfield,2,1,0,651845
2022-09-08T00:30:00Z,2022,conmebol.sudamericana,Melgar,Independiente del Valle,0,3,0,651848
2022-09-08T01:00:00Z,2022,usa.usl.1,El Paso Locomotive FC,Rio Grande Valley FC Toros,0,2,0,627827
2022-09-08T01:00:00Z,2022,col.copa,Millonarios,Independiente Medellín,2,2,0,652200
2022-09-08T02:00:00Z,2022,mex.1,Mazatlán FC,Atlas,1,0,0,636133
2022-09-08T02:05:00Z,2022,mex.1,Pumas UNAM,Querétaro,4,1,0,636131
2022-09-08T02:05:00Z,2022,mex.1,Tijuana,Guadalajara,1,2,0,636132
2022-09-08T02:05:00Z,2022,mex.2,Dorados de Sinaloa,Raya2,2,1,0,638375
2022-09-08T02:30:00Z,2022,usa.usl.1,Monterey Bay,Orange County SC,1,0,0,627829
2022-09-08T15:30:00Z,2022,ksa.1,Al Khaleej,Al Adalah,0,0,0,663156
2022-09-08T16:45:00Z,2022,uefa.europa,HJK Helsinki,Real Betis,0,2,0,652682
2022-09-08T16:45:00Z,2022,uefa.europa,AEK Larnaca,Stade Rennais,1,2,0,652683
2022-09-08T16:45:00Z,2022,uefa.europa,FC Zürich,Arsenal,1,2,0,652684
2022-09-08T16:45:00Z,2022,uefa.europa,Fenerbahce,Dynamo Kyiv,2,1,0,652685
2022-09-08T16:45:00Z,2022,uefa.europa,PSV Eindhoven,Bodo/Glimt,1,1,0,652686
2022-09-08T16:45:00Z,2022,uefa.europa,Malmö FF,Braga,0,2,0,652687
2022-09-08T16:45:00Z,2022,uefa.europa,Ludogorets Razgrad,AS Roma,2,1,0,652688
2022-09-08T16:45:00Z,2022,uefa.europa,1. FC Union Berlin,Union St.-Gilloise,0,1,0,652689
2022-09-08T16:45:00Z,2022,uefa.europa.conf,Heart of Midlothian,Istanbul Basaksehir,0,4,0,652778
2022-09-08T16:45:00Z,2022,uefa.europa.conf,Slovacko,Partizan Belgrade,3,3,0,652779
2022-09-08T16:45:00Z,2022,uefa.europa.conf,Ballkani,CFR Cluj-Napoca,1,1,0,652780
2022-09-08T16:45:00Z,2022,uefa.europa.conf,Anderlecht,Silkeborg IF,1,0,0,652782
2022-09-08T16:45:00Z,2022,uefa.europa.conf,Austria Vienna,Hapoel Be'er,0,0,0,652783
2022-09-08T16:45:00Z,2022,uefa.europa.conf,Fiorentina,Rigas Futbola Skola,1,1,0,652784
2022-09-08T16:45:00Z,2022,uefa.europa.conf,Villarreal,Lech Poznan,4,3,0,652785
2022-09-08T17:40:00Z,2022,uefa.europa.conf,Nice,FC Cologne,1,1,0,652781
2022-09-08T18:00:00Z,2022,ksa.1,Al Wehda,Abha,1,0,0,663157
2022-09-08T18:00:00Z,2022,ksa.1,Al Shabab,Al Tai,4,0,0,663158
2022-09-08T19:00:00Z,2022,bol.1,Royal Pari,Real Tomayapo,0,1,0,651894
2022-09-08T19:00:00Z,2022,uefa.europa,SK Sturm Graz,FC Midtjylland,1,0,0,652690
2022-09-08T19:00:00Z,2022,uefa.europa,SC Freiburg,FK Qarabag,2,1,0,652691
2022-09-08T19:00:00Z,2022,uefa.europa,Manchester United,Real Sociedad,0,1,0,652692
2022-09-08T19:00:00Z,2022,uefa.europa,Ferencvaros,Trabzonspor,3,2,0,652693
2022-09-08T19:00:00Z,2022,uefa.europa,Red Star Belgrade,AS Monaco,0,1,0,652694
2022-09-08T19:00:00Z,2022,uefa.europa,Nantes,Olympiacos,2,1,0,652695
2022-09-08T19:00:00Z,2022,uefa.europa,Omonia Nicosia,Sheriff Tiraspol,0,3,0,652696
2022-09-08T19:00:00Z,2022,uefa.europa,Lazio,Feyenoord Rotterdam,4,2,0,652697
2022-09-08T19:00:00Z,2022,uefa.europa.conf,Sivasspor,Slavia Prague,1,1,0,652786
2022-09-08T19:00:00Z,2022,uefa.europa.conf,West Ham United,FCSB,3,1,0,652787
2022-09-08T19:00:00Z,2022,uefa.europa.conf,SC Dnipro-1,AZ Alkmaar,0,1,0,652788
2022-09-08T19:00:00Z,2022,uefa.europa.conf,FC Vaduz,Apollon Limassol,0,0,0,652789
2022-09-08T19:00:00Z,2022,uefa.europa.conf,Molde,KAA Gent,0,0,0,652790
2022-09-08T19:00:00Z,2022,uefa.europa.conf,Slovan Bratislava,Zalgiris Vilnius,0,0,0,652791
2022-09-08T19:00:00Z,2022,uefa.europa.conf,Shamrock Rovers,Djurgården,0,0,0,652792
2022-09-08T19:00:00Z,2022,uefa.europa.conf,FC Basel,Pyunik,3,1,0,652793
2022-09-08T21:00:00Z,2022,ven.1,Metropolitanos,Zulia,2,0,0,631837
2022-09-08T21:00:00Z,2022,arg.1,Independiente,Aldosivi,3,0,0,635505
2022-09-08T22:00:00Z,2022,chi.1,Colo Colo,Unión Española,4,0,0,629280
2022-09-08T22:00:00Z,2022,bra.2,Criciúma,Bahia,0,0,0,631241
2022-09-08T22:00:00Z,2022,mex.2,Tapatío,Tlaxcala FC,1,1,0,638378
2022-09-08T22:00:00Z,2022,bol.1,Atlético Palmaflor,Wilstermann,1,1,0,651895
2022-09-08T23:15:00Z,2022,ven.1,Carabobo,Estudiantes de Mérida,0,0,0,631833
2022-09-08T23:30:00Z,2022,arg.1,Argentinos Juniors,Rosario Central,2,1,0,635512
2022-09-08T23:30:00Z,2022,arg.1,Unión (Santa Fe),Sarmiento (Junín),1,0,0,635513
2022-09-09T00:05:00Z,2022,mex.2,Atlante,Cimarrones de Sonora,2,2,0,638377
2022-09-09T00:15:00Z,2022,bol.1,The Strongest,Oriente Petrolero,2,1,0,651896
2022-09-09T00:30:00Z,2022,chi.1,Curicó Unido,Unión La Calera,2,0,0,629281
2022-09-09T00:30:00Z,2022,bra.2,Cruzeiro,Operário PR,1,0,0,631247
2022-09-09T00:30:00Z,2022,conmebol.sudamericana,São Paulo,Atlético Goianiense,2,0,0,651849
2022-09-09T02:00:00Z,2022,mex.2,Club Atlético La Paz,Tepatitlán FC,1,1,0,638372
2022-09-09T11:30:00Z,2022,chn.1,Guangzhou,Tianjin Jinmen Tiger,0,0,0,650766
2022-09-09T15:30:00Z,2022,ksa.1,Al Ettifaq,Al Batin,3,0,0,663159
2022-09-09T16:30:00Z,2022,ger.2,Holstein Kiel,Hamburg SV,2,3,0,638810
2022-09-09T16:30:00Z,2022,ger.2,1. FC Nürnberg,Arminia Bielefeld,1,0,0,638814
2022-09-09T17:00:00Z,2022,rus.1,Sochi,Dinamo Moscow,2,1,0,641171
2022-09-09T17:00:00Z,2022,tur.1,Alanyaspor,Ankaragucu,2,1,0,645936
2022-09-09T17:30:00Z,2022,rsa.1,Maritzburg United,SuperSport United,1,2,0,649402
2022-09-09T18:00:00Z,2022,ned.1,FC Volendam,Go Ahead Eagles,2,3,0,637240
2022-09-09T18:00:00Z,2022,ned.2,Almere City,Telstar,0,1,0,637554
2022-09-09T18:00:00Z,2022,ned.2,De Graafschap,NAC Breda,1,1,0,637555
2022-09-09T18:00:00Z,2022,ned.2,FC Dordrecht,FC Den Bosch,2,1,0,637556
2022-09-09T18:00:00Z,2022,ned.2,Heracles Almelo,VVV-Venlo,5,3,0,637557
2022-09-09T18:00:00Z,2022,ned.2,Jong FC Utrecht,Helmond Sport,2,0,0,637558
2022-09-09T18:00:00Z,2022,ned.2,PEC Zwolle,Willem II,2,2,0,637559
2022-09-09T18:00:00Z,2022,ned.2,Roda JC Kerkrade,Jong PSV,1,1,0,637560
2022-09-09T18:00:00Z,2022,ned.2,TOP Oss,Jong Ajax,1,1,0,637561
2022-09-09T18:00:00Z,2022,ned.2,ADO Den Haag,Jong AZ,2,2,0,637562
2022-09-09T18:00:00Z,2022,ned.2,FC Eindhoven,MVV Maastricht,5,0,0,637563
2022-09-09T18:00:00Z,2022,ksa.1,Al Raed,Al Ittihad,0,1,0,663160
2022-09-09T18:30:00Z,2022,arg.1,Barracas Central,Lanús,2,0,0,635509
2022-09-09T18:30:00Z,2022,ger.1,Werder Bremen,FC Augsburg,0,1,0,638488
2022-09-09T18:30:00Z,2022,ita.2,Palermo,Genoa,1,0,0,649651
2022-09-09T18:30:00Z,2022,uru.1,Liverpool,Cerrito,3,0,0,651030
2022-09-09T18:45:00Z,2022,bel.1,Sint-Truidense,Standard Liege,1,2,0,641415
2022-09-09T19:00:00Z,2022,fra.1,Lens,Troyes,1,0,0,639671
2022-09-09T19:00:00Z,2022,esp.1,Girona,Real Valladolid,2,1,0,643817
2022-09-09T19:00:00Z,2022,esp.2,Las Palmas,Leganés,1,0,0,644199
2022-09-09T19:15:00Z,2022,por.1,Vitória de Guimaraes,Santa Clara,1,0,0,646721
2022-09-09T20:30:00Z,2022,per.1,UTC,Carlos Stein,4,0,0,641998
2022-09-09T21:00:00Z,2022,ven.1,Aragua,Academia Puerto Cabello,0,1,0,631830
2022-09-09T21:00:00Z,2022,arg.1,Patronato,Platense,1,0,0,635503
2022-09-09T21:00:00Z,2022,uru.1,Montevideo City Torque,Deportivo Maldonado,3,3,0,651031
2022-09-09T22:00:00Z,2022,chi.1,O'Higgins,Antofagasta,1,0,0,629274
2022-09-09T22:00:00Z,2022,mex.2,Alebrijes de Oaxaca,Durango,4,0,0,638379
2022-09-09T23:00:00Z,2022,usa.usl.l1,Charlotte Independence,Greenville Triumph,2,1,0,625644
2022-09-09T23:00:00Z,2022,usa.usl.1,New York Red Bulls II,Miami FC,1,7,0,627830
2022-09-09T23:00:00Z,2022,bol.1,Aurora,Nacional Potosí,1,5,0,651897
2022-09-09T23:15:00Z,2022,ven.1,Deportivo Lara,Mineros de Guayana,2,3,0,631834
2022-09-09T23:15:00Z,2022,par.1,Resistencia SC,Cerro Porteño,0,2,0,647579
2022-09-09T23:30:00Z,2022,usa.1,CF Montréal,Columbus Crew,2,2,0,623574
2022-09-09T23:30:00Z,2022,arg.1,Tigre,Huracán,1,1,0,635500
2022-09-09T23:30:00Z,2022,arg.1,Estudiantes de La Plata,Racing Club,1,0,0,635506
2022-09-10T00:00:00Z,2022,ecu.1,Mushuc Runa,Liga de Quito,1,2,0,635945
2022-09-10T00:30:00Z,2022,chi.1,Huachipato,Everton CD,1,1,0,629277
2022-09-10T00:30:00Z,2022,bra.2,Náutico,Brusque,1,0,0,631242
2022-09-10T00:40:00Z,2022,col.1,Patriotas,Deportes Tolima,1,1,0,626749
2022-09-10T02:00:00Z,2022,crc.1,Sporting San José,Puntarenas FC,2,2,0,647878
2022-09-10T02:05:00Z,2022,mex.1,FC Juarez,Monterrey,0,1,0,636135
2022-09-10T09:00:00Z,2022,jpn.1,Shimizu S-Pulse,Shonan Bellmare,1,1,0,628970
2022-09-10T09:30:00Z,2022,jpn.1,Kawasaki Frontale,Sanfrecce Hiroshima,4,0,0,628972
2022-09-10T10:00:00Z,2022,jpn.1,Kyoto Sanga,Kashima Antlers,1,1,0,628971
2022-09-10T10:00:00Z,2022,jpn.1,Gamba Osaka,FC Tokyo,0,0,0,628973
2022-09-10T10:00:00Z,2022,jpn.1,Cerezo Osaka,Sagan Tosu,2,1,0,628975
2022-09-10T10:00:00Z,2022,jpn.1,Urawa Red Diamonds,Kashiwa Reysol,4,1,0,628976
2022-09-10T10:00:00Z,2022,jpn.1,Yokohama F. Marinos,Avispa Fukuoka,1,0,0,628977
2022-09-10T10:00:00Z,2022,jpn.1,Vissel Kobe,Nagoya Grampus,0,0,0,628978
2022-09-10T11:00:00Z,2022,ger.2,SC Paderborn 07,SSV Jahn Regensburg,3,0,0,638808
2022-09-10T11:00:00Z,2022,ger.2,Karlsruher SC,1. FC Heidenheim 1846,0,0,0,638809
2022-09-10T11:00:00Z,2022,ger.2,Hannover 96,TSV Eintracht Braunschweig,1,1,0,638815
2022-09-10T11:30:00Z,2022,chn.1,Zhejiang Professional FC,Shanghai Shenhua,1,1,0,650769
2022-09-10T11:30:00Z,2022,chn.1,Meizhou Hakka,Hebei FC,6,0,0,650872
2022-09-10T12:00:00Z,2022,rus.1,FC Khimki,Krylia Sovetov,0,0,0,641176
2022-09-10T12:00:00Z,2022,esp.1,Rayo Vallecano,Valencia,2,1,0,643816
2022-09-10T12:00:00Z,2022,esp.2,Lugo,Alavés,1,2,0,644197
2022-09-10T12:00:00Z,2022,ita.2,Benevento,Cagliari,0,2,0,649646
2022-09-10T12:00:00Z,2022,ita.2,Cittadella,Frosinone,1,0,0,649647
2022-09-10T12:00:00Z,2022,ita.2,Como,Sudtirol,0,2,0,649648
2022-09-10T12:00:00Z,2022,ita.2,Cosenza,Bari,0,1,0,649649
2022-09-10T12:00:00Z,2022,ita.2,Modena,Brescia,1,3,0,649650
2022-09-10T12:00:00Z,2022,ita.2,Parma,Ternana,2,3,0,649652
2022-09-10T12:00:00Z,2022,ita.2,Pisa,Reggina,0,1,0,649654
2022-09-10T13:00:00Z,2022,swe.1,IK Sirius,IFK Värnamo,2,3,0,628424
2022-09-10T13:00:00Z,2022,fra.2,Saint-Étienne,Bordeaux,2,0,0,640062
2022-09-10T13:00:00Z,2022,ita.1,Napoli,Spezia,1,0,0,644672
2022-09-10T13:00:00Z,2022,rsa.1,AmaZulu,Chippa United,1,2,0,649403
2022-09-10T13:00:00Z,2022,rsa.1,Moroka Swallows,Stellenbosch,1,2,0,649404
2022-09-10T13:00:00Z,2022,uru.1,Montevideo Wanderers,Danubio,0,3,0,651032
2022-09-10T13:30:00Z,2022,ger.1,Bayern Munich,VfB Stuttgart,2,2,0,638483
2022-09-10T13:30:00Z,2022,ger.1,Eintracht Frankfurt,VfL Wolfsburg,0,1,0,638484
2022-09-10T13:30:00Z,2022,ger.1,Hertha Berlin,Bayer Leverkusen,2,2,0,638486
2022-09-10T13:30:00Z,2022,ger.1,TSG Hoffenheim,Mainz,4,1,0,638487
2022-09-10T13:30:00Z,2022,ger.1,RB Leipzig,Borussia Dortmund,3,0,0,638490
2022-09-10T14:00:00Z,2022,nor.1,Sandefjord,Odds BK,1,3,0,628051
2022-09-10T14:00:00Z,2022,bra.2,Ituano,Tombense,3,0,0,631249
2022-09-10T14:00:00Z,2022,bel.1,KV Kortrijk,KV Mechelen,1,4,0,641410
2022-09-10T14:00:00Z,2022,tur.1,Konyaspor,Hatayspor,1,0,0,645942
2022-09-10T14:15:00Z,2022,esp.1,Espanyol,Sevilla,2,3,0,643813
2022-09-10T14:15:00Z,2022,esp.2,Burgos,Real Oviedo,0,0,0,644204
2022-09-10T14:15:00Z,2022,ita.2,Perugia,Ascoli,1,0,0,649653
2022-09-10T14:30:00Z,2022,ned.1,NEC Nijmegen,Fortuna Sittard,1,1,0,637241
2022-09-10T14:30:00Z,2022,rus.1,CSKA Moscow,Krasnodar,4,1,0,641175
2022-09-10T14:30:00Z,2022,por.1,FC Famalicao,Benfica,0,1,0,646717
2022-09-10T15:00:00Z,2022,fra.1,Paris Saint-Germain,Brest,1,0,0,639678
2022-09-10T15:00:00Z,2022,aut.1,SV Josko Ried,RB Salzburg,0,3,0,641800
2022-09-10T15:00:00Z,2022,aut.1,WSG Swarovski Tirol,SC Rheindorf Altach,0,0,0,641802
2022-09-10T15:00:00Z,2022,aut.1,Rapid Vienna,Wolfsberger,1,3,0,641803
2022-09-10T15:30:00Z,2022,swe.1,Degerfors IF,Mjällby AIF,0,0,0,628425
2022-09-10T15:30:00Z,2022,rsa.1,Orlando Pirates,TS Galaxy FC,2,0,0,649406
2022-09-10T15:30:00Z,2022,gre.1,OFI CRETE,Panetolikos,1,2,0,650250
2022-09-10T15:45:00Z,2022,ksa.1,Al Fayha,Al Taawoun,1,1,0,663161
2022-09-10T16:00:00Z,2022,nor.1,Lillestrom,Stromsgodset,2,1,0,628054
2022-09-10T16:00:00Z,2022,ita.1,Internazionale,Torino,1,0,0,644671
2022-09-10T16:10:00Z,2022,arg.3,JJ Urquiza,Deportivo Armenio,0,1,0,636419
2022-09-10T16:15:00Z,2022,bel.1,KV Oostende,Eupen,1,0,0,641411
2022-09-10T16:15:00Z,2022,bel.1,RFC Seraing,Club Brugge,0,2,0,641414
2022-09-10T16:15:00Z,2022,gre.1,Pas Giannina,Levadiakos,2,1,0,650245
2022-09-10T16:30:00Z,2022,ger.1,Schalke 04,VfL Bochum,3,1,0,638482
2022-09-10T16:30:00Z,2022,esp.1,Cádiz,Barcelona,0,4,0,643820
2022-09-10T16:30:00Z,2022,esp.2,FC Cartagena,Albacete,2,1,0,644202
2022-09-10T16:45:00Z,2022,ned.1,Ajax Amsterdam,Heerenveen,5,0,0,637242
2022-09-10T16:45:00Z,2022,rus.1,Akhmat Grozny,Nizhny Novgorod,1,3,0,641174
2022-09-10T17:00:00Z,2022,usa.1,Charlotte FC,New York City FC,1,0,0,623577
2022-09-10T17:00:00Z,2022,den.1,Odense Boldklub,F.C. København,2,1,0,636952
2022-09-10T17:00:00Z,2022,fra.2,Nimes,Bastia,0,0,0,640060
2022-09-10T17:00:00Z,2022,fra.2,Rodez Aveyron,Valenciennes,1,1,0,640061
2022-09-10T17:00:00Z,2022,fra.2,Niort,Le Havre AC,0,1,0,640063
2022-09-10T17:00:00Z,2022,fra.2,Stade Laval,Pau,0,1,0,640065
2022-09-10T17:00:00Z,2022,fra.2,Grenoble,Paris FC,1,2,0,640066
2022-09-10T17:00:00Z,2022,fra.2,Annecy,US Quevilly,1,0,0,640067
2022-09-10T17:00:00Z,2022,fra.2,Dijon FCO,Sochaux,0,2,0,640068
2022-09-10T17:00:00Z,2022,fra.2,Caen,SC Amiens,3,1,0,640069
2022-09-10T17:00:00Z,2022,tur.1,Fatih Karagümrük,Giresunspor,1,1,0,645938
2022-09-10T17:00:00Z,2022,por.1,Sporting CP,Portimonense,4,0,0,646722
2022-09-10T18:00:00Z,2022,arg.2,Tristán Suárez,Villa Dálmine,1,1,0,630356
2022-09-10T18:00:00Z,2022,rsa.1,Mamelodi Sundowns,Golden Arrows,2,1,0,649407
2022-09-10T18:00:00Z,2022,uru.1,Boston River,Albion FC,1,0,0,651028
2022-09-10T18:00:00Z,2022,ksa.1,Al Nassr,Damac,2,1,0,663162
2022-09-10T18:10:00Z,2022,arg.2,Chacarita Juniors,All Boys,2,0,0,630342
2022-09-10T18:15:00Z,2022,per.1,Alianza Atlético,ADT,2,2,0,641996
2022-09-10T18:30:00Z,2022,arg.2,Agropecuario,Almirante Brown,1,1,0,630339
2022-09-10T18:30:00Z,2022,arg.2,Estudiantes (Buenos Aires),San Martín (San Juan),1,0,0,630345
2022-09-10T18:30:00Z,2022,arg.1,Central Córdoba (Santiago del Estero),Godoy Cruz Antonio Tomba,3,0,0,635507
2022-09-10T18:30:00Z,2022,arg.3,Argentino de Quilmes,Dock Sud,1,1,0,636414
2022-09-10T18:30:00Z,2022,arg.3,Cañuelas,San Miguel,3,1,0,636415
2022-09-10T18:30:00Z,2022,arg.3,Colegiales,Villa San Carlos,4,0,0,636416
2022-09-10T18:30:00Z,2022,arg.3,Comunicaciones,Fénix,1,1,0,636417
2022-09-10T18:30:00Z,2022,arg.3,Deportivo Merlo,Defensores Unidos,2,2,0,636418
2022-09-10T18:30:00Z,2022,ger.2,Fortuna Düsseldorf,Hansa Rostock,3,1,0,638812
2022-09-10T18:30:00Z,2022,gre.1,Ionikos FC,Atromitos,1,4,0,650249
2022-09-10T18:45:00Z,2022,bel.1,OH Leuven,Royal Charleroi SC,3,2,0,641413
2022-09-10T18:45:00Z,2022,ita.1,Sampdoria,AC Milan,1,2,0,644673
2022-09-10T19:00:00Z,2022,col.1,Cortuluá,Unión Magdalena,1,2,0,626750
2022-09-10T19:00:00Z,2022,chi.1,La Serena,Universidad Católica,0,4,0,629279
2022-09-10T19:00:00Z,2022,bra.2,CSA,CRB,1,1,0,631243
2022-09-10T19:00:00Z,2022,ven.1,Deportivo Táchira,Inter de Barinas,0,1,0,631831
2022-09-10T19:00:00Z,2022,ecu.1,Orense,Gualaceo,4,1,0,635946
2022-09-10T19:00:00Z,2022,ned.1,Excelsior,FC Emmen,2,1,0,637243
2022-09-10T19:00:00Z,2022,fra.1,Marseille,Lille,2,1,0,639674
2022-09-10T19:00:00Z,2022,esp.1,Atlético Madrid,Celta Vigo,4,1,0,643811
2022-09-10T19:00:00Z,2022,esp.2,Levante,Villarreal B,4,1,0,644198
2022-09-10T19:30:00Z,2022,usa.1,Nashville SC,LA Galaxy,1,1,0,623576
2022-09-10T19:30:00Z,2022,bra.1,Internacional,Cuiabá,1,0,0,630888
2022-09-10T19:30:00Z,2022,bra.1,Ceará,Santos,2,1,0,630892
2022-09-10T19:30:00Z,2022,por.1,FC Porto,GD Chaves,3,0,0,646716
2022-09-10T19:30:00Z,2022,bol.1,Real Santa Cruz,Blooming,1,3,0,651898
2022-09-10T20:10:00Z,2022,arg.2,Defensores de Belgrano,Deportivo Riestra,1,0,0,630343
2022-09-10T20:30:00Z,2022,per.1,Alianza Lima,Academia Cantolao,0,0,0,641997
2022-09-10T20:45:00Z,2022,par.1,Guaireña,Libertad,4,0,0,647577
2022-09-10T21:00:00Z,2022,ven.1,Portuguesa,Monagas SC,1,2,0,631835
2022-09-10T21:00:00Z,2022,arg.1,San Lorenzo,Atlético Tucumán,1,1,0,635502
2022-09-10T21:00:00Z,2022,uru.1,Plaza Colonia,Nacional,1,3,0,651034
2022-09-10T21:05:00Z,2022,col.1,Atlético Junior,Deportivo Pereira,0,0,0,626746
2022-09-10T21:15:00Z,2022,bol.1,Bolívar,Universitario de Vinto,2,0,0,651899
2022-09-10T21:30:00Z,2022,chi.1,Ñublense,Palestino,2,0,0,629278
2022-09-10T21:30:00Z,2022,bra.2,Londrina,Chapecoense,2,1,0,631244
2022-09-10T21:30:00Z,2022,ecu.1,Cumbayá,Guayaquil City FC,3,0,0,635943
2022-09-10T22:00:00Z,2022,usa.1,Red Bull New York,New England Revolution,2,1,0,623575
2022-09-10T22:00:00Z,2022,bra.1,Fluminense,Fortaleza,2,1,0,630890
2022-09-10T22:00:00Z,2022,mex.1,Querétaro,Santos,3,3,0,636136
2022-09-10T23:00:00Z,2022,usa.usl.1,Pittsburgh Riverhounds,Louisville City FC,0,0,0,627834
2022-09-10T23:00:00Z,2022,usa.usl.1,Indy Eleven,Birmingham Legion FC,4,3,0,627838
2022-09-10T23:00:00Z,2022,usa.usl.1,Hartford Athletic,FC Tulsa,3,2,0,627839
2022-09-10T23:00:00Z,2022,usa.usl.1,Charleston Battery,Tampa Bay Rowdies,2,1,0,627841
2022-09-10T23:10:00Z,2022,col.1,Independiente Medellín,América de Cali,2,0,0,626742
2022-09-10T23:15:00Z,2022,par.1,Tacuary,Guaraní,2,0,0,647581
2022-09-10T23:30:00Z,2022,usa.1,Atlanta United FC,Toronto FC,4,2,0,623578
2022-09-10T23:30:00Z,2022,usa.1,Philadelphia Union,Orlando City SC,5,1,0,623579
2022-09-10T23:30:00Z,2022,usa.1,FC Cincinnati,San Jose Earthquakes,6,0,0,623580
2022-09-10T23:30:00Z,2022,ven.1,Zamora FC,Caracas FC,3,3,0,631832
2022-09-10T23:30:00Z,2022,arg.1,Banfield,Colón (Santa Fe),2,1,0,635510
2022-09-10T23:40:00Z,2022,arg.2,Instituto (Córdoba),Gimnasia y Esgrima (Jujuy),4,0,0,630349
2022-09-11T00:00:00Z,2022,usa.1,Chicago Fire FC,Inter Miami CF,3,1,0,623581
2022-09-11T00:00:00Z,2022,usa.1,Seattle Sounders FC,Austin FC,3,0,0,623582
2022-09-11T00:00:00Z,2022,usa.usl.l1,Forward Madison FC,Chattanooga Red Wolves,2,5,0,625642
2022-09-11T00:00:00Z,2022,bra.1,Palmeiras,Juventude,2,1,0,630891
2022-09-11T00:00:00Z,2022,ecu.1,Barcelona SC,Macará,5,3,0,635940
2022-09-11T00:00:00Z,2022,mex.1,Necaxa,América,1,2,0,636134
2022-09-11T00:00:00Z,2022,gua.1,Deportivo Mixco,CD Achuapa,2,2,0,640999
2022-09-11T00:00:00Z,2022,gua.1,Comunicaciones,Antigua GFC,2,2,0,641000
2022-09-11T00:00:00Z,2022,crc.1,Alajuelense,Saprissa,0,1,0,647879
2022-09-11T00:05:00Z,2022,mex.1,Tigres UANL,León,0,1,0,636137
2022-09-11T00:26:00Z,2022,usa.usl.l1,South Georgia Tormenta FC,Northern Colorado Hailstorm FC,3,1,0,625643
2022-09-11T00:30:00Z,2022,usa.1,Houston Dynamo FC,Sporting Kansas City,0,0,0,623583
2022-09-11T00:30:00Z,2022,usa.1,FC Dallas,LAFC,2,1,0,623584
2022-09-11T00:30:00Z,2022,usa.usl.1,San Antonio FC,San Diego Loyal SC,1,0,0,627831
2022-09-11T00:30:00Z,2022,usa.usl.1,Rio Grande Valley FC Toros,New Mexico United,3,1,0,627833
2022-09-11T01:00:00Z,2022,usa.usl.1,Colorado Springs Switchbacks FC,Detroit City FC,1,2,0,627840
2022-09-11T01:15:00Z,2022,col.1,Independiente Santa Fe,Deportivo Pasto,2,1,0,626745
2022-09-11T01:30:00Z,2022,usa.1,Colorado Rapids,Vancouver Whitecaps,3,1,0,623585
2022-09-11T01:30:00Z,2022,usa.1,Real Salt Lake,D.C. United,0,0,0,623586
2022-09-11T01:30:00Z,2022,hon.1,Vida,UPNFM,2,1,0,648237
2022-09-11T02:00:00Z,2022,usa.1,Portland Timbers,Minnesota United FC,1,0,0,623587
2022-09-11T02:00:00Z,2022,usa.usl.1,Sacramento Republic FC,Loudoun United FC,4,0,0,627832
2022-09-11T02:00:00Z,2022,usa.usl.1,Orange County SC,Ventura County FC,1,0,0,627836
2022-09-11T02:00:00Z,2022,gua.1,Xelajú MC,Cobán Imperial,1,0,0,641002
2022-09-11T02:00:00Z,2022,crc.1,AD San Carlos,AD Guanacasteca,1,0,0,647877
2022-09-11T02:05:00Z,2022,mex.1,Guadalajara,Puebla,1,0,0,636138
2022-09-11T02:05:00Z,2022,mex.1,Toluca,Pumas UNAM,2,2,0,636139
2022-09-11T02:30:00Z,2022,usa.usl.1,Phoenix Rising FC,Oakland Roots,0,2,0,627835
2022-09-11T04:05:00Z,2022,jpn.1,Consadole Sapporo,Jubilo Iwata,4,0,0,628974
2022-09-11T10:00:00Z,2022,rus.1,FC Ural Ekaterinburg,FK Torpedo Moscow,2,0,0,641172
2022-09-11T10:15:00Z,2022,ned.1,FC Utrecht,Vitesse,1,0,0,637245
2022-09-11T10:30:00Z,2022,ita.1,Atalanta,Cremonese,1,1,0,644667
2022-09-11T11:00:00Z,2022,fra.1,Strasbourg,Clermont Foot,0,0,0,639676
2022-09-11T11:30:00Z,2022,ger.2,Kaiserslautern,SV Darmstadt 98,3,3,0,638807
2022-09-11T11:30:00Z,2022,ger.2,1. FC Magdeburg,SpVgg Greuther Fürth,2,1,0,638811
2022-09-11T11:30:00Z,2022,ger.2,St. Pauli,SV Sandhausen,1,1,0,638813
2022-09-11T11:30:00Z,2022,bel.1,KVC Westerlo,Anderlecht,2,1,0,641412
2022-09-11T12:00:00Z,2022,den.1,AaB,Lyngby Boldklub,1,1,0,636949
2022-09-11T12:00:00Z,2022,den.1,FC Nordsjælland,FC Midtjylland,1,1,0,636951
2022-09-11T12:00:00Z,2022,rus.1,Fakel Voronezh,Lokomotiv Moscow,2,0,0,641169
2022-09-11T12:00:00Z,2022,esp.1,Real Madrid,Mallorca,4,1,0,643814
2022-09-11T12:00:00Z,2022,esp.2,Sporting Gijón,Racing Santander,0,2,0,644205
2022-09-11T12:30:00Z,2022,ned.1,PSV Eindhoven,RKC Waalwijk,1,0,0,637244
2022-09-11T12:30:00Z,2022,ned.1,SC Cambuur,FC Groningen,0,1,0,637246
2022-09-11T12:30:00Z,2022,aut.1,TSV Hartberg,Austria Vienna,0,3,0,641801
2022-09-11T12:30:00Z,2022,aut.1,Austria Lustenau,LASK Linz,1,1,0,641804
2022-09-11T13:00:00Z,2022,swe.1,Hammarby IF,Djurgården,0,0,0,628420
2022-09-11T13:00:00Z,2022,swe.1,GIF Sundsvall,IF Elfsborg,0,2,0,628422
2022-09-11T13:00:00Z,2022,fra.1,Lorient,Nantes,3,2,0,639670
2022-09-11T13:00:00Z,2022,fra.1,Angers,Montpellier,2,1,0,639672
2022-09-11T13:00:00Z,2022,fra.1,AC Ajaccio,Nice,0,1,0,639673
2022-09-11T13:00:00Z,2022,fra.1,Toulouse,Stade de Reims,1,0,0,639675
2022-09-11T13:00:00Z,2022,ita.1,Sassuolo,Udinese,1,3,0,644674
2022-09-11T13:00:00Z,2022,ita.1,Bologna,Fiorentina,2,1,0,644675
2022-09-11T13:00:00Z,2022,ita.1,Lecce,Monza,1,1,0,644676
2022-09-11T13:00:00Z,2022,rsa.1,Marumo Gallants,Kaizer Chiefs,1,1,0,649408
2022-09-11T13:00:00Z,2022,uru.1,River Plate,Defensor Sporting,0,1,0,651035
2022-09-11T13:30:00Z,2022,ger.1,FC Cologne,1. FC Union Berlin,0,1,0,638485
2022-09-11T14:00:00Z,2022,arg.2,Brown de Adrogué,Güemes,1,1,0,630341
2022-09-11T14:00:00Z,2022,arg.2,Guillermo Brown,Gimnasia (Mendoza),0,1,0,630347
2022-09-11T14:00:00Z,2022,bra.1,Botafogo,América Mineiro,0,0,0,630883
2022-09-11T14:00:00Z,2022,bra.1,Avaí,Athletico-PR,1,1,0,630885
2022-09-11T14:00:00Z,2022,den.1,Brøndby IF,Randers FC,2,2,0,636950
2022-09-11T14:00:00Z,2022,bel.1,Cercle Brugge KSV,Antwerp,0,2,0,641408
2022-09-11T14:00:00Z,2022,tur.1,Sivasspor,Istanbulspor,1,1,0,645943
2022-09-11T14:15:00Z,2022,esp.1,Elche,Athletic Club,1,4,0,643812
2022-09-11T14:15:00Z,2022,esp.2,Mirandés,FC Andorra,1,1,0,644196
2022-09-11T14:15:00Z,2022,esp.2,UD Ibiza,Tenerife,1,0,0,644200
2022-09-11T14:15:00Z,2022,ita.2,SPAL,Venezia,2,0,0,649655
2022-09-11T14:30:00Z,2022,rus.1,Zenit St Petersburg,Gazovik Orenburg,8,0,0,641173
2022-09-11T14:30:00Z,2022,por.1,Paços de Ferreira,Casa Pia,2,3,0,646719
2022-09-11T14:45:00Z,2022,ned.1,AZ Alkmaar,FC Twente,1,1,0,637247
2022-09-11T15:00:00Z,2022,aut.1,SK Austria Klagenfurt,SK Sturm Graz,0,2,0,641805
2022-09-11T15:05:00Z,2022,fra.1,Stade Rennais,AJ Auxerre,5,0,0,639677
2022-09-11T15:30:00Z,2022,swe.1,Varbergs BoIS FC,AIK,2,0,0,628418
2022-09-11T15:30:00Z,2022,swe.1,Malmö FF,IFK Norrköping,2,1,0,628423
2022-09-11T15:30:00Z,2022,ger.1,SC Freiburg,Borussia Mönchengladbach,0,0,0,638489
2022-09-11T15:30:00Z,2022,gre.1,Olympiacos,Volos NFC,1,1,0,650247
2022-09-11T16:00:00Z,2022,nor.1,Tromso,Bodo/Glimt,3,2,0,628049
2022-09-11T16:00:00Z,2022,nor.1,FK Jerv,Molde,2,4,0,628050
2022-09-11T16:00:00Z,2022,nor.1,Aalesund,Sarpsborg FK,1,3,0,628053
2022-09-11T16:00:00Z,2022,nor.1,Hamarkameratene,Viking FK,1,2,0,628055
2022-09-11T16:00:00Z,2022,nor.1,Kristiansund BK,Vålerenga,3,2,0,628056
2022-09-11T16:00:00Z,2022,arg.1,Newell's Old Boys,Gimnasia La Plata,2,0,0,635504
2022-09-11T16:00:00Z,2022,arg.1,Arsenal Sarandi,Vélez Sarsfield,2,2,0,635511
2022-09-11T16:00:00Z,2022,den.1,Silkeborg IF,AGF,1,0,0,636953
2022-09-11T16:00:00Z,2022,per.1,Sporting Cristal,Cienciano del Cusco,4,1,0,641999
2022-09-11T16:00:00Z,2022,ita.1,Lazio,Hellas Verona,2,0,0,644670
2022-09-11T16:30:00Z,2022,bel.1,Union St.-Gilloise,Racing Genk,1,2,0,641416
2022-09-11T16:30:00Z,2022,esp.1,Getafe,Real Sociedad,2,1,0,643818
2022-09-11T16:30:00Z,2022,esp.2,Ponferradina,Real Zaragoza,1,2,0,644195
2022-09-11T16:45:00Z,2022,rus.1,Rostov,Spartak Moscow,4,2,0,641170
2022-09-11T17:00:00Z,2022,gua.1,Santa Lucía Cotzumalguapa,Municipal,1,0,0,641003
2022-09-11T17:00:00Z,2022,tur.1,Gaziantep FK,Umraniyespor,1,1,0,645939
2022-09-11T17:00:00Z,2022,tur.1,Kasimpasa,Galatasaray,2,3,0,645940
2022-09-11T17:00:00Z,2022,tur.1,Kayserispor,Antalyaspor,1,0,0,645941
2022-09-11T17:00:00Z,2022,por.1,Maritimo,Gil Vicente,1,2,0,646715
2022-09-11T17:00:00Z,2022,por.1,Arouca,Boavista,1,2,0,646718
2022-09-11T18:00:00Z,2022,nor.1,Haugesund,Rosenborg,2,1,0,628052
2022-09-11T18:00:00Z,2022,arg.2,Santamarina,Chaco For Ever,2,2,0,630355
2022-09-11T18:00:00Z,2022,ned.1,Feyenoord Rotterdam,Sparta Rotterdam,3,0,0,637248
2022-09-11T18:00:00Z,2022,per.1,Atlético Grau,Ayacucho FC,3,0,0,642004
2022-09-11T18:00:00Z,2022,uru.1,Cerro Largo,Fénix ,1,0,0,651029
2022-09-11T18:15:00Z,2022,per.1,Carlos A. Mannucci,Deportivo Binacional,2,1,0,642003
2022-09-11T18:30:00Z,2022,gre.1,Panathinaikos,AEK Athens,2,1,0,650246
2022-09-11T18:30:00Z,2022,gre.1,Asteras Tripoli,Aris,0,2,0,650248
2022-09-11T18:45:00Z,2022,fra.1,AS Monaco,Lyon,2,1,0,639679
2022-09-11T18:45:00Z,2022,ita.1,Juventus,Salernitana,2,2,0,644669
2022-09-11T19:00:00Z,2022,col.1,Once Caldas,Millonarios,2,1,0,626748
2022-09-11T19:00:00Z,2022,bra.1,Coritiba,Atlético Goianiense,2,0,0,630884
2022-09-11T19:00:00Z,2022,bra.1,São Paulo,Corinthians,1,1,0,630887
2022-09-11T19:00:00Z,2022,bra.2,Grêmio,Vasco da Gama,2,1,0,631250
2022-09-11T19:00:00Z,2022,ecu.1,Independiente del Valle,Delfín,2,0,0,635944
2022-09-11T19:00:00Z,2022,bel.1,KAA Gent,Zulte-Waregem,2,0,0,641409
2022-09-11T19:00:00Z,2022,esp.1,Real Betis,Villarreal,1,0,0,643815
2022-09-11T19:00:00Z,2022,esp.2,Huesca,Málaga,1,0,0,644201
2022-09-11T19:00:00Z,2022,bol.1,Independiente Petrolero,Royal Pari,3,0,0,651900
2022-09-11T19:30:00Z,2022,por.1,Rio Ave,Braga,2,3,0,646723
2022-09-11T20:00:00Z,2022,arg.1,Boca Juniors,River Plate,1,0,0,635508
2022-09-11T20:00:00Z,2022,par.1,Sportivo Ameliano,Nacional Asunción,1,2,0,647580
2022-09-11T20:00:00Z,2022,hon.1,C.D.Real Sociedad,Club Deportivo Olimpia,2,2,0,648239
2022-09-11T20:45:00Z,2022,per.1,Sport Boys,Universitario,0,1,0,642001
2022-09-11T21:00:00Z,2022,ven.1,Deportivo La Guaira,UCV FC,0,1,0,631836
2022-09-11T21:00:00Z,2022,mex.1,Cruz Azul,Mazatlán FC,2,0,0,636140
2022-09-11T21:00:00Z,2022,gua.1,CD Guastatoya,Iztapa,3,0,0,641001
2022-09-11T21:00:00Z,2022,crc.1,Pérez Zeledón,Guadalupe FC,2,1,0,647880
2022-09-11T21:00:00Z,2022,hon.1,Olancho FC,Club Deportivo Marathón,2,3,0,648238
2022-09-11T21:00:00Z,2022,uru.1,Peñarol,Rentistas,2,2,0,651033
2022-09-11T21:05:00Z,2022,col.1,Jaguares de Córdoba,Atlético Nacional,0,1,0,626743
2022-09-11T21:15:00Z,2022,bol.1,Wilstermann,The Strongest,0,3,0,651901
2022-09-11T21:30:00Z,2022,ecu.1,Aucas,Emelec,1,1,0,635941
2022-09-11T22:00:00Z,2022,bra.1,Goiás,Flamengo,1,1,0,630889
2022-09-11T22:00:00Z,2022,hon.1,FC Motagua,Club Deportivo Victoria,2,1,0,648240
2022-09-11T22:30:00Z,2022,arg.2,Atletico Rafaela,San Telmo,2,1,0,630340
2022-09-11T22:30:00Z,2022,arg.2,Deportivo Maipú,Alvarado (Mar del Plata),0,1,0,630344
2022-09-11T22:30:00Z,2022,par.1,Club Olimpia,Sol de América,2,2,0,647578
2022-09-11T23:00:00Z,2022,arg.1,Talleres (Córdoba),Defensa y Justicia,1,0,0,635501
2022-09-11T23:00:00Z,2022,gua.1,Xinabajul,CD Malacateco,3,1,0,640998
2022-09-11T23:00:00Z,2022,per.1,Melgar,Deportivo Municipal,6,2,0,642002
2022-09-11T23:00:00Z,2022,hon.1,Real España,Honduras Progreso,2,0,0,648236
2022-09-11T23:05:00Z,2022,mex.1,Atlas,Atlético de San Luis,1,3,0,636141
2022-09-11T23:10:00Z,2022,col.1,Internacional de Bogotá,Envigado FC,0,1,0,626747
2022-09-11T23:30:00Z,2022,crc.1,Herediano,Cartaginés,3,1,0,647875
2022-09-11T23:30:00Z,2022,bol.1,Oriente Petrolero,Universitario de Sucre,1,0,0,651902
2022-09-12T00:00:00Z,2022,arg.2,Mitre (Santiago del Estero),Temperley,1,2,0,630350
2022-09-12T00:00:00Z,2022,ecu.1,9 de Octubre,Deportivo Cuenca,1,0,0,635942
2022-09-12T01:05:00Z,2022,mex.1,Pachuca,Tijuana,6,1,0,636142
2022-09-12T01:15:00Z,2022,col.1,Deportivo Cali,Atlético Bucaramanga,1,1,0,626744
2022-09-12T01:30:00Z,2022,crc.1,Santos,Grecia,5,3,0,647876
2022-09-12T04:40:00Z,2022,usa.usl.l1,FC Tucson,Union Omaha,3,0,0,625640
2022-09-12T16:00:00Z,2022,tur.1,Besiktas,Istanbul Basaksehir,0,1,0,645937
2022-09-12T16:00:00Z,2022,gre.1,PAOK,Lamia,1,0,0,650251
2022-09-12T17:00:00Z,2022,swe.1,Kalmar FF,BK Häcken,1,1,0,628419
2022-09-12T17:00:00Z,2022,den.1,Viborg FF,AC Horsens,2,1,0,636954
2022-09-12T17:10:00Z,2022,swe.1,IFK Göteborg,Helsingborg,1,3,0,628421
2022-09-12T18:00:00Z,2022,arg.2,Sacachispas,Flandria,1,1,0,630353
2022-09-12T18:00:00Z,2022,arg.3,Los Andes,Ituzaingó,3,0,0,636420
2022-09-12T18:00:00Z,2022,ned.2,Jong AZ,PEC Zwolle,2,3,0,637564
2022-09-12T18:00:00Z,2022,ned.2,Jong Ajax,NAC Breda,3,1,0,637565
2022-09-12T18:00:00Z,2022,ned.2,Jong FC Utrecht,ADO Den Haag,1,1,0,637566
2022-09-12T18:00:00Z,2022,ned.2,Jong PSV,FC Den Bosch,3,1,0,637567
2022-09-12T18:00:00Z,2022,ned.2,Roda JC Kerkrade,De Graafschap,3,2,0,637568
2022-09-12T18:00:00Z,2022,ned.2,Almere City,FC Eindhoven,1,1,0,637569
2022-09-12T18:30:00Z,2022,arg.3,Acassuso,UAI Urquiza,2,0,0,636413
2022-09-12T18:30:00Z,2022,tur.1,Adana Demirspor,Trabzonspor,3,2,0,645935
2022-09-12T18:45:00Z,2022,fra.2,Metz,Guingamp,3,6,0,640064
2022-09-12T18:45:00Z,2022,ita.1,Empoli,AS Roma,1,2,0,644668
2022-09-12T19:00:00Z,2022,esp.1,Almería,Osasuna,0,1,0,643819
2022-09-12T19:00:00Z,2022,esp.2,Eibar,Granada,4,0,0,644203
2022-09-12T19:00:00Z,2022,bol.1,Guabirá,Aurora,1,1,0,651903
2022-09-12T19:15:00Z,2022,por.1,Vizela,Estoril,0,1,0,646720
2022-09-12T20:00:00Z,2022,arg.1,Sarmiento (Junín),Independiente,1,2,0,635517
2022-09-12T20:30:00Z,2022,per.1,Sport Huancayo,San Martin,3,2,0,642000
2022-09-12T21:10:00Z,2022,arg.2,Ferro Carril Oeste,Deportivo Morón,1,2,0,630346
2022-09-12T22:00:00Z,2022,arg.2,Nueva Chicago,Almagro,2,3,0,630351
2022-09-12T22:00:00Z,2022,bol.1,Real Tomayapo,Atlético Palmaflor,2,2,0,651904
2022-09-12T23:00:00Z,2022,arg.2,Independiente Rivadavia,Deportivo Madryn,3,0,0,630348
2022-09-12T23:00:00Z,2022,bra.2,Sport,Bahia,1,0,0,631231
2022-09-12T23:15:00Z,2022,par.1,General Caballero JLM,12 de Octubre,2,1,0,647576
2022-09-12T23:35:00Z,2022,arg.2,Quilmes,Estudiantes de Río Cuarto,1,1,0,630352
2022-09-13T00:00:00Z,2022,ecu.1,Técnico Universitario,Universidad Católica (Quito),1,1,0,635947
2022-09-13T00:10:00Z,2022,arg.2,San Martín (Tucumán),Belgrano (Córdoba),1,0,0,630354
2022-09-13T00:15:00Z,2022,bol.1,Nacional Potosí,Always Ready,1,1,0,651905
2022-09-13T01:00:00Z,2022,col.1,Águilas Doradas,Alianza FC,1,0,0,626741
2022-09-13T11:30:00Z,2022,chn.1,Guangzhou City,Guangzhou,1,0,0,650772
2022-09-13T15:00:00Z,2022,esp.copa_de_la_reina,Sporting Gijón,Córdoba,0,1,0,653303
2022-09-13T16:30:00Z,2022,esp.copa_de_la_reina,Osasuna,AEM,1,0,0,653313
2022-09-13T16:45:00Z,2022,uefa.champions,Sporting CP,Tottenham Hotspur,2,0,0,652602
2022-09-13T16:45:00Z,2022,uefa.champions,Viktoria Plzen,Internazionale,0,2,0,652603
2022-09-13T17:00:00Z,2022,esp.copa_de_la_reina,Pradejón,Espanyol,1,3,0,653314
2022-09-13T17:30:00Z,2022,esp.copa_de_la_reina,Racing,CP Cacereño,0,0,0,653315
2022-09-13T18:30:00Z,2022,uru.1,Danubio,Plaza Colonia,1,1,0,651038
2022-09-13T18:45:00Z,2022,eng.4,Tranmere Rovers,Bradford City,1,2,0,642174
2022-09-13T18:45:00Z,2022,eng.4,Swindon Town,Sutton United,3,2,0,642175
2022-09-13T18:45:00Z,2022,eng.4,Stevenage,Newport County,1,0,0,642176
2022-09-13T18:45:00Z,2022,eng.4,Rochdale,Leyton Orient,0,1,0,642177
2022-09-13T18:45:00Z,2022,eng.4,Mansfield Town,Carlisle United,0,0,0,642178
2022-09-13T18:45:00Z,2022,eng.4,Harrogate Town,Salford City,0,1,0,642179
2022-09-13T18:45:00Z,2022,eng.4,Hartlepool United,Crewe Alexandra,1,1,0,642180
2022-09-13T18:45:00Z,2022,eng.4,AFC Wimbledon,Northampton Town,0,2,0,642181
2022-09-13T18:45:00Z,2022,eng.4,Barrow,Doncaster Rovers,2,0,0,642182
2022-09-13T18:45:00Z,2022,eng.4,Crawley Town,Stockport County,3,2,0,642183
2022-09-13T18:45:00Z,2022,eng.4,Grimsby Town,Gillingham,1,1,0,642184
2022-09-13T18:45:00Z,2022,eng.4,Walsall,Colchester United,1,1,0,642185
2022-09-13T18:45:00Z,2022,eng.3,Barnsley,Port Vale,1,1,0,642726
2022-09-13T18:45:00Z,2022,eng.3,Burton Albion,Portsmouth,0,2,0,642727
2022-09-13T18:45:00Z,2022,eng.3,Charlton Athletic,Forest Green Rovers,1,1,0,642728
2022-09-13T18:45:00Z,2022,eng.3,Cheltenham Town,Cambridge United,2,1,0,642729
2022-09-13T18:45:00Z,2022,eng.3,Ipswich Town,Bristol Rovers,2,0,0,642730
2022-09-13T18:45:00Z,2022,eng.3,Lincoln City,Derby County,2,0,0,642731
2022-09-13T18:45:00Z,2022,eng.3,Milton Keynes Dons,Bolton Wanderers,0,2,0,642732
2022-09-13T18:45:00Z,2022,eng.3,Morecambe,Sheffield Wednesday,0,3,0,642733
2022-09-13T18:45:00Z,2022,eng.3,Peterborough United,Fleetwood Town,0,1,0,642734
2022-09-13T18:45:00Z,2022,eng.3,Plymouth Argyle,Oxford United,1,0,0,642735
2022-09-13T18:45:00Z,2022,eng.3,Shrewsbury Town,Exeter City,3,2,0,642736
2022-09-13T18:45:00Z,2022,eng.3,Wycombe Wanderers,Accrington Stanley,1,0,0,642737
2022-09-13T18:45:00Z,2022,eng.2,Swansea City,Sheffield United,0,1,0,643291
2022-09-13T18:45:00Z,2022,eng.2,Blackburn Rovers,Watford,2,0,0,643292
2022-09-13T18:45:00Z,2022,eng.2,Middlesbrough,Cardiff City,2,3,0,643293
2022-09-13T18:45:00Z,2022,eng.2,Huddersfield Town,Wigan Athletic,1,2,0,643294
2022-09-13T18:45:00Z,2022,eng.2,Hull City,Stoke City,0,3,0,643295
2022-09-13T18:45:00Z,2022,eng.5,Eastleigh,Yeovil Town,1,1,0,647072
2022-09-13T18:45:00Z,2022,eng.5,Chesterfield,Southend United,3,2,0,647073
2022-09-13T18:45:00Z,2022,eng.5,Boreham Wood,Maidenhead United,1,0,0,647074
2022-09-13T18:45:00Z,2022,eng.5,Barnet,Dorking Wanderers,0,1,0,647075
2022-09-13T18:45:00Z,2022,eng.5,Altrincham,Scunthorpe United,2,2,0,647076
2022-09-13T18:45:00Z,2022,eng.5,FC Halifax Town,Gateshead,2,0,0,647077
2022-09-13T18:45:00Z,2022,eng.5,York City,Bromley,2,1,0,647078
2022-09-13T18:45:00Z,2022,eng.5,Wrexham,Dagenham & Redbridge,4,1,0,647079
2022-09-13T18:45:00Z,2022,eng.5,Woking,Oldham Athletic,3,0,0,647080
2022-09-13T18:45:00Z,2022,eng.5,Torquay United,Solihull Moors,1,4,0,647081
2022-09-13T18:45:00Z,2022,eng.5,Notts County,Aldershot Town,2,0,0,647082
2022-09-13T18:45:00Z,2022,eng.5,Maidstone United,Wealdstone,1,1,0,647083
2022-09-13T19:00:00Z,2022,eng.2,Preston North End,Burnley,1,1,0,643290
2022-09-13T19:00:00Z,2022,uefa.champions,Liverpool,Ajax Amsterdam,2,1,0,652605
2022-09-13T19:00:00Z,2022,uefa.champions,FC Porto,Club Brugge,0,4,0,652606
2022-09-13T19:00:00Z,2022,uefa.champions,Bayern Munich,Barcelona,2,0,0,652607
2022-09-13T19:00:00Z,2022,uefa.champions,Bayer Leverkusen,Atlético Madrid,2,0,0,652608
2022-09-13T19:00:00Z,2022,uefa.champions,Marseille,Eintracht Frankfurt,0,1,0,652609
2022-09-13T19:00:00Z,2022,esp.copa_de_la_reina,Unión Viera,Dux Logroño,0,2,0,653302
2022-09-13T21:00:00Z,2022,chi.1,Coquimbo Unido,Audax Italiano,0,1,0,629266
2022-09-13T21:00:00Z,2022,uru.1,Deportivo Maldonado,Montevideo Wanderers,1,0,0,651040
2022-09-13T22:00:00Z,2022,bra.2,Operário PR,Guarani,0,1,0,631236
2022-09-13T22:00:00Z,2022,arg.1,Huracán,Barracas Central,1,1,0,635523
2022-09-13T22:00:00Z,2022,arg.1,Godoy Cruz Antonio Tomba,Tigre,1,1,0,635524
2022-09-13T22:05:00Z,2022,mex.2,Mineros de Zacatecas,Tlaxcala FC,1,1,0,638382
2022-09-13T23:00:00Z,2022,ven.1,Caracas FC,Deportivo Lara,1,2,0,631825
2022-09-13T23:30:00Z,2022,usa.1,CF Montréal,Chicago Fire FC,3,2,0,623588
2022-09-13T23:30:00Z,2022,chi.1,O'Higgins,Unión La Calera,2,2,0,629272
2022-09-14T00:00:00Z,2022,usa.1,Inter Miami CF,Columbus Crew,2,1,0,623589
2022-09-14T00:00:00Z,2022,usa.1,Minnesota United FC,LAFC,1,1,0,623590
2022-09-14T00:05:00Z,2022,mex.2,Cancún FC,Celaya,0,4,0,638380
2022-09-14T00:30:00Z,2022,usa.1,Sporting Kansas City,D.C. United,3,0,0,623591
2022-09-14T00:30:00Z,2022,usa.1,Houston Dynamo FC,New England Revolution,3,1,0,623592
2022-09-14T00:30:00Z,2022,bra.2,Ponte Preta,Ituano,1,1,0,631237
2022-09-14T00:30:00Z,2022,arg.1,Racing Club,Patronato,1,0,0,635520
2022-09-14T00:30:00Z,2022,arg.1,Platense,Unión (Santa Fe),1,0,0,635521
2022-09-14T02:05:00Z,2022,mex.1,Guadalajara,Tigres UANL,1,4,0,636143
2022-09-14T02:05:00Z,2022,mex.2,Pumas Tabasco,Leones Negros,0,2,0,638381
2022-09-14T10:00:00Z,2022,jpn.1,Vissel Kobe,FC Tokyo,2,1,0,628979
2022-09-14T10:00:00Z,2022,jpn.1,Kyoto Sanga,Yokohama F. Marinos,1,2,0,628981
2022-09-14T10:30:00Z,2022,jpn.1,Nagoya Grampus,Kawasaki Frontale,1,1,0,628915
2022-09-14T10:30:00Z,2022,jpn.1,Urawa Red Diamonds,Cerezo Osaka,0,1,0,628980
2022-09-14T11:30:00Z,2022,chn.1,Shandong Taishan,Wuhan Three Towns,1,1,0,650776
2022-09-14T11:30:00Z,2022,chn.1,Meizhou Hakka,Zhejiang Professional FC,0,0,0,650777
2022-09-14T11:30:00Z,2022,chn.1,Beijing Guoan,Hebei FC,3,1,0,650778
2022-09-14T11:30:00Z,2022,chn.1,Henan,Tianjin Jinmen Tiger,0,1,0,650881
2022-09-14T14:30:00Z,2022,esp.copa_de_la_reina,Deportivo,Parquesol,5,0,0,653307
2022-09-14T15:30:00Z,2022,esp.copa_de_la_reina,Elche,Santa Teresa,3,0,0,653308
2022-09-14T15:30:00Z,2022,esp.copa_de_la_reina,Friol,Pozoalbense,6,0,0,653310
2022-09-14T15:55:00Z,2022,ksa.1,Al Tai,Al Fateh,1,0,0,663163
2022-09-14T16:00:00Z,2022,uru.1,Rentistas,Montevideo City Torque,3,0,0,651043
2022-09-14T16:00:00Z,2022,esp.copa_de_la_reina,Fundación Tenerife,Castellón,5,1,0,653304
2022-09-14T16:45:00Z,2022,uefa.champions,AC Milan,Dinamo Zagreb,3,1,0,652610
2022-09-14T16:45:00Z,2022,uefa.champions,Shakhtar Donetsk,Celtic,1,1,0,652611
2022-09-14T17:00:00Z,2022,arg.1,Aldosivi,Newell's Old Boys,1,2,0,635514
2022-09-14T17:00:00Z,2022,esp.copa_de_la_reina,Fundación Albacete,Seagull,4,0,0,653306
2022-09-14T17:15:00Z,2022,esp.copa_de_la_reina,CE Europa,Zaragoza,3,0,0,653317
2022-09-14T18:00:00Z,2022,esp.copa_de_la_reina,CD Femarguín,Juan Grande,0,1,0,653309
2022-09-14T18:00:00Z,2022,ksa.1,Al Adalah,Al Shabab,0,1,0,663164
2022-09-14T18:30:00Z,2022,chi.1,Unión Española,La Serena,0,1,0,629269
2022-09-14T18:30:00Z,2022,uru.1,Albion FC,River Plate,0,2,0,651036
2022-09-14T18:30:00Z,2022,esp.copa_de_la_reina,Málaga,Granada,0,1,0,653312
2022-09-14T18:45:00Z,2022,eng.2,Luton Town,Coventry City,2,2,0,643296
2022-09-14T18:45:00Z,2022,eng.2,Norwich City,Bristol City,3,2,0,643297
2022-09-14T18:45:00Z,2022,eng.2,Millwall,Queens Park Rangers,0,2,0,643298
2022-09-14T18:45:00Z,2022,eng.2,Rotherham United,Blackpool,3,0,0,643299
2022-09-14T19:00:00Z,2022,eng.2,Reading,Sunderland,0,3,0,643300
2022-09-14T19:00:00Z,2022,eng.2,West Bromwich Albion,Birmingham City,2,3,0,643301
2022-09-14T19:00:00Z,2022,uefa.champions,Rangers,Napoli,0,3,0,652604
2022-09-14T19:00:00Z,2022,uefa.champions,Manchester City,Borussia Dortmund,2,1,0,652612
2022-09-14T19:00:00Z,2022,uefa.champions,Real Madrid,RB Leipzig,2,0,0,652613
2022-09-14T19:00:00Z,2022,uefa.champions,Maccabi Haifa,Paris Saint-Germain,1,3,0,652614
2022-09-14T19:00:00Z,2022,uefa.champions,Chelsea,RB Salzburg,1,1,0,652615
2022-09-14T19:00:00Z,2022,uefa.champions,Juventus,Benfica,1,2,0,652616
2022-09-14T19:00:00Z,2022,uefa.champions,F.C. København,Sevilla,0,0,0,652617
2022-09-14T19:30:00Z,2022,arg.1,Colón (Santa Fe),San Lorenzo,0,0,0,635527
2022-09-14T20:00:00Z,2022,chi.1,Cobresal,Colo Colo,0,2,0,629267
2022-09-14T20:45:00Z,2022,par.1,Libertad,Tacuary,2,0,0,647585
2022-09-14T21:00:00Z,2022,chi.1,Everton CD,Ñublense,1,1,0,629273
2022-09-14T21:00:00Z,2022,ven.1,Inter de Barinas,Aragua,4,1,0,631822
2022-09-14T21:00:00Z,2022,ven.1,Monagas SC,Carabobo,0,0,0,631823
2022-09-14T21:00:00Z,2022,ven.1,Academia Puerto Cabello,Deportivo La Guaira,1,1,0,631824
2022-09-14T21:00:00Z,2022,ven.1,Zulia,Deportivo Táchira,1,3,0,631826
2022-09-14T21:00:00Z,2022,ven.1,UCV FC,Metropolitanos,2,3,0,631827
2022-09-14T21:00:00Z,2022,ven.1,Mineros de Guayana,Portuguesa,2,2,0,631828
2022-09-14T21:00:00Z,2022,ven.1,Estudiantes de Mérida,Zamora FC,1,2,0,631829
2022-09-14T22:00:00Z,2022,arg.1,River Plate,Banfield,1,2,0,635519
2022-09-14T22:00:00Z,2022,mex.2,Durango,Raya2,3,1,0,638385
2022-09-14T22:55:00Z,2022,usa.1,Orlando City SC,Atlanta United FC,0,1,0,623594
2022-09-14T23:00:00Z,2022,uru.1,Nacional,Boston River,1,0,0,651042
2022-09-14T23:00:00Z,2022,col.copa,Unión Magdalena,Atlético Junior,0,1,0,652201
2022-09-14T23:15:00Z,2022,par.1,Cerro Porteño,Guaireña,2,2,0,647583
2022-09-14T23:30:00Z,2022,chi.1,Universidad Católica,Huachipato,1,0,0,629270
2022-09-14T23:30:00Z,2022,campeones.cup,New York City FC,Atlas,2,0,0,634894
2022-09-15T00:00:00Z,2022,usa.usl.l1,Union Omaha,Richmond Kickers,2,3,0,625639
2022-09-15T00:00:00Z,2022,usa.usl.1,Birmingham Legion FC,Pittsburgh Riverhounds,2,1,0,627842
2022-09-15T00:05:00Z,2022,mex.2,Alebrijes de Oaxaca,Atlante,2,2,0,638383
2022-09-15T00:30:00Z,2022,arg.1,Lanús,Boca Juniors,0,1,0,635522
2022-09-15T00:45:00Z,2022,bra.copa_do_brazil,Flamengo,São Paulo,1,0,0,652196
2022-09-15T01:15:00Z,2022,usa.1,Austin FC,Real Salt Lake,3,0,0,623593
2022-09-15T01:15:00Z,2022,col.1,Deportivo Cali,Deportivo Pasto,2,0,0,626783
2022-09-15T02:00:00Z,2022,usa.1,Colorado Rapids,San Jose Earthquakes,2,1,0,623595
2022-09-15T02:00:00Z,2022,usa.1,Vancouver Whitecaps,LA Galaxy,3,0,0,623596
2022-09-15T02:05:00Z,2022,mex.1,FC Juarez,Pachuca,2,1,0,636077
2022-09-15T02:05:00Z,2022,mex.1,América,Santos,3,3,0,636144
2022-09-15T02:05:00Z,2022,mex.2,Cimarrones de Sonora,Tapatío,1,1,0,638384
2022-09-15T15:30:00Z,2022,uru.1,Cerrito,Fénix ,0,2,0,651037
2022-09-15T15:40:00Z,2022,ksa.1,Al Batin,Al Nassr,0,4,0,663165
2022-09-15T16:45:00Z,2022,uefa.europa,Olympiacos,SC Freiburg,0,3,0,652698
2022-09-15T16:45:00Z,2022,uefa.europa,Trabzonspor,Red Star Belgrade,2,1,0,652699
2022-09-15T16:45:00Z,2022,uefa.europa,Real Sociedad,Omonia Nicosia,2,1,0,652700
2022-09-15T16:45:00Z,2022,uefa.europa,FC Midtjylland,Lazio,5,1,0,652701
2022-09-15T16:45:00Z,2022,uefa.europa,FK Qarabag,Nantes,3,0,0,652702
2022-09-15T16:45:00Z,2022,uefa.europa,Feyenoord Rotterdam,SK Sturm Graz,6,0,0,652703
2022-09-15T16:45:00Z,2022,uefa.europa,AS Monaco,Ferencvaros,0,1,0,652704
2022-09-15T16:45:00Z,2022,uefa.europa,Sheriff Tiraspol,Manchester United,0,2,0,652705
2022-09-15T16:45:00Z,2022,uefa.europa.conf,AZ Alkmaar,FC Vaduz,4,1,0,652794
2022-09-15T16:45:00Z,2022,uefa.europa.conf,Zalgiris Vilnius,FC Basel,0,1,0,652795
2022-09-15T16:45:00Z,2022,uefa.europa.conf,Slavia Prague,Ballkani,3,2,0,652796
2022-09-15T16:45:00Z,2022,uefa.europa.conf,Apollon Limassol,SC Dnipro-1,1,3,0,652797
2022-09-15T16:45:00Z,2022,uefa.europa.conf,Pyunik,Slovan Bratislava,2,0,0,652798
2022-09-15T16:45:00Z,2022,uefa.europa.conf,KAA Gent,Shamrock Rovers,3,0,0,652799
2022-09-15T16:45:00Z,2022,uefa.europa.conf,Djurgården,Molde,3,2,0,652800
2022-09-15T16:45:00Z,2022,uefa.europa.conf,CFR Cluj-Napoca,Sivasspor,0,1,0,652801
2022-09-15T18:00:00Z,2022,esp.copa_de_la_reina,La Solana,Real Oviedo,0,2,0,653311
2022-09-15T18:00:00Z,2022,ksa.1,Al Ettifaq,Al Raed,1,2,0,663166
2022-09-15T18:00:00Z,2022,ksa.1,Al Ittihad,Al Khaleej,2,0,0,663167
2022-09-15T18:30:00Z,2022,chi.1,Palestino,Universidad de Chile,1,2,0,629271
2022-09-15T18:30:00Z,2022,uru.1,Liverpool,Peñarol,0,1,0,651041
2022-09-15T19:00:00Z,2022,uefa.europa,Real Betis,Ludogorets Razgrad,3,2,0,652706
2022-09-15T19:00:00Z,2022,uefa.europa,Stade Rennais,Fenerbahce,2,2,0,652707
2022-09-15T19:00:00Z,2022,uefa.europa,Braga,1. FC Union Berlin,1,0,0,652708
2022-09-15T19:00:00Z,2022,uefa.europa,Dynamo Kyiv,AEK Larnaca,0,1,0,652709
2022-09-15T19:00:00Z,2022,uefa.europa,Bodo/Glimt,FC Zürich,2,1,0,652710
2022-09-15T19:00:00Z,2022,uefa.europa,AS Roma,HJK Helsinki,3,0,0,652712
2022-09-15T19:00:00Z,2022,uefa.europa,Union St.-Gilloise,Malmö FF,3,2,0,652713
2022-09-15T19:00:00Z,2022,uefa.europa.conf,Rigas Futbola Skola,Heart of Midlothian,0,2,0,652802
2022-09-15T19:00:00Z,2022,uefa.europa.conf,Silkeborg IF,West Ham United,2,3,0,652803
2022-09-15T19:00:00Z,2022,uefa.europa.conf,FCSB,Anderlecht,0,0,0,652804
2022-09-15T19:00:00Z,2022,uefa.europa.conf,Lech Poznan,Austria Vienna,4,1,0,652805
2022-09-15T19:00:00Z,2022,uefa.europa.conf,Istanbul Basaksehir,Fiorentina,3,0,0,652806
2022-09-15T19:00:00Z,2022,uefa.europa.conf,Hapoel Be'er,Villarreal,1,2,0,652807
2022-09-15T19:00:00Z,2022,uefa.europa.conf,Partizan Belgrade,Nice,1,1,0,652808
2022-09-15T19:00:00Z,2022,uefa.europa.conf,FC Cologne,Slovacko,4,2,0,652809
2022-09-15T20:45:00Z,2022,par.1,Guaraní,Sportivo Ameliano,2,1,0,647584
2022-09-15T21:00:00Z,2022,chi.1,Antofagasta,Curicó Unido,0,0,0,629268
2022-09-15T22:00:00Z,2022,arg.1,Rosario Central,Estudiantes de La Plata,1,1,0,635518
2022-09-15T22:00:00Z,2022,arg.1,Defensa y Justicia,Argentinos Juniors,2,1,0,635526
2022-09-15T23:00:00Z,2022,bra.copa_do_brazil,Corinthians,Fluminense,3,0,0,652197
2022-09-15T23:15:00Z,2022,par.1,Nacional Asunción,Club Olimpia,1,1,0,647586
2022-09-15T23:15:00Z,2022,uru.1,Defensor Sporting,Cerro Largo,0,1,0,651039
2022-09-16T00:00:00Z,2022,mex.1,Cruz Azul,León,2,1,0,636103
2022-09-16T00:00:00Z,2022,mex.2,Tepatitlán FC,Venados FC,1,2,0,638386
2022-09-16T00:10:00Z,2022,arg.copa,Vélez Sarsfield,Independiente,0,2,0,652245
2022-09-16T00:30:00Z,2022,arg.1,Atlético Tucumán,Talleres (Córdoba),1,1,0,635515
2022-09-16T00:30:00Z,2022,arg.1,Gimnasia La Plata,Arsenal Sarandi,2,0,0,635525
2022-09-16T01:05:00Z,2022,col.1,América de Cali,Deportivo Pereira,0,1,0,626834
2022-09-16T02:00:00Z,2022,mex.2,Correcaminos UAT,Dorados de Sinaloa,0,2,0,638387
2022-09-16T10:00:00Z,2022,jpn.1,Sagan Tosu,Kashima Antlers,1,1,0,628984
2022-09-16T15:50:00Z,2022,ksa.1,Abha,Al Fayha,1,1,0,663168
2022-09-16T15:50:00Z,2022,ksa.1,Al Taawoun,Damac,1,1,0,663169
2022-09-16T16:30:00Z,2022,ger.2,TSV Eintracht Braunschweig,Karlsruher SC,2,1,0,638818
2022-09-16T16:30:00Z,2022,ger.2,SV Sandhausen,Hannover 96,2,3,0,638823
2022-09-16T17:00:00Z,2022,den.1,AC Horsens,FC Nordsjælland,1,0,0,636956
2022-09-16T17:00:00Z,2022,tur.1,Galatasaray,Konyaspor,2,1,0,645947
2022-09-16T17:00:00Z,2022,tur.1,Hatayspor,Kayserispor,0,4,0,645952
2022-09-16T18:00:00Z,2022,ned.1,FC Utrecht,NEC Nijmegen,0,0,0,637249
2022-09-16T18:00:00Z,2022,ned.2,Willem II,Jong AZ,1,0,0,637570
2022-09-16T18:00:00Z,2022,ned.2,Telstar,Heracles Almelo,0,3,0,637571
2022-09-16T18:00:00Z,2022,ned.2,VVV-Venlo,Jong PSV,1,1,0,637572
2022-09-16T18:00:00Z,2022,ned.2,PEC Zwolle,ADO Den Haag,1,2,0,637573
2022-09-16T18:00:00Z,2022,ned.2,NAC Breda,Jong FC Utrecht,3,1,0,637574
2022-09-16T18:00:00Z,2022,ned.2,MVV Maastricht,Jong Ajax,4,1,0,637575
2022-09-16T18:00:00Z,2022,ned.2,Helmond Sport,FC Dordrecht,2,1,0,637576
2022-09-16T18:00:00Z,2022,ned.2,FC Eindhoven,Roda JC Kerkrade,3,3,0,637577
2022-09-16T18:00:00Z,2022,ned.2,De Graafschap,Almere City,1,2,0,637578
2022-09-16T18:00:00Z,2022,ksa.1,Al Hilal,Al Wehda,3,0,0,663170
2022-09-16T18:30:00Z,2022,ger.1,Mainz,Hertha Berlin,1,1,0,638492
2022-09-16T18:30:00Z,2022,ita.2,Brescia,Benevento,1,0,0,649657
2022-09-16T18:45:00Z,2022,bel.1,Antwerp,RFC Seraing,2,1,0,641422
2022-09-16T18:45:00Z,2022,ita.1,Salernitana,Lecce,1,2,0,644683
2022-09-16T18:45:00Z,2022,sco.tennents,BSC Glasgow,Brora Rangers,3,2,0,653682
2022-09-16T18:45:00Z,2022,sco.tennents,Pollok,Huntly,6,0,0,653683
2022-09-16T19:00:00Z,2022,eng.1,Aston Villa,Southampton,1,0,0,637894
2022-09-16T19:00:00Z,2022,eng.1,Nottingham Forest,Fulham,2,3,0,637896
2022-09-16T19:00:00Z,2022,fra.1,AJ Auxerre,Lorient,1,3,0,639680
2022-09-16T19:00:00Z,2022,esp.1,Real Valladolid,Cádiz,0,1,0,643824
2022-09-16T19:00:00Z,2022,esp.2,Levante,FC Cartagena,0,1,0,644213
2022-09-16T19:00:00Z,2022,bol.1,Atlético Palmaflor,Real Santa Cruz,4,0,0,651906
2022-09-16T19:00:00Z,2022,sco.tennents,Syngenta,Auchinleck Talbot,2,4,0,653684
2022-09-16T19:15:00Z,2022,por.1,Portimonense,GD Chaves,1,0,0,646730
2022-09-16T20:45:00Z,2022,par.1,12 de Octubre,Resistencia SC,1,0,0,647582
2022-09-16T22:00:00Z,2022,bra.2,Vasco da Gama,Náutico,4,1,0,631239
2022-09-16T23:00:00Z,2022,col.1,Alianza FC,Internacional de Bogotá,1,2,0,626737
2022-09-16T23:00:00Z,2022,bol.1,The Strongest,Nacional Potosí,1,1,0,651907
2022-09-16T23:15:00Z,2022,par.1,Sol de América,General Caballero JLM,3,2,0,647587
2022-09-16T23:30:00Z,2022,usa.usl.l1,South Georgia Tormenta FC,FC Tucson,1,1,0,625635
2022-09-17T00:00:00Z,2022,usa.usl.1,Memphis 901 FC,Charleston Battery,5,0,0,627843
2022-09-17T00:00:00Z,2022,arg.2,Gimnasia y Esgrima (Jujuy),Agropecuario,1,0,0,630368
2022-09-17T00:00:00Z,2022,ecu.1,Deportivo Cuenca,Cumbayá,1,1,0,635948
2022-09-17T00:00:00Z,2022,mex.1,Puebla,Tigres UANL,2,1,0,636145
2022-09-17T00:30:00Z,2022,bra.2,Novorizontino,Grêmio,2,0,0,631235
2022-09-17T00:30:00Z,2022,bra.2,Tombense,Londrina,1,1,0,631238
2022-09-17T01:05:00Z,2022,col.1,Atlético Bucaramanga,Independiente Santa Fe,2,1,0,626734
2022-09-17T02:00:00Z,2022,mex.1,Mazatlán FC,Toluca,1,1,0,636146
2022-09-17T09:00:00Z,2022,jpn.1,Jubilo Iwata,Cerezo Osaka,2,2,0,628991
2022-09-17T09:00:00Z,2022,rus.1,FC Ural Ekaterinburg,Akhmat Grozny,1,2,0,641179
2022-09-17T10:00:00Z,2022,jpn.1,Nagoya Grampus,Sanfrecce Hiroshima,0,0,0,628983
2022-09-17T10:00:00Z,2022,jpn.1,Shonan Bellmare,Urawa Red Diamonds,0,0,0,628986
2022-09-17T10:00:00Z,2022,jpn.1,Kashiwa Reysol,Kawasaki Frontale,1,1,0,628987
2022-09-17T10:00:00Z,2022,jpn.1,Avispa Fukuoka,Shimizu S-Pulse,3,2,0,628990
2022-09-17T11:00:00Z,2022,ger.2,Arminia Bielefeld,Holstein Kiel,4,2,0,638817
2022-09-17T11:00:00Z,2022,ger.2,Hansa Rostock,1. FC Magdeburg,3,1,0,638819
2022-09-17T11:00:00Z,2022,ger.2,SV Darmstadt 98,1. FC Nürnberg,2,0,0,638822
2022-09-17T11:00:00Z,2022,rus.1,FK Torpedo Moscow,CSKA Moscow,1,0,0,641181
2022-09-17T11:30:00Z,2022,eng.1,Wolverhampton Wanderers,Manchester City,0,3,0,637893
2022-09-17T11:30:00Z,2022,eng.2,Swansea City,Hull City,3,0,0,643311
2022-09-17T11:30:00Z,2022,sco.tennents,Jeanfield Swifts,Brechin City,1,5,0,653694
2022-09-17T12:00:00Z,2022,esp.1,Mallorca,Almería,1,0,0,643822
2022-09-17T12:00:00Z,2022,esp.2,Villarreal B,Lugo,3,1,0,644208
2022-09-17T12:00:00Z,2022,ita.2,Ascoli,Parma,1,3,0,649656
2022-09-17T12:00:00Z,2022,ita.2,Cagliari,Bari,0,1,0,649658
2022-09-17T12:00:00Z,2022,ita.2,Como,SPAL,3,3,0,649659
2022-09-17T12:00:00Z,2022,ita.2,Reggina,Cittadella,3,0,0,649662
2022-09-17T12:00:00Z,2022,ita.2,Sudtirol,Cosenza,1,1,0,649663
2022-09-17T12:00:00Z,2022,ita.2,Venezia,Pisa,1,1,0,649664
2022-09-17T12:00:00Z,2022,ita.2,Frosinone,Palermo,1,0,0,649665
2022-09-17T13:00:00Z,2022,swe.1,BK Häcken,Hammarby IF,1,1,0,628412
2022-09-17T13:00:00Z,2022,swe.1,IFK Norrköping,Kalmar FF,2,2,0,628415
2022-09-17T13:00:00Z,2022,fra.2,Guingamp,Saint-Étienne,2,1,0,640073
2022-09-17T13:00:00Z,2022,fra.2,Bordeaux,Dijon FCO,2,1,0,640074
2022-09-17T13:00:00Z,2022,ita.1,Bologna,Empoli,0,1,0,644679
2022-09-17T13:00:00Z,2022,rsa.1,Chippa United,Marumo Gallants,1,0,0,649411
2022-09-17T13:00:00Z,2022,rsa.1,Golden Arrows,Moroka Swallows,4,0,0,649412
2022-09-17T13:00:00Z,2022,uru.1,Plaza Colonia,Deportivo Maldonado,0,1,0,651050
2022-09-17T13:30:00Z,2022,ger.1,Bayer Leverkusen,Werder Bremen,1,1,0,638493
2022-09-17T13:30:00Z,2022,ger.1,Borussia Dortmund,Schalke 04,1,0,0,638494
2022-09-17T13:30:00Z,2022,ger.1,FC Augsburg,Bayern Munich,1,0,0,638497
2022-09-17T13:30:00Z,2022,ger.1,VfB Stuttgart,Eintracht Frankfurt,1,3,0,638499
2022-09-17T13:30:00Z,2022,rus.1,Rostov,Krylia Sovetov,2,1,0,641177
2022-09-17T13:30:00Z,2022,sco.tennents,Darvel,Tynecastle,8,0,0,653685
2022-09-17T14:00:00Z,2022,bra.2,Chapecoense,CSA,1,0,0,631232
2022-09-17T14:00:00Z,2022,eng.1,Newcastle United,AFC Bournemouth,1,1,0,637895
2022-09-17T14:00:00Z,2022,sco.1,Hibernian,Aberdeen,3,1,0,639092
2022-09-17T14:00:00Z,2022,sco.1,Livingston,Kilmarnock,1,0,0,639093
2022-09-17T14:00:00Z,2022,sco.1,Rangers,Dundee United,2,1,0,639095
2022-09-17T14:00:00Z,2022,sco.1,St Johnstone,Ross County,0,0,0,639096
2022-09-17T14:00:00Z,2022,sco.2,Dundee,Inverness Caledonian Thistle,2,3,0,639465
2022-09-17T14:00:00Z,2022,sco.2,Hamilton Academical,Queen's Park,0,2,0,639466
2022-09-17T14:00:00Z,2022,sco.2,Partick Thistle,Cove Rangers,2,2,0,639467
2022-09-17T14:00:00Z,2022,sco.2,Greenock Morton,Arbroath,1,2,0,639468
2022-09-17T14:00:00Z,2022,sco.2,Raith Rovers,Ayr United,3,2,0,639469
2022-09-17T14:00:00Z,2022,bel.1,KV Mechelen,OH Leuven,0,0,0,641420
2022-09-17T14:00:00Z,2022,eng.4,Colchester United,Grimsby Town,0,1,0,642186
2022-09-17T14:00:00Z,2022,eng.4,Crewe Alexandra,Crawley Town,1,0,0,642187
2022-09-17T14:00:00Z,2022,eng.4,Doncaster Rovers,Swindon Town,0,1,0,642188
2022-09-17T14:00:00Z,2022,eng.4,Newport County,Barrow,0,2,0,642189
2022-09-17T14:00:00Z,2022,eng.4,Leyton Orient,Walsall,1,0,0,642190
2022-09-17T14:00:00Z,2022,eng.4,Gillingham,Mansfield Town,0,2,0,642191
2022-09-17T14:00:00Z,2022,eng.4,Northampton Town,Rochdale,3,0,0,642192
2022-09-17T14:00:00Z,2022,eng.4,Salford City,Tranmere Rovers,0,1,0,642193
2022-09-17T14:00:00Z,2022,eng.4,Stockport County,Harrogate Town,0,0,0,642194
2022-09-17T14:00:00Z,2022,eng.4,Sutton United,Hartlepool United,2,0,0,642195
2022-09-17T14:00:00Z,2022,eng.4,Carlisle United,AFC Wimbledon,2,1,0,642196
2022-09-17T14:00:00Z,2022,eng.4,Bradford City,Stevenage,3,0,0,642197
2022-09-17T14:00:00Z,2022,eng.3,Accrington Stanley,Cheltenham Town,1,0,0,642738
2022-09-17T14:00:00Z,2022,eng.3,Bolton Wanderers,Peterborough United,1,0,0,642739
2022-09-17T14:00:00Z,2022,eng.3,Bristol Rovers,Lincoln City,3,6,0,642740
2022-09-17T14:00:00Z,2022,eng.3,Cambridge United,Barnsley,0,3,0,642741
2022-09-17T14:00:00Z,2022,eng.3,Derby County,Wycombe Wanderers,2,1,0,642742
2022-09-17T14:00:00Z,2022,eng.3,Exeter City,Burton Albion,0,2,0,642743
2022-09-17T14:00:00Z,2022,eng.3,Fleetwood Town,Charlton Athletic,1,1,0,642744
2022-09-17T14:00:00Z,2022,eng.3,Forest Green Rovers,Morecambe,1,2,0,642745
2022-09-17T14:00:00Z,2022,eng.3,Oxford United,Milton Keynes Dons,1,2,0,642746
2022-09-17T14:00:00Z,2022,eng.3,Port Vale,Shrewsbury Town,2,1,0,642747
2022-09-17T14:00:00Z,2022,eng.3,Portsmouth,Plymouth Argyle,2,2,0,642748
2022-09-17T14:00:00Z,2022,eng.3,Sheffield Wednesday,Ipswich Town,2,2,0,642749
2022-09-17T14:00:00Z,2022,eng.2,Birmingham City,Coventry City,0,0,0,643302
2022-09-17T14:00:00Z,2022,eng.2,Burnley,Bristol City,2,1,0,643303
2022-09-17T14:00:00Z,2022,eng.2,Huddersfield Town,Cardiff City,1,0,0,643304
2022-09-17T14:00:00Z,2022,eng.2,Luton Town,Blackburn Rovers,2,0,0,643305
2022-09-17T14:00:00Z,2022,eng.2,Millwall,Blackpool,2,1,0,643307
2022-09-17T14:00:00Z,2022,eng.2,Norwich City,West Bromwich Albion,1,1,0,643308
2022-09-17T14:00:00Z,2022,eng.2,Preston North End,Sheffield United,0,2,0,643309
2022-09-17T14:00:00Z,2022,eng.2,Queens Park Rangers,Stoke City,0,0,0,643310
2022-09-17T14:00:00Z,2022,eng.2,Watford,Sunderland,2,2,0,643312
2022-09-17T14:00:00Z,2022,eng.2,Wigan Athletic,Reading,0,1,0,643313
2022-09-17T14:00:00Z,2022,tur.1,Umraniyespor,Kasimpasa,1,2,0,645951
2022-09-17T14:00:00Z,2022,eng.5,Bromley,Maidstone United,3,0,0,647085
2022-09-17T14:00:00Z,2022,eng.5,Yeovil Town,Chesterfield,2,2,0,647086
2022-09-17T14:00:00Z,2022,eng.5,Wealdstone,Torquay United,1,1,0,647087
2022-09-17T14:00:00Z,2022,eng.5,Southend United,Wrexham,0,0,0,647088
2022-09-17T14:00:00Z,2022,eng.5,Solihull Moors,Barnet,1,1,0,647089
2022-09-17T14:00:00Z,2022,eng.5,Scunthorpe United,York City,1,1,0,647090
2022-09-17T14:00:00Z,2022,eng.5,Oldham Athletic,Eastleigh,3,2,0,647091
2022-09-17T14:00:00Z,2022,eng.5,Maidenhead United,Woking,1,0,0,647092
2022-09-17T14:00:00Z,2022,eng.5,Gateshead,Boreham Wood,1,1,0,647093
2022-09-17T14:00:00Z,2022,eng.5,Dorking Wanderers,Notts County,3,1,0,647094
2022-09-17T14:00:00Z,2022,eng.5,Dagenham & Redbridge,Altrincham,4,1,0,647095
2022-09-17T14:00:00Z,2022,sco.tennents,Dunbar United,Clachnacuddin,3,2,0,653686
2022-09-17T14:00:00Z,2022,sco.tennents,Banks O'Dee,Turriff United,4,0,0,653687
2022-09-17T14:00:00Z,2022,sco.tennents,Dunipace,Broxburn,1,1,0,653688
2022-09-17T14:00:00Z,2022,sco.tennents,Formartine United,East Stirlingshire,3,1,0,653689
2022-09-17T14:00:00Z,2022,sco.tennents,Forres Mechanics,Glasgow University,2,3,0,653690
2022-09-17T14:00:00Z,2022,sco.tennents,Gala Fairydean,Sauchie Juniors,1,4,0,653691
2022-09-17T14:00:00Z,2022,sco.tennents,Gretna 2008,Edinburgh U,3,1,0,653692
2022-09-17T14:00:00Z,2022,sco.tennents,Hill of Beath Hawthorn,Inverurie Loco Works,3,1,0,653693
2022-09-17T14:00:00Z,2022,sco.tennents,Keith,Cumnock,1,2,0,653695
2022-09-17T14:00:00Z,2022,sco.tennents,Linlithgow Rose,Berwick Rangers,2,1,0,653696
2022-09-17T14:00:00Z,2022,sco.tennents,Lossiemouth,Buckie Thistle,1,2,0,653697
2022-09-17T14:00:00Z,2022,sco.tennents,Strathspey Thistle,Camelon Juniors,0,5,0,653698
2022-09-17T14:00:00Z,2022,sco.tennents,Wick Academy,Lochee United,5,1,0,653699
2022-09-17T14:00:00Z,2022,sco.tennents,Carnoustie Panmure,Rothes,3,1,0,653700
2022-09-17T14:00:00Z,2022,sco.tennents,Caledonian Braves,Newton Stewart,6,1,0,653701
2022-09-17T14:00:00Z,2022,sco.tennents,Benburb,Dundonald Bluebell,4,2,0,653702
2022-09-17T14:00:00Z,2022,sco.tennents,Kilwinning Rangers,Tranent Juniors,4,2,0,653703
2022-09-17T14:00:00Z,2022,sco.tennents,Musselburgh Athletic,Newtongrange Star,1,2,0,653704
2022-09-17T14:00:00Z,2022,sco.tennents,Nairn County,Drumchapel United,1,3,0,653705
2022-09-17T14:00:00Z,2022,sco.tennents,Deveronvale,East Kilbride,2,4,0,653706
2022-09-17T14:00:00Z,2022,sco.tennents,Cumbernauld Colts,Dalbeattie Star,0,1,0,653707
2022-09-17T14:00:00Z,2022,sco.tennents,Civil Service Strollers,Fraserburgh,1,2,0,653708
2022-09-17T14:00:00Z,2022,sco.tennents,Clydebank,Spartans FC,1,3,0,653709
2022-09-17T14:00:00Z,2022,sco.tennents,Cowdenbeath,Bo'ness United,0,1,0,653710
2022-09-17T14:15:00Z,2022,esp.1,Barcelona,Elche,3,0,0,643821
2022-09-17T14:15:00Z,2022,esp.2,Real Oviedo,UD Ibiza,0,1,0,644211
2022-09-17T14:15:00Z,2022,ita.2,Genoa,Modena,1,0,0,649661
2022-09-17T14:30:00Z,2022,ned.1,Sparta Rotterdam,FC Groningen,2,1,0,637250
2022-09-17T14:30:00Z,2022,ned.2,FC Den Bosch,TOP Oss,4,1,0,637579
2022-09-17T14:30:00Z,2022,por.1,Gil Vicente,Rio Ave,2,2,0,646729
2022-09-17T14:30:00Z,2022,por.1,Santa Clara,Paços de Ferreira,1,1,0,646731
2022-09-17T15:00:00Z,2022,den.1,AGF,AaB,3,1,0,636955
2022-09-17T15:00:00Z,2022,fra.1,Montpellier,Strasbourg,2,1,0,639686
2022-09-17T15:00:00Z,2022,aut.1,LASK Linz,WSG Swarovski Tirol,1,4,0,641807
2022-09-17T15:00:00Z,2022,aut.1,Wolfsberger,TSV Hartberg,3,1,0,641808
2022-09-17T15:00:00Z,2022,aut.1,SC Rheindorf Altach,SK Austria Klagenfurt,1,4,0,641809
2022-09-17T15:30:00Z,2022,swe.1,IFK Värnamo,Varbergs BoIS FC,1,0,0,628417
2022-09-17T15:30:00Z,2022,rsa.1,Sekhukhune United FC,Stellenbosch,1,1,0,649414
2022-09-17T16:00:00Z,2022,nor.1,Odds BK,Hamarkameratene,2,0,0,628043
2022-09-17T16:00:00Z,2022,rus.1,Dinamo Moscow,Zenit St Petersburg,0,2,0,641184
2022-09-17T16:00:00Z,2022,ita.1,Spezia,Sampdoria,2,1,0,644682
2022-09-17T16:15:00Z,2022,bel.1,Cercle Brugge KSV,KV Oostende,2,2,0,641417
2022-09-17T16:15:00Z,2022,bel.1,Zulte-Waregem,Sint-Truidense,0,3,0,641423
2022-09-17T16:20:00Z,2022,eng.5,Aldershot Town,FC Halifax Town,5,1,0,647084
2022-09-17T16:30:00Z,2022,eng.1,Tottenham Hotspur,Leicester City,6,2,0,637897
2022-09-17T16:30:00Z,2022,ger.1,Borussia Mönchengladbach,RB Leipzig,3,0,0,638498
2022-09-17T16:30:00Z,2022,esp.1,Valencia,Celta Vigo,3,0,0,643828
2022-09-17T16:30:00Z,2022,esp.2,Granada,Mirandés,2,1,0,644215
2022-09-17T16:30:00Z,2022,esp.2,FC Andorra,Eibar,2,0,0,644216
2022-09-17T16:45:00Z,2022,ned.1,Vitesse,FC Volendam,1,1,0,637251
2022-09-17T17:00:00Z,2022,usa.1,New York City FC,Red Bull New York,2,0,0,623597
2022-09-17T17:00:00Z,2022,fra.2,Bastia,Metz,1,0,0,640070
2022-09-17T17:00:00Z,2022,fra.2,SC Amiens,Niort,3,0,0,640071
2022-09-17T17:00:00Z,2022,fra.2,Grenoble,Caen,1,0,0,640072
2022-09-17T17:00:00Z,2022,fra.2,Paris FC,Rodez Aveyron,1,2,0,640075
2022-09-17T17:00:00Z,2022,fra.2,Pau,Valenciennes,1,0,0,640076
2022-09-17T17:00:00Z,2022,fra.2,US Quevilly,Stade Laval,1,3,0,640077
2022-09-17T17:00:00Z,2022,fra.2,Sochaux,Nimes,3,1,0,640078
2022-09-17T17:00:00Z,2022,fra.2,Le Havre AC,Annecy,2,0,0,640079
2022-09-17T17:00:00Z,2022,tur.1,Antalyaspor,Adana Demirspor,0,3,0,645945
2022-09-17T17:00:00Z,2022,tur.1,Istanbulspor,Besiktas,2,2,0,645950
2022-09-17T17:00:00Z,2022,por.1,Estoril,FC Porto,1,1,0,646732
2022-09-17T17:00:00Z,2022,crc.1,Grecia,Sporting San José,2,0,0,647884
2022-09-17T17:00:00Z,2022,gre.1,Atromitos,Lamia,0,0,0,650253
2022-09-17T17:00:00Z,2022,gre.1,Panetolikos,AEK Athens,0,2,0,650255
2022-09-17T18:00:00Z,2022,ecu.1,Macará,Gualaceo,1,1,0,635953
2022-09-17T18:00:00Z,2022,ned.1,RKC Waalwijk,SC Cambuur,5,1,0,637252
2022-09-17T18:00:00Z,2022,rsa.1,Kaizer Chiefs,SuperSport United,2,1,0,649415
2022-09-17T18:15:00Z,2022,per.1,César Vallejo,Sport Huancayo,2,1,0,642007
2022-09-17T18:30:00Z,2022,arg.2,Temperley,Sacachispas,1,0,0,630373
2022-09-17T18:30:00Z,2022,arg.1,Barracas Central,Godoy Cruz Antonio Tomba,3,1,0,635538
2022-09-17T18:30:00Z,2022,arg.3,Deportivo Armenio,Cañuelas,1,0,0,636422
2022-09-17T18:30:00Z,2022,arg.3,UAI Urquiza,Argentino de Quilmes,0,0,0,636424
2022-09-17T18:30:00Z,2022,arg.3,San Miguel,Comunicaciones,1,1,0,636426
2022-09-17T18:30:00Z,2022,arg.3,Dock Sud,JJ Urquiza,1,0,0,636428
2022-09-17T18:30:00Z,2022,ger.2,Hamburg SV,Fortuna Düsseldorf,2,0,0,638820
2022-09-17T18:30:00Z,2022,gre.1,Panathinaikos,Pas Giannina,3,0,0,650256
2022-09-17T18:45:00Z,2022,bel.1,Royal Charleroi SC,KVC Westerlo,2,3,0,641424
2022-09-17T18:45:00Z,2022,eng.2,Middlesbrough,Rotherham United,0,0,0,643306
2022-09-17T18:45:00Z,2022,ita.1,Torino,Sassuolo,0,1,0,644681
2022-09-17T19:00:00Z,2022,col.1,Envigado FC,Cortuluá,3,2,0,626731
2022-09-17T19:00:00Z,2022,ned.1,Fortuna Sittard,Excelsior,1,0,0,637253
2022-09-17T19:00:00Z,2022,fra.1,Lille,Toulouse,2,1,0,639683
2022-09-17T19:00:00Z,2022,esp.1,Athletic Club,Rayo Vallecano,3,2,0,643825
2022-09-17T19:00:00Z,2022,esp.2,Real Zaragoza,Sporting Gijón,1,0,0,644210
2022-09-17T19:00:00Z,2022,uru.1,River Plate,Nacional,1,1,0,651051
2022-09-17T19:00:00Z,2022,bol.1,Always Ready,Aurora,0,1,0,651908
2022-09-17T19:30:00Z,2022,usa.1,Atlanta United FC,Philadelphia Union,0,0,0,623599
2022-09-17T19:30:00Z,2022,bra.1,Avaí,Atlético-MG,1,0,0,630873
2022-09-17T19:30:00Z,2022,bra.2,Brusque,Vila Nova,0,1,0,631240
2022-09-17T19:30:00Z,2022,por.1,Boavista,Sporting CP,2,1,0,646726
2022-09-17T20:30:00Z,2022,ecu.1,Delfín,9 de Octubre,3,1,0,635949
2022-09-17T20:30:00Z,2022,per.1,Cienciano del Cusco,Melgar,2,2,0,642010
2022-09-17T20:40:00Z,2022,arg.2,Alvarado (Mar del Plata),Quilmes,3,0,0,630360
2022-09-17T21:00:00Z,2022,gua.1,Municipal,Xinabajul,2,0,0,641004
2022-09-17T21:00:00Z,2022,crc.1,Puntarenas FC,Alajuelense,0,0,0,647881
2022-09-17T21:00:00Z,2022,crc.1,AD Guanacasteca,Pérez Zeledón,0,2,0,647886
2022-09-17T21:05:00Z,2022,col.1,Deportes Tolima,Once Caldas,1,0,0,626738
2022-09-17T21:15:00Z,2022,bol.1,Universitario de Sucre,Guabirá,1,1,0,651909
2022-09-17T21:15:00Z,2022,slv.1,Jocoro FC,CD Dragon,1,0,0,653963
2022-09-17T21:30:00Z,2022,gua.1,Cobán Imperial,Santa Lucía Cotzumalguapa,2,1,0,641006
2022-09-17T22:00:00Z,2022,usa.usl.l1,Forward Madison FC,North Carolina FC,1,2,0,625637
2022-09-17T22:00:00Z,2022,bra.1,Botafogo,Coritiba,2,0,0,630875
2022-09-17T22:00:00Z,2022,bra.2,Sampaio Corrêa,Criciúma,1,1,0,631233
2022-09-17T22:00:00Z,2022,uru.1,Montevideo Wanderers,Rentistas,1,0,0,651048
2022-09-17T22:40:00Z,2022,arg.2,All Boys,Guillermo Brown,1,0,0,630357
2022-09-17T23:00:00Z,2022,usa.usl.1,Miami FC,Atlanta United 2,2,2,0,627844
2022-09-17T23:00:00Z,2022,usa.usl.1,Hartford Athletic,Las Vegas Lights FC,3,0,0,627845
2022-09-17T23:00:00Z,2022,ecu.1,Liga de Quito,Independiente del Valle,2,2,0,635954
2022-09-17T23:10:00Z,2022,col.1,Unión Magdalena,Jaguares de Córdoba,1,0,0,626735
2022-09-17T23:30:00Z,2022,usa.1,Orlando City SC,Toronto FC,4,0,0,623600
2022-09-17T23:30:00Z,2022,usa.1,New England Revolution,CF Montréal,0,1,0,623601
2022-09-17T23:30:00Z,2022,usa.usl.l1,Chattanooga Red Wolves,Richmond Kickers,2,2,0,625638
2022-09-17T23:30:00Z,2022,usa.usl.1,Louisville City FC,Loudoun United FC,4,2,0,627846
2022-09-17T23:30:00Z,2022,usa.usl.1,Detroit City FC,Tampa Bay Rowdies,1,0,0,627849
2022-09-17T23:30:00Z,2022,bra.2,CRB,Cruzeiro,0,2,0,631234
2022-09-17T23:30:00Z,2022,arg.1,Newell's Old Boys,Sarmiento (Junín),0,1,0,635541
2022-09-17T23:30:00Z,2022,bol.1,Blooming,Independiente Petrolero,1,0,0,651910
2022-09-18T00:00:00Z,2022,usa.1,Chicago Fire FC,Charlotte FC,2,3,0,623602
2022-09-18T00:00:00Z,2022,usa.usl.l1,Union Omaha,Greenville Triumph,1,1,0,625636
2022-09-18T00:00:00Z,2022,per.1,Universitario,Atlético Grau,2,0,0,642009
2022-09-18T00:00:00Z,2022,crc.1,Cartaginés,Guadalupe FC,3,0,0,647882
2022-09-18T00:05:00Z,2022,mex.1,Monterrey,Atlas,2,0,0,636148
2022-09-18T00:30:00Z,2022,usa.1,Sporting Kansas City,Minnesota United FC,4,1,0,623603
2022-09-18T00:30:00Z,2022,usa.usl.1,San Antonio FC,New Mexico United,1,1,0,627851
2022-09-18T00:30:00Z,2022,usa.usl.1,Rio Grande Valley FC Toros,Colorado Springs Switchbacks FC,1,0,0,627852
2022-09-18T00:30:00Z,2022,slv.1,Chalatenango,Luis Ángel Firpo,1,1,0,653964
2022-09-18T00:40:00Z,2022,arg.2,Villa Dálmine,San Martín (Tucumán),2,0,0,630374
2022-09-18T01:00:00Z,2022,usa.1,Austin FC,Nashville SC,1,1,0,623604
2022-09-18T01:00:00Z,2022,mex.1,América,Guadalajara,2,1,0,636149
2022-09-18T01:00:00Z,2022,gua.1,Antigua GFC,CD Guastatoya,1,1,0,641008
2022-09-18T01:00:00Z,2022,crc.1,AD San Carlos,Santos,1,1,0,647885
2022-09-18T01:00:00Z,2022,hon.1,Club Deportivo Victoria,Olancho FC,2,1,0,648243
2022-09-18T01:30:00Z,2022,usa.1,Real Salt Lake,FC Cincinnati,1,2,0,623605
2022-09-18T01:30:00Z,2022,slv.1,Santa Tecla,CD FAS,1,2,0,653965
2022-09-18T02:00:00Z,2022,usa.1,Vancouver Whitecaps,Seattle Sounders FC,2,1,0,623606
2022-09-18T02:00:00Z,2022,usa.usl.1,Monterey Bay,Indy Eleven,5,0,0,627847
2022-09-18T02:00:00Z,2022,usa.usl.1,Oakland Roots,New York Red Bulls II,1,0,0,627848
2022-09-18T02:00:00Z,2022,usa.usl.1,San Diego Loyal SC,Phoenix Rising FC,3,0,0,627850
2022-09-18T02:30:00Z,2022,usa.1,San Jose Earthquakes,FC Dallas,1,1,0,623598
2022-09-18T02:30:00Z,2022,usa.1,LA Galaxy,Colorado Rapids,4,1,0,623607
2022-09-18T02:30:00Z,2022,usa.usl.l1,Central Valley Fuego FC,Charlotte Independence,0,3,0,625634
2022-09-18T05:00:00Z,2022,jpn.1,Yokohama F. Marinos,Consadole Sapporo,0,0,0,628988
2022-09-18T10:00:00Z,2022,jpn.1,Vissel Kobe,Gamba Osaka,2,1,0,628985
2022-09-18T10:00:00Z,2022,jpn.1,FC Tokyo,Kyoto Sanga,2,0,0,628989
2022-09-18T10:15:00Z,2022,ned.1,Go Ahead Eagles,FC Emmen,2,0,0,637254
2022-09-18T10:30:00Z,2022,ita.1,Udinese,Internazionale,3,1,0,644680
2022-09-18T11:00:00Z,2022,eng.1,Brentford,Arsenal,0,3,0,637898
2022-09-18T11:00:00Z,2022,sco.1,St Mirren,Celtic,2,0,0,639097
2022-09-18T11:00:00Z,2022,fra.1,Stade de Reims,AS Monaco,0,3,0,639684
2022-09-18T11:00:00Z,2022,rus.1,Nizhny Novgorod,Gazovik Orenburg,0,2,0,641182
2022-09-18T11:30:00Z,2022,ger.2,1. FC Heidenheim 1846,Kaiserslautern,2,2,0,638816
2022-09-18T11:30:00Z,2022,ger.2,SSV Jahn Regensburg,St. Pauli,2,0,0,638821
2022-09-18T11:30:00Z,2022,ger.2,SpVgg Greuther Fürth,SC Paderborn 07,2,1,0,638824
2022-09-18T11:30:00Z,2022,bel.1,Racing Genk,KAA Gent,1,0,0,641419
2022-09-18T12:00:00Z,2022,den.1,Randers FC,Silkeborg IF,3,2,0,636959
2022-09-18T12:00:00Z,2022,den.1,Lyngby Boldklub,Odense Boldklub,0,2,0,636960
2022-09-18T12:00:00Z,2022,esp.1,Osasuna,Getafe,0,2,0,643827
2022-09-18T12:00:00Z,2022,esp.2,Leganés,Burgos,0,0,0,644214
2022-09-18T12:30:00Z,2022,ned.1,Heerenveen,FC Twente,2,1,0,637255
2022-09-18T12:30:00Z,2022,ned.1,PSV Eindhoven,Feyenoord Rotterdam,4,3,0,637256
2022-09-18T12:30:00Z,2022,aut.1,Austria Vienna,SV Josko Ried,3,0,0,641806
2022-09-18T12:30:00Z,2022,aut.1,SK Sturm Graz,Austria Lustenau,2,0,0,641811
2022-09-18T13:00:00Z,2022,swe.1,Mjällby AIF,GIF Sundsvall,1,1,0,628411
2022-09-18T13:00:00Z,2022,swe.1,IF Elfsborg,IK Sirius,3,0,0,628414
2022-09-18T13:00:00Z,2022,swe.1,Helsingborg,Malmö FF,1,2,0,628416
2022-09-18T13:00:00Z,2022,fra.1,Brest,AC Ajaccio,0,1,0,639681
2022-09-18T13:00:00Z,2022,fra.1,Clermont Foot,Troyes,1,3,0,639682
2022-09-18T13:00:00Z,2022,fra.1,Marseille,Stade Rennais,1,1,0,639687
2022-09-18T13:00:00Z,2022,fra.1,Nice,Angers,0,1,0,639689
2022-09-18T13:00:00Z,2022,ita.1,Fiorentina,Hellas Verona,2,0,0,644677
2022-09-18T13:00:00Z,2022,ita.1,Cremonese,Lazio,0,4,0,644678
2022-09-18T13:00:00Z,2022,ita.1,Monza,Juventus,1,0,0,644685
2022-09-18T13:00:00Z,2022,rsa.1,Mamelodi Sundowns,AmaZulu,1,0,0,649413
2022-09-18T13:15:00Z,2022,eng.1,Everton,West Ham United,1,0,0,637890
2022-09-18T13:30:00Z,2022,ger.1,1. FC Union Berlin,VfL Wolfsburg,2,0,0,638491
2022-09-18T13:30:00Z,2022,rus.1,Sochi,Fakel Voronezh,1,1,0,641178
2022-09-18T13:30:00Z,2022,rus.1,Krasnodar,FC Khimki,3,1,0,641183
2022-09-18T14:00:00Z,2022,bra.1,Red Bull Bragantino,Goiás,1,1,0,630879
2022-09-18T14:00:00Z,2022,den.1,Viborg FF,Brøndby IF,0,0,0,636958
2022-09-18T14:00:00Z,2022,sco.1,Motherwell,Heart of Midlothian,0,3,0,639094
2022-09-18T14:00:00Z,2022,bel.1,Eupen,Union St.-Gilloise,1,2,0,641418
2022-09-18T14:00:00Z,2022,tur.1,Trabzonspor,Gaziantep FK,3,2,0,645948
2022-09-18T14:00:00Z,2022,tur.1,Istanbul Basaksehir,Fatih Karagümrük,0,0,0,645949
2022-09-18T14:00:00Z,2022,sco.tennents,Stirling University,Hutchison Vale,3,0,0,653711
2022-09-18T14:15:00Z,2022,esp.1,Villarreal,Sevilla,1,1,0,643823
2022-09-18T14:15:00Z,2022,esp.2,Alavés,Huesca,2,1,0,644206
2022-09-18T14:15:00Z,2022,ita.2,Ternana,Perugia,1,0,0,649660
2022-09-18T14:30:00Z,2022,por.1,Arouca,Vitória de Guimaraes,2,2,0,646724
2022-09-18T14:45:00Z,2022,ned.1,AZ Alkmaar,Ajax Amsterdam,2,1,0,637257
2022-09-18T15:00:00Z,2022,aut.1,RB Salzburg,Rapid Vienna,1,1,0,641810
2022-09-18T15:00:00Z,2022,gre.1,Levadiakos,Asteras Tripoli,1,1,0,650254
2022-09-18T15:05:00Z,2022,fra.1,Nantes,Lens,0,0,0,639685
2022-09-18T15:30:00Z,2022,swe.1,AIK,Degerfors IF,1,1,0,628410
2022-09-18T15:30:00Z,2022,swe.1,Djurgården,IFK Göteborg,3,0,0,628413
2022-09-18T15:30:00Z,2022,ger.1,VfL Bochum,FC Cologne,1,1,0,638495
2022-09-18T15:30:00Z,2022,rsa.1,Richards Bay FC,TS Galaxy FC,0,0,0,649417
2022-09-18T16:00:00Z,2022,nor.1,Sarpsborg FK,FK Jerv,4,3,0,628042
2022-09-18T16:00:00Z,2022,nor.1,Bodo/Glimt,Haugesund,1,1,0,628044
2022-09-18T16:00:00Z,2022,nor.1,Stromsgodset,Kristiansund BK,4,1,0,628045
2022-09-18T16:00:00Z,2022,nor.1,Rosenborg,Lillestrom,3,1,0,628046
2022-09-18T16:00:00Z,2022,nor.1,Vålerenga,Sandefjord,4,0,0,628047
2022-09-18T16:00:00Z,2022,nor.1,Viking FK,Tromso,2,2,0,628048
2022-09-18T16:00:00Z,2022,arg.1,Tigre,Vélez Sarsfield,2,0,0,635529
2022-09-18T16:00:00Z,2022,den.1,FC Midtjylland,F.C. København,2,1,0,636957
2022-09-18T16:00:00Z,2022,rus.1,Spartak Moscow,Lokomotiv Moscow,1,0,0,641180
2022-09-18T16:00:00Z,2022,per.1,San Martin,UTC,1,5,0,642006
2022-09-18T16:00:00Z,2022,per.1,Carlos Stein,Alianza Lima,1,2,0,642011
2022-09-18T16:00:00Z,2022,ita.1,AS Roma,Atalanta,0,1,0,644686
2022-09-18T16:00:00Z,2022,gre.1,OFI CRETE,PAOK,1,1,0,650257
2022-09-18T16:25:00Z,2022,arg.2,Flandria,Instituto (Córdoba),0,4,0,630367
2022-09-18T16:30:00Z,2022,bel.1,Standard Liege,Club Brugge,3,0,0,641425
2022-09-18T16:30:00Z,2022,esp.1,Real Betis,Girona,2,1,0,643826
2022-09-18T16:30:00Z,2022,esp.1,Real Sociedad,Espanyol,2,1,0,643830
2022-09-18T16:30:00Z,2022,esp.2,Racing Santander,Las Palmas,0,0,0,644212
2022-09-18T17:00:00Z,2022,usa.1,Columbus Crew,Portland Timbers,1,1,0,623608
2022-09-18T17:00:00Z,2022,mex.2,Club Atlético Morelia,Club Atlético La Paz,4,2,0,638388
2022-09-18T17:00:00Z,2022,gua.1,CD Achuapa,Xelajú MC,1,0,0,641009
2022-09-18T17:00:00Z,2022,tur.1,Ankaragucu,Sivasspor,2,1,0,645944
2022-09-18T17:00:00Z,2022,tur.1,Fenerbahce,Alanyaspor,5,0,0,645946
2022-09-18T17:00:00Z,2022,por.1,Benfica,Maritimo,5,0,0,646725
2022-09-18T17:00:00Z,2022,por.1,Casa Pia,FC Famalicao,1,0,0,646727
2022-09-18T17:00:00Z,2022,gre.1,Aris,Olympiacos,2,1,0,650252
2022-09-18T17:30:00Z,2022,ger.1,TSG Hoffenheim,SC Freiburg,0,0,0,638496
2022-09-18T18:00:00Z,2022,nor.1,Molde,Aalesund,3,0,0,628041
2022-09-18T18:00:00Z,2022,arg.2,Deportivo Madryn,Ferro Carril Oeste,1,3,0,630363
2022-09-18T18:00:00Z,2022,ecu.1,Universidad Católica (Quito),Orense,2,0,0,635952
2022-09-18T18:00:00Z,2022,gua.1,Iztapa,Deportivo Mixco,3,0,0,641005
2022-09-18T18:00:00Z,2022,gre.1,Volos NFC,Ionikos FC,2,0,0,650258
2022-09-18T18:15:00Z,2022,gua.1,CD Malacateco,Comunicaciones,4,2,0,641007
2022-09-18T18:15:00Z,2022,per.1,Sport Boys,Academia Cantolao,1,0,0,642008
2022-09-18T18:30:00Z,2022,arg.2,Almirante Brown,Tristán Suárez,2,2,0,630359
2022-09-18T18:30:00Z,2022,arg.2,Deportivo Morón,Mitre (Santiago del Estero),1,0,0,630364
2022-09-18T18:30:00Z,2022,arg.2,San Telmo,Santamarina,1,1,0,630372
2022-09-18T18:30:00Z,2022,arg.1,San Lorenzo,River Plate,0,1,0,635531
2022-09-18T18:30:00Z,2022,arg.3,Villa San Carlos,Acassuso,2,0,0,636421
2022-09-18T18:30:00Z,2022,arg.3,Defensores Unidos,Colegiales,1,2,0,636423
2022-09-18T18:45:00Z,2022,fra.1,Lyon,Paris Saint-Germain,0,1,0,639688
2022-09-18T18:45:00Z,2022,ita.1,AC Milan,Napoli,1,2,0,644684
2022-09-18T19:00:00Z,2022,arg.2,Güemes,Chacarita Juniors,0,1,0,630370
2022-09-18T19:00:00Z,2022,bra.1,Flamengo,Fluminense,1,2,0,630877
2022-09-18T19:00:00Z,2022,bra.1,Ceará,São Paulo,0,2,0,630882
2022-09-18T19:00:00Z,2022,bel.1,Anderlecht,KV Kortrijk,4,1,0,641421
2022-09-18T19:00:00Z,2022,esp.1,Atlético Madrid,Real Madrid,1,2,0,643829
2022-09-18T19:00:00Z,2022,esp.2,Albacete,Ponferradina,0,1,0,644207
2022-09-18T19:00:00Z,2022,uru.1,Cerro Largo,Albion FC,1,2,0,651045
2022-09-18T19:00:00Z,2022,bol.1,Universitario de Vinto,Wilstermann,0,0,0,651911
2022-09-18T19:30:00Z,2022,arg.2,Estudiantes de Río Cuarto,Independiente Rivadavia,4,1,0,630366
2022-09-18T19:30:00Z,2022,arg.2,Gimnasia (Mendoza),Atletico Rafaela,1,1,0,630369
2022-09-18T19:30:00Z,2022,arg.2,San Martín (San Juan),Atlanta,0,1,0,630371
2022-09-18T19:30:00Z,2022,por.1,Braga,Vizela,2,0,0,646728
2022-09-18T20:00:00Z,2022,per.1,ADT,Carlos A. Mannucci,2,1,0,642005
2022-09-18T20:00:00Z,2022,par.1,Libertad,Sportivo Ameliano,2,1,0,647591
2022-09-18T20:30:00Z,2022,col.1,Deportivo Pasto,Atlético Junior,2,1,0,626736
2022-09-18T20:30:00Z,2022,ecu.1,Aucas,Técnico Universitario,5,2,0,635950
2022-09-18T20:30:00Z,2022,per.1,Deportivo Binacional,Sporting Cristal,1,1,0,642013
2022-09-18T21:00:00Z,2022,usa.1,D.C. United,Inter Miami CF,2,3,0,623609
2022-09-18T21:00:00Z,2022,usa.usl.1,Sacramento Republic FC,Orange County SC,4,0,0,627854
2022-09-18T21:00:00Z,2022,bra.1,América Mineiro,Corinthians,1,0,0,630874
2022-09-18T21:00:00Z,2022,bra.1,Juventude,Fortaleza,1,1,0,630878
2022-09-18T21:00:00Z,2022,arg.1,Banfield,Lanús,1,2,0,635539
2022-09-18T21:00:00Z,2022,slv.1,Once Deportivo,Atletico Marte,1,1,0,653966
2022-09-18T21:15:00Z,2022,hon.1,Club Deportivo Marathón,C.D.Real Sociedad,3,0,0,648242
2022-09-18T21:15:00Z,2022,bol.1,Bolívar,Real Tomayapo,4,1,0,651912
2022-09-18T21:15:00Z,2022,slv.1,Alianza FC,Isidro Metapán,2,2,0,653967
2022-09-18T21:30:00Z,2022,arg.2,Chaco For Ever,Estudiantes (Buenos Aires),0,0,0,630362
2022-09-18T21:30:00Z,2022,bra.1,Palmeiras,Santos,1,0,0,630881
2022-09-18T21:30:00Z,2022,slv.1,Águila,C.D. Platense,1,0,0,653968
2022-09-18T22:00:00Z,2022,bra.1,Athletico-PR,Cuiabá,2,2,0,630876
2022-09-18T22:00:00Z,2022,ven.1,Portuguesa,Academia Puerto Cabello,2,1,0,631814
2022-09-18T22:00:00Z,2022,ven.1,Zamora FC,Inter de Barinas,1,1,0,631815
2022-09-18T22:00:00Z,2022,ven.1,Aragua,Caracas FC,4,2,0,631816
2022-09-18T22:00:00Z,2022,ven.1,Metropolitanos,Deportivo La Guaira,1,2,0,631817
2022-09-18T22:00:00Z,2022,ven.1,Deportivo Táchira,Estudiantes de Mérida,2,2,0,631818
2022-09-18T22:00:00Z,2022,ven.1,Monagas SC,Mineros de Guayana,1,2,0,631819
2022-09-18T22:00:00Z,2022,ven.1,Carabobo,UCV FC,4,0,0,631820
2022-09-18T22:00:00Z,2022,ven.1,Deportivo Lara,Zulia,3,0,0,631821
2022-09-18T22:00:00Z,2022,mex.1,Pumas UNAM,Cruz Azul,1,2,0,636150
2022-09-18T22:00:00Z,2022,hon.1,Honduras Progreso,FC Motagua,0,1,0,648241
2022-09-18T22:00:00Z,2022,hon.1,UPNFM,Real España,2,2,0,648244
2022-09-18T22:00:00Z,2022,uru.1,Peñarol,Cerrito,3,1,0,651049
2022-09-18T22:05:00Z,2022,arg.2,Almagro,Deportivo Maipú,1,0,0,630358
2022-09-18T22:30:00Z,2022,par.1,Guaireña,Tacuary,1,0,0,647590
2022-09-18T22:35:00Z,2022,col.1,Atlético Nacional,Deportivo Cali,3,0,0,626732
2022-09-18T23:00:00Z,2022,crc.1,Saprissa,Herediano,1,1,0,647883
2022-09-18T23:30:00Z,2022,arg.1,Talleres (Córdoba),Colón (Santa Fe),2,0,0,635530
2022-09-18T23:30:00Z,2022,arg.1,Platense,Racing Club,0,1,0,635532
2022-09-18T23:30:00Z,2022,bol.1,Royal Pari,Oriente Petrolero,1,0,0,651913
2022-09-19T00:00:00Z,2022,usa.usl.1,Ventura County FC,El Paso Locomotive FC,2,3,0,627853
2022-09-19T00:05:00Z,2022,mex.1,León,Querétaro,3,1,0,636151
2022-09-19T00:05:00Z,2022,mex.1,Santos,FC Juarez,2,0,0,636152
2022-09-19T00:40:00Z,2022,col.1,América de Cali,Patriotas,2,0,0,626739
2022-09-19T00:45:00Z,2022,hon.1,Club Deportivo Olimpia,Vida,2,0,0,648245
2022-09-19T02:00:00Z,2022,mex.1,Atlético de San Luis,Pachuca,1,2,0,636147
2022-09-19T02:05:00Z,2022,mex.1,Tijuana,Necaxa,1,1,0,636153
2022-09-19T02:30:00Z,2022,usa.1,LAFC,Houston Dynamo FC,3,1,0,623610
2022-09-19T17:00:00Z,2022,ecu.1,Emelec,Barcelona SC,1,3,0,635951
2022-09-19T18:00:00Z,2022,arg.2,Deportivo Riestra,Brown de Adrogué,1,0,0,630365
2022-09-19T18:30:00Z,2022,arg.3,Fénix,Los Andes,0,3,0,636427
2022-09-19T19:00:00Z,2022,esp.2,Tenerife,Málaga,3,1,0,644209
2022-09-19T19:30:00Z,2022,arg.1,Arsenal Sarandi,Aldosivi,3,0,0,635540
2022-09-19T20:00:00Z,2022,uru.1,Boston River,Danubio,0,1,0,651044
2022-09-19T20:30:00Z,2022,per.1,Ayacucho FC,Alianza Atlético,2,0,0,642012
2022-09-19T20:45:00Z,2022,par.1,Nacional Asunción,General Caballero JLM,1,0,0,647592
2022-09-19T22:00:00Z,2022,arg.1,Unión (Santa Fe),Independiente,0,1,0,635534
2022-09-19T22:00:00Z,2022,arg.1,Boca Juniors,Huracán,0,0,0,635537
2022-09-19T22:30:00Z,2022,uru.1,Montevideo City Torque,Liverpool,0,2,0,651047
2022-09-19T23:00:00Z,2022,bra.1,Atlético Goianiense,Internacional,1,2,0,630880
2022-09-19T23:15:00Z,2022,par.1,Guaraní,Club Olimpia,2,1,0,647589
2022-09-20T00:00:00Z,2022,ecu.1,Guayaquil City FC,Mushuc Runa,4,1,0,635955
2022-09-20T00:30:00Z,2022,arg.2,Belgrano (Córdoba),Defensores de Belgrano,3,0,0,630361
2022-09-20T00:30:00Z,2022,arg.1,Argentinos Juniors,Atlético Tucumán,1,2,0,635528
2022-09-20T00:30:00Z,2022,arg.1,Estudiantes de La Plata,Defensa y Justicia,1,2,0,635535
2022-09-20T01:00:00Z,2022,col.1,Deportivo Pereira,Águilas Doradas,2,2,0,626740
2022-09-20T09:30:00Z,2022,chn.1,Changchun Yatai,Wuhan Three Towns,1,2,0,650755
2022-09-20T09:30:00Z,2022,chn.1,Shanghai Shenhua,Meizhou Hakka,1,0,0,650760
2022-09-20T11:30:00Z,2022,chn.1,Wuhan Yangtze River,Shenzhen FC,0,3,0,650753
2022-09-20T11:30:00Z,2022,chn.1,Henan,Shanghai Port,1,2,0,650756
2022-09-20T11:30:00Z,2022,chn.1,Dalian Professional,Hebei FC,2,1,0,650759
2022-09-20T18:00:00Z,2022,eng.trophy,Leyton Orient,Sutton United,3,1,0,646590
2022-09-20T18:00:00Z,2022,eng.trophy,Rochdale,Liverpool U21,1,0,0,646594
2022-09-20T18:00:00Z,2022,eng.trophy,Shrewsbury Town,Port Vale,0,4,0,646595
2022-09-20T18:00:00Z,2022,eng.trophy,Tranmere Rovers,Bolton Wanderers,2,2,0,646598
2022-09-20T18:00:00Z,2022,eng.trophy,Barnsley,Newcastle United U21,2,0,0,646599
2022-09-20T18:00:00Z,2022,eng.trophy,Swindon Town,Plymouth Argyle,1,3,0,646600
2022-09-20T18:00:00Z,2022,eng.trophy,Stevenage,Wycombe Wanderers,3,0,0,646601
2022-09-20T18:00:00Z,2022,eng.trophy,Morecambe,Hartlepool United,0,0,0,646602
2022-09-20T18:00:00Z,2022,eng.trophy,Northampton Town,Cambridge United,0,2,0,646603
2022-09-20T18:00:00Z,2022,eng.trophy,Sheffield Wednesday,Burton Albion,2,3,0,646605
2022-09-20T18:00:00Z,2022,eng.trophy,Carlisle United,Fleetwood Town,1,1,0,646606
2022-09-20T18:00:00Z,2022,eng.trophy,Cheltenham Town,Walsall,2,1,0,646607
2022-09-20T18:00:00Z,2022,eng.trophy,Lincoln City,Doncaster Rovers,1,2,0,646612
2022-09-20T18:30:00Z,2022,eng.trophy,Salford City,Accrington Stanley,0,0,0,646604
2022-09-20T18:30:00Z,2022,eng.trophy,Grimsby Town,Mansfield Town,2,0,0,646608
2022-09-20T18:30:00Z,2022,eng.trophy,Peterborough United,Tottenham Hotspur U21,3,0,0,646609
2022-09-20T18:30:00Z,2022,eng.trophy,Stockport County,Wolverhampton Wanderers U21,1,2,0,646610
2022-09-20T18:45:00Z,2022,eng.trophy,AFC Wimbledon,Crawley Town,3,2,0,646592
2022-09-20T18:45:00Z,2022,eng.trophy,Ipswich Town,Arsenal U21,2,0,0,646593
2022-09-20T18:45:00Z,2022,eng.trophy,Newport County,Forest Green Rovers,1,2,0,646611
2022-09-20T19:00:00Z,2022,uru.1,Fénix ,Defensor Sporting,0,0,0,651046
2022-09-20T20:45:00Z,2022,par.1,Sol de América,Resistencia SC,0,1,0,647593
2022-09-20T21:00:00Z,2022,arg.1,Patronato,Rosario Central,0,0,0,635533
2022-09-20T22:00:00Z,2022,bra.2,Grêmio,Sport,3,0,0,631228
2022-09-20T22:05:00Z,2022,mex.2,Tapatío,Correcaminos UAT,2,0,0,638391
2022-09-20T23:00:00Z,2022,col.1,Jaguares de Córdoba,Atlético Bucaramanga,0,1,0,626723
2022-09-20T23:15:00Z,2022,par.1,12 de Octubre,Cerro Porteño,0,1,0,647588
2022-09-20T23:30:00Z,2022,arg.1,Central Córdoba (Santiago del Estero),Gimnasia La Plata,1,0,0,635536
2022-09-21T00:05:00Z,2022,mex.2,Tlaxcala FC,Tepatitlán FC,2,1,0,638389
2022-09-21T00:10:00Z,2022,arg.3,Talleres de Remedios,Deportivo Merlo,1,1,0,636425
2022-09-21T00:30:00Z,2022,usa.usl.1,San Antonio FC,Colorado Springs Switchbacks FC,1,0,0,627601
2022-09-21T00:30:00Z,2022,bra.2,Guarani,Novorizontino,2,0,0,631224
2022-09-21T01:05:00Z,2022,col.1,Once Caldas,Envigado FC,1,0,0,626727
2022-09-21T02:00:00Z,2022,crc.1,Herediano,Puntarenas FC,1,1,0,647887
2022-09-21T02:00:00Z,2022,crc.1,Sporting San José,Cartaginés,2,1,0,647889
2022-09-21T02:05:00Z,2022,mex.2,Raya2,Leones Negros,0,1,0,638390
2022-09-21T04:40:00Z,2022,usa.usl.l1,FC Tucson,North Carolina FC,1,0,0,625679
2022-09-21T08:00:00Z,2022,fifa.friendly,Brunei Darussalam,Maldives,0,3,0,654031
2022-09-21T12:00:00Z,2022,fifa.friendly,Hong Kong,Myanmar,2,0,0,654032
2022-09-21T12:00:00Z,2022,fifa.friendly,Vietnam,Singapore,4,0,0,654033
2022-09-21T17:00:00Z,2022,crc.1,Grecia,AD Guanacasteca,4,1,0,647890
2022-09-21T17:00:00Z,2022,fifa.friendly,Libya,Uganda,0,0,0,653197
2022-09-21T18:45:00Z,2022,uefa.nations,Scotland,Ukraine,3,0,0,624118
2022-09-21T18:45:00Z,2022,fifa.friendly,San Marino,Seychelles,0,0,0,654034
2022-09-21T19:00:00Z,2022,col.1,Cortuluá,Deportivo Cali,2,0,0,626724
2022-09-21T21:00:00Z,2022,slv.1,CD Dragon,Chalatenango,0,1,0,653969
2022-09-21T21:05:00Z,2022,col.1,Internacional de Bogotá,Deportivo Pasto,2,3,0,626725
2022-09-21T21:15:00Z,2022,slv.1,C.D. Platense,Jocoro FC,0,0,0,653972
2022-09-21T21:15:00Z,2022,slv.1,Luis Ángel Firpo,Águila,1,1,0,653974
2022-09-21T22:00:00Z,2022,mex.2,Celaya,Alebrijes de Oaxaca,2,0,0,638394
2022-09-21T23:00:00Z,2022,usa.usl.1,Loudoun United FC,Hartford Athletic,3,0,0,627855
2022-09-21T23:00:00Z,2022,usa.usl.1,New York Red Bulls II,Detroit City FC,0,0,0,627857
2022-09-21T23:00:00Z,2022,crc.1,Guadalupe FC,AD San Carlos,2,1,0,647892
2022-09-21T23:06:00Z,2022,club.friendly,FC Cincinnati,Guadalajara,3,1,0,645359
2022-09-21T23:10:00Z,2022,col.1,América de Cali,Deportes Tolima,0,0,0,626729
2022-09-22T00:00:00Z,2022,bra.2,Cruzeiro,Vasco da Gama,3,0,0,631230
2022-09-22T00:05:00Z,2022,mex.2,Club Atlético La Paz,Pumas Tabasco,6,1,0,638392
2022-09-22T00:30:00Z,2022,per.1,Alianza Lima,Melgar,2,0,0,641955
2022-09-22T01:00:00Z,2022,crc.1,Alajuelense,Pérez Zeledón,1,0,0,647891
2022-09-22T01:06:00Z,2022,club.friendly,Nashville SC,América,3,3,0,645358
2022-09-22T01:15:00Z,2022,col.1,Atlético Junior,Millonarios,0,1,0,626728
2022-09-22T01:15:00Z,2022,slv.1,Alianza FC,Atletico Marte,3,0,0,653970
2022-09-22T01:30:00Z,2022,slv.1,Isidro Metapán,Santa Tecla,3,1,0,653973
2022-09-22T02:00:00Z,2022,usa.usl.l1,Northern Colorado Hailstorm FC,Union Omaha,2,1,0,625633
2022-09-22T02:00:00Z,2022,crc.1,Santos,Saprissa,0,1,0,647888
2022-09-22T02:05:00Z,2022,mex.2,Dorados de Sinaloa,Mineros de Zacatecas,4,1,0,638393
2022-09-22T02:05:00Z,2022,mex.2,Cimarrones de Sonora,Durango,5,0,0,638396
2022-09-22T02:30:00Z,2022,usa.usl.l1,Central Valley Fuego FC,Forward Madison FC,3,0,0,625632
2022-09-22T02:30:00Z,2022,usa.usl.1,Monterey Bay,Phoenix Rising FC,3,3,0,627856
2022-09-22T10:00:00Z,2022,fifa.friendly,Australia,New Zealand,1,0,0,646556
2022-09-22T10:30:00Z,2022,fifa.friendly,Trinidad and Tobago,Tajikistan,1,2,0,654053
2022-09-22T12:00:00Z,2022,fifa.friendly,Cambodia,Bangladesh,0,1,0,654035
2022-09-22T13:30:00Z,2022,fifa.friendly,Thailand,Malaysia,1,1,0,654054
2022-09-22T14:00:00Z,2022,uefa.nations,Kazakhstan,Belarus,2,1,0,624057
2022-09-22T14:30:00Z,2022,fifa.friendly,Comoros,Tunisia,0,1,0,654236
2022-09-22T15:30:00Z,2022,fifa.friendly_u21,Italy U21,England U21,0,2,0,648820
2022-09-22T16:00:00Z,2022,uefa.nations,Latvia,Moldova,1,2,0,624055
2022-09-22T16:00:00Z,2022,fifa.friendly,Venezuela,Iceland,0,1,0,653858
2022-09-22T18:00:00Z,2022,fifa.friendly,Suriname,Nicaragua,2,1,0,654036
2022-09-22T18:45:00Z,2022,uefa.nations,Liechtenstein,Andorra,0,2,0,624048
2022-09-22T18:45:00Z,2022,uefa.nations,France,Austria,2,0,0,624049
2022-09-22T18:45:00Z,2022,uefa.nations,Slovakia,Azerbaijan,1,2,0,624050
2022-09-22T18:45:00Z,2022,uefa.nations,Croatia,Denmark,2,1,0,624051
2022-09-22T18:45:00Z,2022,uefa.nations,Lithuania,Faroe Islands,1,1,0,624052
2022-09-22T18:45:00Z,2022,uefa.nations,Türkiye,Luxembourg,3,3,0,624053
2022-09-22T18:45:00Z,2022,uefa.nations,Poland,Netherlands,0,2,0,624054
2022-09-22T18:45:00Z,2022,uefa.nations,Belgium,Wales,2,1,0,624056
2022-09-22T18:45:00Z,2022,sco.challenge,Greenock Morton,Ayr United,1,1,0,653234
2022-09-22T18:45:00Z,2022,sco.challenge,Queen of the South,Edinburgh City,4,0,0,653246
2022-09-22T19:00:00Z,2022,col.1,Patriotas,Alianza FC,0,0,0,626721
2022-09-22T21:05:00Z,2022,col.1,Águilas Doradas,Unión Magdalena,2,0,0,626730
2022-09-22T22:00:00Z,2022,mex.2,Club Atlético Morelia,Cancún FC,0,0,0,638397
2022-09-22T23:10:00Z,2022,col.1,Independiente Medellín,Deportivo Pereira,2,1,0,626726
2022-09-23T00:05:00Z,2022,mex.2,Atlante,Venados FC,1,0,0,638395
2022-09-23T00:30:00Z,2022,bra.2,Vila Nova,CRB,1,0,0,631222
2022-09-23T02:00:00Z,2022,slv.1,CD FAS,Once Deportivo,1,0,0,653971
2022-09-23T02:06:00Z,2022,club.friendly,Real Salt Lake,Atlas,1,2,0,645360
2022-09-23T06:00:00Z,2022,fifa.friendly,Cameroon,Uzbekistan,0,2,0,652267
2022-09-23T11:00:00Z,2022,fifa.friendly,South Korea,Costa Rica,2,2,0,652568
2022-09-23T12:25:00Z,2022,fifa.friendly,Japan,United States,2,0,0,641088
2022-09-23T13:00:00Z,2022,fifa.friendly,Ethiopia,Sudan,1,1,0,654039
2022-09-23T15:00:00Z,2022,fifa.friendly,Iraq,Oman,1,1,0,654040
2022-09-23T15:30:00Z,2022,chi.copa_chi,Magallanes,Cobreloa,0,0,0,653756
2022-09-23T15:30:00Z,2022,fifa.friendly_u21,Hungary U21,Bulgaria U21,1,0,0,688478
2022-09-23T16:00:00Z,2022,uefa.nations,Estonia,Malta,2,1,0,624042
2022-09-23T16:00:00Z,2022,uefa.nations,Georgia,North Macedonia,2,0,0,624046
2022-09-23T16:00:00Z,2021,uefa.euro_u21_qual,Croatia U21,Denmark U21,2,1,0,641092
2022-09-23T16:00:00Z,2021,uefa.euro_u21_qual,Iceland U21,Czechia U21,1,2,0,641094
2022-09-23T16:00:00Z,2021,uefa.euro_u21_qual,Slovakia U21,Ukraine U21,3,2,0,641095
2022-09-23T16:00:00Z,2022,fifa.friendly,Iran,Uruguay,1,0,0,645882
2022-09-23T16:00:00Z,2022,fifa.friendly,Paraguay,United Arab Emirates,1,0,0,650127
2022-09-23T16:00:00Z,2022,fifa.friendly,Congo DR,Burkina Faso,0,1,0,654038
2022-09-23T16:00:00Z,2022,fifa.friendly,Bahrain,Cape Verde,1,2,0,654041
2022-09-23T16:15:00Z,2022,fifa.friendly_u21,Germany U21,France U21,0,1,0,653786
2022-09-23T16:30:00Z,2022,fifa.friendly_u21,Belgium U21,Netherlands U21,1,2,0,652582
2022-09-23T17:00:00Z,2022,fifa.friendly,Qatar,Canada,0,2,0,649349
2022-09-23T18:00:00Z,2022,fifa.friendly,Saudi Arabia,Ecuador,0,0,0,634974
2022-09-23T18:00:00Z,2021,uefa.euro_u21_qual,Republic of Ireland U21,Israel U21,1,1,0,641093
2022-09-23T18:00:00Z,2022,fifa.friendly,Egypt,Niger,3,0,0,653668
2022-09-23T18:30:00Z,2022,fifa.friendly,Brazil,Ghana,3,0,0,652192
2022-09-23T18:45:00Z,2022,uefa.nations,Italy,England,1,0,0,624039
2022-09-23T18:45:00Z,2022,uefa.nations,Bulgaria,Gibraltar,5,1,0,624040
2022-09-23T18:45:00Z,2022,uefa.nations,Germany,Hungary,0,1,0,624041
2022-09-23T18:45:00Z,2022,uefa.nations,Bosnia-Herzegovina,Montenegro,1,0,0,624043
2022-09-23T18:45:00Z,2022,uefa.nations,Finland,Romania,1,1,0,624045
2022-09-23T18:45:00Z,2022,sco.challenge,Annan Athletic,Kelty Hearts,1,2,0,653232
2022-09-23T18:45:00Z,2022,sco.challenge,Falkirk,Partick Thistle,2,0,0,653237
2022-09-23T18:45:00Z,2022,sco.challenge,Alloa Athletic,Airdrieonians,1,0,0,653245
2022-09-23T19:00:00Z,2022,ned.2,TOP Oss,Willem II,1,3,0,637580
2022-09-23T19:00:00Z,2022,ned.2,VVV-Venlo,Telstar,1,1,0,637581
2022-09-23T19:00:00Z,2022,ned.2,FC Dordrecht,MVV Maastricht,1,2,0,637582
2022-09-23T19:00:00Z,2022,ned.2,Heracles Almelo,Helmond Sport,2,0,0,637583
2022-09-23T19:00:00Z,2022,esp.2,Sporting Gijón,UD Ibiza,2,1,0,644222
2022-09-23T19:00:00Z,2022,fifa.friendly,Morocco,Chile,2,0,0,650194
2022-09-23T19:00:00Z,2022,fifa.friendly,Algeria,Guinea,1,0,0,652249
2022-09-23T19:00:00Z,2022,fifa.friendly,Mali,Zambia,1,0,0,652584
2022-09-23T19:00:00Z,2022,sco.challenge,The New Saints,Dundee,0,3,0,653244
2022-09-23T19:00:00Z,2022,fifa.friendly,Jordan,Syria,2,0,0,654042
2022-09-23T21:00:00Z,2022,par.1,Sportivo Ameliano,Guaireña,2,0,0,647599
2022-09-23T21:30:00Z,2022,arg.2,Quilmes,Almagro,1,1,0,630388
2022-09-23T22:00:00Z,2022,bra.2,Náutico,Sampaio Corrêa,1,3,0,631227
2022-09-23T22:00:00Z,2022,arg.1,Godoy Cruz Antonio Tomba,Boca Juniors,0,1,0,635553
2022-09-23T22:00:00Z,2022,arg.1,Huracán,Banfield,3,1,0,635554
2022-09-23T22:00:00Z,2022,mex.2,Tepatitlán FC,Tapatío,3,2,0,638399
2022-09-23T22:00:00Z,2022,uru.1,Deportivo Maldonado,Boston River,2,1,0,651055
2022-09-23T23:00:00Z,2022,usa.usl.1,Charleston Battery,Rio Grande Valley FC Toros,0,3,0,627859
2022-09-23T23:00:00Z,2022,chi.copa_chi,Antofagasta,Unión Española,1,2,0,653757
2022-09-23T23:30:00Z,2022,usa.usl.1,Tampa Bay Rowdies,Birmingham Legion FC,1,1,0,627858
2022-09-23T23:30:00Z,2022,par.1,General Caballero JLM,Guaraní,3,0,0,647596
2022-09-24T00:00:00Z,2022,usa.usl.1,Louisville City FC,Memphis 901 FC,1,2,0,627863
2022-09-24T00:00:00Z,2022,mex.1,Necaxa,Mazatlán FC,2,2,0,636154
2022-09-24T00:00:00Z,2022,fifa.friendly,Argentina,Honduras,3,0,0,652247
2022-09-24T00:05:00Z,2022,mex.2,Correcaminos UAT,Raya2,1,1,0,638398
2022-09-24T00:30:00Z,2022,bra.2,Londrina,Ponte Preta,0,2,0,631226
2022-09-24T02:05:00Z,2022,mex.1,Puebla,Pumas UNAM,2,1,0,636067
2022-09-24T08:00:00Z,2022,fifa.friendly,Laos,Maldives,1,3,0,654043
2022-09-24T09:30:00Z,2022,chn.1,Changchun Yatai,Wuhan Yangtze River,2,0,0,650765
2022-09-24T11:30:00Z,2022,eng.3,Forest Green Rovers,Exeter City,0,4,0,642754
2022-09-24T11:30:00Z,2022,chn.1,Wuhan Three Towns,Cangzhou Mighty Lions,3,4,0,650767
2022-09-24T11:30:00Z,2022,chn.1,Dalian Professional,Beijing Guoan,2,2,0,650768
2022-09-24T12:00:00Z,2022,esp.2,Huesca,Leganés,1,0,0,644223
2022-09-24T12:00:00Z,2022,chn.1,Shenzhen FC,Shandong Taishan,0,4,0,650762
2022-09-24T12:00:00Z,2022,fifa.friendly,Singapore,India,1,1,0,654044
2022-09-24T12:00:00Z,2022,fifa.friendly,Hong Kong,Myanmar,0,0,0,654045
2022-09-24T12:00:00Z,2022,fifa.friendly,Mauritania,Benin,1,0,0,659435
2022-09-24T13:00:00Z,2022,uefa.nations,Armenia,Ukraine,0,5,0,624047
2022-09-24T13:00:00Z,2022,eng.4,Northampton Town,Stockport County,2,1,0,642198
2022-09-24T13:00:00Z,2022,sco.challenge,Montrose,Kilmarnock B,4,2,0,653235
2022-09-24T13:00:00Z,2022,sco.challenge,Inverness Caledonian Thistle,Brechin City,3,3,0,653236
2022-09-24T13:00:00Z,2022,fifa.friendly,Indonesia,Curaçao,3,2,0,653767
2022-09-24T13:00:00Z,2022,fifa.friendly,South Africa,Sierra Leone,4,0,0,653960
2022-09-24T14:00:00Z,2022,bra.2,Ituano,Brusque,2,0,0,631221
2022-09-24T14:00:00Z,2022,eng.4,Newport County,Carlisle United,1,1,0,642199
2022-09-24T14:00:00Z,2022,eng.4,Hartlepool United,Gillingham,0,0,0,642200
2022-09-24T14:00:00Z,2022,eng.4,Grimsby Town,Swindon Town,1,2,0,642201
2022-09-24T14:00:00Z,2022,eng.4,Barrow,Leyton Orient,0,2,0,642202
2022-09-24T14:00:00Z,2022,eng.4,Stevenage,Harrogate Town,1,0,0,642203
2022-09-24T14:00:00Z,2022,eng.4,Sutton United,Salford City,1,2,0,642204
2022-09-24T14:00:00Z,2022,eng.4,Doncaster Rovers,Crawley Town,4,1,0,642205
2022-09-24T14:00:00Z,2022,eng.4,Crewe Alexandra,Mansfield Town,1,2,0,642206
2022-09-24T14:00:00Z,2022,eng.4,Colchester United,Rochdale,0,1,0,642207
2022-09-24T14:00:00Z,2022,eng.4,Bradford City,AFC Wimbledon,2,2,0,642208
2022-09-24T14:00:00Z,2022,eng.4,Walsall,Tranmere Rovers,0,1,0,642209
2022-09-24T14:00:00Z,2022,eng.3,Barnsley,Charlton Athletic,3,1,0,642750
2022-09-24T14:00:00Z,2022,eng.3,Shrewsbury Town,Burton Albion,2,1,0,642751
2022-09-24T14:00:00Z,2022,eng.3,Sheffield Wednesday,Wycombe Wanderers,3,1,0,642752
2022-09-24T14:00:00Z,2022,eng.3,Bristol Rovers,Accrington Stanley,0,1,0,642756
2022-09-24T14:00:00Z,2022,eng.3,Peterborough United,Port Vale,3,0,0,642758
2022-09-24T14:00:00Z,2022,eng.3,Morecambe,Cambridge United,1,2,0,642760
2022-09-24T14:00:00Z,2022,eng.5,Altrincham,Aldershot Town,1,0,0,647096
2022-09-24T14:00:00Z,2022,eng.5,Maidstone United,Chesterfield,1,2,0,647097
2022-09-24T14:00:00Z,2022,eng.5,Scunthorpe United,Dorking Wanderers,3,2,0,647098
2022-09-24T14:00:00Z,2022,eng.5,Wealdstone,Southend United,0,1,0,647099
2022-09-24T14:00:00Z,2022,eng.5,Woking,Solihull Moors,2,0,0,647100
2022-09-24T14:00:00Z,2022,eng.5,York City,Notts County,1,3,0,647101
2022-09-24T14:00:00Z,2022,eng.5,Yeovil Town,Boreham Wood,1,1,0,647102
2022-09-24T14:00:00Z,2022,eng.5,Maidenhead United,Gateshead,0,1,0,647103
2022-09-24T14:00:00Z,2022,eng.5,Eastleigh,FC Halifax Town,1,0,0,647104
2022-09-24T14:00:00Z,2022,eng.5,Dagenham & Redbridge,Barnet,5,4,0,647105
2022-09-24T14:00:00Z,2022,eng.5,Bromley,Oldham Athletic,3,0,0,647106
2022-09-24T14:00:00Z,2022,eng.5,Wrexham,Torquay United,6,0,0,647107
2022-09-24T14:00:00Z,2022,uru.1,Liverpool,Montevideo Wanderers,1,1,0,651059
2022-09-24T14:00:00Z,2022,sco.challenge,Peterhead,Elgin City,0,4,0,653233
2022-09-24T14:00:00Z,2022,sco.challenge,Cove Rangers,Raith Rovers,0,1,0,653239
2022-09-24T14:00:00Z,2022,sco.challenge,Clyde,Caernarfon,1,0,0,653240
2022-09-24T14:00:00Z,2022,sco.challenge,Buckie Thistle,Linfield,1,2,0,653242
2022-09-24T14:00:00Z,2022,sco.challenge,Arbroath,East Fife,2,1,0,653243
2022-09-24T14:00:00Z,2022,fifa.friendly,Kyrgyz Republic,Russia,1,2,0,653766
2022-09-24T14:15:00Z,2022,esp.2,Mirandés,Real Zaragoza,2,0,0,644220
2022-09-24T16:00:00Z,2022,uefa.nations,Northern Ireland,Kosovo,2,1,0,624036
2022-09-24T16:00:00Z,2022,uefa.nations,Slovenia,Norway,2,1,0,624037
2022-09-24T16:00:00Z,2022,arg.1,Sarmiento (Junín),Arsenal Sarandi,2,0,0,635546
2022-09-24T16:00:00Z,2022,arg.1,Defensa y Justicia,Patronato,2,1,0,635551
2022-09-24T16:00:00Z,2022,fifa.friendly,Ivory Coast,Togo,2,1,0,653788
2022-09-24T16:00:00Z,2022,club.friendly,Galatasaray,Istanbulspor,2,1,0,654067
2022-09-24T16:00:00Z,2022,fifa.friendly_u21,Portugal U21,Georgia U21,4,1,0,671005
2022-09-24T16:30:00Z,2022,esp.2,Ponferradina,Tenerife,2,2,0,644218
2022-09-24T16:30:00Z,2022,esp.2,Málaga,Villarreal B,1,1,0,644219
2022-09-24T17:00:00Z,2022,arg.3,Comunicaciones,Deportivo Armenio,0,1,0,636432
2022-09-24T17:00:00Z,2022,arg.3,Colegiales,Talleres de Remedios,2,2,0,636436
2022-09-24T17:00:00Z,2022,fifa.friendly,Bolivia,Senegal,0,2,0,652268
2022-09-24T17:00:00Z,2022,fifa.friendly,Tanzania,Uganda,1,0,0,654090
2022-09-24T18:30:00Z,2022,arg.2,Agropecuario,Flandria,0,0,0,630375
2022-09-24T18:30:00Z,2022,arg.2,Chacarita Juniors,Deportivo Riestra,1,1,0,630379
2022-09-24T18:30:00Z,2022,arg.2,Estudiantes (Buenos Aires),San Telmo,2,0,0,630382
2022-09-24T18:30:00Z,2022,arg.1,Lanús,San Lorenzo,2,0,0,635542
2022-09-24T18:30:00Z,2022,arg.3,Ituzaingó,Fénix,2,0,0,636429
2022-09-24T18:30:00Z,2022,arg.3,Acassuso,Defensores Unidos,2,1,0,636431
2022-09-24T18:30:00Z,2022,arg.3,Cañuelas,Dock Sud,2,0,0,636435
2022-09-24T18:45:00Z,2022,uefa.nations,Israel,Albania,2,1,0,624031
2022-09-24T18:45:00Z,2022,uefa.nations,Cyprus,Greece,1,0,0,624032
2022-09-24T18:45:00Z,2022,uefa.nations,Czechia,Portugal,0,4,0,624033
2022-09-24T18:45:00Z,2022,uefa.nations,Serbia,Sweden,4,1,0,624034
2022-09-24T18:45:00Z,2022,uefa.nations,Spain,Switzerland,1,2,0,624035
2022-09-24T18:45:00Z,2022,uefa.nations,Scotland,Republic of Ireland,2,1,0,624044
2022-09-24T19:00:00Z,2022,col.1,Atlético Bucaramanga,Once Caldas,0,0,0,626718
2022-09-24T19:00:00Z,2022,arg.2,San Martín (Tucumán),Almirante Brown,2,0,0,630390
2022-09-24T19:00:00Z,2022,uru.1,Danubio,River Plate,3,0,0,651052
2022-09-24T20:30:00Z,2022,per.1,César Vallejo,Melgar,3,2,0,641995
2022-09-24T21:00:00Z,2022,arg.1,River Plate,Talleres (Córdoba),0,1,0,635544
2022-09-24T21:00:00Z,2022,par.1,12 de Octubre,Sol de América,0,2,0,647594
2022-09-24T21:00:00Z,2022,slv.1,Atletico Marte,Santa Tecla,3,2,0,653976
2022-09-24T21:15:00Z,2022,bra.2,Bahia,Operário PR,2,2,0,631225
2022-09-24T21:15:00Z,2022,slv.1,Jocoro FC,Águila,3,2,0,653979
2022-09-24T21:30:00Z,2022,col.1,Millonarios,América de Cali,2,2,0,626711
2022-09-24T21:30:00Z,2022,ecu.1,Universidad Católica (Quito),9 de Octubre,3,0,0,635923
2022-09-24T22:00:00Z,2022,uru.1,Peñarol,Montevideo City Torque,0,1,0,651057
2022-09-24T22:05:00Z,2022,mex.2,Alebrijes de Oaxaca,Tlaxcala FC,3,0,0,638403
2022-09-24T22:30:00Z,2022,usa.usl.l1,Richmond Kickers,Central Valley Fuego FC,1,1,0,625627
2022-09-24T23:00:00Z,2022,usa.usl.l1,Charlotte Independence,North Carolina FC,2,1,0,625630
2022-09-24T23:00:00Z,2022,usa.usl.1,Miami FC,Monterey Bay,0,0,0,627861
2022-09-24T23:00:00Z,2022,usa.usl.1,Pittsburgh Riverhounds,Orange County SC,1,1,0,627864
2022-09-24T23:00:00Z,2022,crc.1,Guadalupe FC,Grecia,0,1,0,647898
2022-09-24T23:00:00Z,2022,chi.copa_chi,Huachipato,Ñublense,1,0,0,653758
2022-09-24T23:30:00Z,2022,usa.usl.1,Detroit City FC,FC Tulsa,2,2,0,627865
2022-09-24T23:30:00Z,2022,arg.1,Independiente,Newell's Old Boys,1,0,0,635555
2022-09-25T00:00:00Z,2022,usa.usl.l1,Forward Madison FC,South Georgia Tormenta FC,0,1,0,625631
2022-09-25T00:00:00Z,2022,usa.usl.1,Colorado Springs Switchbacks FC,Oakland Roots,1,1,0,627860
2022-09-25T00:00:00Z,2022,ecu.1,Independiente del Valle,Macará,1,0,0,635961
2022-09-25T00:00:00Z,2022,fifa.friendly,Colombia,Guatemala,4,1,0,645879
2022-09-25T00:05:00Z,2022,mex.2,Pumas Tabasco,Cimarrones de Sonora,0,1,0,638400
2022-09-25T00:30:00Z,2022,usa.usl.1,San Antonio FC,Sacramento Republic FC,1,0,0,627866
2022-09-25T00:30:00Z,2022,slv.1,Chalatenango,C.D. Platense,2,4,0,653977
2022-09-25T01:00:00Z,2022,usa.usl.l1,Northern Colorado Hailstorm FC,Greenville Triumph,1,1,0,625629
2022-09-25T01:00:00Z,2022,fifa.friendly,Mexico,Peru,1,0,0,645228
2022-09-25T01:00:00Z,2022,slv.1,Isidro Metapán,CD FAS,2,2,0,645838
2022-09-25T02:00:00Z,2022,usa.1,San Jose Earthquakes,LA Galaxy,2,3,0,623385
2022-09-25T02:00:00Z,2022,usa.usl.l1,FC Tucson,Chattanooga Red Wolves,2,1,0,625628
2022-09-25T02:00:00Z,2022,usa.usl.1,Las Vegas Lights FC,San Diego Loyal SC,1,2,0,627862
2022-09-25T02:00:00Z,2022,crc.1,AD San Carlos,Alajuelense,0,0,0,647896
2022-09-25T02:00:00Z,2022,crc.1,Pérez Zeledón,Herediano,1,3,0,647897
2022-09-25T02:05:00Z,2022,mex.2,Mineros de Zacatecas,Club Atlético Morelia,2,2,0,638402
2022-09-25T03:00:00Z,2022,fifa.friendly,New Zealand,Australia,0,2,0,641089
2022-09-25T09:30:00Z,2022,chn.1,Shanghai Port,Guangzhou City,2,0,0,650763
2022-09-25T10:30:00Z,2022,fifa.friendly,Thailand,Trinidad and Tobago,2,1,0,654241
2022-09-25T11:30:00Z,2022,eng.3,Plymouth Argyle,Ipswich Town,2,1,0,642757
2022-09-25T12:00:00Z,2022,esp.2,Burgos,Levante,0,0,0,644226
2022-09-25T12:00:00Z,2022,chn.1,Chengdu Rongcheng,Henan,0,0,0,650764
2022-09-25T12:45:00Z,2022,sco.challenge,Cliftonville,Queen's Park,2,3,0,653241
2022-09-25T13:00:00Z,2022,uefa.nations,Andorra,Latvia,1,1,0,624029
2022-09-25T13:00:00Z,2022,uefa.nations,Moldova,Liechtenstein,2,0,0,624030
2022-09-25T13:30:00Z,2022,fifa.friendly,Malaysia,Tajikistan,0,0,0,654242
2022-09-25T14:00:00Z,2022,arg.2,Tristán Suárez,Gimnasia y Esgrima (Jujuy),2,2,0,630392
2022-09-25T14:00:00Z,2022,uru.1,Rentistas,Plaza Colonia,0,1,0,651056
2022-09-25T14:15:00Z,2022,esp.2,Lugo,Real Oviedo,0,0,0,644221
2022-09-25T15:00:00Z,2022,fifa.friendly,Niger,Liberia,0,0,0,654047
2022-09-25T16:00:00Z,2022,uefa.nations,Azerbaijan,Kazakhstan,3,0,0,624028
2022-09-25T16:00:00Z,2022,uefa.nations,Slovakia,Belarus,1,1,0,624149
2022-09-25T16:00:00Z,2022,gua.1,CD Achuapa,Santa Lucía Cotzumalguapa,2,1,0,641014
2022-09-25T16:30:00Z,2022,esp.2,Albacete,FC Andorra,1,1,0,644217
2022-09-25T16:30:00Z,2022,esp.2,Eibar,Racing Santander,2,1,0,644225
2022-09-25T16:40:00Z,2022,arg.2,Brown de Adrogué,Belgrano (Córdoba),2,3,0,630378
2022-09-25T17:00:00Z,2022,crc.1,Cartaginés,Santos,1,1,0,647893
2022-09-25T18:00:00Z,2022,arg.2,Guillermo Brown,Güemes,1,1,0,630384
2022-09-25T18:00:00Z,2022,per.1,Carlos Stein,Carlos A. Mannucci,1,2,0,641959
2022-09-25T18:15:00Z,2022,gua.1,CD Malacateco,CD Guastatoya,1,1,0,641011
2022-09-25T18:30:00Z,2022,arg.1,Rosario Central,Platense,1,1,0,635545
2022-09-25T18:30:00Z,2022,arg.1,Gimnasia La Plata,Tigre,0,1,0,635552
2022-09-25T18:30:00Z,2022,arg.3,Argentino de Quilmes,Villa San Carlos,1,1,0,636434
2022-09-25T18:45:00Z,2022,uefa.nations,Netherlands,Belgium,1,0,0,624021
2022-09-25T18:45:00Z,2022,uefa.nations,Austria,Croatia,1,3,0,624022
2022-09-25T18:45:00Z,2022,uefa.nations,Denmark,France,2,0,0,624023
2022-09-25T18:45:00Z,2022,uefa.nations,Luxembourg,Lithuania,1,0,0,624024
2022-09-25T18:45:00Z,2022,uefa.nations,Wales,Poland,0,1,0,624025
2022-09-25T18:45:00Z,2022,uefa.nations,Faroe Islands,Türkiye,2,1,0,624026
2022-09-25T19:00:00Z,2022,col.1,Envigado FC,Independiente Medellín,1,2,0,626714
2022-09-25T19:00:00Z,2022,arg.2,Mitre (Santiago del Estero),Deportivo Madryn,1,0,0,630387
2022-09-25T20:00:00Z,2022,arg.2,Deportivo Maipú,Nueva Chicago,1,0,0,630381
2022-09-25T20:00:00Z,2022,arg.2,Independiente Rivadavia,Alvarado (Mar del Plata),1,0,0,630385
2022-09-25T20:00:00Z,2022,par.1,Resistencia SC,Nacional Asunción,0,1,0,647598
2022-09-25T20:30:00Z,2022,ecu.1,Delfín,Mushuc Runa,0,0,0,635922
2022-09-25T20:30:00Z,2022,chi.copa_chi,Universidad de Chile,Universidad Católica,1,0,0,653759
2022-09-25T21:00:00Z,2022,usa.usl.1,Indy Eleven,Loudoun United FC,1,0,0,627867
2022-09-25T21:00:00Z,2022,arg.2,Defensores de Belgrano,Villa Dálmine,0,0,0,630380
2022-09-25T21:00:00Z,2022,arg.1,Racing Club,Unión (Santa Fe),2,1,0,635543
2022-09-25T21:00:00Z,2022,crc.1,AD Guanacasteca,Puntarenas FC,1,1,0,647894
2022-09-25T21:00:00Z,2022,uru.1,Nacional,Cerro Largo,1,1,0,651058
2022-09-25T21:00:00Z,2022,slv.1,Luis Ángel Firpo,CD Dragon,1,2,0,653978
2022-09-25T21:05:00Z,2022,col.1,Unión Magdalena,Independiente Santa Fe,0,2,0,626715
2022-09-25T21:15:00Z,2022,slv.1,Alianza FC,Once Deportivo,5,0,0,653975
2022-09-25T21:30:00Z,2022,bra.2,Criciúma,Chapecoense,2,0,0,631223
2022-09-25T22:00:00Z,2022,mex.2,Durango,Celaya,1,1,0,638404
2022-09-25T22:30:00Z,2022,arg.2,Atletico Rafaela,All Boys,4,1,0,630377
2022-09-25T22:30:00Z,2022,par.1,Cerro Porteño,Tacuary,5,0,0,647595
2022-09-25T23:00:00Z,2022,bra.1,São Paulo,Avaí,4,0,0,630866
2022-09-25T23:00:00Z,2022,ecu.1,Emelec,Deportivo Cuenca,3,1,0,635921
2022-09-25T23:10:00Z,2022,col.1,Alianza FC,Atlético Junior,0,1,0,626716
2022-09-25T23:15:00Z,2022,crc.1,Saprissa,Sporting San José,2,1,0,647895
2022-09-25T23:30:00Z,2022,arg.2,Instituto (Córdoba),Temperley,1,0,0,630386
2022-09-25T23:30:00Z,2022,arg.1,Vélez Sarsfield,Barracas Central,1,0,0,635547
2022-09-25T23:30:00Z,2022,arg.1,Atlético Tucumán,Estudiantes de La Plata,3,1,0,635549
2022-09-25T23:30:00Z,2022,uru.1,Cerrito,Defensor Sporting,1,2,0,651053
2022-09-26T00:05:00Z,2022,mex.2,Cancún FC,Dorados de Sinaloa,1,2,0,638401
2022-09-26T00:05:00Z,2022,mex.2,Leones Negros,Atlante,2,2,0,638406
2022-09-26T01:15:00Z,2022,col.1,Deportes Tolima,Deportivo Pereira,1,3,0,626713
2022-09-26T02:05:00Z,2022,mex.2,Venados FC,Club Atlético La Paz,3,0,0,638405
2022-09-26T13:00:00Z,2022,fifa.friendly,Ethiopia,Sudan,2,2,0,654048
2022-09-26T13:30:00Z,2022,fifa.friendly_u21,Italy U21,Japan U21,1,1,0,654025
2022-09-26T15:00:00Z,2022,fifa.friendly,Syria,Iraq,0,1,0,654298
2022-09-26T18:00:00Z,2022,arg.2,Sacachispas,Deportivo Morón,0,2,0,630389
2022-09-26T18:00:00Z,2022,fifa.friendly,Jordan,Oman,1,0,0,654299
2022-09-26T18:35:00Z,2022,arg.3,JJ Urquiza,UAI Urquiza,1,0,0,636430
2022-09-26T18:35:00Z,2022,arg.3,Los Andes,San Miguel,0,0,0,636433
2022-09-26T18:45:00Z,2022,uefa.nations,Romania,Bosnia-Herzegovina,4,1,0,624013
2022-09-26T18:45:00Z,2022,uefa.nations,North Macedonia,Bulgaria,0,1,0,624014
2022-09-26T18:45:00Z,2022,uefa.nations,Montenegro,Finland,0,2,0,624015
2022-09-26T18:45:00Z,2022,uefa.nations,Gibraltar,Georgia,1,2,0,624016
2022-09-26T18:45:00Z,2022,uefa.nations,England,Germany,3,3,0,624017
2022-09-26T18:45:00Z,2022,uefa.nations,Hungary,Italy,0,2,0,624018
2022-09-26T18:45:00Z,2022,uefa.nations,San Marino,Estonia,0,4,0,624020
2022-09-26T19:00:00Z,2022,esp.2,FC Cartagena,Alavés,1,1,0,644224
2022-09-26T19:00:00Z,2022,esp.2,Las Palmas,Granada,2,0,0,644227
2022-09-26T19:00:00Z,2022,uru.1,Albion FC,Fénix ,1,1,0,651054
2022-09-26T19:00:00Z,2022,fifa.friendly_u21,France U21,Belgium U21,2,2,0,654237
2022-09-26T20:00:00Z,2022,arg.1,Aldosivi,Central Córdoba (Santiago del Estero),0,3,0,635548
2022-09-26T20:00:00Z,2022,arg.1,Colón (Santa Fe),Argentinos Juniors,0,4,0,635550
2022-09-26T21:00:00Z,2022,col.1,Deportivo Cali,Internacional de Bogotá,1,2,0,626717
2022-09-26T23:00:00Z,2022,col.1,Jaguares de Córdoba,Águilas Doradas,0,0,0,626720
2022-09-26T23:00:00Z,2022,bra.2,CSA,Tombense,2,0,0,631229
2022-09-26T23:30:00Z,2022,arg.2,Santamarina,Gimnasia (Mendoza),0,2,0,630391
2022-09-27T00:10:00Z,2022,arg.2,Ferro Carril Oeste,Estudiantes de Río Cuarto,0,0,0,630383
2022-09-27T01:00:00Z,2022,per.1,Alianza Lima,San Martin,5,0,0,642016
2022-09-27T01:05:00Z,2022,col.1,Atlético Nacional,Patriotas,1,0,0,626719
2022-09-27T06:00:00Z,2022,fifa.friendly,Uzbekistan,Costa Rica,1,2,0,652269
2022-09-27T08:00:00Z,2022,fifa.friendly,Brunei Darussalam,Laos,1,0,0,654049
2022-09-27T11:00:00Z,2022,fifa.friendly,South Korea,Cameroon,1,0,0,652569
2022-09-27T11:45:00Z,2022,fifa.friendly,Nepal,Bangladesh,3,1,0,654300
2022-09-27T11:55:00Z,2022,fifa.friendly,Japan,Ecuador,0,0,0,650193
2022-09-27T12:00:00Z,2022,fifa.friendly,Vietnam,India,3,0,0,654052
2022-09-27T13:00:00Z,2022,fifa.friendly,Indonesia,Curaçao,2,1,0,653768
2022-09-27T14:00:00Z,2022,esp.copa_de_la_reina,Real Unión Tenerife,FC Badalona,0,4,0,653316
2022-09-27T14:00:00Z,2022,fifa.friendly,Equatorial Guinea,Togo,2,2,0,654301
2022-09-27T14:30:00Z,2022,fifa.friendly,Senegal,Iran,1,1,0,653809
2022-09-27T15:00:00Z,2022,fifa.friendly_u21,Romania U21,Netherlands U21,0,0,0,652583
2022-09-27T15:00:00Z,2022,fifa.friendly,United Arab Emirates,Venezuela,0,4,0,653771
2022-09-27T15:30:00Z,2021,uefa.euro_u21_qual,Ukraine U21,Slovakia U21,3,0,0,641098
2022-09-27T15:30:00Z,2022,fifa.friendly,Bahrain,Panama,0,2,0,652270
2022-09-27T16:00:00Z,2021,uefa.euro_u21_qual,Denmark U21,Croatia U21,2,1,0,641096
2022-09-27T16:00:00Z,2021,uefa.euro_u21_qual,Czechia U21,Iceland U21,0,0,0,641099
2022-09-27T16:00:00Z,2022,fifa.friendly,Canada,Uruguay,0,2,0,649350
2022-09-27T16:00:00Z,2022,fifa.friendly,South Africa,Botswana,1,0,0,654024
2022-09-27T16:00:00Z,2022,fifa.friendly,Congo DR,Sierra Leone,3,0,0,654050
2022-09-27T16:00:00Z,2022,fifa.friendly,Madagascar,Benin,3,1,0,654302
2022-09-27T17:00:00Z,2022,fifa.friendly,Qatar,Chile,2,2,0,650005
2022-09-27T17:00:00Z,2022,fifa.friendly,Libya,Tanzania,2,1,0,654091
2022-09-27T17:00:00Z,2022,fifa.friendly_u21,Türkiye U21,Georgia U21,1,0,0,671011
2022-09-27T17:15:00Z,2021,uefa.euro_u21_qual,Israel U21,Republic of Ireland U21,0,0,0,641097
2022-09-27T18:00:00Z,2022,fifa.friendly,Saudi Arabia,United States,0,0,0,641090
2022-09-27T18:00:00Z,2022,fifa.friendly,Nicaragua,Ghana,0,1,0,652573
2022-09-27T18:00:00Z,2022,fifa.friendly,Egypt,Liberia,3,0,0,653669
2022-09-27T18:00:00Z,2022,fifa.friendly,Ivory Coast,Guinea,3,1,0,653681
2022-09-27T18:00:00Z,2022,fifa.friendly_u21,Hungary U21,Lithuania U21,1,0,0,688481
2022-09-27T18:30:00Z,2022,fifa.friendly,Brazil,Tunisia,5,1,0,652193
2022-09-27T18:45:00Z,2022,uefa.nations,Switzerland,Czechia,2,1,0,624004
2022-09-27T18:45:00Z,2022,uefa.nations,Albania,Iceland,1,1,0,624005
2022-09-27T18:45:00Z,2022,uefa.nations,Greece,Northern Ireland,3,1,0,624007
2022-09-27T18:45:00Z,2022,uefa.nations,Norway,Serbia,0,2,0,624008
2022-09-27T18:45:00Z,2022,uefa.nations,Sweden,Slovenia,1,1,0,624009
2022-09-27T18:45:00Z,2022,uefa.nations,Portugal,Spain,0,1,0,624010
2022-09-27T18:45:00Z,2022,uefa.nations,Kosovo,Cyprus,5,1,0,624011
2022-09-27T18:45:00Z,2022,uefa.nations,Republic of Ireland,Armenia,3,2,0,624012
2022-09-27T18:45:00Z,2022,uefa.nations,Ukraine,Scotland,0,0,0,624019
2022-09-27T18:45:00Z,2022,eng.4,Grimsby Town,Carlisle United,1,2,0,642120
2022-09-27T18:45:00Z,2022,fifa.friendly_u21,England U21,Germany U21,3,1,0,648821
2022-09-27T19:00:00Z,2022,fifa.friendly,Paraguay,Morocco,0,0,0,650128
2022-09-27T19:00:00Z,2022,fifa.friendly,Algeria,Nigeria,2,1,0,652250
2022-09-27T19:00:00Z,2022,fifa.friendly,Malta,Israel,2,1,0,652585
2022-09-27T19:00:00Z,2022,arg.copa,Banfield,Godoy Cruz Antonio Tomba,1,1,0,653854
2022-09-27T19:00:00Z,2022,fifa.friendly,Burkina Faso,Comoros,2,1,0,654303
2022-09-27T19:00:00Z,2022,fifa.friendly,Mauritania,Congo,2,0,0,654304
2022-09-27T20:00:00Z,2022,crc.1,Grecia,Herediano,1,2,0,647899
2022-09-27T21:00:00Z,2022,chi.copa_chi,Unión Española,Antofagasta,4,1,0,653760
2022-09-27T22:00:00Z,2022,arg.2,Atlanta,Chaco For Ever,3,1,0,630376
2022-09-27T22:05:00Z,2022,mex.2,Raya2,Mineros de Zacatecas,0,3,0,638409
2022-09-27T23:30:00Z,2022,chi.copa_chi,Ñublense,Huachipato,2,1,0,653761
2022-09-28T00:00:00Z,2022,col.1,Deportivo Pasto,Cortuluá,1,0,0,626712
2022-09-28T00:00:00Z,2022,bra.1,Santos,Athletico-PR,2,0,0,630865
2022-09-28T00:00:00Z,2022,fifa.friendly,Argentina,Jamaica,3,0,0,653253
2022-09-28T00:00:00Z,2022,fifa.friendly,El Salvador,Peru,1,4,0,653679
2022-09-28T00:05:00Z,2022,mex.2,Tlaxcala FC,Pumas Tabasco,1,0,0,638407
2022-09-28T01:00:00Z,2022,fifa.friendly,Honduras,Guatemala,2,1,0,650118
2022-09-28T02:00:00Z,2022,usa.1,Seattle Sounders FC,FC Cincinnati,1,1,0,623249
2022-09-28T02:00:00Z,2022,usa.usl.1,Las Vegas Lights FC,Monterey Bay,4,0,0,627837
2022-09-28T02:00:00Z,2022,fifa.friendly,Mexico,Colombia,2,3,0,645229
2022-09-28T17:00:00Z,2022,mex.2,Cimarrones de Sonora,Correcaminos UAT,2,1,0,638408
2022-09-28T17:00:00Z,2022,esp.copa_de_la_reina,Bizkerre,Alhama,0,5,0,653305
2022-09-28T18:15:00Z,2022,per.1,Academia Cantolao,Carlos Stein,3,2,0,642014
2022-09-28T19:00:00Z,2022,bol.1,Royal Pari,Always Ready,0,2,0,650057
2022-09-28T19:00:00Z,2022,arg.copa,Independiente,Talleres (Córdoba),0,0,0,653855
2022-09-28T20:30:00Z,2022,per.1,Sport Huancayo,Deportivo Municipal,2,1,0,642020
2022-09-28T21:00:00Z,2022,slv.1,Jocoro FC,Luis Ángel Firpo,2,2,0,653981
2022-09-28T21:15:00Z,2022,slv.1,C.D. Platense,CD Dragon,0,0,0,653983
2022-09-28T21:30:00Z,2022,slv.1,Águila,Chalatenango,2,0,0,645845
2022-09-28T22:00:00Z,2022,bra.1,Corinthians,Atlético Goianiense,2,1,0,630864
2022-09-28T22:00:00Z,2022,bra.1,Coritiba,Ceará,1,0,0,630869
2022-09-28T22:00:00Z,2022,bra.1,Fortaleza,Flamengo,3,2,0,630870
2022-09-28T22:00:00Z,2022,bra.1,Fluminense,Juventude,4,0,0,630871
2022-09-28T22:00:00Z,2022,bra.2,Ponte Preta,Cruzeiro,1,4,0,631214
2022-09-28T22:00:00Z,2022,mex.2,Celaya,Atlante,2,1,0,638412
2022-09-28T22:00:00Z,2022,arg.copa,Patronato,River Plate,2,2,0,653856
2022-09-28T23:30:00Z,2022,usa.usl.l1,North Carolina FC,Central Valley Fuego FC,2,1,0,625641
2022-09-28T23:30:00Z,2022,usa.usl.1,Atlanta United 2,Indy Eleven,0,1,0,627868
2022-09-29T00:00:00Z,2022,bra.1,Cuiabá,América Mineiro,2,1,0,630863
2022-09-29T00:00:00Z,2022,crc.1,Cartaginés,Alajuelense,1,2,0,647901
2022-09-29T00:05:00Z,2022,mex.2,Cancún FC,Durango,0,0,0,638413
2022-09-29T00:45:00Z,2022,bra.1,Goiás,Botafogo,0,1,0,630867
2022-09-29T00:45:00Z,2022,bra.1,Internacional,Red Bull Bragantino,0,0,0,630868
2022-09-29T00:45:00Z,2022,bra.1,Atlético-MG,Palmeiras,0,1,0,630872
2022-09-29T00:45:00Z,2022,bra.2,Sport,Náutico,2,1,0,631219
2022-09-29T01:00:00Z,2022,crc.1,Puntarenas FC,Guadalupe FC,0,2,0,647902
2022-09-29T01:00:00Z,2022,arg.copa,Boca Juniors,Quilmes,3,2,0,653857
2022-09-29T01:00:00Z,2022,slv.1,Santa Tecla,Alianza FC,1,2,0,653982
2022-09-29T01:00:00Z,2022,col.copa,Atlético Junior,Millonarios,1,0,0,654017
2022-09-29T02:00:00Z,2022,usa.usl.1,Sacramento Republic FC,Phoenix Rising FC,0,1,0,627869
2022-09-29T02:00:00Z,2022,slv.1,Atletico Marte,CD FAS,0,0,0,653980
2022-09-29T02:05:00Z,2022,mex.2,Dorados de Sinaloa,Leones Negros,0,2,0,638411
2022-09-29T02:15:00Z,2022,crc.1,Saprissa,AD Guanacasteca,1,0,0,647904
2022-09-29T09:30:00Z,2022,chn.1,Shanghai Port,Chengdu Rongcheng,3,0,0,650773
2022-09-29T11:30:00Z,2022,chn.1,Wuhan Yangtze River,Cangzhou Mighty Lions,1,4,0,650774
2022-09-29T11:30:00Z,2022,chn.1,Dalian Professional,Shanghai Shenhua,1,2,0,650775
2022-09-29T18:00:00Z,2022,per.1,Atlético Grau,Sport Boys,3,0,0,642017
2022-09-29T18:00:00Z,2022,per.1,Sporting Cristal,ADT,4,2,0,642021
2022-09-29T18:30:00Z,2022,arg.1,Barracas Central,Gimnasia La Plata,1,1,0,635565
2022-09-29T19:00:00Z,2022,fifa.friendly,Algeria,Sudan,2,0,0,656810
2022-09-29T20:30:00Z,2022,per.1,Melgar,Deportivo Binacional,2,1,0,642019
2022-09-29T20:30:00Z,2022,chi.copa_chi,Cobreloa,Magallanes,1,1,0,653763
2022-09-29T22:00:00Z,2022,bra.2,Tombense,Novorizontino,2,0,0,631218
2022-09-29T22:00:00Z,2022,mex.2,Club Atlético Morelia,Tepatitlán FC,1,1,0,638415
2022-09-29T23:00:00Z,2022,crc.1,Santos,Pérez Zeledón,1,1,0,647900
2022-09-30T00:05:00Z,2022,mex.2,Tapatío,Venados FC,1,0,0,638410
2022-09-30T00:30:00Z,2022,bra.2,Vasco da Gama,Londrina,1,1,0,631217
2022-09-30T01:00:00Z,2022,col.1,Independiente Santa Fe,Atlético Nacional,1,1,0,626722
2022-09-30T01:15:00Z,2022,crc.1,Sporting San José,AD San Carlos,2,1,0,647903
2022-09-30T02:05:00Z,2022,mex.2,Club Atlético La Paz,Alebrijes de Oaxaca,2,1,0,638414
2022-09-30T09:30:00Z,2022,chn.1,Changchun Yatai,Shenzhen FC,1,0,0,650771
2022-09-30T16:30:00Z,2022,ger.2,SC Paderborn 07,SV Darmstadt 98,1,2,0,638828
2022-09-30T16:30:00Z,2022,ger.2,Hannover 96,Hamburg SV,1,2,0,638831
2022-09-30T17:00:00Z,2022,den.1,AaB,Odense Boldklub,1,1,0,636961
2022-09-30T18:00:00Z,2022,ned.2,Helmond Sport,TOP Oss,1,2,0,637584
2022-09-30T18:00:00Z,2022,ned.2,MVV Maastricht,Willem II,3,2,0,637585
2022-09-30T18:00:00Z,2022,ned.2,NAC Breda,VVV-Venlo,1,2,0,637586
2022-09-30T18:00:00Z,2022,ned.2,PEC Zwolle,Jong Ajax,1,1,0,637587
2022-09-30T18:00:00Z,2022,ned.2,FC Eindhoven,FC Dordrecht,1,1,0,637588
2022-09-30T18:00:00Z,2022,ned.2,FC Den Bosch,Heracles Almelo,1,2,0,637589
2022-09-30T18:00:00Z,2022,ned.2,De Graafschap,Jong AZ,2,0,0,637590
2022-09-30T18:00:00Z,2022,ned.2,Telstar,Jong FC Utrecht,2,2,0,637591
2022-09-30T18:00:00Z,2022,ned.2,Almere City,Roda JC Kerkrade,2,1,0,637592
2022-09-30T18:00:00Z,2022,ned.2,ADO Den Haag,Jong PSV,1,3,0,637593
2022-09-30T18:00:00Z,2022,por.1,Sporting CP,Gil Vicente,3,1,0,646738
2022-09-30T18:15:00Z,2022,per.1,Alianza Atlético,Universitario,2,2,0,642015
2022-09-30T18:30:00Z,2022,ger.1,Bayern Munich,Bayer Leverkusen,4,0,0,638507
2022-09-30T18:30:00Z,2022,ita.2,Cosenza,Como,3,1,0,649674
2022-09-30T18:45:00Z,2022,bel.1,Standard Liege,RFC Seraing,0,2,0,641434
2022-09-30T18:45:00Z,2022,eng.4,Mansfield Town,Hartlepool United,2,2,0,642216
2022-09-30T19:00:00Z,2022,fra.1,Angers,Marseille,0,3,0,639699
2022-09-30T19:00:00Z,2022,eng.2,Hull City,Luton Town,0,2,0,643319
2022-09-30T19:00:00Z,2022,esp.1,Athletic Club,Almería,4,0,0,643837
2022-09-30T19:00:00Z,2022,esp.2,Tenerife,Sporting Gijón,1,1,0,644231
2022-09-30T19:00:00Z,2022,bol.1,Real Santa Cruz,Real Tomayapo,1,1,0,654156
2022-09-30T20:15:00Z,2022,por.1,FC Porto,Braga,4,1,0,646734
2022-09-30T20:30:00Z,2022,per.1,UTC,César Vallejo,4,0,0,642018
2022-09-30T21:00:00Z,2022,uru.1,Cerro Largo,Danubio,1,0,0,651061
2022-09-30T21:00:00Z,2022,ven.1,Caracas FC,Deportivo La Guaira,2,0,0,654278
2022-09-30T22:00:00Z,2022,bra.2,Sampaio Corrêa,Grêmio,2,1,0,631215
2022-09-30T22:00:00Z,2022,bra.2,CSA,Guarani,1,2,0,631216
2022-09-30T22:00:00Z,2022,bra.2,Operário PR,Vila Nova,1,1,0,631220
2022-09-30T22:00:00Z,2022,arg.1,Tigre,Aldosivi,3,0,0,635556
2022-09-30T22:00:00Z,2022,arg.1,Estudiantes de La Plata,Colón (Santa Fe),2,4,0,635569
2022-09-30T22:30:00Z,2022,par.1,Sol de América,Cerro Porteño,0,1,0,647600
2022-09-30T23:00:00Z,2022,chi.1,Unión La Calera,Coquimbo Unido,2,0,0,629260
2022-09-30T23:15:00Z,2022,ven.1,Estudiantes de Mérida,Inter de Barinas,3,2,0,654279
2022-09-30T23:30:00Z,2022,usa.1,Toronto FC,Inter Miami CF,0,1,0,623611
2022-09-30T23:30:00Z,2022,uru.1,Plaza Colonia,Liverpool,1,3,0,651063
2022-10-01T00:00:00Z,2022,ecu.1,Gualaceo,Universidad Católica (Quito),0,1,0,635962
2022-10-01T00:00:00Z,2022,mex.1,Puebla,América,1,2,0,636155
2022-10-01T00:00:00Z,2022,arg.3,Talleres de Remedios,Acassuso,0,1,0,636441
2022-10-01T00:00:00Z,2022,per.1,Carlos A. Mannucci,Ayacucho FC,0,1,0,642022
2022-10-01T00:00:00Z,2022,bol.1,Guabirá,Wilstermann,1,1,0,654157
2022-10-01T00:10:00Z,2022,arg.2,Gimnasia y Esgrima (Jujuy),San Martín (Tucumán),1,1,0,630404
2022-10-01T00:30:00Z,2022,bra.2,Chapecoense,Bahia,3,1,0,631211
2022-10-01T00:30:00Z,2022,arg.1,Racing Club,Rosario Central,4,3,0,635559
2022-10-01T00:30:00Z,2022,arg.1,Unión (Santa Fe),Newell's Old Boys,0,1,0,635562
2022-10-01T01:00:00Z,2022,col.1,Independiente Medellín,Alianza FC,3,1,0,626701
2022-10-01T02:00:00Z,2022,usa.usl.1,Las Vegas Lights FC,New Mexico United,0,0,0,627872
2022-10-01T02:00:00Z,2022,mex.1,FC Juarez,Pumas UNAM,3,1,0,636156
2022-10-01T05:00:00Z,2022,jpn.1,Avispa Fukuoka,Vissel Kobe,0,1,0,628997
2022-10-01T05:00:00Z,2022,jpn.1,Cerezo Osaka,Shonan Bellmare,1,1,0,629000
2022-10-01T06:00:00Z,2022,jpn.1,Kashima Antlers,FC Tokyo,0,1,0,628993
2022-10-01T06:00:00Z,2022,jpn.1,Sagan Tosu,Kyoto Sanga,0,1,0,628998
2022-10-01T06:00:00Z,2022,jpn.1,Sanfrecce Hiroshima,Urawa Red Diamonds,4,1,0,628999
2022-10-01T07:00:00Z,2022,jpn.1,Nagoya Grampus,Yokohama F. Marinos,0,4,0,628992
2022-10-01T07:00:00Z,2022,jpn.1,Gamba Osaka,Kashiwa Reysol,0,0,0,628994
2022-10-01T07:00:00Z,2022,jpn.1,Consadole Sapporo,Kawasaki Frontale,4,3,0,628995
2022-10-01T11:00:00Z,2022,ger.2,Fortuna Düsseldorf,Arminia Bielefeld,4,1,0,638825
2022-10-01T11:00:00Z,2022,ger.2,SpVgg Greuther Fürth,SV Sandhausen,1,1,0,638827
2022-10-01T11:00:00Z,2022,ger.2,Holstein Kiel,Hansa Rostock,1,1,0,638830
2022-10-01T11:00:00Z,2022,rus.1,Gazovik Orenburg,Sochi,4,1,0,641189
2022-10-01T11:30:00Z,2022,eng.1,Arsenal,Tottenham Hotspur,3,1,0,637899
2022-10-01T11:30:00Z,2022,sco.1,Heart of Midlothian,Rangers,0,4,0,639101
2022-10-01T11:30:00Z,2022,tur.1,Kasimpasa,Gaziantep FK,1,0,0,645958
2022-10-01T12:00:00Z,2022,eng.4,Harrogate Town,Bradford City,1,2,0,642219
2022-10-01T12:00:00Z,2022,esp.1,Cádiz,Villarreal,0,0,0,643839
2022-10-01T12:00:00Z,2022,ita.2,Parma,Frosinone,2,1,0,649666
2022-10-01T12:00:00Z,2022,ita.2,Palermo,Sudtirol,0,1,0,649667
2022-10-01T12:00:00Z,2022,ita.2,Bari,Brescia,6,2,0,649668
2022-10-01T12:00:00Z,2022,ita.2,Cagliari,Venezia,1,4,0,649670
2022-10-01T12:00:00Z,2022,ita.2,Modena,Reggina,1,0,0,649671
2022-10-01T12:00:00Z,2022,ita.2,SPAL,Genoa,0,2,0,649672
2022-10-01T12:00:00Z,2022,ita.2,Cittadella,Ternana,0,2,0,649675
2022-10-01T13:00:00Z,2022,swe.1,Malmö FF,Hammarby IF,0,0,0,628405
2022-10-01T13:00:00Z,2022,fra.2,Saint-Étienne,Grenoble,2,2,0,640080
2022-10-01T13:00:00Z,2022,ita.1,Napoli,Torino,3,1,0,644693
2022-10-01T13:30:00Z,2022,ger.1,VfL Wolfsburg,VfB Stuttgart,3,2,0,638500
2022-10-01T13:30:00Z,2022,ger.1,SC Freiburg,Mainz,2,1,0,638502
2022-10-01T13:30:00Z,2022,ger.1,FC Cologne,Borussia Dortmund,3,2,0,638503
2022-10-01T13:30:00Z,2022,ger.1,Eintracht Frankfurt,1. FC Union Berlin,2,0,0,638504
2022-10-01T13:30:00Z,2022,ger.1,RB Leipzig,VfL Bochum,4,0,0,638508
2022-10-01T13:30:00Z,2022,rus.1,FC Khimki,CSKA Moscow,1,2,0,641187
2022-10-01T14:00:00Z,2022,nor.1,Tromso,Molde,0,1,0,628035
2022-10-01T14:00:00Z,2022,bra.2,Brusque,Criciúma,0,2,0,631213
2022-10-01T14:00:00Z,2022,eng.1,AFC Bournemouth,Brentford,0,0,0,637900
2022-10-01T14:00:00Z,2022,eng.1,Southampton,Everton,1,2,0,637902
2022-10-01T14:00:00Z,2022,eng.1,Liverpool,Brighton & Hove Albion,3,3,0,637904
2022-10-01T14:00:00Z,2022,eng.1,Fulham,Newcastle United,1,4,0,637907
2022-10-01T14:00:00Z,2022,eng.1,Crystal Palace,Chelsea,1,2,0,637908
2022-10-01T14:00:00Z,2022,sco.1,Aberdeen,Kilmarnock,4,1,0,639098
2022-10-01T14:00:00Z,2022,sco.1,Celtic,Motherwell,2,1,0,639099
2022-10-01T14:00:00Z,2022,sco.1,Dundee United,St Johnstone,1,2,0,639100
2022-10-01T14:00:00Z,2022,sco.1,Ross County,Hibernian,0,2,0,639102
2022-10-01T14:00:00Z,2022,sco.1,St Mirren,Livingston,2,1,0,639103
2022-10-01T14:00:00Z,2022,sco.2,Cove Rangers,Arbroath,2,0,0,639470
2022-10-01T14:00:00Z,2022,sco.2,Ayr United,Inverness Caledonian Thistle,0,1,0,639471
2022-10-01T14:00:00Z,2022,sco.2,Hamilton Academical,Dundee,0,2,0,639472
2022-10-01T14:00:00Z,2022,sco.2,Partick Thistle,Greenock Morton,5,1,0,639473
2022-10-01T14:00:00Z,2022,sco.2,Queen's Park,Raith Rovers,1,0,0,639474
2022-10-01T14:00:00Z,2022,bel.1,OH Leuven,Union St.-Gilloise,0,3,0,641431
2022-10-01T14:00:00Z,2022,eng.4,Stockport County,Walsall,1,1,0,642210
2022-10-01T14:00:00Z,2022,eng.4,Swindon Town,Northampton Town,1,2,0,642211
2022-10-01T14:00:00Z,2022,eng.4,Crawley Town,Stevenage,1,2,0,642212
2022-10-01T14:00:00Z,2022,eng.4,Carlisle United,Crewe Alexandra,0,0,0,642213
2022-10-01T14:00:00Z,2022,eng.4,AFC Wimbledon,Colchester United,2,1,0,642214
2022-10-01T14:00:00Z,2022,eng.4,Leyton Orient,Newport County,1,2,0,642215
2022-10-01T14:00:00Z,2022,eng.4,Rochdale,Doncaster Rovers,1,2,0,642217
2022-10-01T14:00:00Z,2022,eng.4,Salford City,Grimsby Town,1,1,0,642218
2022-10-01T14:00:00Z,2022,eng.4,Gillingham,Sutton United,1,0,0,642220
2022-10-01T14:00:00Z,2022,eng.4,Tranmere Rovers,Barrow,1,0,0,642221
2022-10-01T14:00:00Z,2022,eng.3,Cambridge United,Derby County,0,2,0,642762
2022-10-01T14:00:00Z,2022,eng.3,Charlton Athletic,Oxford United,1,1,0,642763
2022-10-01T14:00:00Z,2022,eng.3,Bolton Wanderers,Lincoln City,2,0,0,642764
2022-10-01T14:00:00Z,2022,eng.3,Accrington Stanley,Morecambe,3,1,0,642765
2022-10-01T14:00:00Z,2022,eng.3,Cheltenham Town,Shrewsbury Town,2,0,0,642766
2022-10-01T14:00:00Z,2022,eng.3,Exeter City,Bristol Rovers,2,2,0,642767
2022-10-01T14:00:00Z,2022,eng.3,Fleetwood Town,Barnsley,0,1,0,642768
2022-10-01T14:00:00Z,2022,eng.3,Ipswich Town,Portsmouth,3,2,0,642769
2022-10-01T14:00:00Z,2022,eng.3,Milton Keynes Dons,Peterborough United,2,3,0,642770
2022-10-01T14:00:00Z,2022,eng.3,Port Vale,Sheffield Wednesday,0,1,0,642771
2022-10-01T14:00:00Z,2022,eng.3,Wycombe Wanderers,Plymouth Argyle,0,1,0,642772
2022-10-01T14:00:00Z,2022,eng.3,Burton Albion,Forest Green Rovers,3,2,0,642773
2022-10-01T14:00:00Z,2022,eng.2,Sunderland,Preston North End,0,0,0,643315
2022-10-01T14:00:00Z,2022,eng.2,Bristol City,Queens Park Rangers,1,2,0,643316
2022-10-01T14:00:00Z,2022,eng.2,Blackpool,Norwich City,0,1,0,643317
2022-10-01T14:00:00Z,2022,eng.2,Blackburn Rovers,Millwall,2,1,0,643318
2022-10-01T14:00:00Z,2022,eng.2,Reading,Huddersfield Town,3,1,0,643320
2022-10-01T14:00:00Z,2022,eng.2,Rotherham United,Wigan Athletic,0,2,0,643321
2022-10-01T14:00:00Z,2022,eng.2,Sheffield United,Birmingham City,1,1,0,643322
2022-10-01T14:00:00Z,2022,eng.2,Coventry City,Middlesbrough,1,0,0,643323
2022-10-01T14:00:00Z,2022,eng.2,Cardiff City,Burnley,1,1,0,643324
2022-10-01T14:00:00Z,2022,eng.2,West Bromwich Albion,Swansea City,2,3,0,643325
2022-10-01T14:00:00Z,2022,tur.1,Ankaragucu,Istanbul Basaksehir,1,2,0,645955
2022-10-01T14:00:00Z,2022,tur.1,Kayserispor,Trabzonspor,1,2,0,645959
2022-10-01T14:00:00Z,2022,eng.5,Dorking Wanderers,Dagenham & Redbridge,5,1,0,647108
2022-10-01T14:00:00Z,2022,eng.5,Chesterfield,Maidenhead United,1,2,0,647109
2022-10-01T14:00:00Z,2022,eng.5,Torquay United,Scunthorpe United,1,1,0,647110
2022-10-01T14:00:00Z,2022,eng.5,Southend United,Yeovil Town,1,0,0,647111
2022-10-01T14:00:00Z,2022,eng.5,Solihull Moors,Bromley,2,2,0,647112
2022-10-01T14:00:00Z,2022,eng.5,Oldham Athletic,Wrexham,1,2,0,647113
2022-10-01T14:00:00Z,2022,eng.5,Notts County,Altrincham,3,1,0,647114
2022-10-01T14:00:00Z,2022,eng.5,Gateshead,Eastleigh,1,1,0,647115
2022-10-01T14:00:00Z,2022,eng.5,FC Halifax Town,Woking,0,4,0,647116
2022-10-01T14:00:00Z,2022,eng.5,Aldershot Town,Wealdstone,1,2,0,647117
2022-10-01T14:00:00Z,2022,eng.5,Barnet,York City,0,5,0,647118
2022-10-01T14:15:00Z,2022,esp.1,Getafe,Real Valladolid,2,3,0,643831
2022-10-01T14:15:00Z,2022,esp.2,Racing Santander,Málaga,0,0,0,644234
2022-10-01T14:15:00Z,2022,esp.2,Mirandés,Las Palmas,3,3,0,644235
2022-10-01T14:15:00Z,2022,ita.2,Perugia,Pisa,1,3,0,649673
2022-10-01T14:30:00Z,2022,ned.1,SC Cambuur,PSV Eindhoven,3,0,0,637258
2022-10-01T14:30:00Z,2022,por.1,Vizela,Portimonense,1,0,0,646740
2022-10-01T15:00:00Z,2022,chi.1,Huachipato,Antofagasta,1,0,0,629258
2022-10-01T15:00:00Z,2022,fra.1,Strasbourg,Stade Rennais,1,3,0,639694
2022-10-01T15:00:00Z,2022,aut.1,WSG Swarovski Tirol,Rapid Vienna,0,5,0,641813
2022-10-01T15:00:00Z,2022,aut.1,RB Salzburg,LASK Linz,1,1,0,641814
2022-10-01T15:00:00Z,2022,aut.1,Austria Lustenau,Wolfsberger,1,3,0,641815
2022-10-01T15:30:00Z,2022,swe.1,Degerfors IF,Djurgården,3,0,0,628404
2022-10-01T15:30:00Z,2022,uru.1,Montevideo City Torque,Cerrito,0,1,0,651065
2022-10-01T15:30:00Z,2022,ksa.1,Al Raed,Al Adalah,2,1,0,663171
2022-10-01T15:30:00Z,2022,ksa.1,Damac,Al Tai,2,0,0,663172
2022-10-01T16:00:00Z,2022,nor.1,Lillestrom,Bodo/Glimt,1,4,0,628033
2022-10-01T16:00:00Z,2022,nor.1,Vålerenga,Stromsgodset,4,0,0,628039
2022-10-01T16:00:00Z,2022,arg.1,Platense,Defensa y Justicia,0,0,0,635560
2022-10-01T16:00:00Z,2022,arg.1,Central Córdoba (Santiago del Estero),Sarmiento (Junín),0,0,0,635563
2022-10-01T16:00:00Z,2022,rus.1,Lokomotiv Moscow,FC Ural Ekaterinburg,2,4,0,641192
2022-10-01T16:00:00Z,2022,ita.1,Internazionale,AS Roma,1,2,0,644689
2022-10-01T16:15:00Z,2022,bel.1,KV Oostende,Racing Genk,1,2,0,641429
2022-10-01T16:15:00Z,2022,bel.1,KVC Westerlo,Zulte-Waregem,2,0,0,641430
2022-10-01T16:20:00Z,2022,eng.5,Boreham Wood,Maidstone United,3,1,0,647119
2022-10-01T16:30:00Z,2022,eng.1,West Ham United,Wolverhampton Wanderers,2,0,0,637901
2022-10-01T16:30:00Z,2022,ger.1,Werder Bremen,Borussia Mönchengladbach,5,1,0,638501
2022-10-01T16:30:00Z,2022,esp.1,Sevilla,Atlético Madrid,0,2,0,643836
2022-10-01T16:30:00Z,2022,esp.2,FC Andorra,Levante,3,1,0,644237
2022-10-01T16:30:00Z,2022,gre.1,Lamia,Levadiakos,1,0,0,650259
2022-10-01T16:45:00Z,2022,ned.1,FC Groningen,AZ Alkmaar,1,4,0,637262
2022-10-01T17:00:00Z,2022,fra.2,Rodez Aveyron,SC Amiens,0,1,0,640081
2022-10-01T17:00:00Z,2022,fra.2,Nimes,Paris FC,0,1,0,640082
2022-10-01T17:00:00Z,2022,fra.2,Niort,Guingamp,0,0,0,640083
2022-10-01T17:00:00Z,2022,fra.2,Valenciennes,Sochaux,2,1,0,640084
2022-10-01T17:00:00Z,2022,fra.2,Annecy,Bastia,0,2,0,640086
2022-10-01T17:00:00Z,2022,fra.2,Dijon FCO,Le Havre AC,0,0,0,640087
2022-10-01T17:00:00Z,2022,fra.2,Caen,US Quevilly,0,1,0,640088
2022-10-01T17:00:00Z,2022,fra.2,Metz,Pau,1,0,0,640089
2022-10-01T17:00:00Z,2022,tur.1,Adana Demirspor,Galatasaray,0,0,0,645961
2022-10-01T17:00:00Z,2022,por.1,GD Chaves,Estoril,1,1,0,646741
2022-10-01T17:30:00Z,2022,usa.1,New England Revolution,Atlanta United FC,2,1,0,623613
2022-10-01T18:00:00Z,2022,chi.1,Palestino,Everton CD,1,4,0,629261
2022-10-01T18:00:00Z,2022,arg.2,Deportivo Madryn,Sacachispas,2,0,0,630399
2022-10-01T18:00:00Z,2022,bra.1,Ceará,América Mineiro,1,2,0,630853
2022-10-01T18:00:00Z,2022,bra.1,Atlético-MG,Fluminense,2,0,0,630858
2022-10-01T18:00:00Z,2022,bra.1,Internacional,Santos,1,0,0,630862
2022-10-01T18:00:00Z,2022,ned.1,Ajax Amsterdam,Go Ahead Eagles,1,1,0,637261
2022-10-01T18:00:00Z,2022,ksa.1,Al Khaleej,Al Batin,1,0,0,663173
2022-10-01T18:00:00Z,2022,ksa.1,Al Wehda,Al Ettifaq,1,1,0,663174
2022-10-01T18:05:00Z,2022,arg.2,Almagro,Independiente Rivadavia,1,0,0,630394
2022-10-01T18:30:00Z,2022,arg.2,Villa Dálmine,Brown de Adrogué,0,1,0,630410
2022-10-01T18:30:00Z,2022,arg.1,San Lorenzo,Huracán,1,0,0,635558
2022-10-01T18:30:00Z,2022,arg.3,UAI Urquiza,Cañuelas,0,1,0,636440
2022-10-01T18:30:00Z,2022,ger.2,St. Pauli,1. FC Heidenheim 1846,0,0,0,638826
2022-10-01T18:45:00Z,2022,bel.1,Club Brugge,KV Mechelen,3,0,0,641426
2022-10-01T18:45:00Z,2022,ita.1,Empoli,AC Milan,1,3,0,644688
2022-10-01T19:00:00Z,2022,col.1,Cortuluá,Atlético Bucaramanga,0,2,0,626703
2022-10-01T19:00:00Z,2022,arg.2,Alvarado (Mar del Plata),Ferro Carril Oeste,1,1,0,630396
2022-10-01T19:00:00Z,2022,ned.1,FC Twente,Vitesse,3,0,0,637260
2022-10-01T19:00:00Z,2022,fra.1,Paris Saint-Germain,Nice,2,1,0,639695
2022-10-01T19:00:00Z,2022,esp.1,Mallorca,Barcelona,0,1,0,643833
2022-10-01T19:00:00Z,2022,esp.2,Villarreal B,Burgos,0,0,0,644230
2022-10-01T19:00:00Z,2022,bol.1,Nacional Potosí,Royal Pari,1,0,0,654158
2022-10-01T19:30:00Z,2022,usa.1,Colorado Rapids,FC Dallas,1,0,0,623614
2022-10-01T19:30:00Z,2022,por.1,Vitória de Guimaraes,Benfica,0,0,0,646739
2022-10-01T20:00:00Z,2022,conmebol.sudamericana,São Paulo,Independiente del Valle,0,2,0,653775
2022-10-01T20:30:00Z,2022,fifa.friendly,St. Vincent and the Grenadines,Grenada,1,5,0,656811
2022-10-01T21:00:00Z,2022,arg.1,Banfield,Godoy Cruz Antonio Tomba,1,1,0,635566
2022-10-01T21:00:00Z,2022,gua.1,Municipal,CD Achuapa,1,1,0,641019
2022-10-01T21:00:00Z,2022,uru.1,Fénix ,Nacional,1,1,0,651066
2022-10-01T21:00:00Z,2022,slv.1,Atletico Marte,Isidro Metapán,2,1,0,653986
2022-10-01T21:00:00Z,2022,ven.1,Monagas SC,Metropolitanos,0,2,0,654280
2022-10-01T21:05:00Z,2022,col.1,Once Caldas,Jaguares de Córdoba,0,1,0,626707
2022-10-01T21:15:00Z,2022,hon.1,Club Deportivo Marathón,Honduras Progreso,5,1,0,648246
2022-10-01T21:15:00Z,2022,bol.1,Aurora,Atlético Palmaflor,0,0,0,654159
2022-10-01T21:30:00Z,2022,usa.1,Charlotte FC,Philadelphia Union,4,0,0,623616
2022-10-01T21:30:00Z,2022,bra.2,Ituano,CRB,1,0,0,631212
2022-10-01T22:00:00Z,2022,bra.1,Avaí,Atlético Goianiense,1,2,0,630854
2022-10-01T22:00:00Z,2022,bra.1,Flamengo,Red Bull Bragantino,4,1,0,630855
2022-10-01T22:00:00Z,2022,bra.1,Goiás,Fortaleza,0,1,0,630859
2022-10-01T22:00:00Z,2022,bra.1,Athletico-PR,Juventude,2,0,0,630860
2022-10-01T22:00:00Z,2022,mex.1,Atlético de San Luis,Tigres UANL,0,3,0,636157
2022-10-01T22:00:00Z,2022,slv.1,Chalatenango,Jocoro FC,0,0,0,653988
2022-10-01T22:05:00Z,2022,mex.1,Monterrey,Pachuca,0,0,0,636158
2022-10-01T22:30:00Z,2022,usa.usl.1,Loudoun United FC,Detroit City FC,0,4,0,627871
2022-10-01T22:45:00Z,2022,ecu.1,9 de Octubre,Liga de Quito,2,2,0,635956
2022-10-01T23:00:00Z,2022,usa.usl.l1,Greenville Triumph,FC Tucson,2,2,0,625623
2022-10-01T23:00:00Z,2022,usa.usl.l1,North Carolina FC,Union Omaha,1,1,0,625626
2022-10-01T23:00:00Z,2022,usa.usl.1,Miami FC,Memphis 901 FC,1,0,0,627873
2022-10-01T23:00:00Z,2022,usa.usl.1,Pittsburgh Riverhounds,San Antonio FC,0,1,0,627875
2022-10-01T23:00:00Z,2022,usa.usl.1,Indy Eleven,FC Tulsa,2,4,0,627876
2022-10-01T23:00:00Z,2022,usa.usl.1,Hartford Athletic,Charleston Battery,6,3,0,627877
2022-10-01T23:00:00Z,2022,chi.1,Curicó Unido,La Serena,1,0,0,629262
2022-10-01T23:10:00Z,2022,col.1,Internacional de Bogotá,Millonarios,1,0,0,626708
2022-10-01T23:15:00Z,2022,ven.1,Carabobo,Zamora FC,0,2,0,654281
2022-10-01T23:30:00Z,2022,usa.1,FC Cincinnati,Chicago Fire FC,2,3,0,623617
2022-10-01T23:30:00Z,2022,usa.1,CF Montréal,D.C. United,1,0,0,623618
2022-10-01T23:30:00Z,2022,usa.1,Columbus Crew,Red Bull New York,2,1,0,623619
2022-10-01T23:30:00Z,2022,usa.usl.l1,Chattanooga Red Wolves,Charlotte Independence,3,1,0,625622
2022-10-01T23:30:00Z,2022,arg.1,Arsenal Sarandi,Independiente,0,1,0,635567
2022-10-01T23:30:00Z,2022,uru.1,Defensor Sporting,Albion FC,2,0,0,651062
2022-10-01T23:30:00Z,2022,bol.1,Bolívar,Independiente Petrolero,0,0,0,654160
2022-10-02T00:00:00Z,2022,bra.1,Corinthians,Cuiabá,2,0,0,630857
2022-10-02T00:00:00Z,2022,gua.1,Deportivo Mixco,CD Malacateco,0,2,0,641021
2022-10-02T00:05:00Z,2022,mex.1,Atlas,Necaxa,1,0,0,636159
2022-10-02T00:30:00Z,2022,usa.usl.1,Rio Grande Valley FC Toros,Louisville City FC,0,1,0,627874
2022-10-02T01:00:00Z,2022,ecu.1,Mushuc Runa,Emelec,0,0,0,635960
2022-10-02T01:00:00Z,2022,hon.1,FC Motagua,Real España,1,2,0,648250
2022-10-02T01:15:00Z,2022,col.1,Águilas Doradas,Deportes Tolima,1,2,0,626709
2022-10-02T01:15:00Z,2022,slv.1,Santa Tecla,Once Deportivo,1,4,0,645848
2022-10-02T01:30:00Z,2022,hon.1,Club Deportivo Victoria,Club Deportivo Olimpia,0,2,0,648247
2022-10-02T02:00:00Z,2022,usa.1,San Jose Earthquakes,Minnesota United FC,2,0,0,623612
2022-10-02T02:00:00Z,2022,usa.1,Vancouver Whitecaps,Austin FC,2,0,0,623620
2022-10-02T02:00:00Z,2022,usa.usl.1,Oakland Roots,Birmingham Legion FC,2,1,0,627879
2022-10-02T02:00:00Z,2022,usa.usl.1,Orange County SC,San Diego Loyal SC,2,2,0,627880
2022-10-02T02:00:00Z,2022,gua.1,Xelajú MC,Antigua GFC,2,2,0,641017
2022-10-02T02:00:00Z,2022,crc.1,Puntarenas FC,Santos,2,1,0,647905
2022-10-02T02:00:00Z,2022,crc.1,Herediano,AD San Carlos,2,2,0,647909
2022-10-02T02:00:00Z,2022,crc.1,Alajuelense,Grecia,4,3,0,647910
2022-10-02T02:05:00Z,2022,mex.1,Cruz Azul,Guadalajara,2,1,0,636160
2022-10-02T02:30:00Z,2022,usa.1,LA Galaxy,Real Salt Lake,1,1,0,623621
2022-10-02T02:30:00Z,2022,usa.usl.l1,Central Valley Fuego FC,Northern Colorado Hailstorm FC,0,1,0,625624
2022-10-02T02:30:00Z,2022,usa.usl.1,Phoenix Rising FC,New York Red Bulls II,5,1,0,627881
2022-10-02T10:15:00Z,2022,ned.1,Fortuna Sittard,FC Volendam,2,0,0,637265
2022-10-02T10:30:00Z,2022,ita.1,Lazio,Spezia,4,0,0,644691
2022-10-02T11:00:00Z,2022,fra.1,Lorient,Lille,2,1,0,639697
2022-10-02T11:00:00Z,2022,rus.1,Fakel Voronezh,FK Torpedo Moscow,2,2,0,641185
2022-10-02T11:00:00Z,2022,eng.2,Stoke City,Watford,0,4,0,643314
2022-10-02T11:30:00Z,2022,ger.2,Karlsruher SC,1. FC Nürnberg,3,0,0,638829
2022-10-02T11:30:00Z,2022,ger.2,Kaiserslautern,TSV Eintracht Braunschweig,1,1,0,638832
2022-10-02T11:30:00Z,2022,ger.2,1. FC Magdeburg,SSV Jahn Regensburg,1,0,0,638833
2022-10-02T11:30:00Z,2022,bel.1,Anderlecht,Royal Charleroi SC,0,1,0,641432
2022-10-02T11:30:00Z,2022,tur.1,Alanyaspor,Giresunspor,1,1,0,645954
2022-10-02T11:30:00Z,2022,tur.1,Sivasspor,Hatayspor,1,2,0,645957
2022-10-02T12:00:00Z,2022,den.1,FC Midtjylland,Viborg FF,1,1,0,636964
2022-10-02T12:00:00Z,2022,den.1,Silkeborg IF,AC Horsens,2,1,0,636966
2022-10-02T12:00:00Z,2022,esp.1,Espanyol,Valencia,2,2,0,643835
2022-10-02T12:00:00Z,2022,gre.1,Asteras Tripoli,OFI CRETE,2,0,0,650260
2022-10-02T12:30:00Z,2022,ned.1,Excelsior,FC Utrecht,0,1,0,637259
2022-10-02T12:30:00Z,2022,ned.1,NEC Nijmegen,Feyenoord Rotterdam,1,1,0,637264
2022-10-02T12:30:00Z,2022,aut.1,TSV Hartberg,SK Austria Klagenfurt,2,3,0,641812
2022-10-02T12:30:00Z,2022,aut.1,SV Josko Ried,SC Rheindorf Altach,2,3,0,641816
2022-10-02T13:00:00Z,2022,swe.1,Varbergs BoIS FC,BK Häcken,1,1,0,628403
2022-10-02T13:00:00Z,2022,swe.1,GIF Sundsvall,IFK Norrköping,1,3,0,628408
2022-10-02T13:00:00Z,2022,eng.1,Manchester City,Manchester United,6,3,0,637903
2022-10-02T13:00:00Z,2022,fra.1,AJ Auxerre,Brest,1,1,0,639691
2022-10-02T13:00:00Z,2022,fra.1,Troyes,Stade de Reims,2,2,0,639692
2022-10-02T13:00:00Z,2022,fra.1,Toulouse,Montpellier,4,2,0,639693
2022-10-02T13:00:00Z,2022,fra.1,AC Ajaccio,Clermont Foot,1,3,0,639698
2022-10-02T13:00:00Z,2022,ita.1,Lecce,Cremonese,1,1,0,644692
2022-10-02T13:00:00Z,2022,ita.1,Sampdoria,Monza,0,3,0,644694
2022-10-02T13:00:00Z,2022,ita.1,Sassuolo,Salernitana,5,0,0,644695
2022-10-02T13:00:00Z,2022,gre.1,Olympiacos,Atromitos,2,0,0,650262
2022-10-02T13:30:00Z,2022,ger.1,Hertha Berlin,TSG Hoffenheim,1,1,0,638505
2022-10-02T13:30:00Z,2022,rus.1,Zenit St Petersburg,Rostov,3,1,0,641188
2022-10-02T14:00:00Z,2022,den.1,Brøndby IF,Lyngby Boldklub,3,3,0,636962
2022-10-02T14:00:00Z,2022,bel.1,KAA Gent,Cercle Brugge KSV,3,4,0,641427
2022-10-02T14:00:00Z,2022,tur.1,Konyaspor,Umraniyespor,1,0,0,645960
2022-10-02T14:00:00Z,2022,uru.1,River Plate,Deportivo Maldonado,0,0,0,651067
2022-10-02T14:15:00Z,2022,esp.1,Celta Vigo,Real Betis,1,0,0,643838
2022-10-02T14:15:00Z,2022,esp.2,Leganés,Albacete,1,2,0,644228
2022-10-02T14:15:00Z,2022,esp.2,Alavés,Ponferradina,3,1,0,644236
2022-10-02T14:15:00Z,2022,ita.2,Benevento,Ascoli,1,1,0,649669
2022-10-02T14:30:00Z,2022,por.1,Rio Ave,Santa Clara,1,0,0,646737
2022-10-02T14:45:00Z,2022,ned.1,RKC Waalwijk,Sparta Rotterdam,2,2,0,637266
2022-10-02T15:00:00Z,2022,nor.1,Hamarkameratene,FK Jerv,2,1,0,628034
2022-10-02T15:00:00Z,2022,nor.1,Haugesund,Odds BK,2,2,0,628036
2022-10-02T15:00:00Z,2022,nor.1,Sandefjord,Sarpsborg FK,1,1,0,628038
2022-10-02T15:00:00Z,2022,nor.1,Aalesund,Viking FK,2,1,0,628040
2022-10-02T15:00:00Z,2022,chi.1,Ñublense,O'Higgins,2,2,0,629263
2022-10-02T15:00:00Z,2022,aut.1,Austria Vienna,SK Sturm Graz,0,3,0,641817
2022-10-02T15:05:00Z,2022,fra.1,AS Monaco,Nantes,4,1,0,639696
2022-10-02T15:20:00Z,2022,ksa.1,Al Hilal,Al Taawoun,1,2,0,663175
2022-10-02T15:20:00Z,2022,ksa.1,Al Fayha,Al Shabab,1,2,0,663176
2022-10-02T15:30:00Z,2022,swe.1,IK Sirius,AIK,1,1,0,628402
2022-10-02T15:30:00Z,2022,swe.1,Kalmar FF,Helsingborg,2,0,0,628406
2022-10-02T15:30:00Z,2022,eng.1,Leeds United,Aston Villa,0,0,0,637906
2022-10-02T15:30:00Z,2022,ger.1,Schalke 04,FC Augsburg,2,3,0,638506
2022-10-02T16:00:00Z,2022,den.1,F.C. København,AGF,1,0,0,636963
2022-10-02T16:00:00Z,2022,rus.1,Akhmat Grozny,Dinamo Moscow,2,1,0,641186
2022-10-02T16:00:00Z,2022,rus.1,Nizhny Novgorod,Spartak Moscow,1,2,0,641190
2022-10-02T16:00:00Z,2022,ita.1,Atalanta,Fiorentina,1,0,0,644687
2022-10-02T16:30:00Z,2022,bel.1,KV Kortrijk,Antwerp,2,1,0,641428
2022-10-02T16:30:00Z,2022,esp.1,Girona,Real Sociedad,3,5,0,643832
2022-10-02T16:30:00Z,2022,esp.2,Real Oviedo,FC Cartagena,1,3,0,644233
2022-10-02T16:30:00Z,2022,esp.2,Granada,Huesca,0,0,0,644238
2022-10-02T16:30:00Z,2022,gre.1,Volos NFC,Aris,2,0,0,650265
2022-10-02T17:00:00Z,2022,usa.1,New York City FC,Orlando City SC,2,1,0,623615
2022-10-02T17:00:00Z,2022,nor.1,Kristiansund BK,Rosenborg,4,4,0,628037
2022-10-02T17:00:00Z,2022,mex.1,Toluca,Querétaro,4,1,0,636161
2022-10-02T17:00:00Z,2022,gua.1,CD Guastatoya,Comunicaciones,0,1,0,641020
2022-10-02T17:00:00Z,2022,tur.1,Besiktas,Fenerbahce,0,0,0,645956
2022-10-02T17:00:00Z,2022,por.1,Paços de Ferreira,Arouca,1,1,0,646736
2022-10-02T17:05:00Z,2022,arg.3,Deportivo Armenio,Los Andes,3,0,0,636438
2022-10-02T17:05:00Z,2022,arg.3,Deportivo Merlo,Colegiales,0,1,0,636439
2022-10-02T17:05:00Z,2022,arg.3,San Miguel,Ituzaingó,2,0,0,636442
2022-10-02T17:05:00Z,2022,arg.3,Villa San Carlos,JJ Urquiza,2,1,0,636443
2022-10-02T18:00:00Z,2022,ecu.1,Orense,Delfín,1,1,0,635959
2022-10-02T18:00:00Z,2022,ned.1,FC Emmen,Heerenveen,0,0,0,637263
2022-10-02T18:00:00Z,2022,ksa.1,Al Nassr,Al Ittihad,0,0,0,663177
2022-10-02T18:00:00Z,2022,ksa.1,Al Fateh,Abha,3,0,0,663178
2022-10-02T18:30:00Z,2022,arg.2,San Telmo,Atlanta,1,0,0,630408
2022-10-02T18:30:00Z,2022,arg.2,Temperley,Agropecuario,2,0,0,630409
2022-10-02T18:30:00Z,2022,arg.1,Patronato,Atlético Tucumán,2,1,0,635561
2022-10-02T18:30:00Z,2022,arg.3,Defensores Unidos,Argentino de Quilmes,4,1,0,636437
2022-10-02T18:30:00Z,2022,gre.1,PAOK,Panathinaikos,1,2,0,650263
2022-10-02T18:45:00Z,2022,fra.1,Lens,Lyon,1,0,0,639690
2022-10-02T18:45:00Z,2022,ita.1,Juventus,Bologna,3,0,0,644690
2022-10-02T19:00:00Z,2022,usa.1,Portland Timbers,LAFC,1,2,0,623622
2022-10-02T19:00:00Z,2022,col.1,Deportivo Pereira,Deportivo Pasto,2,0,0,626705
2022-10-02T19:00:00Z,2022,arg.2,Almirante Brown,Defensores de Belgrano,2,3,0,630395
2022-10-02T19:00:00Z,2022,arg.2,Güemes,Atletico Rafaela,1,1,0,630406
2022-10-02T19:00:00Z,2022,gua.1,Santa Lucía Cotzumalguapa,Iztapa,2,3,0,641018
2022-10-02T19:00:00Z,2022,bel.1,Sint-Truidense,Eupen,0,1,0,641433
2022-10-02T19:00:00Z,2022,esp.1,Real Madrid,Osasuna,1,1,0,643840
2022-10-02T19:00:00Z,2022,esp.2,UD Ibiza,Lugo,3,2,0,644229
2022-10-02T19:00:00Z,2022,uru.1,Boston River,Rentistas,3,0,0,651060
2022-10-02T19:00:00Z,2022,bol.1,Universitario de Vinto,Always Ready,1,2,0,654161
2022-10-02T19:30:00Z,2022,arg.2,Estudiantes de Río Cuarto,Mitre (Santiago del Estero),0,0,0,630402
2022-10-02T19:30:00Z,2022,arg.2,Gimnasia (Mendoza),Estudiantes (Buenos Aires),1,0,0,630405
2022-10-02T19:30:00Z,2022,por.1,FC Famalicao,Boavista,4,0,0,646733
2022-10-02T20:00:00Z,2022,par.1,Guaireña,Club Olimpia,0,1,0,647603
2022-10-02T20:00:00Z,2022,par.1,Tacuary,Sportivo Ameliano,1,1,0,647605
2022-10-02T20:00:00Z,2022,hon.1,C.D.Real Sociedad,UPNFM,0,2,0,648249
2022-10-02T20:30:00Z,2022,ecu.1,Cumbayá,Aucas,0,0,0,635958
2022-10-02T21:00:00Z,2022,usa.1,Sporting Kansas City,Seattle Sounders FC,1,0,0,623623
2022-10-02T21:00:00Z,2022,chi.1,Cobresal,Unión Española,2,0,0,629265
2022-10-02T21:00:00Z,2022,arg.2,Chaco For Ever,San Martín (San Juan),2,1,0,630398
2022-10-02T21:00:00Z,2022,arg.1,Boca Juniors,Vélez Sarsfield,1,0,0,635564
2022-10-02T21:00:00Z,2022,crc.1,AD Guanacasteca,Cartaginés,1,1,0,647906
2022-10-02T21:00:00Z,2022,hon.1,Olancho FC,Vida,2,1,0,648248
2022-10-02T21:00:00Z,2022,slv.1,CD Dragon,Águila,1,1,0,653987
2022-10-02T21:00:00Z,2022,slv.1,Luis Ángel Firpo,C.D. Platense,0,0,0,653989
2022-10-02T21:00:00Z,2022,ven.1,Portuguesa,Academia Puerto Cabello,1,2,0,654282
2022-10-02T21:05:00Z,2022,col.1,Atlético Junior,Deportivo Cali,1,0,0,626704
2022-10-02T21:15:00Z,2022,slv.1,Alianza FC,CD FAS,3,1,0,653985
2022-10-02T21:15:00Z,2022,bol.1,The Strongest,Universitario de Sucre,1,0,0,654162
2022-10-02T21:30:00Z,2022,arg.1,Talleres (Córdoba),Lanús,0,1,0,635557
2022-10-02T22:30:00Z,2022,par.1,Libertad,General Caballero JLM,1,0,0,647602
2022-10-02T22:30:00Z,2022,uru.1,Montevideo Wanderers,Peñarol,0,2,0,651064
2022-10-02T23:00:00Z,2022,ecu.1,Barcelona SC,Guayaquil City FC,1,1,0,635957
2022-10-02T23:00:00Z,2022,gua.1,Xinabajul,Cobán Imperial,1,1,0,641016
2022-10-02T23:05:00Z,2022,mex.1,Santos,Mazatlán FC,3,0,0,636162
2022-10-02T23:10:00Z,2022,col.1,América de Cali,Atlético Nacional,0,0,0,626702
2022-10-02T23:15:00Z,2022,ven.1,Deportivo Lara,Deportivo Táchira,0,2,0,654283
2022-10-02T23:30:00Z,2022,usa.usl.l1,South Georgia Tormenta FC,Richmond Kickers,1,1,0,625625
2022-10-02T23:30:00Z,2022,arg.1,Argentinos Juniors,River Plate,0,3,0,635568
2022-10-02T23:30:00Z,2022,bol.1,Oriente Petrolero,Blooming,1,0,0,654163
2022-10-03T00:00:00Z,2022,usa.usl.1,Ventura County FC,Sacramento Republic FC,2,0,0,627882
2022-10-03T00:00:00Z,2022,crc.1,Pérez Zeledón,Sporting San José,1,0,0,647907
2022-10-03T00:00:00Z,2022,crc.1,Guadalupe FC,Saprissa,1,2,0,647908
2022-10-03T00:30:00Z,2022,usa.1,Nashville SC,Houston Dynamo FC,1,2,0,623624
2022-10-03T01:00:00Z,2022,mex.1,León,Tijuana,2,2,0,636163
2022-10-03T01:15:00Z,2022,col.1,Independiente Santa Fe,Envigado FC,1,0,0,626706
2022-10-03T02:00:00Z,2022,usa.usl.1,Monterey Bay,Tampa Bay Rowdies,1,2,0,627878
2022-10-03T15:00:00Z,2022,gre.1,Pas Giannina,Panetolikos,1,4,0,650264
2022-10-03T16:00:00Z,2022,rus.1,Krylia Sovetov,Krasnodar,0,0,0,641191
2022-10-03T17:00:00Z,2022,swe.1,IFK Värnamo,Mjällby AIF,2,1,0,628409
2022-10-03T17:00:00Z,2022,den.1,FC Nordsjælland,Randers FC,3,1,0,636965
2022-10-03T17:00:00Z,2022,tur.1,Fatih Karagümrük,Istanbulspor,1,2,0,645953
2022-10-03T17:00:00Z,2022,gre.1,AEK Athens,Ionikos FC,4,1,0,650261
2022-10-03T17:10:00Z,2022,swe.1,IFK Göteborg,IF Elfsborg,1,3,0,628407
2022-10-03T18:05:00Z,2022,arg.2,Nueva Chicago,Quilmes,2,1,0,630407
2022-10-03T18:30:00Z,2022,arg.2,Deportivo Riestra,Guillermo Brown,1,1,0,630401
2022-10-03T18:30:00Z,2022,arg.3,Dock Sud,Comunicaciones,2,0,0,636444
2022-10-03T18:45:00Z,2022,fra.2,Stade Laval,Bordeaux,1,2,0,640085
2022-10-03T18:45:00Z,2022,ita.1,Hellas Verona,Udinese,1,2,0,644696
2022-10-03T19:00:00Z,2022,eng.1,Leicester City,Nottingham Forest,4,0,0,637905
2022-10-03T19:00:00Z,2022,esp.1,Rayo Vallecano,Elche,2,1,0,643834
2022-10-03T19:00:00Z,2022,esp.2,Real Zaragoza,Eibar,0,0,0,644232
2022-10-03T19:15:00Z,2022,por.1,Maritimo,Casa Pia,1,2,0,646735
2022-10-03T20:00:00Z,2022,par.1,Nacional Asunción,12 de Octubre,1,0,0,647601
2022-10-03T21:00:00Z,2022,chi.1,Universidad de Chile,Audax Italiano,2,3,0,629259
2022-10-03T22:00:00Z,2022,arg.2,Deportivo Morón,Instituto (Córdoba),1,0,0,630400
2022-10-03T22:00:00Z,2022,par.1,Guaraní,Resistencia SC,0,1,0,647604
2022-10-03T22:05:00Z,2022,arg.2,All Boys,Santamarina,1,0,0,630393
2022-10-03T23:00:00Z,2022,bra.1,Botafogo,Palmeiras,1,3,0,630861
2022-10-03T23:00:00Z,2022,bra.2,Guarani,Londrina,1,0,0,631206
2022-10-03T23:00:00Z,2022,bra.2,Sampaio Corrêa,Ponte Preta,2,1,0,631207
2022-10-03T23:00:00Z,2022,arg.1,Rosario Central,Unión (Santa Fe),1,1,0,635571
2022-10-04T00:00:00Z,2022,arg.2,Belgrano (Córdoba),Chacarita Juniors,3,0,0,630397
2022-10-04T00:00:00Z,2022,ecu.1,Técnico Universitario,Deportivo Cuenca,1,0,0,635963
2022-10-04T01:00:00Z,2022,col.1,Patriotas,Unión Magdalena,3,1,0,626710
2022-10-04T07:30:00Z,2022,chn.1,Hebei FC,Cangzhou Mighty Lions,0,5,0,650802
2022-10-04T11:30:00Z,2022,chn.1,Dalian Professional,Tianjin Jinmen Tiger,0,2,0,650798
2022-10-04T11:30:00Z,2022,chn.1,Guangzhou City,Shenzhen FC,1,1,0,650799
2022-10-04T11:30:00Z,2022,chn.1,Shanghai Shenhua,Henan,1,0,0,650800
2022-10-04T11:30:00Z,2022,chn.1,Zhejiang Professional FC,Wuhan Three Towns,2,1,0,650801
2022-10-04T15:00:00Z,2022,rsa.1,Sekhukhune United FC,Orlando Pirates,2,0,0,649418
2022-10-04T15:00:00Z,2022,afc.cup,Al-Seeb,Al-Riffa,4,0,0,653712
2022-10-04T16:45:00Z,2022,uefa.champions,Bayern Munich,Viktoria Plzen,5,0,0,652619
2022-10-04T17:00:00Z,2022,arg.1,Aldosivi,Barracas Central,2,0,0,635582
2022-10-04T17:00:00Z,2022,uefa.champions,Marseille,Sporting CP,4,1,0,652618
2022-10-04T17:30:00Z,2022,rsa.1,Golden Arrows,Cape Town City FC,1,1,0,649420
2022-10-04T17:30:00Z,2022,rsa.1,Stellenbosch,Maritzburg United,3,0,0,649421
2022-10-04T17:30:00Z,2022,rsa.1,SuperSport United,Royal AM,3,1,0,649422
2022-10-04T17:30:00Z,2022,rsa.1,TS Galaxy FC,Marumo Gallants,0,1,0,649423
2022-10-04T18:00:00Z,2022,arg.2,Flandria,Tristán Suárez,0,1,0,630403
2022-10-04T18:00:00Z,2022,per.1,Atlético Grau,Carlos Stein,0,0,0,642025
2022-10-04T18:00:00Z,2022,per.1,San Martin,Academia Cantolao,1,3,0,642029
2022-10-04T18:00:00Z,2022,eng.trophy,Tranmere Rovers,Leeds United U21,3,5,0,646563
2022-10-04T18:00:00Z,2022,eng.trophy,Exeter City,Southampton U21,2,1,0,646613
2022-10-04T18:00:00Z,2022,eng.trophy,Bristol Rovers,Crystal Palace U21,2,0,0,646614
2022-10-04T18:00:00Z,2022,eng.trophy,Harrogate Town,Everton U21,1,1,0,646615
2022-10-04T18:00:00Z,2022,eng.trophy,Milton Keynes Dons,West Ham U21,2,0,0,646616
2022-10-04T18:00:00Z,2022,eng.trophy,Gillingham,Brighton & Hove Albion U21,3,2,0,646617
2022-10-04T18:00:00Z,2022,eng.trophy,Mansfield Town,Derby County,1,1,0,646638
2022-10-04T18:30:00Z,2022,eng.trophy,Barrow,Manchester United U21,1,2,0,646618
2022-10-04T18:30:00Z,2022,eng.trophy,Bradford City,Leicester City U21,2,2,0,646619
2022-10-04T18:45:00Z,2022,sco.1,Ross County,Motherwell,0,5,0,639091
2022-10-04T18:45:00Z,2022,sco.2,Cove Rangers,Dundee,3,1,0,639462
2022-10-04T18:45:00Z,2022,sco.2,Queen's Park,Greenock Morton,1,2,0,639463
2022-10-04T18:45:00Z,2022,fra.2,Guingamp,Rodez Aveyron,0,0,0,640054
2022-10-04T18:45:00Z,2022,eng.4,Hartlepool United,Doncaster Rovers,2,1,0,642165
2022-10-04T18:45:00Z,2022,eng.4,Walsall,Northampton Town,1,0,0,642168
2022-10-04T18:45:00Z,2022,eng.4,Stevenage,Sutton United,3,0,0,642170
2022-10-04T18:45:00Z,2022,eng.4,Swindon Town,Newport County,1,0,0,642171
2022-10-04T18:45:00Z,2022,eng.3,Burton Albion,Fleetwood Town,0,1,0,642715
2022-10-04T18:45:00Z,2022,eng.3,Cheltenham Town,Bolton Wanderers,1,0,0,642717
2022-10-04T18:45:00Z,2022,eng.3,Ipswich Town,Cambridge United,3,0,0,642718
2022-10-04T18:45:00Z,2022,eng.3,Plymouth Argyle,Sheffield Wednesday,2,1,0,642723
2022-10-04T18:45:00Z,2022,eng.2,Luton Town,Huddersfield Town,3,3,0,643326
2022-10-04T18:45:00Z,2022,eng.2,Sheffield United,Queens Park Rangers,0,1,0,643327
2022-10-04T18:45:00Z,2022,eng.2,Sunderland,Blackpool,0,0,0,643328
2022-10-04T18:45:00Z,2022,eng.2,Bristol City,Coventry City,0,0,0,643329
2022-10-04T18:45:00Z,2022,eng.trophy,Oxford United,Chelsea U21,1,2,0,646589
2022-10-04T18:45:00Z,2022,eng.trophy,Portsmouth,Aston Villa U21,5,0,0,646591
2022-10-04T18:45:00Z,2022,eng.trophy,Colchester United,Charlton Athletic,2,1,0,646620
2022-10-04T18:45:00Z,2022,eng.5,Aldershot Town,Eastleigh,0,0,0,647120
2022-10-04T18:45:00Z,2022,eng.5,Southend United,Woking,1,1,0,647121
2022-10-04T18:45:00Z,2022,eng.5,Solihull Moors,Wealdstone,2,1,0,647122
2022-10-04T18:45:00Z,2022,eng.5,Oldham Athletic,Scunthorpe United,2,2,0,647123
2022-10-04T18:45:00Z,2022,eng.5,Notts County,Wrexham,1,0,0,647124
2022-10-04T18:45:00Z,2022,eng.5,Torquay United,Maidenhead United,2,3,0,647125
2022-10-04T18:45:00Z,2022,eng.5,FC Halifax Town,York City,1,0,0,647126
2022-10-04T18:45:00Z,2022,eng.5,Dorking Wanderers,Yeovil Town,1,1,0,647127
2022-10-04T18:45:00Z,2022,eng.5,Chesterfield,Dagenham & Redbridge,2,3,0,647128
2022-10-04T18:45:00Z,2022,eng.5,Boreham Wood,Bromley,0,2,0,647129
2022-10-04T18:45:00Z,2022,eng.5,Barnet,Maidstone United,4,3,0,647130
2022-10-04T18:45:00Z,2022,eng.5,Gateshead,Altrincham,1,3,0,647131
2022-10-04T19:00:00Z,2022,eng.2,Cardiff City,Blackburn Rovers,1,0,0,643330
2022-10-04T19:00:00Z,2022,eng.2,Reading,Norwich City,1,1,0,643331
2022-10-04T19:00:00Z,2022,uefa.champions,Ajax Amsterdam,Napoli,1,6,0,652620
2022-10-04T19:00:00Z,2022,uefa.champions,Internazionale,Barcelona,1,0,0,652621
2022-10-04T19:00:00Z,2022,uefa.champions,FC Porto,Bayer Leverkusen,2,0,0,652622
2022-10-04T19:00:00Z,2022,uefa.champions,Eintracht Frankfurt,Tottenham Hotspur,0,0,0,652623
2022-10-04T19:00:00Z,2022,uefa.champions,Club Brugge,Atlético Madrid,2,0,0,652624
2022-10-04T19:00:00Z,2022,uefa.champions,Liverpool,Rangers,2,0,0,652625
2022-10-04T19:00:00Z,2022,bol.1,Atlético Palmaflor,Royal Pari,1,1,0,654164
2022-10-04T19:30:00Z,2022,arg.1,Newell's Old Boys,Arsenal Sarandi,0,0,0,635573
2022-10-04T19:30:00Z,2022,arg.1,Godoy Cruz Antonio Tomba,San Lorenzo,0,0,0,635577
2022-10-04T20:15:00Z,2022,per.1,Deportivo Municipal,UTC,1,2,0,642027
2022-10-04T21:00:00Z,2022,ven.1,Deportivo La Guaira,Estudiantes de Mérida,1,0,0,654284
2022-10-04T22:00:00Z,2022,chi.1,Colo Colo,Universidad Católica,0,0,0,629264
2022-10-04T22:00:00Z,2022,bra.2,Grêmio,CSA,2,0,0,631202
2022-10-04T22:00:00Z,2022,bra.2,CRB,Chapecoense,2,1,0,631203
2022-10-04T22:00:00Z,2022,bra.2,Vila Nova,Criciúma,1,0,0,631204
2022-10-04T22:00:00Z,2022,bra.2,Brusque,Sport,0,1,0,631208
2022-10-04T22:00:00Z,2022,bra.2,Operário PR,Vasco da Gama,2,3,0,631210
2022-10-04T22:00:00Z,2022,arg.1,Sarmiento (Junín),Tigre,2,2,0,635570
2022-10-04T22:05:00Z,2022,mex.2,Leones Negros,Celaya,0,2,0,638418
2022-10-04T22:15:00Z,2022,bol.1,Nacional Potosí,Guabirá,3,1,0,654165
2022-10-04T22:30:00Z,2022,per.1,Cienciano del Cusco,Sport Huancayo,0,1,0,642023
2022-10-04T23:15:00Z,2022,ven.1,Inter de Barinas,Caracas FC,0,0,0,654285
2022-10-05T00:05:00Z,2022,mex.2,Pumas Tabasco,Dorados de Sinaloa,0,3,0,638416
2022-10-05T00:30:00Z,2022,bra.1,Juventude,Corinthians,2,2,0,630845
2022-10-05T00:30:00Z,2022,bra.2,Novorizontino,Bahia,1,1,0,631201
2022-10-05T00:30:00Z,2022,bra.2,Náutico,Tombense,4,3,0,631209
2022-10-05T00:30:00Z,2022,arg.1,Vélez Sarsfield,Banfield,1,0,0,635583
2022-10-05T00:30:00Z,2022,bol.1,Wilstermann,Bolívar,1,1,0,654166
2022-10-05T01:00:00Z,2022,per.1,César Vallejo,Alianza Lima,3,2,0,642030
2022-10-05T02:05:00Z,2022,mex.2,Venados FC,Tlaxcala FC,3,0,0,638417
2022-10-05T07:30:00Z,2022,chn.1,Changchun Yatai,Guangzhou,0,0,0,650803
2022-10-05T11:30:00Z,2022,chn.1,Meizhou Hakka,Shandong Taishan,1,2,0,650804
2022-10-05T11:30:00Z,2022,chn.1,Shanghai Port,Beijing Guoan,0,1,0,650805
2022-10-05T11:30:00Z,2022,chn.1,Wuhan Yangtze River,Chengdu Rongcheng,0,1,0,650806
2022-10-05T13:00:00Z,2022,afc.cup,Sogdiana Jizzakh,Kuala Lumpur City FC,0,0,0,653769
2022-10-05T15:00:00Z,2022,rsa.1,AmaZulu,Richards Bay FC,0,1,0,649424
2022-10-05T16:45:00Z,2022,uefa.champions,RB Leipzig,Celtic,3,1,0,652626
2022-10-05T16:45:00Z,2022,uefa.champions,RB Salzburg,Dinamo Zagreb,1,0,0,652627
2022-10-05T17:30:00Z,2022,rsa.1,Moroka Swallows,Kaizer Chiefs,1,2,0,649425
2022-10-05T18:45:00Z,2022,sco.1,Kilmarnock,St Johnstone,2,1,0,639090
2022-10-05T18:45:00Z,2022,eng.2,Burnley,Stoke City,1,1,0,643332
2022-10-05T18:45:00Z,2022,eng.2,Hull City,Wigan Athletic,2,1,0,643333
2022-10-05T18:45:00Z,2022,eng.2,Middlesbrough,Birmingham City,1,0,0,643334
2022-10-05T18:45:00Z,2022,eng.2,Rotherham United,Millwall,1,1,0,643336
2022-10-05T18:45:00Z,2022,eng.2,Watford,Swansea City,1,2,0,643337
2022-10-05T19:00:00Z,2022,eng.2,Preston North End,West Bromwich Albion,1,0,0,643335
2022-10-05T19:00:00Z,2022,uefa.champions,Manchester City,F.C. København,5,0,0,652628
2022-10-05T19:00:00Z,2022,uefa.champions,Sevilla,Borussia Dortmund,1,4,0,652629
2022-10-05T19:00:00Z,2022,uefa.champions,Benfica,Paris Saint-Germain,1,1,0,652630
2022-10-05T19:00:00Z,2022,uefa.champions,Chelsea,AC Milan,3,0,0,652631
2022-10-05T19:00:00Z,2022,uefa.champions,Juventus,Maccabi Haifa,3,1,0,652632
2022-10-05T19:00:00Z,2022,uefa.champions,Real Madrid,Shakhtar Donetsk,2,1,0,652633
2022-10-05T19:30:00Z,2022,arg.1,Colón (Santa Fe),Patronato,1,0,0,635580
2022-10-05T20:00:00Z,2022,per.1,ADT,Melgar,1,1,0,642026
2022-10-05T20:30:00Z,2022,per.1,Ayacucho FC,Sporting Cristal,0,1,0,642024
2022-10-05T20:30:00Z,2022,par.1,General Caballero JLM,Guaireña,0,0,0,647608
2022-10-05T21:00:00Z,2022,ven.1,Metropolitanos,Carabobo,1,0,0,654286
2022-10-05T21:30:00Z,2022,slv.1,Once Deportivo,Isidro Metapán,1,1,0,653984
2022-10-05T22:00:00Z,2022,bra.1,Red Bull Bragantino,Cuiabá,2,1,0,630847
2022-10-05T22:00:00Z,2022,bra.1,Atlético Goianiense,Fluminense,3,2,0,630848
2022-10-05T22:00:00Z,2022,bra.1,Ceará,Goiás,1,1,0,630850
2022-10-05T22:00:00Z,2022,arg.1,Defensa y Justicia,Racing Club,3,3,0,635579
2022-10-05T22:00:00Z,2022,arg.1,Atlético Tucumán,Platense,2,1,0,635581
2022-10-05T22:00:00Z,2022,mex.2,Durango,Club Atlético Morelia,0,0,0,638421
2022-10-05T22:00:00Z,2022,bol.1,Real Tomayapo,Always Ready,0,0,0,654167
2022-10-05T22:30:00Z,2022,bra.1,Athletico-PR,Fortaleza,1,1,0,630849
2022-10-05T23:00:00Z,2022,usa.1,Charlotte FC,Columbus Crew,2,2,0,623471
2022-10-05T23:00:00Z,2022,par.1,Cerro Porteño,Sportivo Ameliano,2,1,0,647607
2022-10-05T23:00:00Z,2022,par.1,Club Olimpia,Tacuary,1,0,0,647609
2022-10-05T23:15:00Z,2022,ven.1,Zamora FC,Monagas SC,1,1,0,654287
2022-10-05T23:30:00Z,2022,usa.usl.1,Louisville City FC,Detroit City FC,2,1,0,627883
2022-10-05T23:30:00Z,2022,bol.1,Aurora,The Strongest,0,0,0,654168
2022-10-06T00:00:00Z,2022,usa.1,Inter Miami CF,Orlando City SC,4,1,0,623567
2022-10-06T00:00:00Z,2022,usa.usl.1,Memphis 901 FC,Rio Grande Valley FC Toros,2,2,0,627885
2022-10-06T00:05:00Z,2022,mex.2,Alebrijes de Oaxaca,Raya2,0,1,0,638419
2022-10-06T00:30:00Z,2022,col.1,Independiente Santa Fe,Millonarios,3,2,0,626689
2022-10-06T00:30:00Z,2022,bra.1,Santos,Atlético-MG,1,2,0,630843
2022-10-06T00:30:00Z,2022,bra.1,Flamengo,Internacional,0,0,0,630851
2022-10-06T00:30:00Z,2022,bra.2,Cruzeiro,Ituano,1,1,0,631205
2022-10-06T00:30:00Z,2022,arg.1,River Plate,Estudiantes de La Plata,5,0,0,635572
2022-10-06T00:30:00Z,2022,arg.1,Independiente,Central Córdoba (Santiago del Estero),1,2,0,635575
2022-10-06T00:30:00Z,2022,bol.1,Oriente Petrolero,Real Santa Cruz,3,1,0,654169
2022-10-06T01:00:00Z,2022,usa.usl.1,El Paso Locomotive FC,Colorado Springs Switchbacks FC,1,4,0,627884
2022-10-06T01:00:00Z,2022,gua.1,Comunicaciones,Xinabajul,1,0,0,641015
2022-10-06T01:00:00Z,2022,per.1,Universitario,Carlos A. Mannucci,3,0,0,642028
2022-10-06T02:00:00Z,2022,usa.usl.l1,FC Tucson,Central Valley Fuego FC,0,2,0,625621
2022-10-06T02:05:00Z,2022,mex.2,Correcaminos UAT,Club Atlético La Paz,4,2,0,638420
2022-10-06T15:30:00Z,2022,ksa.1,Al Tai,Al Khaleej,3,0,0,663179
2022-10-06T15:30:00Z,2022,ksa.1,Al Taawoun,Al Wehda,2,0,0,663180
2022-10-06T16:45:00Z,2022,uefa.europa,SK Sturm Graz,Lazio,0,0,0,652714
2022-10-06T16:45:00Z,2022,uefa.europa,Sheriff Tiraspol,Real Sociedad,0,2,0,652715
2022-10-06T16:45:00Z,2022,uefa.europa,AS Monaco,Trabzonspor,3,1,0,652716
2022-10-06T16:45:00Z,2022,uefa.europa,FC Zürich,PSV Eindhoven,1,5,0,652717
2022-10-06T16:45:00Z,2022,uefa.europa,Red Star Belgrade,Ferencvaros,4,1,0,652718
2022-10-06T16:45:00Z,2022,uefa.europa,Omonia Nicosia,Manchester United,2,3,0,652719
2022-10-06T16:45:00Z,2022,uefa.europa,HJK Helsinki,Ludogorets Razgrad,1,1,0,652720
2022-10-06T16:45:00Z,2022,uefa.europa,Malmö FF,1. FC Union Berlin,0,1,0,652721
2022-10-06T16:45:00Z,2022,uefa.europa.conf,Molde,Shamrock Rovers,3,0,0,652810
2022-10-06T16:45:00Z,2022,uefa.europa.conf,Silkeborg IF,FCSB,5,0,0,652811
2022-10-06T16:45:00Z,2022,uefa.europa.conf,Anderlecht,West Ham United,0,1,0,652812
2022-10-06T16:45:00Z,2022,uefa.europa.conf,Pyunik,Zalgiris Vilnius,2,0,0,652813
2022-10-06T16:45:00Z,2022,uefa.europa.conf,Lech Poznan,Hapoel Be'er,0,0,0,652814
2022-10-06T16:45:00Z,2022,uefa.europa.conf,Sivasspor,Ballkani,3,4,0,652815
2022-10-06T16:45:00Z,2022,uefa.europa.conf,Slovacko,Nice,0,1,0,652816
2022-10-06T16:45:00Z,2022,uefa.europa.conf,SC Dnipro-1,FC Vaduz,2,2,0,652817
2022-10-06T18:00:00Z,2022,per.1,Sport Boys,Alianza Atlético,2,0,0,642031
2022-10-06T18:00:00Z,2022,ksa.1,Al Ettifaq,Al Hilal,0,0,0,663181
2022-10-06T18:00:00Z,2022,ksa.1,Al Shabab,Al Raed,1,0,0,663182
2022-10-06T18:00:00Z,2022,ksa.1,Al Batin,Damac,2,2,0,663183
2022-10-06T19:00:00Z,2022,uefa.europa,Braga,Union St.-Gilloise,1,2,0,652722
2022-10-06T19:00:00Z,2022,uefa.europa,AS Roma,Real Betis,1,2,0,652723
2022-10-06T19:00:00Z,2022,uefa.europa,Stade Rennais,Dynamo Kyiv,2,1,0,652724
2022-10-06T19:00:00Z,2022,uefa.europa,Arsenal,Bodo/Glimt,3,0,0,652725
2022-10-06T19:00:00Z,2022,uefa.europa,FC Midtjylland,Feyenoord Rotterdam,2,2,0,652726
2022-10-06T19:00:00Z,2022,uefa.europa,Fenerbahce,AEK Larnaca,2,0,0,652727
2022-10-06T19:00:00Z,2022,uefa.europa,Olympiacos,FK Qarabag,0,3,0,652728
2022-10-06T19:00:00Z,2022,uefa.europa,SC Freiburg,Nantes,2,0,0,652729
2022-10-06T19:00:00Z,2022,uefa.europa.conf,KAA Gent,Djurgården,0,1,0,652818
2022-10-06T19:00:00Z,2022,uefa.europa.conf,Heart of Midlothian,Fiorentina,0,3,0,652819
2022-10-06T19:00:00Z,2022,uefa.europa.conf,Rigas Futbola Skola,Istanbul Basaksehir,0,0,0,652820
2022-10-06T19:00:00Z,2022,uefa.europa.conf,FC Basel,Slovan Bratislava,0,2,0,652821
2022-10-06T19:00:00Z,2022,uefa.europa.conf,AZ Alkmaar,Apollon Limassol,3,2,0,652822
2022-10-06T19:00:00Z,2022,uefa.europa.conf,FC Cologne,Partizan Belgrade,0,1,0,652823
2022-10-06T19:00:00Z,2022,uefa.europa.conf,Villarreal,Austria Vienna,5,0,0,652824
2022-10-06T19:00:00Z,2022,uefa.europa.conf,Slavia Prague,CFR Cluj-Napoca,0,1,0,652825
2022-10-06T20:30:00Z,2022,par.1,Resistencia SC,Libertad,1,0,0,647610
2022-10-06T20:30:00Z,2022,par.1,Sol de América,Nacional Asunción,2,3,0,647611
2022-10-06T21:00:00Z,2022,ven.1,Deportivo Táchira,Portuguesa,0,0,0,654288
2022-10-06T22:00:00Z,2022,bra.1,Palmeiras,Coritiba,4,0,0,630846
2022-10-06T22:00:00Z,2022,arg.1,Lanús,Argentinos Juniors,0,4,0,635574
2022-10-06T22:00:00Z,2022,arg.1,Huracán,Talleres (Córdoba),1,0,0,635576
2022-10-06T22:15:00Z,2022,bol.1,Blooming,Universitario de Vinto,0,0,0,654170
2022-10-06T22:30:00Z,2022,col.1,Atlético Bucaramanga,Águilas Doradas,0,1,0,626850
2022-10-06T23:00:00Z,2022,bra.1,Avaí,Botafogo,1,2,0,630844
2022-10-06T23:00:00Z,2022,bra.1,América Mineiro,São Paulo,1,2,0,630852
2022-10-06T23:00:00Z,2022,par.1,12 de Octubre,Guaraní,0,1,0,647606
2022-10-06T23:15:00Z,2022,ven.1,Academia Puerto Cabello,Deportivo Lara,3,1,0,654289
2022-10-07T00:00:00Z,2022,mex.2,Tepatitlán FC,Cimarrones de Sonora,0,2,0,638422
2022-10-07T00:30:00Z,2022,bol.1,Universitario de Sucre,Independiente Petrolero,2,1,0,654171
2022-10-07T01:00:00Z,2022,col.1,Atlético Nacional,Independiente Medellín,3,2,0,626673
2022-10-07T08:45:00Z,2022,aus.1,Melbourne City FC,Western United,2,1,0,650480
2022-10-07T14:00:00Z,2022,arg.2,Mitre (Santiago del Estero),Alvarado (Mar del Plata),0,0,0,630422
2022-10-07T14:00:00Z,2022,ind.1,Kerala Blasters FC,SC East Bengal,3,1,0,653325
2022-10-07T14:30:00Z,2022,rus.1,FC Ural Ekaterinburg,FC Khimki,2,1,0,641200
2022-10-07T15:30:00Z,2022,ksa.1,Abha,Al Nassr,0,3,0,663184
2022-10-07T16:30:00Z,2022,ger.2,SSV Jahn Regensburg,SpVgg Greuther Fürth,2,2,0,638836
2022-10-07T16:30:00Z,2022,ger.2,Arminia Bielefeld,Karlsruher SC,1,2,0,638840
2022-10-07T17:00:00Z,2022,den.1,Lyngby Boldklub,Viborg FF,1,1,0,636970
2022-10-07T17:00:00Z,2022,tur.1,Gaziantep FK,Adana Demirspor,1,1,0,645964
2022-10-07T17:30:00Z,2022,rsa.1,SuperSport United,Sekhukhune United FC,3,1,0,649426
2022-10-07T18:00:00Z,2022,ned.1,FC Groningen,RKC Waalwijk,2,3,0,637267
2022-10-07T18:00:00Z,2022,ned.2,ADO Den Haag,FC Eindhoven,1,0,0,637594
2022-10-07T18:00:00Z,2022,ned.2,FC Dordrecht,PEC Zwolle,3,0,0,637595
2022-10-07T18:00:00Z,2022,ned.2,Willem II,FC Den Bosch,1,2,0,637596
2022-10-07T18:00:00Z,2022,ned.2,TOP Oss,MVV Maastricht,0,1,0,637597
2022-10-07T18:00:00Z,2022,ned.2,Roda JC Kerkrade,VVV-Venlo,4,1,0,637598
2022-10-07T18:00:00Z,2022,ned.2,Jong PSV,Telstar,0,2,0,637599
2022-10-07T18:00:00Z,2022,ned.2,Jong FC Utrecht,Almere City,0,2,0,637600
2022-10-07T18:00:00Z,2022,ned.2,Jong Ajax,Helmond Sport,0,1,0,637601
2022-10-07T18:00:00Z,2022,ned.2,Jong AZ,NAC Breda,4,0,0,637602
2022-10-07T18:00:00Z,2022,ned.2,Heracles Almelo,De Graafschap,3,2,0,637603
2022-10-07T18:00:00Z,2022,ksa.1,Al Ittihad,Al Fateh,3,1,0,663185
2022-10-07T18:00:00Z,2022,ksa.1,Al Adalah,Al Fayha,2,1,0,663186
2022-10-07T18:30:00Z,2022,ger.1,TSG Hoffenheim,Werder Bremen,1,2,0,638511
2022-10-07T18:30:00Z,2022,ita.2,Genoa,Cagliari,0,0,0,649676
2022-10-07T18:45:00Z,2022,sco.2,Inverness Caledonian Thistle,Partick Thistle,1,0,0,639477
2022-10-07T18:45:00Z,2022,bel.1,Antwerp,Sint-Truidense,2,0,0,641440
2022-10-07T19:00:00Z,2022,fra.1,Lyon,Toulouse,1,1,0,639705
2022-10-07T19:00:00Z,2022,eng.2,Queens Park Rangers,Reading,2,1,0,643345
2022-10-07T19:00:00Z,2022,esp.1,Osasuna,Valencia,1,2,0,643847
2022-10-07T19:00:00Z,2022,esp.2,Sporting Gijón,Villarreal B,3,1,0,644244
2022-10-07T19:00:00Z,2022,uru.1,Deportivo Maldonado,Cerro Largo,0,1,0,651068
2022-10-07T19:00:00Z,2022,bol.1,Atlético Palmaflor,Bolívar,1,1,0,654172
2022-10-07T19:15:00Z,2022,por.1,Gil Vicente,Estoril,0,1,0,646749
2022-10-07T20:30:00Z,2022,per.1,UTC,Cienciano del Cusco,2,1,0,642036
2022-10-07T21:00:00Z,2022,col.1,Envigado FC,Patriotas,3,2,0,626698
2022-10-07T21:00:00Z,2022,ven.1,Caracas FC,Estudiantes de Mérida,1,2,0,654290
2022-10-07T22:00:00Z,2022,chi.1,Huachipato,Coquimbo Unido,0,1,0,629251
2022-10-07T22:00:00Z,2022,bra.2,Criciúma,Náutico,2,1,0,631197
2022-10-07T22:00:00Z,2022,mex.2,Mineros de Zacatecas,Cancún FC,4,0,0,638423
2022-10-07T23:15:00Z,2022,uru.1,Cerrito,Albion FC,0,0,0,651070
2022-10-07T23:15:00Z,2022,ven.1,Inter de Barinas,Deportivo La Guaira,4,0,0,654291
2022-10-08T00:00:00Z,2022,ecu.1,Delfín,Liga de Quito,3,0,0,635964
2022-10-08T00:30:00Z,2022,bra.2,CSA,Sampaio Corrêa,0,0,0,631199
2022-10-08T00:45:00Z,2022,col.1,Jaguares de Córdoba,Internacional de Bogotá,1,1,0,626696
2022-10-08T01:00:00Z,2022,hon.1,Real España,C.D.Real Sociedad,1,3,0,648251
2022-10-08T05:00:00Z,2022,jpn.1,Kyoto Sanga,Nagoya Grampus,1,1,0,629001
2022-10-08T05:00:00Z,2022,jpn.1,Kawasaki Frontale,Shimizu S-Pulse,3,2,0,629002
2022-10-08T05:00:00Z,2022,jpn.1,Jubilo Iwata,Kashima Antlers,3,3,0,629004
2022-10-08T05:00:00Z,2022,jpn.1,Consadole Sapporo,Avispa Fukuoka,1,2,0,629006
2022-10-08T05:00:00Z,2022,jpn.1,Yokohama F. Marinos,Gamba Osaka,0,2,0,629008
2022-10-08T05:00:00Z,2022,jpn.1,Vissel Kobe,Sanfrecce Hiroshima,4,0,0,629009
2022-10-08T06:00:00Z,2022,jpn.1,FC Tokyo,Shonan Bellmare,0,2,0,629005
2022-10-08T06:00:00Z,2022,jpn.1,Urawa Red Diamonds,Sagan Tosu,2,1,0,629007
2022-10-08T06:00:00Z,2022,aus.1,Brisbane Roar,Macarthur FC,0,0,0,650481
2022-10-08T07:00:00Z,2022,jpn.1,Kashiwa Reysol,Cerezo Osaka,0,0,0,629003
2022-10-08T08:45:00Z,2022,aus.1,Sydney FC,Melbourne Victory,2,3,0,650483
2022-10-08T11:00:00Z,2022,ger.2,SV Darmstadt 98,Fortuna Düsseldorf,1,0,0,638835
2022-10-08T11:00:00Z,2022,ger.2,TSV Eintracht Braunschweig,St. Pauli,2,1,0,638839
2022-10-08T11:00:00Z,2022,ger.2,Hansa Rostock,SC Paderborn 07,0,3,0,638842
2022-10-08T11:00:00Z,2022,rus.1,Fakel Voronezh,Zenit St Petersburg,1,1,0,641193
2022-10-08T11:30:00Z,2022,sco.1,St Johnstone,Celtic,1,2,0,639109
2022-10-08T11:30:00Z,2022,tur.1,Istanbulspor,Ankaragucu,1,2,0,645968
2022-10-08T11:30:00Z,2022,eng.5,Dagenham & Redbridge,Southend United,1,1,0,647134
2022-10-08T11:30:00Z,2022,chn.1,Henan,Hebei FC,1,0,0,650807
2022-10-08T12:00:00Z,2022,esp.1,Almería,Rayo Vallecano,3,1,0,643846
2022-10-08T12:00:00Z,2022,ita.2,Brescia,Cittadella,1,1,0,649678
2022-10-08T12:00:00Z,2022,ita.2,Pisa,Parma,0,0,0,649679
2022-10-08T12:00:00Z,2022,ita.2,Ternana,Palermo,3,0,0,649681
2022-10-08T12:00:00Z,2022,ita.2,Ascoli,Modena,1,2,0,649684
2022-10-08T12:00:00Z,2022,ita.2,Venezia,Bari,1,2,0,649685
2022-10-08T12:00:00Z,2022,chn.1,Cangzhou Mighty Lions,Guangzhou City,0,0,0,650808
2022-10-08T12:00:00Z,2022,chn.1,Tianjin Jinmen Tiger,Wuhan Three Towns,0,1,0,650809
2022-10-08T13:00:00Z,2022,swe.1,Degerfors IF,IK Sirius,0,0,0,628398
2022-10-08T13:00:00Z,2022,fra.2,Bordeaux,Metz,2,0,0,640099
2022-10-08T13:00:00Z,2022,ita.1,Sassuolo,Internazionale,1,2,0,644698
2022-10-08T13:30:00Z,2022,ger.1,VfL Bochum,Eintracht Frankfurt,3,0,0,638509
2022-10-08T13:30:00Z,2022,ger.1,FC Augsburg,VfL Wolfsburg,1,1,0,638512
2022-10-08T13:30:00Z,2022,ger.1,Bayer Leverkusen,Schalke 04,4,0,0,638515
2022-10-08T13:30:00Z,2022,ger.1,Mainz,RB Leipzig,1,1,0,638516
2022-10-08T13:30:00Z,2022,rus.1,CSKA Moscow,Dinamo Moscow,1,1,0,641194
2022-10-08T13:30:00Z,2022,rsa.1,TS Galaxy FC,Moroka Swallows,0,0,0,649431
2022-10-08T14:00:00Z,2022,bra.2,Chapecoense,Operário PR,1,1,0,631198
2022-10-08T14:00:00Z,2022,eng.1,Newcastle United,Brentford,5,1,0,637911
2022-10-08T14:00:00Z,2022,eng.1,Manchester City,Southampton,4,0,0,637912
2022-10-08T14:00:00Z,2022,eng.1,Chelsea,Wolverhampton Wanderers,3,0,0,637915
2022-10-08T14:00:00Z,2022,eng.1,AFC Bournemouth,Leicester City,2,1,0,637917
2022-10-08T14:00:00Z,2022,sco.1,Hibernian,Motherwell,1,0,0,639105
2022-10-08T14:00:00Z,2022,sco.1,Livingston,Ross County,0,1,0,639107
2022-10-08T14:00:00Z,2022,sco.1,Rangers,St Mirren,4,0,0,639108
2022-10-08T14:00:00Z,2022,sco.2,Arbroath,Dundee,1,1,0,639475
2022-10-08T14:00:00Z,2022,sco.2,Ayr United,Queen's Park,5,0,0,639476
2022-10-08T14:00:00Z,2022,sco.2,Greenock Morton,Hamilton Academical,5,0,0,639478
2022-10-08T14:00:00Z,2022,sco.2,Raith Rovers,Cove Rangers,3,0,0,639479
2022-10-08T14:00:00Z,2022,bel.1,Racing Genk,KV Kortrijk,2,1,0,641436
2022-10-08T14:00:00Z,2022,eng.4,Barrow,Mansfield Town,0,1,0,642222
2022-10-08T14:00:00Z,2022,eng.4,Bradford City,Stockport County,0,1,0,642223
2022-10-08T14:00:00Z,2022,eng.4,Colchester United,Harrogate Town,2,1,0,642224
2022-10-08T14:00:00Z,2022,eng.4,Crewe Alexandra,Gillingham,1,1,0,642225
2022-10-08T14:00:00Z,2022,eng.4,Doncaster Rovers,Leyton Orient,1,1,0,642226
2022-10-08T14:00:00Z,2022,eng.4,Hartlepool United,Carlisle United,1,3,0,642227
2022-10-08T14:00:00Z,2022,eng.4,Walsall,AFC Wimbledon,3,1,0,642228
2022-10-08T14:00:00Z,2022,eng.4,Newport County,Rochdale,0,1,0,642229
2022-10-08T14:00:00Z,2022,eng.4,Northampton Town,Salford City,0,1,0,642230
2022-10-08T14:00:00Z,2022,eng.4,Stevenage,Swindon Town,2,0,0,642231
2022-10-08T14:00:00Z,2022,eng.4,Sutton United,Tranmere Rovers,0,2,0,642232
2022-10-08T14:00:00Z,2022,eng.4,Grimsby Town,Crawley Town,3,0,0,642233
2022-10-08T14:00:00Z,2022,eng.3,Derby County,Port Vale,1,2,0,642774
2022-10-08T14:00:00Z,2022,eng.3,Forest Green Rovers,Bolton Wanderers,1,0,0,642775
2022-10-08T14:00:00Z,2022,eng.3,Lincoln City,Charlton Athletic,0,0,0,642776
2022-10-08T14:00:00Z,2022,eng.3,Morecambe,Ipswich Town,1,2,0,642777
2022-10-08T14:00:00Z,2022,eng.3,Shrewsbury Town,Milton Keynes Dons,2,1,0,642778
2022-10-08T14:00:00Z,2022,eng.3,Oxford United,Wycombe Wanderers,0,1,0,642779
2022-10-08T14:00:00Z,2022,eng.3,Plymouth Argyle,Accrington Stanley,3,0,0,642780
2022-10-08T14:00:00Z,2022,eng.3,Portsmouth,Fleetwood Town,1,1,0,642781
2022-10-08T14:00:00Z,2022,eng.3,Bristol Rovers,Cambridge United,2,1,0,642782
2022-10-08T14:00:00Z,2022,eng.3,Barnsley,Exeter City,0,2,0,642783
2022-10-08T14:00:00Z,2022,eng.3,Sheffield Wednesday,Cheltenham Town,3,0,0,642784
2022-10-08T14:00:00Z,2022,eng.3,Peterborough United,Burton Albion,1,1,0,642785
2022-10-08T14:00:00Z,2022,eng.2,Birmingham City,Bristol City,3,0,0,643338
2022-10-08T14:00:00Z,2022,eng.2,Blackburn Rovers,Rotherham United,3,0,0,643339
2022-10-08T14:00:00Z,2022,eng.2,Blackpool,Watford,3,1,0,643340
2022-10-08T14:00:00Z,2022,eng.2,Coventry City,Burnley,0,1,0,643341
2022-10-08T14:00:00Z,2022,eng.2,Millwall,Middlesbrough,2,0,0,643343
2022-10-08T14:00:00Z,2022,eng.2,Norwich City,Preston North End,2,3,0,643344
2022-10-08T14:00:00Z,2022,eng.2,Stoke City,Sheffield United,3,1,0,643346
2022-10-08T14:00:00Z,2022,eng.2,Swansea City,Sunderland,2,1,0,643347
2022-10-08T14:00:00Z,2022,eng.2,West Bromwich Albion,Luton Town,0,0,0,643348
2022-10-08T14:00:00Z,2022,eng.2,Wigan Athletic,Cardiff City,1,3,0,643349
2022-10-08T14:00:00Z,2022,tur.1,Antalyaspor,Konyaspor,1,1,0,645962
2022-10-08T14:00:00Z,2022,eng.5,Maidenhead United,Oldham Athletic,1,1,0,647132
2022-10-08T14:00:00Z,2022,eng.5,Eastleigh,Chesterfield,2,1,0,647133
2022-10-08T14:00:00Z,2022,eng.5,Bromley,Gateshead,1,1,0,647135
2022-10-08T14:00:00Z,2022,eng.5,Altrincham,Dorking Wanderers,4,1,0,647136
2022-10-08T14:00:00Z,2022,eng.5,Maidstone United,FC Halifax Town,1,1,0,647137
2022-10-08T14:00:00Z,2022,eng.5,York City,Torquay United,1,0,0,647138
2022-10-08T14:00:00Z,2022,eng.5,Yeovil Town,Solihull Moors,1,0,0,647139
2022-10-08T14:00:00Z,2022,eng.5,Wrexham,Barnet,7,5,0,647140
2022-10-08T14:00:00Z,2022,eng.5,Woking,Notts County,2,3,0,647141
2022-10-08T14:00:00Z,2022,eng.5,Wealdstone,Boreham Wood,1,2,0,647142
2022-10-08T14:00:00Z,2022,eng.5,Scunthorpe United,Aldershot Town,3,3,0,647143
2022-10-08T14:00:00Z,2022,gre.1,Panetolikos,Volos NFC,2,3,0,650272
2022-10-08T14:00:00Z,2022,uru.1,Rentistas,River Plate,0,5,0,651072
2022-10-08T14:00:00Z,2022,ind.1,Bengaluru FC,NorthEast United FC,1,0,0,653326
2022-10-08T14:15:00Z,2022,esp.1,Atlético Madrid,Girona,2,1,0,643850
2022-10-08T14:15:00Z,2022,esp.2,Ponferradina,Granada,0,0,0,644241
2022-10-08T14:15:00Z,2022,ita.2,Frosinone,SPAL,2,0,0,649680
2022-10-08T14:15:00Z,2022,ita.2,Reggina,Cosenza,3,0,0,649683
2022-10-08T14:30:00Z,2022,ned.1,FC Volendam,Ajax Amsterdam,2,4,0,637268
2022-10-08T14:30:00Z,2022,por.1,Santa Clara,Sporting CP,1,2,0,646742
2022-10-08T15:00:00Z,2022,fra.1,Marseille,AC Ajaccio,1,2,0,639709
2022-10-08T15:00:00Z,2022,aut.1,SK Austria Klagenfurt,Austria Lustenau,2,1,0,641819
2022-10-08T15:00:00Z,2022,aut.1,LASK Linz,TSV Hartberg,0,3,0,641821
2022-10-08T15:00:00Z,2022,aut.1,SC Rheindorf Altach,RB Salzburg,2,3,0,641823
2022-10-08T16:00:00Z,2022,nor.1,Sarpsborg FK,Haugesund,4,0,0,628027
2022-10-08T16:00:00Z,2022,arg.1,Barracas Central,Sarmiento (Junín),1,1,0,635597
2022-10-08T16:00:00Z,2022,rus.1,Sochi,Lokomotiv Moscow,4,0,0,641197
2022-10-08T16:00:00Z,2022,ita.1,AC Milan,Juventus,2,0,0,644702
2022-10-08T16:15:00Z,2022,bel.1,Zulte-Waregem,OH Leuven,2,5,0,641441
2022-10-08T16:15:00Z,2022,bel.1,RFC Seraing,KV Oostende,1,1,0,641443
2022-10-08T16:30:00Z,2022,eng.1,Brighton & Hove Albion,Tottenham Hotspur,0,1,0,637916
2022-10-08T16:30:00Z,2022,ger.1,Borussia Dortmund,Bayern Munich,2,2,0,638514
2022-10-08T16:30:00Z,2022,esp.1,Sevilla,Athletic Club,1,1,0,643845
2022-10-08T16:30:00Z,2022,esp.2,Huesca,Lugo,1,1,0,644245
2022-10-08T16:30:00Z,2022,esp.2,Las Palmas,UD Ibiza,0,0,0,644249
2022-10-08T16:30:00Z,2022,gre.1,Ionikos FC,Lamia,1,1,0,650269
2022-10-08T16:45:00Z,2022,ned.1,Sparta Rotterdam,FC Emmen,3,1,0,637270
2022-10-08T17:00:00Z,2022,den.1,F.C. København,FC Nordsjælland,1,1,0,636971
2022-10-08T17:00:00Z,2022,sco.1,Dundee United,Aberdeen,4,0,0,639104
2022-10-08T17:00:00Z,2022,fra.2,US Quevilly,Nimes,3,1,0,640091
2022-10-08T17:00:00Z,2022,fra.2,Pau,Rodez Aveyron,2,2,0,640092
2022-10-08T17:00:00Z,2022,fra.2,Paris FC,Valenciennes,0,1,0,640093
2022-10-08T17:00:00Z,2022,fra.2,Le Havre AC,Bastia,3,0,0,640094
2022-10-08T17:00:00Z,2022,fra.2,Guingamp,Annecy,0,4,0,640095
2022-10-08T17:00:00Z,2022,fra.2,Grenoble,Stade Laval,3,2,0,640096
2022-10-08T17:00:00Z,2022,fra.2,Caen,Niort,1,0,0,640097
2022-10-08T17:00:00Z,2022,fra.2,SC Amiens,Dijon FCO,2,1,0,640098
2022-10-08T17:00:00Z,2022,tur.1,Giresunspor,Besiktas,0,1,0,645965
2022-10-08T17:00:00Z,2022,por.1,Portimonense,FC Porto,0,2,0,646743
2022-10-08T17:00:00Z,2022,por.1,Benfica,Rio Ave,4,2,0,646746
2022-10-08T18:00:00Z,2022,chi.1,Universidad Católica,Ñublense,2,2,0,629257
2022-10-08T18:00:00Z,2022,arg.2,Agropecuario,Deportivo Morón,0,0,0,630411
2022-10-08T18:00:00Z,2022,arg.2,Atletico Rafaela,Deportivo Riestra,0,2,0,630413
2022-10-08T18:00:00Z,2022,arg.2,Brown de Adrogué,Almirante Brown,0,0,0,630414
2022-10-08T18:00:00Z,2022,arg.2,Chacarita Juniors,Villa Dálmine,0,0,0,630415
2022-10-08T18:00:00Z,2022,arg.2,Estudiantes (Buenos Aires),All Boys,2,0,0,630417
2022-10-08T18:00:00Z,2022,arg.2,Quilmes,Deportivo Maipú,1,0,0,630423
2022-10-08T18:00:00Z,2022,arg.2,San Martín (San Juan),San Telmo,2,1,0,630425
2022-10-08T18:00:00Z,2022,ecu.1,Cumbayá,Universidad Católica (Quito),0,0,0,635965
2022-10-08T18:00:00Z,2022,rsa.1,Orlando Pirates,Richards Bay FC,0,0,0,649428
2022-10-08T18:10:00Z,2022,arg.3,Villa San Carlos,Talleres de Remedios,0,0,0,654425
2022-10-08T18:15:00Z,2022,per.1,Academia Cantolao,César Vallejo,0,1,0,642032
2022-10-08T18:30:00Z,2022,ger.2,Hamburg SV,Kaiserslautern,1,1,0,638837
2022-10-08T18:30:00Z,2022,arg.3,Cañuelas,Defensores Unidos,0,0,0,654423
2022-10-08T18:45:00Z,2022,bel.1,Club Brugge,KVC Westerlo,0,2,0,641438
2022-10-08T18:45:00Z,2022,ita.1,Bologna,Sampdoria,1,1,0,644705
2022-10-08T19:00:00Z,2022,col.1,Cortuluá,Once Caldas,0,1,0,626697
2022-10-08T19:00:00Z,2022,bra.2,Bahia,Brusque,1,0,0,631191
2022-10-08T19:00:00Z,2022,arg.1,San Lorenzo,Vélez Sarsfield,1,0,0,635589
2022-10-08T19:00:00Z,2022,ned.1,NEC Nijmegen,Excelsior,1,1,0,637269
2022-10-08T19:00:00Z,2022,fra.1,Stade de Reims,Paris Saint-Germain,0,0,0,639701
2022-10-08T19:00:00Z,2022,esp.1,Getafe,Real Madrid,0,1,0,643841
2022-10-08T19:00:00Z,2022,esp.2,Burgos,Alavés,3,0,0,644248
2022-10-08T19:00:00Z,2022,uru.1,Danubio,Fénix ,1,1,0,651069
2022-10-08T19:00:00Z,2022,bol.1,Always Ready,The Strongest,1,3,0,654173
2022-10-08T19:00:00Z,2022,bol.1,Real Santa Cruz,Nacional Potosí,2,1,0,654174
2022-10-08T19:30:00Z,2022,bra.2,Londrina,Grêmio,1,1,0,631194
2022-10-08T19:30:00Z,2022,por.1,Paços de Ferreira,Vitória de Guimaraes,0,1,0,646750
2022-10-08T20:30:00Z,2022,ecu.1,Macará,9 de Octubre,3,1,0,635971
2022-10-08T21:00:00Z,2022,slv.1,CD Dragon,Jocoro FC,1,0,0,653990
2022-10-08T21:00:00Z,2022,slv.1,Atletico Marte,Once Deportivo,1,0,0,653991
2022-10-08T21:00:00Z,2022,ven.1,Metropolitanos,Zamora FC,0,0,0,654292
2022-10-08T21:15:00Z,2022,arg.1,Unión (Santa Fe),Arsenal Sarandi,1,0,0,635586
2022-10-08T21:15:00Z,2022,slv.1,Luis Ángel Firpo,Chalatenango,0,0,0,645856
2022-10-08T21:30:00Z,2022,bra.2,Tombense,CRB,1,2,0,631192
2022-10-08T21:30:00Z,2022,bra.2,Ituano,Guarani,2,1,0,631195
2022-10-08T21:30:00Z,2022,bra.2,Vasco da Gama,Novorizontino,3,0,0,631196
2022-10-08T22:00:00Z,2022,bra.1,Cuiabá,Flamengo,1,2,0,630839
2022-10-08T22:00:00Z,2022,bra.2,Ponte Preta,Vila Nova,1,1,0,631200
2022-10-08T22:30:00Z,2022,uru.1,Nacional,Defensor Sporting,1,1,0,651074
2022-10-08T23:00:00Z,2022,usa.usl.l1,Greenville Triumph,Charlotte Independence,1,0,0,625616
2022-10-08T23:00:00Z,2022,usa.usl.l1,North Carolina FC,Chattanooga Red Wolves,0,1,0,625617
2022-10-08T23:00:00Z,2022,usa.usl.1,Indy Eleven,Charleston Battery,4,1,0,627886
2022-10-08T23:00:00Z,2022,usa.usl.1,Hartford Athletic,Oakland Roots,1,3,0,627887
2022-10-08T23:00:00Z,2022,chi.1,Unión Española,O'Higgins,0,0,0,629253
2022-10-08T23:00:00Z,2022,ecu.1,Deportivo Cuenca,Barcelona SC,2,1,0,635967
2022-10-08T23:00:00Z,2022,hon.1,UPNFM,Club Deportivo Victoria,2,2,0,648254
2022-10-08T23:30:00Z,2022,usa.usl.1,Tampa Bay Rowdies,Loudoun United FC,8,0,0,627891
2022-10-08T23:30:00Z,2022,arg.1,Platense,Colón (Santa Fe),1,2,0,635592
2022-10-09T00:00:00Z,2022,usa.usl.l1,Forward Madison FC,Richmond Kickers,0,1,0,625619
2022-10-09T00:00:00Z,2022,usa.usl.l1,Union Omaha,South Georgia Tormenta FC,1,1,0,625620
2022-10-09T00:00:00Z,2022,bra.1,Corinthians,Athletico-PR,2,1,0,630834
2022-10-09T00:00:00Z,2022,gua.1,Comunicaciones,Deportivo Mixco,3,1,0,641025
2022-10-09T00:00:00Z,2022,per.1,Melgar,Ayacucho FC,3,0,0,642038
2022-10-09T00:00:00Z,2022,mex.1,Tigres UANL,Necaxa,2,0,0,654396
2022-10-09T00:10:00Z,2022,arg.3,Ituzaingó,Fénix,0,0,0,654422
2022-10-09T00:15:00Z,2022,ven.1,Carabobo,Monagas SC,3,2,0,654293
2022-10-09T00:30:00Z,2022,usa.usl.1,Rio Grande Valley FC Toros,Phoenix Rising FC,2,1,0,627892
2022-10-09T01:00:00Z,2022,usa.usl.l1,Northern Colorado Hailstorm FC,FC Tucson,2,1,0,625618
2022-10-09T01:00:00Z,2022,col.1,Deportivo Pasto,Deportes Tolima,2,1,0,626700
2022-10-09T01:00:00Z,2022,slv.1,Isidro Metapán,Alianza FC,1,0,0,653993
2022-10-09T01:00:00Z,2022,crc.1,Alajuelense,Saprissa,0,0,0,654365
2022-10-09T01:30:00Z,2022,usa.usl.1,El Paso Locomotive FC,Orange County SC,2,1,0,627889
2022-10-09T01:30:00Z,2022,hon.1,Vida,FC Motagua,0,3,0,648252
2022-10-09T01:30:00Z,2022,hon.1,Club Deportivo Olimpia,Club Deportivo Marathón,1,0,0,648255
2022-10-09T02:00:00Z,2022,usa.usl.1,Las Vegas Lights FC,Miami FC,3,2,0,627893
2022-10-09T02:00:00Z,2022,gua.1,Antigua GFC,Santa Lucía Cotzumalguapa,3,2,0,641024
2022-10-09T02:00:00Z,2022,aus.1,Wellington Phoenix FC,Adelaide United,1,1,0,650484
2022-10-09T02:15:00Z,2022,mex.1,Cruz Azul,León,1,0,0,654398
2022-10-09T02:30:00Z,2022,usa.usl.1,Ventura County FC,Atlanta United 2,1,3,0,627890
2022-10-09T04:00:00Z,2022,aus.1,Western Sydney Wanderers,Perth Glory,1,0,0,650485
2022-10-09T07:30:00Z,2022,chn.1,Changchun Yatai,Shanghai Port,1,4,0,650810
2022-10-09T10:15:00Z,2022,ned.1,Go Ahead Eagles,SC Cambuur,0,0,0,637272
2022-10-09T10:30:00Z,2022,ita.1,Torino,Empoli,1,1,0,644697
2022-10-09T11:00:00Z,2022,fra.1,Montpellier,AS Monaco,0,2,0,639703
2022-10-09T11:00:00Z,2022,rus.1,Spartak Moscow,Krylia Sovetov,5,2,0,641196
2022-10-09T11:00:00Z,2022,eng.2,Huddersfield Town,Hull City,2,0,0,643342
2022-10-09T11:30:00Z,2022,ger.2,1. FC Heidenheim 1846,Hannover 96,2,1,0,638834
2022-10-09T11:30:00Z,2022,ger.2,SV Sandhausen,1. FC Magdeburg,1,0,0,638838
2022-10-09T11:30:00Z,2022,ger.2,1. FC Nürnberg,Holstein Kiel,2,3,0,638841
2022-10-09T11:30:00Z,2022,bel.1,KV Mechelen,Anderlecht,1,3,0,641435
2022-10-09T11:30:00Z,2022,tur.1,Umraniyespor,Kayserispor,2,2,0,645970
2022-10-09T11:30:00Z,2022,chn.1,Wuhan Yangtze River,Zhejiang Professional FC,0,3,0,650811
2022-10-09T11:30:00Z,2022,chn.1,Dalian Professional,Chengdu Rongcheng,2,0,0,650812
2022-10-09T11:30:00Z,2022,chn.1,Beijing Guoan,Shandong Taishan,3,3,0,650814
2022-10-09T11:30:00Z,2022,chn.1,Guangzhou,Meizhou Hakka,1,3,0,650815
2022-10-09T12:00:00Z,2022,den.1,AGF,FC Midtjylland,0,1,0,636968
2022-10-09T12:00:00Z,2022,esp.1,Real Valladolid,Real Betis,0,0,0,643849
2022-10-09T12:00:00Z,2022,esp.2,FC Cartagena,Leganés,1,2,0,644246
2022-10-09T12:00:00Z,2022,chn.1,Shenzhen FC,Shanghai Shenhua,0,0,0,650813
2022-10-09T12:30:00Z,2022,ned.1,Feyenoord Rotterdam,FC Twente,2,0,0,637273
2022-10-09T12:30:00Z,2022,ned.1,FC Utrecht,AZ Alkmaar,1,2,0,637275
2022-10-09T12:30:00Z,2022,aut.1,SK Sturm Graz,WSG Swarovski Tirol,2,1,0,641818
2022-10-09T12:30:00Z,2022,aut.1,Wolfsberger,SV Josko Ried,1,2,0,641820
2022-10-09T13:00:00Z,2022,swe.1,GIF Sundsvall,IFK Göteborg,3,2,0,628396
2022-10-09T13:00:00Z,2022,swe.1,Malmö FF,IFK Värnamo,0,0,0,628397
2022-10-09T13:00:00Z,2022,swe.1,IF Elfsborg,Kalmar FF,0,2,0,628399
2022-10-09T13:00:00Z,2022,eng.1,West Ham United,Fulham,3,1,0,637913
2022-10-09T13:00:00Z,2022,eng.1,Crystal Palace,Leeds United,2,1,0,637914
2022-10-09T13:00:00Z,2022,fra.1,Angers,Strasbourg,2,3,0,639700
2022-10-09T13:00:00Z,2022,fra.1,Nice,Troyes,3,2,0,639702
2022-10-09T13:00:00Z,2022,fra.1,Clermont Foot,AJ Auxerre,2,1,0,639707
2022-10-09T13:00:00Z,2022,fra.1,Brest,Lorient,1,2,0,639708
2022-10-09T13:00:00Z,2022,ita.1,Salernitana,Hellas Verona,2,1,0,644699
2022-10-09T13:00:00Z,2022,ita.1,Udinese,Atalanta,2,2,0,644701
2022-10-09T13:00:00Z,2022,ita.1,Monza,Spezia,2,0,0,644706
2022-10-09T13:00:00Z,2022,gre.1,OFI CRETE,Olympiacos,1,2,0,650267
2022-10-09T13:30:00Z,2022,ger.1,Borussia Mönchengladbach,FC Cologne,5,2,0,638513
2022-10-09T13:30:00Z,2022,rus.1,FK Torpedo Moscow,Nizhny Novgorod,0,0,0,641195
2022-10-09T13:30:00Z,2022,rus.1,Gazovik Orenburg,Akhmat Grozny,2,1,0,641199
2022-10-09T13:30:00Z,2022,rsa.1,Stellenbosch,Kaizer Chiefs,1,3,0,649432
2022-10-09T13:30:00Z,2022,gre.1,Levadiakos,PAOK,1,1,0,650268
2022-10-09T14:00:00Z,2022,bra.1,Internacional,Goiás,4,2,0,630840
2022-10-09T14:00:00Z,2022,den.1,Odense Boldklub,Silkeborg IF,1,1,0,636969
2022-10-09T14:00:00Z,2022,sco.1,Kilmarnock,Heart of Midlothian,2,2,0,639106
2022-10-09T14:00:00Z,2022,bel.1,Eupen,KAA Gent,0,4,0,641437
2022-10-09T14:00:00Z,2022,tur.1,Hatayspor,Alanyaspor,1,0,0,645966
2022-10-09T14:00:00Z,2022,uru.1,Montevideo City Torque,Montevideo Wanderers,1,0,0,651075
2022-10-09T14:00:00Z,2022,ind.1,Hyderabad,Mumbai City FC,3,3,0,653327
2022-10-09T14:15:00Z,2022,esp.1,Cádiz,Espanyol,2,2,0,643843
2022-10-09T14:15:00Z,2022,esp.2,Real Zaragoza,Real Oviedo,1,1,0,644240
2022-10-09T14:15:00Z,2022,ita.2,Como,Perugia,1,0,0,649677
2022-10-09T14:15:00Z,2022,ita.2,Sudtirol,Benevento,1,1,0,649682
2022-10-09T14:30:00Z,2022,por.1,Boavista,Maritimo,1,1,0,646747
2022-10-09T14:45:00Z,2022,ned.1,Heerenveen,PSV Eindhoven,0,1,0,637271
2022-10-09T15:00:00Z,2022,nor.1,Molde,Hamarkameratene,5,0,0,628026
2022-10-09T15:00:00Z,2022,nor.1,Odds BK,Kristiansund BK,1,1,0,628028
2022-10-09T15:00:00Z,2022,nor.1,Viking FK,Lillestrom,0,3,0,628029
2022-10-09T15:00:00Z,2022,nor.1,Bodo/Glimt,Sandefjord,4,1,0,628030
2022-10-09T15:00:00Z,2022,nor.1,Stromsgodset,Tromso,1,2,0,628031
2022-10-09T15:00:00Z,2022,aut.1,Rapid Vienna,Austria Vienna,1,2,0,641822
2022-10-09T15:05:00Z,2022,fra.1,Stade Rennais,Nantes,3,0,0,639704
2022-10-09T15:30:00Z,2022,swe.1,Djurgården,BK Häcken,0,1,0,628394
2022-10-09T15:30:00Z,2022,swe.1,AIK,Helsingborg,2,0,0,628395
2022-10-09T15:30:00Z,2022,chi.1,La Serena,Universidad de Chile,1,2,0,629255
2022-10-09T15:30:00Z,2022,eng.1,Arsenal,Liverpool,3,2,0,637909
2022-10-09T15:30:00Z,2022,ger.1,Hertha Berlin,SC Freiburg,2,2,0,638517
2022-10-09T16:00:00Z,2022,arg.1,Tigre,Independiente,2,1,0,635587
2022-10-09T16:00:00Z,2022,den.1,Randers FC,Brøndby IF,2,3,0,636972
2022-10-09T16:00:00Z,2022,rus.1,Rostov,Krasnodar,3,2,0,641198
2022-10-09T16:00:00Z,2022,per.1,Alianza Atlético,Atlético Grau,4,1,0,642033
2022-10-09T16:00:00Z,2022,ita.1,Cremonese,Napoli,1,4,0,644704
2022-10-09T16:10:00Z,2022,arg.2,Defensores de Belgrano,Gimnasia y Esgrima (Jujuy),1,2,0,630416
2022-10-09T16:30:00Z,2022,bel.1,Royal Charleroi SC,Standard Liege,0,1,0,641442
2022-10-09T16:30:00Z,2022,esp.1,Real Sociedad,Villarreal,1,0,0,643848
2022-10-09T16:30:00Z,2022,esp.2,Albacete,Tenerife,1,1,0,644239
2022-10-09T16:30:00Z,2022,esp.2,Levante,Racing Santander,0,1,0,644243
2022-10-09T16:30:00Z,2022,gre.1,Panathinaikos,Asteras Tripoli,1,0,0,650266
2022-10-09T16:40:00Z,2022,arg.2,Guillermo Brown,Belgrano (Córdoba),0,1,0,630419
2022-10-09T17:00:00Z,2022,nor.1,Rosenborg,Vålerenga,3,0,0,628032
2022-10-09T17:00:00Z,2022,gua.1,CD Achuapa,Cobán Imperial,2,2,0,641023
2022-10-09T17:00:00Z,2022,tur.1,Fenerbahce,Fatih Karagümrük,5,4,0,645963
2022-10-09T17:00:00Z,2022,por.1,Casa Pia,Vizela,0,1,0,646748
2022-10-09T17:00:00Z,2022,mex.1,Toluca,FC Juarez,3,0,0,654399
2022-10-09T17:30:00Z,2022,ger.1,VfB Stuttgart,1. FC Union Berlin,0,1,0,638510
2022-10-09T18:00:00Z,2022,ecu.1,Guayaquil City FC,Gualaceo,1,0,0,635969
2022-10-09T18:00:00Z,2022,ned.1,Vitesse,Fortuna Sittard,1,2,0,637274
2022-10-09T18:00:00Z,2022,eng.1,Everton,Manchester United,1,2,0,637918
2022-10-09T18:00:00Z,2022,gua.1,Iztapa,Municipal,3,2,0,641026
2022-10-09T18:15:00Z,2022,per.1,Carlos A. Mannucci,Sport Boys,0,0,0,642035
2022-10-09T18:15:00Z,2022,gre.1,Aris,AEK Athens,0,2,0,650271
2022-10-09T18:30:00Z,2022,usa.1,Atlanta United FC,New York City FC,1,2,0,623625
2022-10-09T18:30:00Z,2022,usa.1,Inter Miami CF,CF Montréal,1,3,0,623626
2022-10-09T18:30:00Z,2022,usa.1,Philadelphia Union,Toronto FC,4,0,0,623627
2022-10-09T18:30:00Z,2022,usa.1,Orlando City SC,Columbus Crew,2,1,0,623628
2022-10-09T18:30:00Z,2022,usa.1,Red Bull New York,Charlotte FC,2,0,0,623629
2022-10-09T18:30:00Z,2022,usa.1,D.C. United,FC Cincinnati,2,5,0,623630
2022-10-09T18:30:00Z,2022,usa.1,Chicago Fire FC,New England Revolution,1,1,0,623631
2022-10-09T18:30:00Z,2022,arg.1,Banfield,Gimnasia La Plata,0,2,0,635585
2022-10-09T18:30:00Z,2022,arg.1,Talleres (Córdoba),Godoy Cruz Antonio Tomba,3,1,0,635588
2022-10-09T18:30:00Z,2022,arg.3,Colegiales,Acassuso,1,1,0,654424
2022-10-09T18:45:00Z,2022,fra.1,Lille,Lens,1,0,0,639706
2022-10-09T18:45:00Z,2022,ita.1,AS Roma,Lecce,2,1,0,644700
2022-10-09T19:00:00Z,2022,bra.1,Fortaleza,Avaí,2,0,0,630835
2022-10-09T19:00:00Z,2022,bra.1,São Paulo,Botafogo,0,1,0,630836
2022-10-09T19:00:00Z,2022,bra.2,Sport,Cruzeiro,3,1,0,631193
2022-10-09T19:00:00Z,2022,bel.1,Union St.-Gilloise,Cercle Brugge KSV,2,1,0,641439
2022-10-09T19:00:00Z,2022,esp.1,Barcelona,Celta Vigo,1,0,0,643844
2022-10-09T19:00:00Z,2022,esp.2,Málaga,FC Andorra,0,0,0,644242
2022-10-09T19:00:00Z,2022,uru.1,Liverpool,Boston River,3,2,0,651071
2022-10-09T19:00:00Z,2022,bol.1,Royal Pari,Universitario de Sucre,3,1,0,654175
2022-10-09T19:00:00Z,2022,bol.1,Universitario de Vinto,Real Tomayapo,1,1,0,654176
2022-10-09T19:15:00Z,2022,gua.1,CD Malacateco,Xelajú MC,1,0,0,641027
2022-10-09T19:30:00Z,2022,por.1,Braga,GD Chaves,0,1,0,646744
2022-10-09T20:00:00Z,2022,usa.usl.1,Memphis 901 FC,New York Red Bulls II,2,1,0,627896
2022-10-09T20:00:00Z,2022,per.1,Carlos Stein,San Martin,1,1,0,642039
2022-10-09T20:00:00Z,2022,par.1,Sportivo Ameliano,Club Olimpia,0,2,0,647616
2022-10-09T20:30:00Z,2022,col.1,Atlético Nacional,Águilas Doradas,1,1,0,626699
2022-10-09T20:30:00Z,2022,chi.1,Colo Colo,Curicó Unido,1,1,0,629252
2022-10-09T20:30:00Z,2022,ecu.1,Aucas,Mushuc Runa,0,0,0,635966
2022-10-09T20:30:00Z,2022,per.1,Sporting Cristal,Universitario,0,0,0,642040
2022-10-09T21:00:00Z,2022,usa.1,LAFC,Nashville SC,0,1,0,623632
2022-10-09T21:00:00Z,2022,usa.1,Seattle Sounders FC,San Jose Earthquakes,2,2,0,623633
2022-10-09T21:00:00Z,2022,usa.1,Houston Dynamo FC,LA Galaxy,1,3,0,623634
2022-10-09T21:00:00Z,2022,usa.1,FC Dallas,Sporting Kansas City,2,1,0,623635
2022-10-09T21:00:00Z,2022,usa.1,Real Salt Lake,Portland Timbers,3,1,0,623636
2022-10-09T21:00:00Z,2022,usa.1,Minnesota United FC,Vancouver Whitecaps,2,0,0,623637
2022-10-09T21:00:00Z,2022,usa.1,Austin FC,Colorado Rapids,1,1,0,623638
2022-10-09T21:00:00Z,2022,usa.usl.1,Sacramento Republic FC,Pittsburgh Riverhounds,1,1,0,627895
2022-10-09T21:00:00Z,2022,usa.usl.1,Birmingham Legion FC,San Antonio FC,1,2,0,627897
2022-10-09T21:00:00Z,2022,bra.1,Fluminense,América Mineiro,0,2,0,630833
2022-10-09T21:00:00Z,2022,bra.1,Coritiba,Red Bull Bragantino,2,1,0,630837
2022-10-09T21:00:00Z,2022,bra.1,Atlético-MG,Ceará,0,0,0,630838
2022-10-09T21:00:00Z,2022,arg.1,Boca Juniors,Aldosivi,2,1,0,635596
2022-10-09T21:00:00Z,2022,mex.2,Atlante,Tapatío,4,1,0,638424
2022-10-09T21:00:00Z,2022,hon.1,Olancho FC,Honduras Progreso,2,1,0,648253
2022-10-09T21:00:00Z,2022,slv.1,C.D. Platense,Águila,2,1,0,653994
2022-10-09T21:00:00Z,2022,ven.1,Deportivo Lara,Portuguesa,1,0,0,654294
2022-10-09T21:00:00Z,2022,crc.1,Puntarenas FC,Herediano,0,0,0,654366
2022-10-09T21:15:00Z,2022,slv.1,CD FAS,Santa Tecla,1,1,0,653992
2022-10-09T21:15:00Z,2022,bol.1,Guabirá,Oriente Petrolero,2,1,0,654177
2022-10-09T21:30:00Z,2022,mex.1,Puebla,Guadalajara,1,1,0,654397
2022-10-09T22:00:00Z,2022,usa.usl.1,San Diego Loyal SC,New Mexico United,3,3,0,627894
2022-10-09T22:30:00Z,2022,par.1,Libertad,12 de Octubre,2,2,0,647614
2022-10-09T22:30:00Z,2022,uru.1,Peñarol,Plaza Colonia,0,1,0,651073
2022-10-09T22:35:00Z,2022,col.1,Deportivo Cali,América de Cali,1,0,0,626691
2022-10-09T23:00:00Z,2022,ecu.1,Emelec,Orense,0,0,0,635968
2022-10-09T23:00:00Z,2022,gua.1,Xinabajul,CD Guastatoya,3,0,0,641022
2022-10-09T23:15:00Z,2022,chi.1,Everton CD,Cobresal,3,3,0,629250
2022-10-09T23:30:00Z,2022,arg.1,Patronato,River Plate,0,1,0,635593
2022-10-09T23:30:00Z,2022,bol.1,Wilstermann,Blooming,1,0,0,654178
2022-10-10T00:40:00Z,2022,col.1,Atlético Bucaramanga,Atlético Junior,0,1,0,626695
2022-10-10T01:45:00Z,2022,ven.1,Academia Puerto Cabello,Deportivo Táchira,0,0,0,654295
2022-10-10T14:00:00Z,2022,ind.1,Mohun Bagan Super Giant,Chennaiyin FC,1,2,0,653328
2022-10-10T15:00:00Z,2022,gre.1,Atromitos,Pas Giannina,2,1,0,650270
2022-10-10T15:15:00Z,2022,ksa.1,Al Raed,Al Tai,0,2,0,663187
2022-10-10T17:00:00Z,2022,swe.1,IFK Norrköping,Mjällby AIF,2,2,0,628400
2022-10-10T17:00:00Z,2022,den.1,AC Horsens,AaB,0,0,0,636967
2022-10-10T17:00:00Z,2022,tur.1,Istanbul Basaksehir,Sivasspor,0,2,0,645967
2022-10-10T17:00:00Z,2022,tur.1,Trabzonspor,Kasimpasa,0,0,0,645969
2022-10-10T17:10:00Z,2022,swe.1,Hammarby IF,Varbergs BoIS FC,5,1,0,628401
2022-10-10T17:30:00Z,2022,ksa.1,Al Hilal,Al Shabab,1,1,0,663188
2022-10-10T17:30:00Z,2022,ksa.1,Al Wehda,Al Batin,2,0,0,663189
2022-10-10T18:00:00Z,2022,arg.2,Atlanta,Gimnasia (Mendoza),4,1,0,630412
2022-10-10T18:00:00Z,2022,arg.2,Instituto (Córdoba),Deportivo Madryn,3,1,0,630421
2022-10-10T18:00:00Z,2022,arg.2,Sacachispas,Estudiantes de Río Cuarto,0,1,0,630424
2022-10-10T18:00:00Z,2022,arg.2,San Martín (Tucumán),Flandria,3,0,0,630426
2022-10-10T18:00:00Z,2022,arg.2,Santamarina,Güemes,4,2,0,630427
2022-10-10T18:00:00Z,2022,arg.2,Tristán Suárez,Temperley,2,1,0,630428
2022-10-10T18:45:00Z,2022,fra.2,Sochaux,Saint-Étienne,2,1,0,640090
2022-10-10T18:45:00Z,2022,ita.1,Fiorentina,Lazio,0,4,0,644703
2022-10-10T19:00:00Z,2022,eng.1,Nottingham Forest,Aston Villa,1,1,0,637910
2022-10-10T19:00:00Z,2022,esp.2,Eibar,Mirandés,0,0,0,644247
2022-10-10T19:15:00Z,2022,por.1,Arouca,FC Famalicao,4,1,0,646745
2022-10-10T19:30:00Z,2022,arg.1,Argentinos Juniors,Huracán,1,1,0,635584
2022-10-10T19:30:00Z,2022,arg.1,Rosario Central,Defensa y Justicia,0,0,0,635590
2022-10-10T19:30:00Z,2022,esp.1,Elche,Mallorca,1,1,0,643842
2022-10-10T20:00:00Z,2022,arg.2,Independiente Rivadavia,Nueva Chicago,1,0,0,630420
2022-10-10T20:00:00Z,2022,par.1,Guaireña,Resistencia SC,3,2,0,647613
2022-10-10T20:30:00Z,2022,chi.1,Audax Italiano,Unión La Calera,0,2,0,629256
2022-10-10T20:30:00Z,2022,per.1,Sport Huancayo,Deportivo Binacional,1,0,0,642037
2022-10-10T21:00:00Z,2022,col.1,Unión Magdalena,Independiente Medellín,0,2,0,626693
2022-10-10T21:30:00Z,2022,bra.1,Atlético Goianiense,Palmeiras,1,1,0,630842
2022-10-10T22:00:00Z,2022,arg.1,Racing Club,Atlético Tucumán,2,0,0,635591
2022-10-10T22:00:00Z,2022,arg.1,Estudiantes de La Plata,Lanús,3,1,0,635594
2022-10-10T22:30:00Z,2022,par.1,Nacional Asunción,Cerro Porteño,0,0,0,647615
2022-10-10T23:00:00Z,2022,bra.1,Santos,Juventude,4,1,0,630841
2022-10-11T00:00:00Z,2022,ecu.1,Independiente del Valle,Técnico Universitario,0,1,0,635970
2022-10-11T00:00:00Z,2022,bol.1,Independiente Petrolero,Aurora,1,1,0,654179
2022-10-11T00:30:00Z,2022,arg.1,Central Córdoba (Santiago del Estero),Newell's Old Boys,0,3,0,635595
2022-10-11T00:45:00Z,2022,col.1,Alianza FC,Independiente Santa Fe,4,0,0,626694
2022-10-11T01:00:00Z,2022,per.1,Alianza Lima,Deportivo Municipal,4,1,0,642034
2022-10-11T15:05:00Z,2022,ind.1,Jamshedpur FC,Odisha FC,2,3,0,653329
2022-10-11T15:15:00Z,2022,ksa.1,Damac,Al Ittihad,1,1,0,663190
2022-10-11T15:15:00Z,2022,ksa.1,Al Taawoun,Abha,1,3,0,663191
2022-10-11T16:45:00Z,2022,uefa.champions,F.C. København,Manchester City,0,0,0,652634
2022-10-11T16:45:00Z,2022,uefa.champions,Maccabi Haifa,Juventus,2,0,0,652635
2022-10-11T17:30:00Z,2022,ksa.1,Al Nassr,Al Adalah,4,1,0,663192
2022-10-11T17:30:00Z,2022,ksa.1,Al Fayha,Al Ettifaq,0,3,0,663193
2022-10-11T17:30:00Z,2022,ksa.1,Al Khaleej,Al Fateh,1,2,0,663194
2022-10-11T18:00:00Z,2022,eng.trophy,Doncaster Rovers,Barnsley,2,4,0,646621
2022-10-11T18:45:00Z,2022,sco.1,Dundee United,Hibernian,1,0,0,639088
2022-10-11T18:45:00Z,2022,eng.3,Charlton Athletic,Exeter City,4,2,0,642716
2022-10-11T18:45:00Z,2022,eng.3,Milton Keynes Dons,Bristol Rovers,0,1,0,642719
2022-10-11T18:45:00Z,2022,eng.3,Peterborough United,Forest Green Rovers,4,1,0,642722
2022-10-11T18:45:00Z,2022,eng.2,Wigan Athletic,Blackburn Rovers,1,0,0,643289
2022-10-11T18:45:00Z,2022,eng.trophy,Gillingham,Colchester United,1,1,0,646624
2022-10-11T18:45:00Z,2022,eng.5,York City,Dagenham & Redbridge,1,1,0,647065
2022-10-11T19:00:00Z,2022,uru.1,Fénix ,Deportivo Maldonado,0,1,0,651080
2022-10-11T19:00:00Z,2022,uefa.champions,Celtic,RB Leipzig,0,2,0,652636
2022-10-11T19:00:00Z,2022,uefa.champions,Borussia Dortmund,Sevilla,1,1,0,652637
2022-10-11T19:00:00Z,2022,uefa.champions,Dinamo Zagreb,RB Salzburg,1,1,0,652638
2022-10-11T19:00:00Z,2022,uefa.champions,AC Milan,Chelsea,0,2,0,652639
2022-10-11T19:00:00Z,2022,uefa.champions,Paris Saint-Germain,Benfica,1,1,0,652640
2022-10-11T19:00:00Z,2022,uefa.champions,Shakhtar Donetsk,Real Madrid,1,1,0,652641
2022-10-11T21:00:00Z,2022,col.1,Patriotas,Deportivo Pasto,1,1,0,626686
2022-10-11T21:30:00Z,2022,uru.1,Cerro Largo,Rentistas,2,1,0,651076
2022-10-11T22:00:00Z,2022,bra.2,Guarani,CRB,1,0,0,631183
2022-10-11T22:05:00Z,2022,mex.2,Raya2,Pumas Tabasco,2,2,0,638427
2022-10-11T23:05:00Z,2022,col.1,Internacional de Bogotá,Cortuluá,1,1,0,626684
2022-10-12T00:00:00Z,2022,bol.1,Nacional Potosí,Atlético Palmaflor,6,1,0,654180
2022-10-12T00:05:00Z,2022,mex.2,Cancún FC,Tepatitlán FC,1,2,0,638425
2022-10-12T00:10:00Z,2022,arg.2,Ferro Carril Oeste,Almagro,2,0,0,630418
2022-10-12T00:30:00Z,2022,bra.2,Sampaio Corrêa,Chapecoense,2,1,0,631184
2022-10-12T01:10:00Z,2022,col.1,Deportivo Pereira,Envigado FC,0,2,0,626687
2022-10-12T02:05:00Z,2022,mex.2,Dorados de Sinaloa,Alebrijes de Oaxaca,2,0,0,638426
2022-10-12T10:00:00Z,2022,jpn.1,Kawasaki Frontale,Kyoto Sanga,3,1,0,628944
2022-10-12T10:00:00Z,2022,jpn.1,FC Tokyo,Cerezo Osaka,4,0,0,628945
2022-10-12T10:00:00Z,2022,jpn.1,Yokohama F. Marinos,Jubilo Iwata,0,1,0,629010
2022-10-12T10:00:00Z,2022,jpn.1,Vissel Kobe,Shonan Bellmare,1,0,0,629011
2022-10-12T10:30:00Z,2022,jpn.1,Urawa Red Diamonds,Consadole Sapporo,1,1,0,629012
2022-10-12T12:00:00Z,2022,esp.2,Villarreal B,Ponferradina,2,2,0,644256
2022-10-12T14:00:00Z,2022,ind.1,SC East Bengal,FC Goa,1,2,0,653330
2022-10-12T14:15:00Z,2022,esp.2,Leganés,Málaga,1,0,0,644250
2022-10-12T14:15:00Z,2022,esp.2,FC Andorra,Burgos,0,1,0,644253
2022-10-12T15:15:00Z,2022,uru.1,Plaza Colonia,Montevideo City Torque,0,2,0,651082
2022-10-12T16:30:00Z,2022,esp.2,Alavés,Albacete,0,0,0,644254
2022-10-12T16:30:00Z,2022,esp.2,Tenerife,FC Cartagena,0,0,0,644257
2022-10-12T16:30:00Z,2022,esp.2,Real Oviedo,Huesca,0,1,0,644258
2022-10-12T16:45:00Z,2022,uefa.champions,Atlético Madrid,Club Brugge,0,0,0,652642
2022-10-12T16:45:00Z,2022,uefa.champions,Napoli,Ajax Amsterdam,4,2,0,652643
2022-10-12T17:00:00Z,2022,arg.1,Aldosivi,Banfield,0,1,0,635598
2022-10-12T18:45:00Z,2022,eng.2,Bristol City,Preston North End,2,1,0,643280
2022-10-12T19:00:00Z,2022,esp.2,Lugo,Las Palmas,0,1,0,644255
2022-10-12T19:00:00Z,2022,esp.2,Racing Santander,Real Zaragoza,1,0,0,644259
2022-10-12T19:00:00Z,2022,uefa.champions,Barcelona,Internazionale,3,3,0,652644
2022-10-12T19:00:00Z,2022,uefa.champions,Bayer Leverkusen,FC Porto,0,3,0,652645
2022-10-12T19:00:00Z,2022,uefa.champions,Viktoria Plzen,Bayern Munich,2,4,0,652646
2022-10-12T19:00:00Z,2022,uefa.champions,Rangers,Liverpool,1,7,0,652647
2022-10-12T19:00:00Z,2022,uefa.champions,Sporting CP,Marseille,0,2,0,652648
2022-10-12T19:00:00Z,2022,uefa.champions,Tottenham Hotspur,Eintracht Frankfurt,3,2,0,652649
2022-10-12T19:00:00Z,2022,bol.1,Guabirá,Universitario de Vinto,1,0,0,654181
2022-10-12T19:30:00Z,2022,arg.1,Sarmiento (Junín),Boca Juniors,0,1,0,635599
2022-10-12T19:30:00Z,2022,arg.1,Gimnasia La Plata,San Lorenzo,0,1,0,635606
2022-10-12T20:00:00Z,2022,par.1,Tacuary,General Caballero JLM,0,3,0,647617
2022-10-12T21:15:00Z,2022,slv.1,CD FAS,Isidro Metapán,0,1,0,653996
2022-10-12T21:15:00Z,2022,slv.1,Jocoro FC,C.D. Platense,2,1,0,653997
2022-10-12T21:30:00Z,2022,slv.1,Once Deportivo,Alianza FC,0,2,0,653998
2022-10-12T21:30:00Z,2022,slv.1,Águila,Luis Ángel Firpo,6,0,0,654000
2022-10-12T22:00:00Z,2022,arg.1,Independiente,Barracas Central,2,2,0,635603
2022-10-12T22:00:00Z,2022,uru.1,Boston River,Peñarol,2,1,0,651077
2022-10-12T22:30:00Z,2022,par.1,Club Olimpia,Libertad,1,0,0,647597
2022-10-12T22:30:00Z,2022,bol.1,Universitario de Sucre,Always Ready,1,3,0,654182
2022-10-12T23:00:00Z,2022,col.1,Águilas Doradas,Deportivo Cali,2,2,0,626685
2022-10-12T23:00:00Z,2022,chi.copa_chi,Huachipato,Magallanes,0,1,0,654600
2022-10-12T23:30:00Z,2022,usa.usl.1,Tampa Bay Rowdies,El Paso Locomotive FC,3,1,0,627870
2022-10-13T00:00:00Z,2022,usa.usl.1,Birmingham Legion FC,Indy Eleven,3,1,0,627909
2022-10-13T00:00:00Z,2022,bol.1,Blooming,Royal Pari,0,0,0,654183
2022-10-13T00:00:00Z,2022,bol.1,The Strongest,Bolívar,4,4,0,654184
2022-10-13T00:05:00Z,2022,mex.2,Club Atlético La Paz,Tapatío,3,2,0,638428
2022-10-13T00:06:00Z,2022,mex.1,Puebla,América,1,6,0,654401
2022-10-13T00:30:00Z,2022,usa.usl.1,FC Tulsa,Monterey Bay,2,0,0,627888
2022-10-13T00:30:00Z,2022,arg.1,River Plate,Platense,2,1,0,635600
2022-10-13T00:30:00Z,2022,uru.1,Defensor Sporting,Danubio,1,1,0,651079
2022-10-13T00:45:00Z,2022,bra.copa_do_brazil,Corinthians,Flamengo,0,0,0,654092
2022-10-13T01:00:00Z,2022,usa.usl.1,New Mexico United,Ventura County FC,3,2,0,633778
2022-10-13T01:00:00Z,2022,gua.1,Antigua GFC,Deportivo Mixco,2,0,0,641013
2022-10-13T01:05:00Z,2022,col.1,América de Cali,Jaguares de Córdoba,1,1,0,626688
2022-10-13T01:15:00Z,2022,slv.1,Santa Tecla,Atletico Marte,2,0,0,653999
2022-10-13T02:05:00Z,2022,mex.2,Cimarrones de Sonora,Venados FC,1,1,0,638429
2022-10-13T02:06:00Z,2022,mex.1,Cruz Azul,Monterrey,0,0,0,654402
2022-10-13T14:00:00Z,2022,ind.1,NorthEast United FC,Hyderabad,0,3,0,653331
2022-10-13T16:45:00Z,2022,uefa.europa,AEK Larnaca,Fenerbahce,1,2,0,652730
2022-10-13T16:45:00Z,2022,uefa.europa,Bodo/Glimt,Arsenal,0,1,0,652731
2022-10-13T16:45:00Z,2022,uefa.europa,Dynamo Kyiv,Stade Rennais,0,1,0,652732
2022-10-13T16:45:00Z,2022,uefa.europa,FK Qarabag,Olympiacos,0,0,0,652733
2022-10-13T16:45:00Z,2022,uefa.europa,Feyenoord Rotterdam,FC Midtjylland,2,2,0,652734
2022-10-13T16:45:00Z,2022,uefa.europa,Nantes,SC Freiburg,0,4,0,652735
2022-10-13T16:45:00Z,2022,uefa.europa,Real Betis,AS Roma,1,1,0,652736
2022-10-13T16:45:00Z,2022,uefa.europa,Union St.-Gilloise,Braga,3,3,0,652737
2022-10-13T16:45:00Z,2022,uefa.europa.conf,Djurgården,KAA Gent,4,2,0,652826
2022-10-13T16:45:00Z,2022,uefa.europa.conf,CFR Cluj-Napoca,Slavia Prague,2,0,0,652827
2022-10-13T16:45:00Z,2022,uefa.europa.conf,Slovan Bratislava,FC Basel,3,3,0,652828
2022-10-13T16:45:00Z,2022,uefa.europa.conf,Fiorentina,Heart of Midlothian,5,1,0,652829
2022-10-13T16:45:00Z,2022,uefa.europa.conf,Apollon Limassol,AZ Alkmaar,1,0,0,652830
2022-10-13T16:45:00Z,2022,uefa.europa.conf,Partizan Belgrade,FC Cologne,2,0,0,652831
2022-10-13T16:45:00Z,2022,uefa.europa.conf,Istanbul Basaksehir,Rigas Futbola Skola,3,0,0,652832
2022-10-13T16:45:00Z,2022,uefa.europa.conf,Austria Vienna,Villarreal,0,1,0,652833
2022-10-13T17:00:00Z,2022,esp.2,UD Ibiza,Eibar,1,2,0,644251
2022-10-13T17:00:00Z,2022,esp.2,Mirandés,Levante,0,1,0,644260
2022-10-13T18:00:00Z,2022,uru.1,River Plate,Liverpool,0,1,0,651083
2022-10-13T18:00:00Z,2022,fifa.friendly,Qatar,Nicaragua,2,1,0,656812
2022-10-13T19:00:00Z,2022,esp.2,Granada,Sporting Gijón,5,0,0,644252
2022-10-13T19:00:00Z,2022,uefa.europa,Lazio,SK Sturm Graz,2,2,0,652738
2022-10-13T19:00:00Z,2022,uefa.europa,Ferencvaros,Red Star Belgrade,2,1,0,652739
2022-10-13T19:00:00Z,2022,uefa.europa,Trabzonspor,AS Monaco,4,0,0,652740
2022-10-13T19:00:00Z,2022,uefa.europa,Real Sociedad,Sheriff Tiraspol,3,0,0,652741
2022-10-13T19:00:00Z,2022,uefa.europa,PSV Eindhoven,FC Zürich,5,0,0,652742
2022-10-13T19:00:00Z,2022,uefa.europa,Manchester United,Omonia Nicosia,1,0,0,652743
2022-10-13T19:00:00Z,2022,uefa.europa,Ludogorets Razgrad,HJK Helsinki,2,0,0,652744
2022-10-13T19:00:00Z,2022,uefa.europa,1. FC Union Berlin,Malmö FF,1,0,0,652745
2022-10-13T19:00:00Z,2022,uefa.europa.conf,Nice,Slovacko,1,2,0,652834
2022-10-13T19:00:00Z,2022,uefa.europa.conf,FCSB,Silkeborg IF,0,5,0,652835
2022-10-13T19:00:00Z,2022,uefa.europa.conf,Ballkani,Sivasspor,1,2,0,652836
2022-10-13T19:00:00Z,2022,uefa.europa.conf,Hapoel Be'er,Lech Poznan,1,1,0,652837
2022-10-13T19:00:00Z,2022,uefa.europa.conf,Zalgiris Vilnius,Pyunik,2,1,0,652838
2022-10-13T19:00:00Z,2022,uefa.europa.conf,West Ham United,Anderlecht,2,1,0,652839
2022-10-13T19:00:00Z,2022,uefa.europa.conf,Shamrock Rovers,Molde,0,2,0,652840
2022-10-13T19:00:00Z,2022,uefa.europa.conf,FC Vaduz,SC Dnipro-1,1,2,0,652841
2022-10-13T19:00:00Z,2022,bol.1,Oriente Petrolero,Independiente Petrolero,3,3,0,654185
2022-10-13T19:30:00Z,2022,arg.1,Vélez Sarsfield,Talleres (Córdoba),2,1,0,635604
2022-10-13T20:00:00Z,2022,par.1,Guaraní,Sol de América,4,1,0,647612
2022-10-13T20:10:00Z,2022,col.1,Deportes Tolima,Alianza FC,2,0,0,626681
2022-10-13T21:30:00Z,2022,slv.1,Chalatenango,CD Dragon,1,2,0,653995
2022-10-13T22:00:00Z,2022,arg.1,Lanús,Patronato,0,1,0,635602
2022-10-13T22:00:00Z,2022,arg.1,Godoy Cruz Antonio Tomba,Argentinos Juniors,0,0,0,635605
2022-10-13T22:00:00Z,2022,uru.1,Albion FC,Nacional,0,1,0,651078
2022-10-13T22:00:00Z,2022,chi.copa_chi,Universidad Católica,Universidad de Chile,2,2,0,653762
2022-10-13T22:15:00Z,2022,bol.1,Aurora,Real Santa Cruz,1,2,0,654186
2022-10-13T23:00:00Z,2022,col.1,Atlético Junior,Unión Magdalena,1,1,0,626690
2022-10-14T00:00:00Z,2022,mex.2,Club Atlético Morelia,Leones Negros,0,1,0,638431
2022-10-14T00:00:00Z,2022,bol.1,Real Tomayapo,Wilstermann,1,0,0,654187
2022-10-14T00:06:00Z,2022,mex.1,Toluca,Santos,4,3,0,654400
2022-10-14T00:30:00Z,2022,bra.2,Operário PR,Brusque,0,0,0,631182
2022-10-14T00:30:00Z,2022,arg.1,Newell's Old Boys,Tigre,0,2,0,635601
2022-10-14T00:30:00Z,2022,arg.1,Atlético Tucumán,Rosario Central,1,1,0,635609
2022-10-14T00:30:00Z,2022,uru.1,Montevideo Wanderers,Cerrito,2,1,0,651081
2022-10-14T01:05:00Z,2022,col.1,Once Caldas,Atlético Nacional,1,0,0,626682
2022-10-14T02:06:00Z,2022,mex.1,Tigres UANL,Pachuca,1,0,0,654403
2022-10-14T08:45:00Z,2022,aus.1,Brisbane Roar,Melbourne City FC,0,2,0,650486
2022-10-14T14:00:00Z,2022,ind.1,Chennaiyin FC,Bengaluru FC,1,1,0,653332
2022-10-14T14:00:00Z,2022,por.taca.portugal,Olhanense,Belenenses,0,2,0,654505
2022-10-14T14:30:00Z,2022,por.taca.portugal,Moreirense,UD Vilafranquense,3,0,0,654504
2022-10-14T16:30:00Z,2022,ger.2,St. Pauli,Hamburg SV,3,0,0,638844
2022-10-14T16:30:00Z,2022,ger.2,SpVgg Greuther Fürth,Hansa Rostock,2,2,0,638848
2022-10-14T16:30:00Z,2022,rus.1,Rostov,FC Ural Ekaterinburg,1,2,0,641206
2022-10-14T17:00:00Z,2022,swe.1,IF Elfsborg,Degerfors IF,1,1,0,628387
2022-10-14T17:00:00Z,2022,den.1,Lyngby Boldklub,AaB,0,2,0,636976
2022-10-14T17:00:00Z,2022,tur.1,Alanyaspor,Antalyaspor,3,2,0,645971
2022-10-14T17:30:00Z,2022,rsa.1,Orlando Pirates,AmaZulu,1,1,0,649434
2022-10-14T17:30:00Z,2022,rsa.1,Golden Arrows,Stellenbosch,1,1,0,649435
2022-10-14T18:00:00Z,2022,ned.1,FC Emmen,FC Volendam,1,1,0,637276
2022-10-14T18:00:00Z,2022,ned.2,Almere City,Jong Ajax,2,3,0,637604
2022-10-14T18:00:00Z,2022,ned.2,Telstar,Roda JC Kerkrade,2,1,0,637605
2022-10-14T18:00:00Z,2022,ned.2,PEC Zwolle,Heracles Almelo,3,2,0,637606
2022-10-14T18:00:00Z,2022,ned.2,NAC Breda,ADO Den Haag,1,2,0,637607
2022-10-14T18:00:00Z,2022,ned.2,VVV-Venlo,FC Dordrecht,0,1,0,637608
2022-10-14T18:00:00Z,2022,ned.2,Helmond Sport,Willem II,1,3,0,637609
2022-10-14T18:00:00Z,2022,ned.2,FC Eindhoven,TOP Oss,2,1,0,637610
2022-10-14T18:00:00Z,2022,ned.2,FC Den Bosch,Jong AZ,3,0,0,637611
2022-10-14T18:00:00Z,2022,ned.2,De Graafschap,Jong FC Utrecht,2,0,0,637612
2022-10-14T18:00:00Z,2022,ned.2,MVV Maastricht,Jong PSV,1,1,0,637613
2022-10-14T18:30:00Z,2022,ger.1,Schalke 04,TSG Hoffenheim,0,3,0,638521
2022-10-14T18:30:00Z,2022,ita.2,Venezia,Frosinone,1,3,0,649695
2022-10-14T18:45:00Z,2022,sco.2,Queen's Park,Arbroath,1,1,0,639483
2022-10-14T18:45:00Z,2022,bel.1,KVC Westerlo,RFC Seraing,2,2,0,641446
2022-10-14T18:45:00Z,2022,eng.4,Tranmere Rovers,Crewe Alexandra,3,0,0,642245
2022-10-14T19:00:00Z,2022,eng.1,Brentford,Brighton & Hove Albion,2,0,0,637920
2022-10-14T19:00:00Z,2022,fra.1,Strasbourg,Lille,0,3,0,639717
2022-10-14T19:00:00Z,2022,esp.1,Rayo Vallecano,Getafe,0,0,0,643858
2022-10-14T19:30:00Z,2022,arg.1,Colón (Santa Fe),Racing Club,0,2,0,635608
2022-10-14T19:45:00Z,2022,por.taca.portugal,Amora,Estoril,2,3,0,654497
2022-10-14T20:30:00Z,2022,per.1,César Vallejo,Carlos Stein,3,0,0,642047
2022-10-14T21:00:00Z,2022,ven.1,Estudiantes de Mérida,Caracas FC,1,1,0,654626
2022-10-14T22:00:00Z,2022,bra.2,CSA,Londrina,0,1,0,631187
2022-10-14T22:00:00Z,2022,arg.1,Defensa y Justicia,Unión (Santa Fe),1,0,0,635607
2022-10-14T22:00:00Z,2022,arg.1,Huracán,Estudiantes de La Plata,3,1,0,635611
2022-10-14T22:00:00Z,2022,mex.2,Durango,Mineros de Zacatecas,4,1,0,638432
2022-10-14T22:00:00Z,2022,par.1,12 de Octubre,Guaireña,0,0,0,647622
2022-10-14T23:15:00Z,2022,ven.1,Deportivo La Guaira,Inter de Barinas,0,0,0,654627
2022-10-14T23:30:00Z,2022,bra.2,Vila Nova,Cruzeiro,1,0,0,631185
2022-10-15T00:30:00Z,2022,bra.2,Novorizontino,Náutico,6,0,0,631188
2022-10-15T00:30:00Z,2022,arg.1,Arsenal Sarandi,Central Córdoba (Santiago del Estero),2,0,0,635610
2022-10-15T02:00:00Z,2022,crc.1,Saprissa,Alajuelense,2,0,0,654368
2022-10-15T06:00:00Z,2022,aus.1,Newcastle Jets,Perth Glory,2,1,0,650487
2022-10-15T08:45:00Z,2022,aus.1,Melbourne Victory,Western Sydney Wanderers,0,1,0,650488
2022-10-15T10:00:00Z,2022,por.taca.portugal,Fontinhas,Arouca,0,2,0,654487
2022-10-15T10:00:00Z,2022,por.taca.portugal,C.D. Nacional,Oliveirense,3,1,0,654500
2022-10-15T11:00:00Z,2022,ger.2,Fortuna Düsseldorf,1. FC Nürnberg,0,1,0,638843
2022-10-15T11:00:00Z,2022,ger.2,1. FC Magdeburg,TSV Eintracht Braunschweig,0,2,0,638845
2022-10-15T11:00:00Z,2022,ger.2,Karlsruher SC,SV Darmstadt 98,1,2,0,638850
2022-10-15T11:00:00Z,2022,rus.1,FC Khimki,Fakel Voronezh,0,0,0,641203
2022-10-15T11:00:00Z,2022,rus.1,FK Torpedo Moscow,Lokomotiv Moscow,0,1,0,641207
2022-10-15T11:30:00Z,2022,eng.1,Leicester City,Crystal Palace,0,0,0,637923
2022-10-15T11:30:00Z,2022,eng.4,Harrogate Town,Hartlepool United,2,1,0,642238
2022-10-15T11:30:00Z,2022,eng.2,Luton Town,Queens Park Rangers,3,1,0,643354
2022-10-15T11:30:00Z,2022,eng.2,Rotherham United,Huddersfield Town,2,1,0,643358
2022-10-15T11:30:00Z,2022,tur.1,Fatih Karagümrük,Hatayspor,3,0,0,645974
2022-10-15T12:00:00Z,2022,eng.4,Mansfield Town,Walsall,2,1,0,642240
2022-10-15T12:00:00Z,2022,esp.1,Girona,Cádiz,1,1,0,643860
2022-10-15T12:00:00Z,2022,ita.2,Parma,Reggina,2,0,0,649686
2022-10-15T12:00:00Z,2022,ita.2,Palermo,Pisa,3,3,0,649687
2022-10-15T12:00:00Z,2022,ita.2,Modena,Como,5,1,0,649688
2022-10-15T12:00:00Z,2022,ita.2,Cosenza,Genoa,1,2,0,649689
2022-10-15T12:00:00Z,2022,ita.2,Benevento,Ternana,2,3,0,649692
2022-10-15T12:00:00Z,2022,ita.2,Cagliari,Brescia,2,1,0,649693
2022-10-15T12:00:00Z,2022,ita.2,Cittadella,SPAL,0,0,0,649694
2022-10-15T13:00:00Z,2022,swe.1,BK Häcken,GIF Sundsvall,4,1,0,628388
2022-10-15T13:00:00Z,2022,swe.1,Helsingborg,Varbergs BoIS FC,1,3,0,628393
2022-10-15T13:00:00Z,2022,fra.2,Saint-Étienne,Paris FC,0,2,0,640104
2022-10-15T13:00:00Z,2022,ita.1,Empoli,Monza,1,0,0,644714
2022-10-15T13:30:00Z,2022,ger.1,Eintracht Frankfurt,Bayer Leverkusen,5,1,0,638519
2022-10-15T13:30:00Z,2022,ger.1,Werder Bremen,Mainz,0,2,0,638523
2022-10-15T13:30:00Z,2022,ger.1,VfB Stuttgart,VfL Bochum,4,1,0,638524
2022-10-15T13:30:00Z,2022,ger.1,VfL Wolfsburg,Borussia Mönchengladbach,2,2,0,638525
2022-10-15T13:30:00Z,2022,rus.1,Krasnodar,Akhmat Grozny,2,3,0,641208
2022-10-15T13:30:00Z,2022,rsa.1,Richards Bay FC,Maritzburg United,0,0,0,649436
2022-10-15T14:00:00Z,2022,nor.1,Tromso,Odds BK,3,2,0,628022
2022-10-15T14:00:00Z,2022,eng.1,Fulham,AFC Bournemouth,2,2,0,637921
2022-10-15T14:00:00Z,2022,eng.1,Wolverhampton Wanderers,Nottingham Forest,1,0,0,637928
2022-10-15T14:00:00Z,2022,sco.1,Celtic,Hibernian,6,1,0,639111
2022-10-15T14:00:00Z,2022,sco.1,Livingston,St Johnstone,1,0,0,639112
2022-10-15T14:00:00Z,2022,sco.1,Ross County,Dundee United,1,1,0,639114
2022-10-15T14:00:00Z,2022,sco.1,St Mirren,Kilmarnock,0,0,0,639115
2022-10-15T14:00:00Z,2022,sco.2,Dundee,Ayr United,2,1,0,639480
2022-10-15T14:00:00Z,2022,sco.2,Cove Rangers,Inverness Caledonian Thistle,0,1,0,639481
2022-10-15T14:00:00Z,2022,sco.2,Hamilton Academical,Partick Thistle,1,2,0,639482
2022-10-15T14:00:00Z,2022,sco.2,Greenock Morton,Raith Rovers,1,0,0,639484
2022-10-15T14:00:00Z,2022,bel.1,KV Kortrijk,Zulte-Waregem,1,3,0,641444
2022-10-15T14:00:00Z,2022,eng.4,AFC Wimbledon,Sutton United,0,1,0,642234
2022-10-15T14:00:00Z,2022,eng.4,Carlisle United,Doncaster Rovers,3,0,0,642235
2022-10-15T14:00:00Z,2022,eng.4,Crawley Town,Newport County,2,1,0,642236
2022-10-15T14:00:00Z,2022,eng.4,Gillingham,Stevenage,1,1,0,642237
2022-10-15T14:00:00Z,2022,eng.4,Leyton Orient,Northampton Town,0,0,0,642239
2022-10-15T14:00:00Z,2022,eng.4,Rochdale,Barrow,2,1,0,642241
2022-10-15T14:00:00Z,2022,eng.4,Salford City,Bradford City,0,1,0,642242
2022-10-15T14:00:00Z,2022,eng.4,Stockport County,Grimsby Town,1,3,0,642243
2022-10-15T14:00:00Z,2022,eng.4,Swindon Town,Colchester United,1,0,0,642244
2022-10-15T14:00:00Z,2022,eng.3,Accrington Stanley,Derby County,0,3,0,642786
2022-10-15T14:00:00Z,2022,eng.3,Bolton Wanderers,Barnsley,0,0,0,642787
2022-10-15T14:00:00Z,2022,eng.3,Burton Albion,Morecambe,1,1,0,642788
2022-10-15T14:00:00Z,2022,eng.3,Cambridge United,Sheffield Wednesday,0,2,0,642789
2022-10-15T14:00:00Z,2022,eng.3,Cheltenham Town,Bristol Rovers,1,4,0,642791
2022-10-15T14:00:00Z,2022,eng.3,Exeter City,Oxford United,2,4,0,642792
2022-10-15T14:00:00Z,2022,eng.3,Fleetwood Town,Shrewsbury Town,0,1,0,642793
2022-10-15T14:00:00Z,2022,eng.3,Ipswich Town,Lincoln City,0,1,0,642794
2022-10-15T14:00:00Z,2022,eng.3,Milton Keynes Dons,Plymouth Argyle,1,4,0,642795
2022-10-15T14:00:00Z,2022,eng.3,Port Vale,Forest Green Rovers,2,2,0,642796
2022-10-15T14:00:00Z,2022,eng.3,Wycombe Wanderers,Peterborough United,3,1,0,642797
2022-10-15T14:00:00Z,2022,eng.2,Bristol City,Millwall,1,2,0,643350
2022-10-15T14:00:00Z,2022,eng.2,Burnley,Swansea City,4,0,0,643351
2022-10-15T14:00:00Z,2022,eng.2,Cardiff City,Coventry City,0,1,0,643352
2022-10-15T14:00:00Z,2022,eng.2,Middlesbrough,Blackburn Rovers,1,2,0,643355
2022-10-15T14:00:00Z,2022,eng.2,Preston North End,Stoke City,0,2,0,643356
2022-10-15T14:00:00Z,2022,eng.2,Reading,West Bromwich Albion,0,2,0,643357
2022-10-15T14:00:00Z,2022,eng.2,Sheffield United,Blackpool,3,3,0,643359
2022-10-15T14:00:00Z,2022,eng.2,Sunderland,Wigan Athletic,2,1,0,643360
2022-10-15T14:00:00Z,2022,tur.1,Kasimpasa,Adana Demirspor,1,4,0,645976
2022-10-15T14:00:00Z,2022,gre.1,Volos NFC,Levadiakos,2,1,0,650274
2022-10-15T14:00:00Z,2022,ind.1,Mumbai City FC,Odisha FC,2,0,0,653333
2022-10-15T14:00:00Z,2022,por.taca.portugal,Canelas 2010,Vitória de Guimaraes,1,3,0,654484
2022-10-15T14:00:00Z,2022,por.taca.portugal,Sanjoanense,Os Belenenses,3,2,0,654494
2022-10-15T14:00:00Z,2022,por.taca.portugal,Mafra,Maritimo,4,2,0,654503
2022-10-15T14:00:00Z,2022,por.taca.portugal,Serpa,Gil Vicente,0,3,0,654508
2022-10-15T14:00:00Z,2022,por.taca.portugal,Trofense,FC Famalicao,0,1,0,654510
2022-10-15T14:15:00Z,2022,esp.1,Valencia,Elche,2,2,0,643851
2022-10-15T14:15:00Z,2022,esp.2,Real Zaragoza,Villarreal B,2,1,0,644265
2022-10-15T14:15:00Z,2022,esp.2,FC Andorra,Alavés,0,1,0,644271
2022-10-15T14:15:00Z,2022,ita.2,Bari,Ascoli,0,2,0,649690
2022-10-15T14:30:00Z,2022,por.taca.portugal,Académico de Viseu,Oriental,1,0,0,654482
2022-10-15T14:30:00Z,2022,por.taca.portugal,Imortal,SC Farense,0,3,0,654489
2022-10-15T14:30:00Z,2022,por.taca.portugal,FC Penafiel,Vizela,3,3,0,654507
2022-10-15T15:00:00Z,2022,fra.1,Lorient,Stade de Reims,0,0,0,639711
2022-10-15T15:00:00Z,2022,aut.1,SV Josko Ried,Rapid Vienna,1,0,0,641824
2022-10-15T15:00:00Z,2022,aut.1,SK Austria Klagenfurt,LASK Linz,1,3,0,641825
2022-10-15T15:00:00Z,2022,aut.1,WSG Swarovski Tirol,Austria Lustenau,3,2,0,641829
2022-10-15T15:30:00Z,2022,swe.1,IK Sirius,IFK Norrköping,2,0,0,628390
2022-10-15T15:30:00Z,2022,swe.1,IFK Värnamo,Kalmar FF,1,3,0,628391
2022-10-15T15:30:00Z,2022,rsa.1,Kaizer Chiefs,Chippa United,1,2,0,649437
2022-10-15T15:30:00Z,2022,ksa.1,Al Tai,Al Hilal,2,3,0,663195
2022-10-15T16:00:00Z,2022,nor.1,Rosenborg,Stromsgodset,3,0,0,628024
2022-10-15T16:00:00Z,2022,ita.1,Torino,Juventus,0,1,0,644707
2022-10-15T16:00:00Z,2022,usa.1,Red Bull New York,FC Cincinnati,1,2,0,654604
2022-10-15T16:15:00Z,2022,bel.1,Sint-Truidense,Royal Charleroi SC,2,1,0,641451
2022-10-15T16:15:00Z,2022,bel.1,Cercle Brugge KSV,Eupen,5,1,0,641452
2022-10-15T16:30:00Z,2022,eng.1,Tottenham Hotspur,Everton,2,0,0,637927
2022-10-15T16:30:00Z,2022,ger.1,RB Leipzig,Hertha Berlin,3,2,0,638526
2022-10-15T16:30:00Z,2022,rus.1,Dinamo Moscow,Gazovik Orenburg,3,2,0,641202
2022-10-15T16:30:00Z,2022,esp.1,Mallorca,Sevilla,0,1,0,643852
2022-10-15T16:30:00Z,2022,esp.2,Ponferradina,Las Palmas,0,1,0,644266
2022-10-15T16:30:00Z,2022,esp.2,Huesca,Racing Santander,0,0,0,644269
2022-10-15T16:45:00Z,2022,ned.1,Fortuna Sittard,RKC Waalwijk,0,0,0,637278
2022-10-15T17:00:00Z,2022,fra.2,Dijon FCO,US Quevilly,0,0,0,640101
2022-10-15T17:00:00Z,2022,fra.2,Valenciennes,Guingamp,1,0,0,640102
2022-10-15T17:00:00Z,2022,fra.2,Rodez Aveyron,Le Havre AC,1,1,0,640105
2022-10-15T17:00:00Z,2022,fra.2,Nimes,SC Amiens,2,0,0,640106
2022-10-15T17:00:00Z,2022,fra.2,Niort,Grenoble,0,3,0,640107
2022-10-15T17:00:00Z,2022,fra.2,Metz,Sochaux,0,0,0,640108
2022-10-15T17:00:00Z,2022,fra.2,Stade Laval,Caen,4,0,0,640109
2022-10-15T17:00:00Z,2022,fra.2,Annecy,Pau,0,2,0,640110
2022-10-15T17:00:00Z,2022,tur.1,Kayserispor,Galatasaray,2,1,0,645977
2022-10-15T17:00:00Z,2022,tur.1,Konyaspor,Gaziantep FK,0,1,0,645978
2022-10-15T17:10:00Z,2022,arg.3,Defensores Unidos,Fénix,1,0,0,654615
2022-10-15T17:30:00Z,2022,gre.1,Aris,Ionikos FC,2,1,0,650277
2022-10-15T17:45:00Z,2022,ksa.1,Al Fateh,Al Raed,1,0,0,663196
2022-10-15T17:45:00Z,2022,ksa.1,Al Shabab,Al Khaleej,4,0,0,663197
2022-10-15T18:00:00Z,2022,ned.1,Go Ahead Eagles,Heerenveen,1,1,0,637277
2022-10-15T18:00:00Z,2022,per.1,Alianza Atlético,Sport Huancayo,1,0,0,642043
2022-10-15T18:10:00Z,2022,arg.3,Villa San Carlos,Acassuso,2,1,0,654616
2022-10-15T18:30:00Z,2022,ger.2,Hannover 96,Arminia Bielefeld,2,0,0,638847
2022-10-15T18:45:00Z,2022,bel.1,OH Leuven,Racing Genk,0,1,0,641449
2022-10-15T18:45:00Z,2022,eng.2,Watford,Norwich City,2,1,0,643361
2022-10-15T18:45:00Z,2022,ita.1,Atalanta,Sassuolo,2,1,0,644715
2022-10-15T19:00:00Z,2022,ned.1,SC Cambuur,Vitesse,0,3,0,637280
2022-10-15T19:00:00Z,2022,fra.1,Lens,Montpellier,1,0,0,639712
2022-10-15T19:00:00Z,2022,esp.1,Athletic Club,Atlético Madrid,0,1,0,643853
2022-10-15T19:00:00Z,2022,esp.2,Albacete,Real Oviedo,1,0,0,644261
2022-10-15T19:00:00Z,2022,uru.1,Rentistas,Fénix ,1,3,0,651088
2022-10-15T19:00:00Z,2022,bol.1,Universitario de Vinto,The Strongest,2,1,0,654188
2022-10-15T19:00:00Z,2022,por.taca.portugal,Tondela,Santa Clara,2,0,0,654509
2022-10-15T19:00:00Z,2022,usa.1,LA Galaxy,Nashville SC,1,0,0,654605
2022-10-15T19:30:00Z,2022,bra.2,Tombense,Ponte Preta,0,0,0,631189
2022-10-15T19:45:00Z,2022,por.taca.portugal,FC Caldas,Benfica,1,1,0,654501
2022-10-15T20:00:00Z,2022,usa.usl.1,Detroit City FC,Miami FC,0,1,0,627907
2022-10-15T20:00:00Z,2022,par.1,Resistencia SC,Tacuary,0,3,0,647618
2022-10-15T20:30:00Z,2022,per.1,Sport Boys,Sporting Cristal,3,5,0,642048
2022-10-15T21:00:00Z,2022,usa.usl.l1,Union Omaha,Central Valley Fuego FC,0,2,0,625611
2022-10-15T21:00:00Z,2022,usa.usl.1,Charleston Battery,Loudoun United FC,1,1,0,627908
2022-10-15T21:00:00Z,2022,chi.1,Antofagasta,Palestino,0,3,0,629254
2022-10-15T21:00:00Z,2022,ven.1,Monagas SC,Carabobo,2,1,0,654628
2022-10-15T21:10:00Z,2022,arg.2,Estudiantes (Buenos Aires),Chaco For Ever,3,0,0,654676
2022-10-15T21:15:00Z,2022,hon.1,Club Deportivo Marathón,FC Motagua,2,2,0,648258
2022-10-15T21:15:00Z,2022,bol.1,Bolívar,Nacional Potosí,3,1,0,654189
2022-10-15T21:30:00Z,2022,gua.1,Cobán Imperial,Iztapa,1,0,0,641031
2022-10-15T21:30:00Z,2022,uru.1,Deportivo Maldonado,Defensor Sporting,0,0,0,651084
2022-10-15T21:30:00Z,2022,slv.1,Águila,Jocoro FC,5,1,0,654004
2022-10-15T22:00:00Z,2022,bra.2,Criciúma,Ituano,3,0,0,631186
2022-10-15T22:30:00Z,2022,usa.usl.l1,Richmond Kickers,Greenville Triumph,1,1,0,625614
2022-10-15T22:30:00Z,2022,par.1,General Caballero JLM,Sportivo Ameliano,2,0,0,647620
2022-10-15T23:00:00Z,2022,usa.usl.l1,Charlotte Independence,North Carolina FC,5,1,0,625615
2022-10-15T23:00:00Z,2022,usa.usl.1,Pittsburgh Riverhounds,Oakland Roots,3,1,0,627902
2022-10-15T23:00:00Z,2022,ecu.1,Gualaceo,Delfín,2,1,0,635972
2022-10-15T23:00:00Z,2022,ecu.1,Liga de Quito,Guayaquil City FC,2,0,0,635975
2022-10-15T23:00:00Z,2022,ecu.1,Orense,Deportivo Cuenca,1,0,0,635978
2022-10-15T23:00:00Z,2022,per.1,Deportivo Binacional,UTC,2,0,0,642045
2022-10-15T23:05:00Z,2022,col.1,Deportivo Pasto,Águilas Doradas,1,1,0,626679
2022-10-15T23:06:00Z,2022,mex.1,Monterrey,Cruz Azul,3,0,0,654406
2022-10-15T23:10:00Z,2022,arg.2,All Boys,Defensores de Belgrano,0,2,0,654677
2022-10-15T23:15:00Z,2022,ven.1,Zamora FC,Metropolitanos,0,0,0,654629
2022-10-15T23:30:00Z,2022,usa.usl.l1,South Georgia Tormenta FC,Chattanooga Red Wolves,2,0,0,625612
2022-10-15T23:30:00Z,2022,usa.usl.1,Tampa Bay Rowdies,New York Red Bulls II,1,0,0,627898
2022-10-15T23:30:00Z,2022,usa.usl.1,Louisville City FC,Hartford Athletic,2,1,0,627899
2022-10-15T23:30:00Z,2022,bra.1,Flamengo,Atlético-MG,1,0,0,630823
2022-10-15T23:30:00Z,2022,bra.1,América Mineiro,Fortaleza,1,2,0,630829
2022-10-15T23:30:00Z,2022,bol.1,Royal Pari,Guabirá,3,2,0,654190
2022-10-16T00:00:00Z,2022,gua.1,Deportivo Mixco,CD Guastatoya,0,1,0,641032
2022-10-16T00:30:00Z,2022,usa.usl.1,San Antonio FC,Orange County SC,2,2,0,627903
2022-10-16T00:30:00Z,2022,usa.usl.1,Rio Grande Valley FC Toros,Monterey Bay,4,1,0,627905
2022-10-16T00:30:00Z,2022,usa.usl.1,FC Tulsa,Memphis 901 FC,0,3,0,627906
2022-10-16T01:00:00Z,2022,usa.usl.1,New Mexico United,Colorado Springs Switchbacks FC,2,0,0,627900
2022-10-16T01:06:00Z,2022,mex.1,América,Puebla,5,1,0,654404
2022-10-16T01:10:00Z,2022,col.1,Atlético Bucaramanga,Internacional de Bogotá,3,1,0,626676
2022-10-16T01:15:00Z,2022,hon.1,Honduras Progreso,UPNFM,2,2,0,648256
2022-10-16T01:15:00Z,2022,slv.1,Santa Tecla,Isidro Metapán,4,1,0,654005
2022-10-16T01:30:00Z,2022,hon.1,Club Deportivo Victoria,Real España,1,4,0,648257
2022-10-16T02:00:00Z,2022,usa.usl.l1,FC Tucson,Forward Madison FC,1,1,0,625613
2022-10-16T02:00:00Z,2022,usa.usl.1,Sacramento Republic FC,San Diego Loyal SC,4,0,0,627904
2022-10-16T02:00:00Z,2022,mex.2,Dorados de Sinaloa,Tapatío,1,1,0,638348
2022-10-16T02:00:00Z,2022,gua.1,Xelajú MC,Comunicaciones,0,1,0,641029
2022-10-16T02:00:00Z,2022,aus.1,Wellington Phoenix FC,Central Coast Mariners,2,2,0,650489
2022-10-16T02:00:00Z,2022,crc.1,Herediano,Puntarenas FC,3,1,0,654367
2022-10-16T02:30:00Z,2022,usa.usl.1,Phoenix Rising FC,Atlanta United 2,3,1,0,627901
2022-10-16T02:30:00Z,2022,usa.usl.1,Ventura County FC,Las Vegas Lights FC,1,1,0,627910
2022-10-16T04:00:00Z,2022,aus.1,Macarthur FC,Adelaide United,2,0,0,650490
2022-10-16T06:00:00Z,2022,aus.1,Western United,Sydney FC,1,3,0,650491
2022-10-16T10:15:00Z,2022,ned.1,Sparta Rotterdam,NEC Nijmegen,2,0,0,637281
2022-10-16T10:30:00Z,2022,ita.1,Internazionale,Salernitana,2,0,0,644713
2022-10-16T11:00:00Z,2022,sco.1,Motherwell,Rangers,1,2,0,639113
2022-10-16T11:00:00Z,2022,fra.1,Toulouse,Angers,3,2,0,639716
2022-10-16T11:00:00Z,2022,rus.1,Krylia Sovetov,Sochi,2,0,0,641204
2022-10-16T11:30:00Z,2022,ger.2,Kaiserslautern,SSV Jahn Regensburg,0,3,0,638846
2022-10-16T11:30:00Z,2022,ger.2,SC Paderborn 07,SV Sandhausen,3,0,0,638849
2022-10-16T11:30:00Z,2022,ger.2,Holstein Kiel,1. FC Heidenheim 1846,3,1,0,638851
2022-10-16T11:30:00Z,2022,bel.1,Standard Liege,Antwerp,3,0,0,641448
2022-10-16T12:00:00Z,2022,den.1,Brøndby IF,F.C. København,1,1,0,636973
2022-10-16T12:00:00Z,2022,den.1,Viborg FF,Odense Boldklub,0,0,0,636978
2022-10-16T12:00:00Z,2022,esp.1,Celta Vigo,Real Sociedad,1,2,0,643855
2022-10-16T12:00:00Z,2022,esp.2,Levante,Leganés,2,1,0,644268
2022-10-16T12:30:00Z,2022,ned.1,FC Twente,FC Groningen,3,0,0,637282
2022-10-16T12:30:00Z,2022,ned.1,PSV Eindhoven,FC Utrecht,6,1,0,637283
2022-10-16T12:30:00Z,2022,aut.1,SC Rheindorf Altach,TSV Hartberg,1,0,0,641827
2022-10-16T12:30:00Z,2022,aut.1,SK Sturm Graz,Wolfsberger,3,2,0,641828
2022-10-16T13:00:00Z,2022,swe.1,Djurgården,AIK,1,2,0,628386
2022-10-16T13:00:00Z,2022,eng.1,Aston Villa,Chelsea,0,2,0,637919
2022-10-16T13:00:00Z,2022,eng.1,Leeds United,Arsenal,0,1,0,637922
2022-10-16T13:00:00Z,2022,eng.1,Manchester United,Newcastle United,0,0,0,637925
2022-10-16T13:00:00Z,2022,eng.1,Southampton,West Ham United,1,1,0,637926
2022-10-16T13:00:00Z,2022,fra.1,AJ Auxerre,Nice,1,1,0,639713
2022-10-16T13:00:00Z,2022,fra.1,Nantes,Brest,4,1,0,639714
2022-10-16T13:00:00Z,2022,fra.1,Troyes,AC Ajaccio,1,1,0,639715
2022-10-16T13:00:00Z,2022,fra.1,Stade Rennais,Lyon,3,2,0,639718
2022-10-16T13:00:00Z,2022,ita.1,Spezia,Cremonese,2,2,0,644708
2022-10-16T13:00:00Z,2022,ita.1,Lazio,Udinese,0,0,0,644712
2022-10-16T13:00:00Z,2022,gre.1,AEK Athens,Atromitos,1,0,0,650276
2022-10-16T13:30:00Z,2022,ger.1,FC Cologne,FC Augsburg,3,2,0,638522
2022-10-16T13:30:00Z,2022,rus.1,Nizhny Novgorod,Zenit St Petersburg,0,3,0,641205
2022-10-16T13:30:00Z,2022,uru.1,Liverpool,Cerro Largo,1,0,0,651087
2022-10-16T14:00:00Z,2022,den.1,FC Nordsjælland,AGF,1,1,0,636975
2022-10-16T14:00:00Z,2022,sco.1,Aberdeen,Heart of Midlothian,2,0,0,639110
2022-10-16T14:00:00Z,2022,bel.1,KAA Gent,KV Mechelen,3,0,0,641445
2022-10-16T14:00:00Z,2022,tur.1,Istanbul Basaksehir,Istanbulspor,2,0,0,645975
2022-10-16T14:00:00Z,2022,ind.1,Kerala Blasters FC,Mohun Bagan Super Giant,2,5,0,653334
2022-10-16T14:00:00Z,2022,por.taca.portugal,Vilaverdense,Portimonense,2,0,0,654483
2022-10-16T14:00:00Z,2022,por.taca.portugal,Courense,Camacha,0,6,0,654485
2022-10-16T14:00:00Z,2022,por.taca.portugal,Dumiense,Real Sport Clube,2,1,0,654486
2022-10-16T14:00:00Z,2022,por.taca.portugal,Bragança,Pevidém,0,1,0,654488
2022-10-16T14:00:00Z,2022,por.taca.portugal,Machico,Boavista,1,0,0,654490
2022-10-16T14:00:00Z,2022,por.taca.portugal,Pero Pinheiro,Sporting Pombal,4,0,0,654491
2022-10-16T14:00:00Z,2022,por.taca.portugal,Vianense,Beira Mar,1,2,0,654493
2022-10-16T14:00:00Z,2022,por.taca.portugal,São Martinho,Casa Pia,0,2,0,654495
2022-10-16T14:00:00Z,2022,por.taca.portugal,Tirsense,Leixoes,1,4,0,654496
2022-10-16T14:00:00Z,2022,por.taca.portugal,Vitoria Setubal,Paços de Ferreira,2,0,0,654498
2022-10-16T14:00:00Z,2022,por.taca.portugal,Oliveira Hospital,Rio Ave,3,2,0,654506
2022-10-16T14:00:00Z,2022,por.taca.portugal,Valadares Gaia,GD Chaves,3,2,0,654511
2022-10-16T14:00:00Z,2022,por.taca.portugal,Montalegre,São João de Ver,1,3,0,654513
2022-10-16T14:15:00Z,2022,esp.1,Real Madrid,Barcelona,3,1,0,643856
2022-10-16T14:15:00Z,2022,ita.2,Perugia,Sudtirol,1,2,0,649691
2022-10-16T14:20:00Z,2022,eng.2,Hull City,Birmingham City,0,2,0,643353
2022-10-16T14:45:00Z,2022,ned.1,AZ Alkmaar,Feyenoord Rotterdam,1,3,0,637284
2022-10-16T14:45:00Z,2022,ksa.1,Al Nassr,Al Fayha,4,0,0,663198
2022-10-16T14:45:00Z,2022,ksa.1,Al Batin,Abha,1,3,0,663199
2022-10-16T15:00:00Z,2022,nor.1,Vålerenga,Bodo/Glimt,0,6,0,628017
2022-10-16T15:00:00Z,2022,nor.1,Sandefjord,FK Jerv,1,2,0,628018
2022-10-16T15:00:00Z,2022,nor.1,Aalesund,Hamarkameratene,0,0,0,628019
2022-10-16T15:00:00Z,2022,nor.1,Kristiansund BK,Haugesund,0,1,0,628020
2022-10-16T15:00:00Z,2022,nor.1,Viking FK,Sarpsborg FK,0,1,0,628023
2022-10-16T15:00:00Z,2022,aut.1,Austria Vienna,RB Salzburg,1,3,0,641826
2022-10-16T15:00:00Z,2022,per.1,Deportivo Municipal,Academia Cantolao,1,0,0,642049
2022-10-16T15:00:00Z,2022,gre.1,Pas Giannina,OFI CRETE,2,2,0,650273
2022-10-16T15:00:00Z,2022,por.taca.portugal,Rabo de Peixe,Sertanense,2,1,0,654492
2022-10-16T15:00:00Z,2022,chi.copa_chi,Magallanes,Huachipato,1,1,0,654601
2022-10-16T15:05:00Z,2022,fra.1,AS Monaco,Clermont Foot,1,1,0,639710
2022-10-16T15:30:00Z,2022,swe.1,Mjällby AIF,Hammarby IF,0,3,0,628389
2022-10-16T15:30:00Z,2022,eng.1,Liverpool,Manchester City,1,0,0,637924
2022-10-16T15:30:00Z,2022,ger.1,1. FC Union Berlin,Borussia Dortmund,2,0,0,638518
2022-10-16T16:00:00Z,2022,arg.1,Aldosivi,Talleres (Córdoba),1,3,0,635618
2022-10-16T16:00:00Z,2022,den.1,FC Midtjylland,AC Horsens,2,1,0,636974
2022-10-16T16:00:00Z,2022,ita.1,Napoli,Bologna,3,2,0,644710
2022-10-16T16:00:00Z,2022,por.taca.portugal,Felgueiras 1932,Braga,1,2,0,654502
2022-10-16T16:10:00Z,2022,arg.2,Gimnasia (Mendoza),Deportivo Morón,1,1,0,654678
2022-10-16T16:30:00Z,2022,bel.1,Anderlecht,Club Brugge,0,1,0,641450
2022-10-16T16:30:00Z,2022,esp.1,Espanyol,Real Valladolid,1,0,0,643854
2022-10-16T16:30:00Z,2022,esp.2,Burgos,Mirandés,2,1,0,644262
2022-10-16T16:30:00Z,2022,esp.2,Málaga,Lugo,3,2,0,644267
2022-10-16T16:30:00Z,2022,gre.1,Lamia,Panathinaikos,0,2,0,650275
2022-10-16T17:00:00Z,2022,nor.1,Lillestrom,Molde,0,1,0,628021
2022-10-16T17:00:00Z,2022,gua.1,CD Achuapa,Xinabajul,2,2,0,641028
2022-10-16T17:00:00Z,2022,rus.1,CSKA Moscow,Spartak Moscow,2,2,0,641201
2022-10-16T17:00:00Z,2022,tur.1,Besiktas,Trabzonspor,2,2,0,645973
2022-10-16T17:30:00Z,2022,ger.1,Bayern Munich,SC Freiburg,5,0,0,638520
2022-10-16T17:30:00Z,2022,gre.1,Asteras Tripoli,Panetolikos,0,0,0,650278
2022-10-16T17:30:00Z,2022,ksa.1,Al Ittihad,Al Wehda,1,0,0,663200
2022-10-16T17:30:00Z,2022,ksa.1,Al Ettifaq,Al Taawoun,0,1,0,663201
2022-10-16T17:30:00Z,2022,ksa.1,Al Adalah,Damac,0,2,0,663202
2022-10-16T18:00:00Z,2022,ned.1,Ajax Amsterdam,Excelsior,7,1,0,637279
2022-10-16T18:00:00Z,2022,per.1,Atlético Grau,Carlos A. Mannucci,2,1,0,642042
2022-10-16T18:00:00Z,2022,por.taca.portugal,Varzim,Sporting CP,1,0,0,654512
2022-10-16T18:30:00Z,2022,arg.1,Newell's Old Boys,Boca Juniors,2,0,0,635614
2022-10-16T18:30:00Z,2022,uru.1,Danubio,Albion FC,3,0,0,651085
2022-10-16T18:45:00Z,2022,fra.1,Paris Saint-Germain,Marseille,1,0,0,639719
2022-10-16T18:45:00Z,2022,ita.1,Hellas Verona,AC Milan,1,2,0,644716
2022-10-16T19:00:00Z,2022,col.1,Cortuluá,Deportes Tolima,0,1,0,626680
2022-10-16T19:00:00Z,2022,bra.1,Ceará,Cuiabá,1,1,0,630827
2022-10-16T19:00:00Z,2022,bra.1,Palmeiras,São Paulo,0,0,0,630832
2022-10-16T19:00:00Z,2022,bra.2,Grêmio,Bahia,1,1,0,631181
2022-10-16T19:00:00Z,2022,bra.2,Sport,Vasco da Gama,1,1,0,631190
2022-10-16T19:00:00Z,2022,gua.1,Santa Lucía Cotzumalguapa,CD Malacateco,1,1,0,641030
2022-10-16T19:00:00Z,2022,bel.1,KV Oostende,Union St.-Gilloise,1,6,0,641447
2022-10-16T19:00:00Z,2022,esp.1,Real Betis,Almería,3,1,0,643857
2022-10-16T19:00:00Z,2022,esp.2,Tenerife,Granada,2,0,0,644263
2022-10-16T19:00:00Z,2022,esp.2,FC Cartagena,UD Ibiza,2,0,0,644270
2022-10-16T19:00:00Z,2022,par.1,Cerro Porteño,Club Olimpia,1,2,0,647621
2022-10-16T19:00:00Z,2022,bol.1,Atlético Palmaflor,Oriente Petrolero,2,2,0,654191
2022-10-16T19:00:00Z,2022,usa.1,Austin FC,Real Salt Lake,2,2,0,654606
2022-10-16T19:45:00Z,2022,por.taca.portugal,Anadia,FC Porto,0,6,0,654499
2022-10-16T20:00:00Z,2022,per.1,ADT,San Martin,4,1,0,642044
2022-10-16T20:45:00Z,2022,per.1,Universitario,Melgar,1,1,0,642046
2022-10-16T21:00:00Z,2022,bra.1,Juventude,Atlético Goianiense,1,1,0,630824
2022-10-16T21:00:00Z,2022,bra.1,Botafogo,Internacional,0,1,0,630830
2022-10-16T21:00:00Z,2022,arg.1,Independiente,Banfield,1,0,0,635612
2022-10-16T21:00:00Z,2022,arg.1,Godoy Cruz Antonio Tomba,Patronato,0,1,0,635624
2022-10-16T21:00:00Z,2022,mex.2,Celaya,Correcaminos UAT,0,3,0,638433
2022-10-16T21:00:00Z,2022,gua.1,Municipal,Antigua GFC,0,1,0,641033
2022-10-16T21:00:00Z,2022,hon.1,C.D.Real Sociedad,Vida,0,0,0,648259
2022-10-16T21:00:00Z,2022,slv.1,CD Dragon,Luis Ángel Firpo,1,0,0,654001
2022-10-16T21:00:00Z,2022,slv.1,Atletico Marte,Alianza FC,2,4,0,654002
2022-10-16T21:00:00Z,2022,slv.1,Once Deportivo,CD FAS,1,1,0,654003
2022-10-16T21:00:00Z,2022,slv.1,C.D. Platense,Chalatenango,3,1,0,654006
2022-10-16T21:00:00Z,2022,ven.1,Deportivo Táchira,Academia Puerto Cabello,0,2,0,654630
2022-10-16T21:05:00Z,2022,col.1,Unión Magdalena,Deportivo Pereira,2,0,0,626672
2022-10-16T21:05:00Z,2022,arg.2,Almagro,Independiente Rivadavia,1,2,0,654679
2022-10-16T21:10:00Z,2022,arg.2,Estudiantes de Río Cuarto,Deportivo Riestra,1,0,0,654680
2022-10-16T21:15:00Z,2022,bol.1,Real Santa Cruz,Always Ready,1,0,0,654192
2022-10-16T21:30:00Z,2022,uru.1,Peñarol,River Plate,1,1,0,651089
2022-10-16T22:00:00Z,2022,bra.1,Athletico-PR,Coritiba,1,0,0,630826
2022-10-16T22:00:00Z,2022,bra.1,Avaí,Fluminense,0,3,0,630828
2022-10-16T22:00:00Z,2022,hon.1,Club Deportivo Olimpia,Olancho FC,0,1,0,648260
2022-10-16T23:00:00Z,2022,ecu.1,Barcelona SC,Aucas,0,2,0,635973
2022-10-16T23:00:00Z,2022,ecu.1,Universidad Católica (Quito),Emelec,2,0,0,635976
2022-10-16T23:00:00Z,2022,ecu.1,Mushuc Runa,Independiente del Valle,0,1,0,635979
2022-10-16T23:00:00Z,2022,per.1,Cienciano del Cusco,Alianza Lima,0,2,0,642041
2022-10-16T23:00:00Z,2022,par.1,Nacional Asunción,Guaraní,2,0,0,647619
2022-10-16T23:10:00Z,2022,col.1,Millonarios,Patriotas,0,0,0,626678
2022-10-16T23:15:00Z,2022,ven.1,Portuguesa,Deportivo Lara,0,1,0,654631
2022-10-16T23:30:00Z,2022,arg.1,River Plate,Rosario Central,1,2,0,635615
2022-10-16T23:30:00Z,2022,bol.1,Universitario de Sucre,Aurora,1,1,0,654193
2022-10-17T00:00:00Z,2022,usa.1,CF Montréal,Orlando City SC,2,0,0,654607
2022-10-17T00:06:00Z,2022,mex.1,Santos,Toluca,1,2,0,654407
2022-10-17T01:15:00Z,2022,col.1,Jaguares de Córdoba,Independiente Santa Fe,2,1,0,626674
2022-10-17T02:06:00Z,2022,mex.1,Pachuca,Tigres UANL,2,1,0,654405
2022-10-17T16:30:00Z,2022,ita.1,Sampdoria,AS Roma,0,1,0,644709
2022-10-17T17:00:00Z,2022,arg.1,Arsenal Sarandi,Barracas Central,1,2,0,635619
2022-10-17T17:00:00Z,2022,den.1,Silkeborg IF,Randers FC,3,3,0,636977
2022-10-17T17:00:00Z,2022,tur.1,Ankaragucu,Fenerbahce,0,3,0,645972
2022-10-17T17:00:00Z,2022,tur.1,Sivasspor,Giresunspor,3,0,0,645979
2022-10-17T17:00:00Z,2022,gre.1,Olympiacos,PAOK,1,2,0,650279
2022-10-17T17:10:00Z,2022,swe.1,IFK Göteborg,Malmö FF,2,1,0,628392
2022-10-17T18:00:00Z,2022,arg.1,Gimnasia La Plata,Argentinos Juniors,0,0,0,635623
2022-10-17T18:00:00Z,2022,uru.1,Montevideo City Torque,Boston River,0,2,0,651091
2022-10-17T18:45:00Z,2022,fra.2,Bastia,Bordeaux,1,1,0,640100
2022-10-17T18:45:00Z,2022,ita.1,Lecce,Fiorentina,1,1,0,644711
2022-10-17T19:00:00Z,2022,eng.3,Charlton Athletic,Portsmouth,3,0,0,642790
2022-10-17T19:00:00Z,2022,esp.1,Villarreal,Osasuna,2,0,0,643859
2022-10-17T19:00:00Z,2022,esp.2,Sporting Gijón,Eibar,2,0,0,644264
2022-10-17T19:30:00Z,2022,arg.1,Vélez Sarsfield,Estudiantes de La Plata,4,0,0,635617
2022-10-17T20:30:00Z,2022,col.1,Envigado FC,Atlético Junior,2,0,0,626675
2022-10-17T20:30:00Z,2022,uru.1,Montevideo Wanderers,Plaza Colonia,2,1,0,651090
2022-10-17T22:00:00Z,2022,par.1,Sol de América,Libertad,1,1,0,647623
2022-10-17T22:30:00Z,2022,bol.1,Wilstermann,Independiente Petrolero,1,3,0,654194
2022-10-17T22:35:00Z,2022,col.1,Deportivo Cali,Once Caldas,1,1,0,626677
2022-10-17T23:00:00Z,2022,bra.1,Red Bull Bragantino,Santos,0,2,0,630831
2022-10-17T23:00:00Z,2022,usa.1,New York City FC,Inter Miami CF,3,0,0,654608
2022-10-17T23:30:00Z,2022,uru.1,Cerrito,Nacional,1,2,0,651086
2022-10-18T00:00:00Z,2022,ecu.1,9 de Octubre,Cumbayá,0,1,0,635974
2022-10-18T00:00:00Z,2022,ecu.1,Técnico Universitario,Macará,3,1,0,635977
2022-10-18T00:30:00Z,2022,arg.1,Sarmiento (Junín),San Lorenzo,2,4,0,635616
2022-10-18T00:30:00Z,2022,arg.1,Atlético Tucumán,Unión (Santa Fe),1,1,0,635620
2022-10-18T00:30:00Z,2022,bol.1,Real Tomayapo,Blooming,1,1,0,654195
2022-10-18T00:40:00Z,2022,col.1,Alianza FC,América de Cali,0,2,0,626671
2022-10-18T01:30:00Z,2022,usa.1,FC Dallas,Minnesota United FC,1,1,0,654609
2022-10-18T14:30:00Z,2022,esp.copa_de_la_reina,FC Badalona,Granada,0,1,0,654480
2022-10-18T15:00:00Z,2022,rsa.1,Chippa United,Sekhukhune United FC,1,0,0,649442
2022-10-18T15:00:00Z,2022,rsa.1,Stellenbosch,SuperSport United,0,2,0,649444
2022-10-18T16:00:00Z,2022,ita.coppa_italia,Genoa,SPAL,1,0,0,651326
2022-10-18T16:00:00Z,2022,ger.dfb_pokal,Stuttgarter Kickers,Eintracht Frankfurt,0,2,0,653652
2022-10-18T16:00:00Z,2022,ger.dfb_pokal,VfB Lübeck,Mainz,0,3,0,653653
2022-10-18T16:00:00Z,2022,ger.dfb_pokal,SV Waldhof Mannheim,1. FC Nürnberg,0,1,0,653655
2022-10-18T16:00:00Z,2022,ger.dfb_pokal,RB Leipzig,Hamburg SV,4,0,0,653662
2022-10-18T16:30:00Z,2022,bel.1,Royal Charleroi SC,KV Kortrijk,2,2,0,641457
2022-10-18T16:30:00Z,2022,bel.1,Eupen,OH Leuven,4,2,0,641461
2022-10-18T16:45:00Z,2022,ned.cup,FC Eindhoven,Willem II,1,0,0,654258
2022-10-18T17:00:00Z,2022,esp.1,Sevilla,Valencia,1,1,0,643863
2022-10-18T17:30:00Z,2022,rsa.1,Golden Arrows,Orlando Pirates,0,2,0,649443
2022-10-18T18:00:00Z,2022,esp.1,Getafe,Athletic Club,2,2,0,643869
2022-10-18T18:00:00Z,2022,eng.trophy,Derby County,Manchester City U21,1,3,0,646597
2022-10-18T18:00:00Z,2022,eng.trophy,Northampton Town,Arsenal U21,1,3,0,646629
2022-10-18T18:00:00Z,2022,eng.trophy,Barrow,Carlisle United,2,0,0,646630
2022-10-18T18:00:00Z,2022,eng.trophy,Bolton Wanderers,Leeds United U21,3,0,0,646631
2022-10-18T18:00:00Z,2022,eng.trophy,Bristol Rovers,Swindon Town,3,0,0,646632
2022-10-18T18:00:00Z,2022,eng.trophy,Burton Albion,Bradford City,4,0,0,646633
2022-10-18T18:00:00Z,2022,eng.trophy,Cambridge United,Ipswich Town,1,0,0,646634
2022-10-18T18:00:00Z,2022,eng.trophy,Cheltenham Town,West Ham U21,1,2,0,646635
2022-10-18T18:00:00Z,2022,eng.trophy,Harrogate Town,Morecambe,2,1,0,646636
2022-10-18T18:00:00Z,2022,eng.trophy,Hartlepool United,Everton U21,0,6,0,646637
2022-10-18T18:00:00Z,2022,eng.trophy,Plymouth Argyle,Crystal Palace U21,1,0,0,646639
2022-10-18T18:00:00Z,2022,eng.trophy,Sheffield Wednesday,Leicester City U21,2,0,0,646640
2022-10-18T18:00:00Z,2022,eng.trophy,Stevenage,Tottenham Hotspur U21,1,0,0,646641
2022-10-18T18:00:00Z,2022,eng.trophy,Walsall,Milton Keynes Dons,0,2,0,646642
2022-10-18T18:00:00Z,2022,eng.trophy,Wycombe Wanderers,Peterborough United,1,1,0,646643
2022-10-18T18:00:00Z,2022,eng.trophy,Crewe Alexandra,Tranmere Rovers,0,1,0,646644
2022-10-18T18:00:00Z,2022,eng.trophy,Rochdale,Salford City,2,2,0,646646
2022-10-18T18:00:00Z,2022,eng.trophy,Lincoln City,Newcastle United U21,2,0,0,646650
2022-10-18T18:00:00Z,2022,eng.trophy,Forest Green Rovers,Exeter City,4,1,0,646651
2022-10-18T18:00:00Z,2022,ned.cup,Almere City,TOP Oss,2,0,0,654252
2022-10-18T18:00:00Z,2022,ned.cup,Excelsior '31,ADO Den Haag,2,3,0,654256
2022-10-18T18:00:00Z,2022,ned.cup,GVVV,FC Den Bosch,1,3,0,654260
2022-10-18T18:00:00Z,2022,ned.cup,HSV Hoek,Heerenveen,2,4,0,654263
2022-10-18T18:00:00Z,2022,ned.cup,Harkemase Boys,FC Volendam,1,5,0,654264
2022-10-18T18:00:00Z,2022,ned.cup,Koninklijke HFC,Telstar,0,1,0,654265
2022-10-18T18:00:00Z,2022,ned.cup,Rijnsburgse Boys,De Graafschap,1,3,0,654270
2022-10-18T18:00:00Z,2022,ned.cup,SV Urk,VV Staphorst,2,0,0,654273
2022-10-18T18:30:00Z,2022,eng.1,Brighton & Hove Albion,Nottingham Forest,0,0,0,637929
2022-10-18T18:30:00Z,2022,eng.trophy,Stockport County,Shrewsbury Town,1,0,0,646645
2022-10-18T18:30:00Z,2022,eng.trophy,Port Vale,Wolverhampton Wanderers U21,2,0,0,646647
2022-10-18T18:45:00Z,2022,sco.2,Inverness Caledonian Thistle,Hamilton Academical,0,1,0,639464
2022-10-18T18:45:00Z,2022,bel.1,Racing Genk,KVC Westerlo,6,1,0,641456
2022-10-18T18:45:00Z,2022,bel.1,RFC Seraing,Cercle Brugge KSV,0,1,0,641459
2022-10-18T18:45:00Z,2022,eng.2,Norwich City,Luton Town,0,1,0,643362
2022-10-18T18:45:00Z,2022,eng.2,Swansea City,Reading,3,2,0,643363
2022-10-18T18:45:00Z,2022,eng.2,Huddersfield Town,Preston North End,0,1,0,643365
2022-10-18T18:45:00Z,2022,eng.trophy,Newport County,Southampton U21,2,1,0,646623
2022-10-18T18:45:00Z,2022,eng.trophy,Crawley Town,Aston Villa U21,5,2,0,646625
2022-10-18T18:45:00Z,2022,eng.trophy,Fleetwood Town,Manchester United U21,2,2,0,646628
2022-10-18T18:45:00Z,2022,eng.trophy,Accrington Stanley,Liverpool U21,3,2,0,646648
2022-10-18T18:45:00Z,2022,eng.trophy,Sutton United,Oxford United,2,0,0,646649
2022-10-18T18:45:00Z,2022,sco.cis,Kilmarnock,Dundee United,2,1,0,653321
2022-10-18T18:45:00Z,2022,ger.dfb_pokal,TSG Hoffenheim,Schalke 04,5,1,0,653654
2022-10-18T18:45:00Z,2022,ger.dfb_pokal,SV Darmstadt 98,Borussia Mönchengladbach,2,1,0,653657
2022-10-18T18:45:00Z,2022,ger.dfb_pokal,SV Elversberg,VfL Bochum,0,1,0,653658
2022-10-18T18:45:00Z,2022,ger.dfb_pokal,TSV Eintracht Braunschweig,VfL Wolfsburg,1,2,0,653660
2022-10-18T19:00:00Z,2022,eng.2,Blackburn Rovers,Sunderland,2,0,0,643364
2022-10-18T19:00:00Z,2022,eng.2,Stoke City,Rotherham United,0,1,0,643366
2022-10-18T19:00:00Z,2022,eng.2,West Bromwich Albion,Bristol City,0,2,0,643367
2022-10-18T19:00:00Z,2022,esp.1,Atlético Madrid,Rayo Vallecano,1,1,0,643870
2022-10-18T19:00:00Z,2022,ita.coppa_italia,Torino,Cittadella,4,0,0,651325
2022-10-18T19:00:00Z,2022,ned.cup,Roda JC Kerkrade,Heracles Almelo,2,2,0,654271
2022-10-18T19:15:00Z,2022,eng.1,Crystal Palace,Wolverhampton Wanderers,2,1,0,637935
2022-10-18T19:30:00Z,2022,arg.1,Colón (Santa Fe),Defensa y Justicia,1,2,0,635622
2022-10-18T19:30:00Z,2022,eng.trophy,Leyton Orient,Chelsea U21,2,3,0,646626
2022-10-18T22:00:00Z,2022,bra.2,Brusque,Novorizontino,2,2,0,631175
2022-10-18T22:00:00Z,2022,arg.1,Lanús,Racing Club,0,1,0,635613
2022-10-18T22:00:00Z,2022,ven.1,Caracas FC,Inter de Barinas,1,0,0,654708
2022-10-18T22:00:00Z,2022,ven.1,Estudiantes de Mérida,Deportivo La Guaira,1,1,0,654741
2022-10-19T00:30:00Z,2022,bra.2,Cruzeiro,Guarani,0,1,0,631174
2022-10-19T00:30:00Z,2022,arg.1,Central Córdoba (Santiago del Estero),Tigre,1,2,0,635621
2022-10-19T00:30:00Z,2022,arg.1,Huracán,Platense,2,0,0,635625
2022-10-19T13:00:00Z,2022,ita.coppa_italia,Spezia,Brescia,3,1,0,651328
2022-10-19T15:00:00Z,2022,rsa.1,AmaZulu,Maritzburg United,1,1,0,649445
2022-10-19T15:00:00Z,2022,esp.copa_de_la_reina,Córdoba,Dux Logroño,2,1,0,654474
2022-10-19T16:00:00Z,2022,nor.1,FK Jerv,Aalesund,0,1,0,628025
2022-10-19T16:00:00Z,2022,ita.coppa_italia,Parma,Bari,1,0,0,651327
2022-10-19T16:00:00Z,2022,ger.dfb_pokal,Hannover 96,Borussia Dortmund,0,2,0,653649
2022-10-19T16:00:00Z,2022,ger.dfb_pokal,SC Freiburg,St. Pauli,2,1,0,653651
2022-10-19T16:00:00Z,2022,ger.dfb_pokal,SV Sandhausen,Karlsruher SC,2,2,0,653656
2022-10-19T16:00:00Z,2022,ger.dfb_pokal,SC Paderborn 07,Werder Bremen,2,2,0,653663
2022-10-19T16:30:00Z,2022,bel.1,Union St.-Gilloise,KAA Gent,2,0,0,641460
2022-10-19T16:30:00Z,2022,esp.copa_de_la_reina,Espanyol,CP Cacereño,2,0,0,654476
2022-10-19T16:45:00Z,2022,ned.cup,FC Dordrecht,FC Groningen,0,3,0,654257
2022-10-19T17:00:00Z,2022,swe.1,AIK,BK Häcken,1,2,0,628378
2022-10-19T17:00:00Z,2022,swe.1,IFK Norrköping,Helsingborg,2,0,0,628380
2022-10-19T17:00:00Z,2022,swe.1,Varbergs BoIS FC,IF Elfsborg,0,3,0,628381
2022-10-19T17:00:00Z,2022,swe.1,GIF Sundsvall,IFK Värnamo,1,2,0,628383
2022-10-19T17:00:00Z,2022,esp.1,Real Valladolid,Celta Vigo,4,1,0,643861
2022-10-19T17:00:00Z,2022,esp.1,Cádiz,Real Betis,0,0,0,643867
2022-10-19T17:00:00Z,2022,esp.copa_de_la_reina,Fundación Tenerife,Deportivo,0,0,0,654478
2022-10-19T17:15:00Z,2022,sco.cis,Motherwell,Celtic,0,4,0,653320
2022-10-19T17:30:00Z,2022,rsa.1,Richards Bay FC,Cape Town City FC,1,0,0,649446
2022-10-19T17:30:00Z,2022,rsa.1,Moroka Swallows,Royal AM,2,0,0,649447
2022-10-19T17:30:00Z,2022,rsa.1,Kaizer Chiefs,TS Galaxy FC,2,2,0,649448
2022-10-19T17:30:00Z,2022,rsa.1,Mamelodi Sundowns,Marumo Gallants,1,0,0,649449
2022-10-19T17:30:00Z,2022,esp.copa_del_rey,Amigó,Fuentes,0,3,0,654413
2022-10-19T17:30:00Z,2022,esp.copa_del_rey,CD 6 de Junio,Alcora,0,3,0,654420
2022-10-19T17:45:00Z,2022,per.1,San Martin,César Vallejo,1,1,0,642054
2022-10-19T18:00:00Z,2022,esp.1,Real Sociedad,Mallorca,1,0,0,643862
2022-10-19T18:00:00Z,2022,ned.cup,De Treffers,RKC Waalwijk,2,0,0,654254
2022-10-19T18:00:00Z,2022,ned.cup,Excelsior,MVV Maastricht,5,1,0,654255
2022-10-19T18:00:00Z,2022,ned.cup,FC Rijnvogels,SC Cambuur,0,3,0,654259
2022-10-19T18:00:00Z,2022,ned.cup,Go Ahead Eagles,Helmond Sport,3,1,0,654261
2022-10-19T18:00:00Z,2022,ned.cup,Kozakken Boys,Vitesse,2,2,0,654266
2022-10-19T18:00:00Z,2022,ned.cup,Spakenburg,TEC VV,2,1,0,654272
2022-10-19T18:00:00Z,2022,ned.cup,USV Hercules,NAC Breda,0,1,0,654275
2022-10-19T18:00:00Z,2022,ned.cup,ADO '20,FC Emmen,1,2,0,654277
2022-10-19T18:00:00Z,2022,esp.copa_del_rey,Algar,Melilla CD,4,1,0,654412
2022-10-19T18:00:00Z,2022,esp.copa_del_rey,Autol,Dinamo San Juan,1,1,0,654414
2022-10-19T18:00:00Z,2022,esp.copa_del_rey,Santa Amalia,Universitario FC,2,1,0,654419
2022-10-19T18:00:00Z,2022,esp.copa_del_rey,Velarde,Turégano,1,0,0,654421
2022-10-19T18:00:00Z,2022,esp.copa_de_la_reina,CE Europa,Real Oviedo,1,3,0,654477
2022-10-19T18:30:00Z,2022,eng.1,AFC Bournemouth,Southampton,0,1,0,637930
2022-10-19T18:30:00Z,2022,eng.1,Brentford,Chelsea,0,0,0,637932
2022-10-19T18:30:00Z,2022,eng.1,Newcastle United,Everton,1,0,0,637936
2022-10-19T18:30:00Z,2022,eng.1,Liverpool,West Ham United,1,0,0,637938
2022-10-19T18:30:00Z,2022,esp.copa_del_rey,Barbadás,Atlético Lugones,2,1,0,654415
2022-10-19T18:30:00Z,2022,esp.copa_del_rey,CF Joventut Mollerussa,Cardassar,4,2,0,654416
2022-10-19T18:30:00Z,2022,esp.copa_del_rey,Cazalegas,Los Yébenes San Bruno,2,1,0,654417
2022-10-19T18:30:00Z,2022,esp.copa_del_rey,Montilla,Rincón,0,0,0,654418
2022-10-19T18:45:00Z,2022,sco.2,Arbroath,Raith Rovers,0,1,0,639461
2022-10-19T18:45:00Z,2022,bel.1,KV Mechelen,Standard Liege,2,0,0,641455
2022-10-19T18:45:00Z,2022,bel.1,Club Brugge,Sint-Truidense,3,0,0,641458
2022-10-19T18:45:00Z,2022,eng.2,Birmingham City,Burnley,1,1,0,643368
2022-10-19T18:45:00Z,2022,eng.2,Coventry City,Sheffield United,1,0,0,643370
2022-10-19T18:45:00Z,2022,eng.2,Wigan Athletic,Middlesbrough,1,4,0,643371
2022-10-19T18:45:00Z,2022,eng.2,Queens Park Rangers,Cardiff City,3,0,0,643372
2022-10-19T18:45:00Z,2022,eng.2,Blackpool,Hull City,1,3,0,643373
2022-10-19T18:45:00Z,2022,sco.cis,Aberdeen,Partick Thistle,4,1,0,653319
2022-10-19T18:45:00Z,2022,ger.dfb_pokal,FC Augsburg,Bayern Munich,2,5,0,653648
2022-10-19T18:45:00Z,2022,ger.dfb_pokal,VfB Stuttgart,Arminia Bielefeld,6,0,0,653650
2022-10-19T18:45:00Z,2022,ger.dfb_pokal,SSV Jahn Regensburg,Fortuna Düsseldorf,0,3,0,653659
2022-10-19T18:45:00Z,2022,ger.dfb_pokal,1. FC Union Berlin,1. FC Heidenheim 1846,2,0,0,653661
2022-10-19T19:00:00Z,2022,eng.2,Millwall,Watford,3,0,0,643369
2022-10-19T19:00:00Z,2022,esp.1,Elche,Real Madrid,0,3,0,643868
2022-10-19T19:00:00Z,2022,ita.coppa_italia,Udinese,Monza,2,3,0,651329
2022-10-19T19:00:00Z,2022,bol.1,Always Ready,Royal Pari,1,0,0,654196
2022-10-19T19:00:00Z,2022,ned.cup,NEC Nijmegen,Fortuna Sittard,3,2,0,654267
2022-10-19T19:00:00Z,2022,esp.copa_de_la_reina,Juan Grande,Osasuna,1,1,0,654479
2022-10-19T19:15:00Z,2022,eng.1,Manchester United,Tottenham Hotspur,2,0,0,637937
2022-10-19T19:15:00Z,2022,sco.cis,Rangers,Dundee,1,0,0,653318
2022-10-19T20:00:00Z,2022,per.1,Carlos Stein,Deportivo Municipal,1,4,0,642050
2022-10-19T20:00:00Z,2022,per.1,Sport Huancayo,Ayacucho FC,0,1,0,642055
2022-10-19T21:00:00Z,2022,slv.1,CD Dragon,C.D. Platense,1,0,0,654008
2022-10-19T21:15:00Z,2022,slv.1,CD FAS,Atletico Marte,1,0,0,654010
2022-10-19T21:15:00Z,2022,slv.1,Luis Ángel Firpo,Jocoro FC,1,3,0,654011
2022-10-19T21:15:00Z,2022,bol.1,The Strongest,Real Santa Cruz,5,2,0,654197
2022-10-19T22:00:00Z,2022,chi.1,Unión Española,Universidad Católica,1,2,0,629335
2022-10-19T22:00:00Z,2022,ven.1,Carabobo,Metropolitanos,0,0,0,655241
2022-10-19T22:00:00Z,2022,ven.1,Monagas SC,Zamora FC,1,1,0,655242
2022-10-19T22:15:00Z,2022,per.1,Melgar,Sport Boys,3,0,0,642058
2022-10-19T23:00:00Z,2022,col.1,Millonarios,Deportivo Pereira,0,1,0,626692
2022-10-19T23:00:00Z,2022,bol.1,Nacional Potosí,Universitario de Sucre,3,2,0,654198
2022-10-20T00:00:00Z,2022,mex.2,Venados FC,Tepatitlán FC,4,2,0,654707
2022-10-20T00:30:00Z,2022,arg.1,Talleres (Córdoba),Unión (Santa Fe),2,2,0,635408
2022-10-20T00:30:00Z,2022,bol.1,Guabirá,Bolívar,2,1,0,654199
2022-10-20T00:45:00Z,2022,bra.copa_do_brazil,Flamengo,Corinthians,1,1,0,654093
2022-10-20T01:00:00Z,2022,hon.1,Real España,Club Deportivo Olimpia,0,0,0,648261
2022-10-20T01:00:00Z,2022,hon.1,Olancho FC,C.D.Real Sociedad,7,0,0,648262
2022-10-20T01:05:00Z,2022,col.1,Independiente Medellín,Atlético Bucaramanga,1,2,0,626683
2022-10-20T01:15:00Z,2022,hon.1,Honduras Progreso,Club Deportivo Victoria,2,2,0,648263
2022-10-20T01:15:00Z,2022,slv.1,Alianza FC,Santa Tecla,0,1,0,654007
2022-10-20T01:30:00Z,2022,hon.1,Vida,Club Deportivo Marathón,2,2,0,648264
2022-10-20T01:30:00Z,2022,slv.1,Isidro Metapán,Once Deportivo,2,1,0,654012
2022-10-20T02:06:00Z,2022,mex.1,Toluca,América,2,1,0,654722
2022-10-20T02:30:00Z,2022,crc.1,Saprissa,Herediano,1,1,0,654702
2022-10-20T13:00:00Z,2022,ita.coppa_italia,Cremonese,Modena,4,2,0,651330
2022-10-20T14:00:00Z,2022,ind.1,NorthEast United FC,SC East Bengal,1,3,0,653335
2022-10-20T15:30:00Z,2022,esp.copa_de_la_reina,Friol,Fundación Albacete,0,1,0,654481
2022-10-20T15:40:00Z,2022,esp.copa_de_la_reina,Elche,Alhama,1,5,0,654475
2022-10-20T16:00:00Z,2022,per.1,Academia Cantolao,Cienciano del Cusco,3,1,0,642053
2022-10-20T16:00:00Z,2022,ita.coppa_italia,Sampdoria,Ascoli,2,2,0,651331
2022-10-20T16:30:00Z,2022,bel.1,Antwerp,KV Oostende,3,0,0,641453
2022-10-20T16:45:00Z,2022,ned.cup,Sportlust '46,FC Utrecht,0,3,0,654274
2022-10-20T17:00:00Z,2022,swe.1,Malmö FF,Djurgården,2,3,0,628379
2022-10-20T17:00:00Z,2022,swe.1,Degerfors IF,IFK Göteborg,3,1,0,628382
2022-10-20T17:00:00Z,2022,swe.1,Hammarby IF,IK Sirius,1,1,0,628384
2022-10-20T17:00:00Z,2022,swe.1,Kalmar FF,Mjällby AIF,1,2,0,628385
2022-10-20T17:00:00Z,2022,esp.1,Almería,Girona,3,2,0,643864
2022-10-20T17:00:00Z,2022,uefa.europa,Arsenal,PSV Eindhoven,1,0,0,652711
2022-10-20T18:00:00Z,2022,arg.1,Gimnasia La Plata,Boca Juniors,1,2,0,635578
2022-10-20T18:00:00Z,2022,esp.1,Osasuna,Espanyol,1,0,0,643865
2022-10-20T18:00:00Z,2022,ned.cup,RKVV DEM,SV Blauw Geel '38,1,4,0,654251
2022-10-20T18:00:00Z,2022,ned.cup,Dongen,VVV-Venlo,1,2,0,654253
2022-10-20T18:00:00Z,2022,ned.cup,OFC,Sparta Rotterdam,1,3,0,654268
2022-10-20T18:00:00Z,2022,ned.cup,RKAV Volendam,HV & CV Quick,2,4,0,654269
2022-10-20T18:00:00Z,2022,ned.cup,VV Katwijk,DVS '33 Ermelo,2,1,0,654276
2022-10-20T18:15:00Z,2022,per.1,Sporting Cristal,Atlético Grau,1,2,0,642056
2022-10-20T18:30:00Z,2022,eng.1,Fulham,Aston Villa,3,0,0,637934
2022-10-20T18:45:00Z,2022,bel.1,Zulte-Waregem,Anderlecht,3,2,0,641454
2022-10-20T19:00:00Z,2022,esp.1,Barcelona,Villarreal,3,0,0,643866
2022-10-20T19:00:00Z,2022,ita.coppa_italia,Bologna,Cagliari,1,0,0,651332
2022-10-20T19:00:00Z,2022,bol.1,Aurora,Universitario de Vinto,0,2,0,654200
2022-10-20T19:00:00Z,2022,ned.cup,HHC Hardenberg,PEC Zwolle,0,1,0,654262
2022-10-20T19:15:00Z,2022,eng.1,Leicester City,Leeds United,2,0,0,637933
2022-10-20T20:30:00Z,2022,per.1,UTC,ADT,2,2,0,642057
2022-10-20T21:00:00Z,2022,slv.1,Chalatenango,Águila,1,2,0,654009
2022-10-20T22:00:00Z,2022,ven.1,Portuguesa,Deportivo Táchira,0,1,0,655545
2022-10-20T22:00:00Z,2022,ven.1,Deportivo Lara,Academia Puerto Cabello,1,0,0,655546
2022-10-20T22:15:00Z,2022,bol.1,Blooming,Atlético Palmaflor,1,0,0,654201
2022-10-20T23:00:00Z,2022,bra.1,São Paulo,Coritiba,3,1,0,630856
2022-10-20T23:00:00Z,2022,per.1,Carlos A. Mannucci,Alianza Atlético,2,2,0,642051
2022-10-21T00:00:00Z,2022,usa.1,Philadelphia Union,FC Cincinnati,1,0,0,654692
2022-10-21T00:00:00Z,2022,mex.2,Mineros de Zacatecas,Tapatío,1,0,0,654706
2022-10-21T00:30:00Z,2022,bra.2,Ponte Preta,CSA,0,2,0,631171
2022-10-21T00:30:00Z,2022,bol.1,Independiente Petrolero,Real Tomayapo,1,0,0,654202
2022-10-21T01:00:00Z,2022,hon.1,FC Motagua,UPNFM,2,2,0,648265
2022-10-21T01:30:00Z,2022,per.1,Alianza Lima,Deportivo Binacional,2,0,0,642052
2022-10-21T02:00:00Z,2022,usa.1,LAFC,LA Galaxy,3,2,0,654693
2022-10-21T02:06:00Z,2022,mex.1,Pachuca,Monterrey,5,2,0,654721
2022-10-21T08:45:00Z,2022,aus.1,Western United,Macarthur FC,1,1,0,650492
2022-10-21T14:00:00Z,2022,ind.1,Chennaiyin FC,FC Goa,0,2,0,653336
2022-10-21T16:30:00Z,2022,ger.2,SV Darmstadt 98,Holstein Kiel,1,1,0,638854
2022-10-21T16:30:00Z,2022,ger.2,Hansa Rostock,Kaiserslautern,0,2,0,638858
2022-10-21T17:00:00Z,2022,den.1,Odense Boldklub,Lyngby Boldklub,3,1,0,636979
2022-10-21T17:00:00Z,2022,tur.1,Antalyaspor,Istanbulspor,2,1,0,645981
2022-10-21T18:00:00Z,2022,ned.2,ADO Den Haag,De Graafschap,2,2,0,637614
2022-10-21T18:00:00Z,2022,ned.2,Heracles Almelo,FC Eindhoven,3,0,0,637616
2022-10-21T18:00:00Z,2022,ned.2,TOP Oss,Roda JC Kerkrade,3,0,0,637618
2022-10-21T18:00:00Z,2022,ned.2,Willem II,Almere City,1,1,0,637619
2022-10-21T18:15:00Z,2022,uru.1,River Plate,Montevideo City Torque,2,1,0,651099
2022-10-21T18:30:00Z,2022,ger.1,Mainz,FC Cologne,5,0,0,638527
2022-10-21T18:30:00Z,2022,sco.1,Hibernian,St Johnstone,1,2,0,639117
2022-10-21T18:45:00Z,2022,bel.1,Cercle Brugge KSV,Royal Charleroi SC,4,1,0,641462
2022-10-21T18:45:00Z,2022,ita.1,Juventus,Empoli,4,0,0,644724
2022-10-21T18:45:00Z,2022,eng.5,Notts County,Maidstone United,3,0,0,647150
2022-10-21T18:45:00Z,2022,sco.tennents,Cumnock,Dumbarton,1,3,0,654072
2022-10-21T19:00:00Z,2022,fra.1,AC Ajaccio,Paris Saint-Germain,0,3,0,639720
2022-10-21T19:00:00Z,2022,eng.3,Ipswich Town,Derby County,1,0,0,642804
2022-10-21T19:00:00Z,2022,esp.2,Granada,Real Zaragoza,1,0,0,644280
2022-10-21T19:15:00Z,2022,por.1,FC Porto,Benfica,0,1,0,646756
2022-10-21T20:00:00Z,2022,par.1,Guaireña,Sol de América,0,0,0,647624
2022-10-21T22:00:00Z,2022,ven.1,Deportivo La Guaira,Caracas FC,1,2,0,654709
2022-10-21T22:00:00Z,2022,ven.1,Inter de Barinas,Estudiantes de Mérida,2,5,0,655547
2022-10-21T22:15:00Z,2022,bra.2,Chapecoense,Tombense,3,2,0,631179
2022-10-21T22:30:00Z,2022,chi.1,O'Higgins,Cobresal,1,0,0,629242
2022-10-21T22:30:00Z,2022,par.1,Tacuary,12 de Octubre,5,1,0,647629
2022-10-21T23:05:00Z,2022,col.1,Internacional de Bogotá,Unión Magdalena,4,1,0,626670
2022-10-22T00:00:00Z,2022,ecu.1,Deportivo Cuenca,Mushuc Runa,3,1,0,635986
2022-10-22T00:00:00Z,2022,bol.1,Oriente Petrolero,Wilstermann,2,1,0,654203
2022-10-22T00:00:00Z,2022,mex.2,Club Atlético Morelia,Alebrijes de Oaxaca,1,1,0,654704
2022-10-22T00:30:00Z,2022,bra.2,CRB,Operário PR,2,1,0,631176
2022-10-22T01:10:00Z,2022,col.1,Águilas Doradas,Envigado FC,1,0,0,626667
2022-10-22T02:15:00Z,2022,mex.2,Dorados de Sinaloa,Durango,1,3,0,654705
2022-10-22T06:00:00Z,2022,aus.1,Western Sydney Wanderers,Brisbane Roar,1,1,0,650493
2022-10-22T06:00:00Z,2022,aus.1,Newcastle Jets,Wellington Phoenix FC,3,1,0,650494
2022-10-22T07:00:00Z,2022,jpn.1,Shimizu S-Pulse,Jubilo Iwata,1,1,0,628996
2022-10-22T08:45:00Z,2022,aus.1,Melbourne Victory,Melbourne City FC,0,2,0,650495
2022-10-22T11:00:00Z,2022,ger.2,1. FC Nürnberg,Hannover 96,0,0,0,638853
2022-10-22T11:00:00Z,2022,ger.2,SSV Jahn Regensburg,SV Sandhausen,2,1,0,638855
2022-10-22T11:00:00Z,2022,ger.2,TSV Eintracht Braunschweig,SC Paderborn 07,0,0,0,638859
2022-10-22T11:00:00Z,2022,rus.1,Nizhny Novgorod,Krasnodar,0,2,0,641212
2022-10-22T11:00:00Z,2022,afc.cup,Kuala Lumpur City FC,Al-Seeb,0,3,0,654563
2022-10-22T11:30:00Z,2022,eng.1,Nottingham Forest,Liverpool,1,0,0,637943
2022-10-22T11:30:00Z,2022,sco.1,Heart of Midlothian,Celtic,3,4,0,639116
2022-10-22T11:30:00Z,2022,eng.2,Blackpool,Preston North End,4,2,0,643379
2022-10-22T11:30:00Z,2022,tur.1,Umraniyespor,Fatih Karagümrük,1,3,0,645988
2022-10-22T12:00:00Z,2022,eng.3,Lincoln City,Sheffield Wednesday,1,1,0,642805
2022-10-22T12:00:00Z,2022,esp.1,Rayo Vallecano,Cádiz,5,1,0,643873
2022-10-22T12:00:00Z,2022,ita.2,Brescia,Venezia,1,1,0,649697
2022-10-22T12:00:00Z,2022,ita.2,Sudtirol,Parma,1,0,0,649699
2022-10-22T12:00:00Z,2022,ita.2,SPAL,Cosenza,5,0,0,649700
2022-10-22T12:00:00Z,2022,ita.2,Reggina,Perugia,2,3,0,649701
2022-10-22T12:00:00Z,2022,ita.2,Frosinone,Bari,1,0,0,649704
2022-10-22T12:00:00Z,2022,ita.2,Como,Benevento,2,1,0,649705
2022-10-22T12:00:00Z,2022,ind.1,Mumbai City FC,Jamshedpur FC,1,1,0,653337
2022-10-22T13:00:00Z,2022,fra.2,SC Amiens,Saint-Étienne,0,1,0,640117
2022-10-22T13:00:00Z,2022,ita.1,Salernitana,Spezia,1,0,0,644721
2022-10-22T13:00:00Z,2022,sco.tennents,Brechin City,Stirling Albion,2,2,0,654089
2022-10-22T13:30:00Z,2022,ger.1,Bayer Leverkusen,VfL Wolfsburg,2,2,0,638528
2022-10-22T13:30:00Z,2022,ger.1,Borussia Dortmund,VfB Stuttgart,5,0,0,638529
2022-10-22T13:30:00Z,2022,ger.1,FC Augsburg,RB Leipzig,3,3,0,638531
2022-10-22T13:30:00Z,2022,ger.1,SC Freiburg,Werder Bremen,2,0,0,638533
2022-10-22T13:30:00Z,2022,ger.1,TSG Hoffenheim,Bayern Munich,0,2,0,638534
2022-10-22T13:30:00Z,2022,rus.1,Fakel Voronezh,Rostov,1,1,0,641216
2022-10-22T14:00:00Z,2022,den.1,F.C. København,FC Midtjylland,1,1,0,636980
2022-10-22T14:00:00Z,2022,eng.1,Manchester City,Brighton & Hove Albion,3,1,0,637944
2022-10-22T14:00:00Z,2022,eng.1,Everton,Crystal Palace,3,0,0,637946
2022-10-22T14:00:00Z,2022,sco.1,Kilmarnock,Ross County,1,0,0,639118
2022-10-22T14:00:00Z,2022,sco.1,Motherwell,Aberdeen,1,2,0,639119
2022-10-22T14:00:00Z,2022,sco.1,Rangers,Livingston,1,1,0,639120
2022-10-22T14:00:00Z,2022,sco.1,St Mirren,Dundee United,2,1,0,639121
2022-10-22T14:00:00Z,2022,sco.2,Arbroath,Hamilton Academical,1,0,0,639485
2022-10-22T14:00:00Z,2022,sco.2,Ayr United,Cove Rangers,2,2,0,639486
2022-10-22T14:00:00Z,2022,sco.2,Dundee,Greenock Morton,0,0,0,639487
2022-10-22T14:00:00Z,2022,sco.2,Inverness Caledonian Thistle,Raith Rovers,1,1,0,639488
2022-10-22T14:00:00Z,2022,sco.2,Partick Thistle,Queen's Park,0,4,0,639489
2022-10-22T14:00:00Z,2022,bel.1,KV Kortrijk,KVC Westerlo,0,2,0,641464
2022-10-22T14:00:00Z,2022,eng.4,Carlisle United,Leyton Orient,2,3,0,642246
2022-10-22T14:00:00Z,2022,eng.4,Crawley Town,Mansfield Town,3,2,0,642247
2022-10-22T14:00:00Z,2022,eng.4,Crewe Alexandra,Doncaster Rovers,1,1,0,642248
2022-10-22T14:00:00Z,2022,eng.4,Gillingham,Barrow,1,1,0,642249
2022-10-22T14:00:00Z,2022,eng.4,Grimsby Town,Bradford City,0,0,0,642250
2022-10-22T14:00:00Z,2022,eng.4,Harrogate Town,Tranmere Rovers,1,1,0,642251
2022-10-22T14:00:00Z,2022,eng.4,Newport County,Colchester United,1,0,0,642252
2022-10-22T14:00:00Z,2022,eng.4,Rochdale,AFC Wimbledon,1,2,0,642253
2022-10-22T14:00:00Z,2022,eng.4,Salford City,Stockport County,0,2,0,642254
2022-10-22T14:00:00Z,2022,eng.4,Stevenage,Northampton Town,2,3,0,642255
2022-10-22T14:00:00Z,2022,eng.4,Sutton United,Walsall,1,1,0,642256
2022-10-22T14:00:00Z,2022,eng.4,Swindon Town,Hartlepool United,2,1,0,642257
2022-10-22T14:00:00Z,2022,eng.3,Accrington Stanley,Bolton Wanderers,2,3,0,642798
2022-10-22T14:00:00Z,2022,eng.3,Bristol Rovers,Plymouth Argyle,2,2,0,642799
2022-10-22T14:00:00Z,2022,eng.3,Burton Albion,Cheltenham Town,1,0,0,642800
2022-10-22T14:00:00Z,2022,eng.3,Cambridge United,Port Vale,0,1,0,642801
2022-10-22T14:00:00Z,2022,eng.3,Exeter City,Fleetwood Town,2,1,0,642802
2022-10-22T14:00:00Z,2022,eng.3,Forest Green Rovers,Portsmouth,0,1,0,642803
2022-10-22T14:00:00Z,2022,eng.3,Milton Keynes Dons,Wycombe Wanderers,0,1,0,642806
2022-10-22T14:00:00Z,2022,eng.3,Morecambe,Barnsley,1,0,0,642807
2022-10-22T14:00:00Z,2022,eng.3,Oxford United,Peterborough United,1,2,0,642808
2022-10-22T14:00:00Z,2022,eng.3,Shrewsbury Town,Charlton Athletic,0,1,0,642809
2022-10-22T14:00:00Z,2022,eng.2,Stoke City,Coventry City,0,2,0,643374
2022-10-22T14:00:00Z,2022,eng.2,Sunderland,Burnley,2,4,0,643375
2022-10-22T14:00:00Z,2022,eng.2,Blackburn Rovers,Birmingham City,2,1,0,643378
2022-10-22T14:00:00Z,2022,eng.2,Middlesbrough,Huddersfield Town,0,0,0,643380
2022-10-22T14:00:00Z,2022,eng.2,Millwall,West Bromwich Albion,2,1,0,643381
2022-10-22T14:00:00Z,2022,eng.2,Queens Park Rangers,Wigan Athletic,2,1,0,643382
2022-10-22T14:00:00Z,2022,eng.2,Reading,Bristol City,2,0,0,643383
2022-10-22T14:00:00Z,2022,eng.2,Rotherham United,Hull City,2,4,0,643384
2022-10-22T14:00:00Z,2022,eng.2,Sheffield United,Norwich City,2,2,0,643385
2022-10-22T14:00:00Z,2022,tur.1,Trabzonspor,Sivasspor,1,0,0,645987
2022-10-22T14:00:00Z,2022,eng.5,Aldershot Town,York City,2,1,0,647144
2022-10-22T14:00:00Z,2022,eng.5,Barnet,Maidenhead United,2,1,0,647145
2022-10-22T14:00:00Z,2022,eng.5,Southend United,Scunthorpe United,3,0,0,647147
2022-10-22T14:00:00Z,2022,eng.5,Solihull Moors,Eastleigh,3,0,0,647148
2022-10-22T14:00:00Z,2022,eng.5,Oldham Athletic,Yeovil Town,2,0,0,647149
2022-10-22T14:00:00Z,2022,eng.5,Gateshead,Woking,1,3,0,647151
2022-10-22T14:00:00Z,2022,eng.5,FC Halifax Town,Dagenham & Redbridge,2,0,0,647152
2022-10-22T14:00:00Z,2022,eng.5,Dorking Wanderers,Wealdstone,3,1,0,647153
2022-10-22T14:00:00Z,2022,eng.5,Chesterfield,Bromley,3,2,0,647154
2022-10-22T14:00:00Z,2022,eng.5,Boreham Wood,Wrexham,1,1,0,647155
2022-10-22T14:00:00Z,2022,ind.1,Hyderabad,Bengaluru FC,1,0,0,653338
2022-10-22T14:00:00Z,2022,sco.tennents,Buckie Thistle,BSC Glasgow,1,3,0,654070
2022-10-22T14:00:00Z,2022,sco.tennents,Carnoustie Panmure,Formartine United,1,2,0,654071
2022-10-22T14:00:00Z,2022,sco.tennents,Dalbeattie Star,Darvel,1,7,0,654073
2022-10-22T14:00:00Z,2022,sco.tennents,Dunbar United,Stirling University,1,3,0,654074
2022-10-22T14:00:00Z,2022,sco.tennents,Dunipace,Turriff United,5,2,0,654075
2022-10-22T14:00:00Z,2022,sco.tennents,East Kilbride,Caledonian Braves,5,0,0,654076
2022-10-22T14:00:00Z,2022,sco.tennents,Elgin City,Camelon Juniors,4,0,0,654077
2022-10-22T14:00:00Z,2022,sco.tennents,Fraserburgh,Stranraer,2,1,0,654078
2022-10-22T14:00:00Z,2022,sco.tennents,Glasgow University,Albion Rovers,1,4,0,654079
2022-10-22T14:00:00Z,2022,sco.tennents,Gretna 2008,Drumchapel United,1,4,0,654080
2022-10-22T14:00:00Z,2022,sco.tennents,Kilwinning Rangers,Forfar Athletic,1,3,0,654081
2022-10-22T14:00:00Z,2022,sco.tennents,Linlithgow Rose,Spartans FC,4,0,0,654082
2022-10-22T14:00:00Z,2022,sco.tennents,Stenhousemuir,East Fife,2,1,0,654083
2022-10-22T14:00:00Z,2022,sco.tennents,Sauchie Juniors,Bonnyrigg Rose,3,2,0,654084
2022-10-22T14:00:00Z,2022,sco.tennents,Newtongrange Star,Hill of Beath Hawthorn,0,1,0,654086
2022-10-22T14:00:00Z,2022,sco.tennents,Bo'ness United,Auchinleck Talbot,1,1,0,654087
2022-10-22T14:00:00Z,2022,sco.tennents,Wick Academy,Benburb,2,0,0,654088
2022-10-22T14:15:00Z,2022,esp.1,Real Valladolid,Real Sociedad,1,0,0,643875
2022-10-22T14:15:00Z,2022,esp.2,Villarreal B,FC Andorra,1,0,0,644277
2022-10-22T14:15:00Z,2022,ita.2,Ternana,Genoa,1,2,0,649698
2022-10-22T14:30:00Z,2022,ned.1,Feyenoord Rotterdam,Fortuna Sittard,1,1,0,637285
2022-10-22T14:30:00Z,2022,por.1,FC Famalicao,Paços de Ferreira,2,1,0,646757
2022-10-22T14:30:00Z,2022,fifa.friendly,Saudi Arabia,North Macedonia,1,0,0,654358
2022-10-22T15:00:00Z,2022,fra.1,Montpellier,Lyon,1,2,0,639726
2022-10-22T15:00:00Z,2022,aut.1,Rapid Vienna,SK Austria Klagenfurt,0,1,0,641831
2022-10-22T15:00:00Z,2022,aut.1,TSV Hartberg,WSG Swarovski Tirol,1,5,0,641832
2022-10-22T15:00:00Z,2022,aut.1,RB Salzburg,SK Sturm Graz,0,0,0,641835
2022-10-22T16:00:00Z,2022,nor.1,Hamarkameratene,Stromsgodset,1,1,0,628013
2022-10-22T16:00:00Z,2022,nor.1,Odds BK,Vålerenga,2,1,0,628016
2022-10-22T16:00:00Z,2022,rus.1,Lokomotiv Moscow,Dinamo Moscow,1,3,0,641213
2022-10-22T16:00:00Z,2022,ita.1,AC Milan,Monza,4,1,0,644723
2022-10-22T16:00:00Z,2022,gre.1,Atromitos,Volos NFC,0,2,0,650280
2022-10-22T16:15:00Z,2022,bel.1,Sint-Truidense,OH Leuven,0,0,0,641468
2022-10-22T16:15:00Z,2022,bel.1,KV Mechelen,Eupen,2,1,0,641470
2022-10-22T16:20:00Z,2022,eng.5,Torquay United,Altrincham,4,4,0,647146
2022-10-22T16:30:00Z,2022,eng.1,Chelsea,Manchester United,1,1,0,637947
2022-10-22T16:30:00Z,2022,ger.1,Borussia Mönchengladbach,Eintracht Frankfurt,1,3,0,638530
2022-10-22T16:30:00Z,2022,esp.1,Valencia,Mallorca,1,2,0,643876
2022-10-22T16:30:00Z,2022,esp.2,Alavés,Sporting Gijón,0,0,0,644272
2022-10-22T16:30:00Z,2022,esp.2,Mirandés,Huesca,1,1,0,644275
2022-10-22T16:30:00Z,2022,gre.1,Panetolikos,Olympiacos,0,2,0,650286
2022-10-22T16:45:00Z,2022,ned.1,RKC Waalwijk,Ajax Amsterdam,1,4,0,637286
2022-10-22T17:00:00Z,2022,arg.1,Unión (Santa Fe),Central Córdoba (Santiago del Estero),1,4,0,635632
2022-10-22T17:00:00Z,2022,fra.2,Bordeaux,Annecy,1,0,0,640103
2022-10-22T17:00:00Z,2022,fra.2,Paris FC,Stade Laval,0,0,0,640111
2022-10-22T17:00:00Z,2022,fra.2,Niort,Dijon FCO,2,1,0,640112
2022-10-22T17:00:00Z,2022,fra.2,Guingamp,Bastia,1,1,0,640114
2022-10-22T17:00:00Z,2022,fra.2,Sochaux,US Quevilly,2,2,0,640115
2022-10-22T17:00:00Z,2022,fra.2,Caen,Rodez Aveyron,2,0,0,640116
2022-10-22T17:00:00Z,2022,fra.2,Pau,Nimes,1,0,0,640118
2022-10-22T17:00:00Z,2022,fra.2,Grenoble,Valenciennes,1,0,0,640119
2022-10-22T17:00:00Z,2022,tur.1,Fenerbahce,Istanbul Basaksehir,1,0,0,645982
2022-10-22T17:00:00Z,2022,por.1,Estoril,Braga,0,2,0,646758
2022-10-22T17:40:00Z,2022,arg.3,Comunicaciones,Villa San Carlos,0,1,0,654568
2022-10-22T17:50:00Z,2022,arg.3,Deportivo Armenio,Defensores Unidos,0,1,0,654567
2022-10-22T18:00:00Z,2022,ecu.1,Macará,Liga de Quito,0,5,0,635987
2022-10-22T18:00:00Z,2022,ned.2,FC Dordrecht,NAC Breda,0,3,0,637615
2022-10-22T18:00:00Z,2022,ned.2,MVV Maastricht,FC Den Bosch,3,1,0,637617
2022-10-22T18:15:00Z,2022,per.1,Deportivo Municipal,San Martin,2,1,0,642065
2022-10-22T18:30:00Z,2022,ger.2,Arminia Bielefeld,St. Pauli,2,0,0,638860
2022-10-22T18:45:00Z,2022,bel.1,Union St.-Gilloise,Club Brugge,2,2,0,641466
2022-10-22T18:45:00Z,2022,ita.1,Fiorentina,Internazionale,3,4,0,644725
2022-10-22T19:00:00Z,2022,col.1,Independiente Santa Fe,Deportivo Cali,1,0,0,626665
2022-10-22T19:00:00Z,2022,ned.1,Vitesse,FC Emmen,2,1,0,637288
2022-10-22T19:00:00Z,2022,fra.1,Marseille,Lens,0,1,0,639727
2022-10-22T19:00:00Z,2022,esp.1,Real Madrid,Sevilla,3,1,0,643874
2022-10-22T19:00:00Z,2022,esp.2,UD Ibiza,Levante,1,2,0,644279
2022-10-22T19:30:00Z,2022,bra.1,Red Bull Bragantino,Athletico-PR,4,2,0,630814
2022-10-22T19:30:00Z,2022,bra.2,Vasco da Gama,Criciúma,2,1,0,631172
2022-10-22T19:30:00Z,2022,bra.2,Ituano,Sampaio Corrêa,1,0,0,631177
2022-10-22T19:30:00Z,2022,bra.2,Londrina,Sport,2,1,0,631178
2022-10-22T19:30:00Z,2022,bra.2,Bahia,Vila Nova,1,1,0,631180
2022-10-22T19:30:00Z,2022,arg.1,Defensa y Justicia,Atlético Tucumán,3,1,0,635630
2022-10-22T19:30:00Z,2022,arg.1,Estudiantes de La Plata,Godoy Cruz Antonio Tomba,2,0,0,635631
2022-10-22T19:30:00Z,2022,arg.1,San Lorenzo,Aldosivi,3,0,0,635636
2022-10-22T19:30:00Z,2022,por.1,Sporting CP,Casa Pia,3,1,0,646753
2022-10-22T19:30:00Z,2022,uru.1,Defensor Sporting,Rentistas,2,3,0,651095
2022-10-22T19:50:00Z,2022,arg.2,Gimnasia (Mendoza),Independiente Rivadavia,1,0,0,654738
2022-10-22T20:00:00Z,2022,par.1,Sportivo Ameliano,Resistencia SC,3,2,0,647628
2022-10-22T20:30:00Z,2022,chi.1,Ñublense,Huachipato,2,0,0,629247
2022-10-22T20:30:00Z,2022,ecu.1,Emelec,Técnico Universitario,3,1,0,635985
2022-10-22T21:05:00Z,2022,col.1,América de Cali,Deportivo Pasto,4,0,0,626666
2022-10-22T22:00:00Z,2022,bra.1,Santos,Corinthians,0,1,0,630818
2022-10-22T22:00:00Z,2022,bra.1,América Mineiro,Flamengo,1,2,0,630819
2022-10-22T22:00:00Z,2022,uru.1,Cerro Largo,Peñarol,0,2,0,651094
2022-10-22T22:00:00Z,2022,ven.1,Zamora FC,Carabobo,1,4,0,655597
2022-10-22T22:00:00Z,2022,ven.1,Metropolitanos,Monagas SC,0,2,0,655598
2022-10-22T22:30:00Z,2022,arg.1,Argentinos Juniors,Vélez Sarsfield,2,0,0,635626
2022-10-22T22:30:00Z,2022,par.1,Club Olimpia,General Caballero JLM,2,1,0,647627
2022-10-22T23:00:00Z,2022,chi.1,Universidad de Chile,Everton CD,1,1,0,629245
2022-10-22T23:00:00Z,2022,ecu.1,Cumbayá,Barcelona SC,1,1,0,635981
2022-10-22T23:00:00Z,2022,usa.usl.l1,South Georgia Tormenta FC,Charlotte Independence,2,1,0,654694
2022-10-22T23:10:00Z,2022,col.1,Deportes Tolima,Millonarios,1,0,0,626669
2022-10-22T23:30:00Z,2022,usa.usl.l1,Chattanooga Red Wolves,Union Omaha,1,0,0,654695
2022-10-22T23:30:00Z,2022,usa.usl.1,Tampa Bay Rowdies,Miami FC,3,1,0,654696
2022-10-23T00:00:00Z,2022,bra.1,Palmeiras,Avaí,3,0,0,630815
2022-10-23T00:00:00Z,2022,usa.usl.1,Memphis 901 FC,Detroit City FC,3,1,0,654697
2022-10-23T00:10:00Z,2022,arg.2,San Martín (Tucumán),Defensores de Belgrano,0,3,0,654737
2022-10-23T00:30:00Z,2022,usa.usl.1,Colorado Springs Switchbacks FC,Rio Grande Valley FC Toros,3,0,0,654698
2022-10-23T01:06:00Z,2022,mex.1,América,Toluca,1,1,0,654723
2022-10-23T01:15:00Z,2022,col.1,Independiente Medellín,Jaguares de Córdoba,0,0,0,626668
2022-10-23T01:30:00Z,2022,hon.1,Vida,Honduras Progreso,0,0,0,648267
2022-10-23T02:00:00Z,2022,usa.usl.1,Sacramento Republic FC,New Mexico United,2,0,0,654699
2022-10-23T02:30:00Z,2022,crc.1,Herediano,Saprissa,0,1,0,654703
2022-10-23T04:00:00Z,2022,aus.1,Sydney FC,Adelaide United,2,2,0,650496
2022-10-23T06:00:00Z,2022,aus.1,Central Coast Mariners,Perth Glory,1,2,0,650580
2022-10-23T10:15:00Z,2022,ned.1,Excelsior,AZ Alkmaar,2,1,0,637290
2022-10-23T10:30:00Z,2022,ita.1,Udinese,Torino,1,2,0,644719
2022-10-23T11:00:00Z,2022,fra.1,Angers,Stade Rennais,1,2,0,639721
2022-10-23T11:00:00Z,2022,rus.1,Gazovik Orenburg,CSKA Moscow,2,2,0,641215
2022-10-23T11:00:00Z,2022,eng.2,Swansea City,Cardiff City,2,0,0,643376
2022-10-23T11:00:00Z,2022,eng.2,Watford,Luton Town,4,0,0,643377
2022-10-23T11:30:00Z,2022,ger.2,1. FC Heidenheim 1846,SpVgg Greuther Fürth,3,1,0,638852
2022-10-23T11:30:00Z,2022,ger.2,Karlsruher SC,Fortuna Düsseldorf,0,2,0,638856
2022-10-23T11:30:00Z,2022,ger.2,Hamburg SV,1. FC Magdeburg,2,3,0,638857
2022-10-23T11:30:00Z,2022,bel.1,Antwerp,Racing Genk,1,3,0,641469
2022-10-23T11:30:00Z,2022,tur.1,Kasimpasa,Kayserispor,0,1,0,645986
2022-10-23T12:00:00Z,2022,den.1,Randers FC,FC Nordsjælland,0,2,0,636984
2022-10-23T12:00:00Z,2022,esp.1,Espanyol,Elche,2,2,0,643871
2022-10-23T12:00:00Z,2022,esp.2,Racing Santander,Ponferradina,1,1,0,644276
2022-10-23T12:30:00Z,2022,ned.1,SC Cambuur,FC Twente,0,1,0,637287
2022-10-23T12:30:00Z,2022,ned.1,FC Groningen,PSV Eindhoven,4,2,0,637289
2022-10-23T12:30:00Z,2022,ned.1,NEC Nijmegen,Go Ahead Eagles,3,3,0,637292
2022-10-23T12:30:00Z,2022,aut.1,Wolfsberger,SC Rheindorf Altach,2,3,0,641830
2022-10-23T12:30:00Z,2022,aut.1,Austria Lustenau,SV Josko Ried,0,0,0,641833
2022-10-23T13:00:00Z,2022,swe.1,Helsingborg,Degerfors IF,1,2,0,628371
2022-10-23T13:00:00Z,2022,swe.1,IF Elfsborg,Hammarby IF,2,1,0,628373
2022-10-23T13:00:00Z,2022,eng.1,Wolverhampton Wanderers,Leicester City,0,4,0,637941
2022-10-23T13:00:00Z,2022,eng.1,Southampton,Arsenal,1,1,0,637942
2022-10-23T13:00:00Z,2022,eng.1,Leeds United,Fulham,2,3,0,637945
2022-10-23T13:00:00Z,2022,eng.1,Aston Villa,Brentford,4,0,0,637948
2022-10-23T13:00:00Z,2022,fra.1,Troyes,Lorient,2,2,0,639722
2022-10-23T13:00:00Z,2022,fra.1,Toulouse,Strasbourg,2,2,0,639723
2022-10-23T13:00:00Z,2022,fra.1,Stade de Reims,AJ Auxerre,2,1,0,639724
2022-10-23T13:00:00Z,2022,fra.1,Clermont Foot,Brest,1,3,0,639729
2022-10-23T13:00:00Z,2022,ita.1,Bologna,Lecce,2,0,0,644718
2022-10-23T13:00:00Z,2022,gre.1,Ionikos FC,Pas Giannina,2,2,0,650281
2022-10-23T13:30:00Z,2022,ger.1,VfL Bochum,1. FC Union Berlin,2,1,0,638535
2022-10-23T13:30:00Z,2022,rus.1,Spartak Moscow,FC Khimki,5,0,0,641214
2022-10-23T14:00:00Z,2022,den.1,AC Horsens,Silkeborg IF,3,2,0,636982
2022-10-23T14:00:00Z,2022,bel.1,KAA Gent,RFC Seraing,2,1,0,641465
2022-10-23T14:00:00Z,2022,tur.1,Adana Demirspor,Konyaspor,1,1,0,645980
2022-10-23T14:00:00Z,2022,ind.1,Odisha FC,Kerala Blasters FC,2,1,0,653339
2022-10-23T14:15:00Z,2022,esp.1,Real Betis,Atlético Madrid,1,2,0,643880
2022-10-23T14:15:00Z,2022,esp.2,Lugo,Burgos,2,0,0,644274
2022-10-23T14:15:00Z,2022,ita.2,Pisa,Modena,4,2,0,649702
2022-10-23T14:15:00Z,2022,ita.2,Palermo,Cittadella,0,0,0,649703
2022-10-23T14:30:00Z,2022,por.1,Vizela,Santa Clara,0,1,0,646755
2022-10-23T14:30:00Z,2022,por.1,Maritimo,Arouca,1,1,0,646759
2022-10-23T14:45:00Z,2022,ned.1,FC Utrecht,Sparta Rotterdam,3,1,0,637293
2022-10-23T15:00:00Z,2022,nor.1,Bodo/Glimt,Kristiansund BK,5,0,0,628009
2022-10-23T15:00:00Z,2022,nor.1,Haugesund,Lillestrom,0,1,0,628010
2022-10-23T15:00:00Z,2022,nor.1,Aalesund,Sandefjord,1,0,0,628012
2022-10-23T15:00:00Z,2022,nor.1,Sarpsborg FK,Tromso,1,1,0,628014
2022-10-23T15:00:00Z,2022,nor.1,FK Jerv,Viking FK,2,2,0,628015
2022-10-23T15:00:00Z,2022,arg.1,Banfield,Sarmiento (Junín),0,0,0,635627
2022-10-23T15:00:00Z,2022,aut.1,LASK Linz,Austria Vienna,2,2,0,641834
2022-10-23T15:05:00Z,2022,fra.1,Nice,Nantes,1,1,0,639725
2022-10-23T15:15:00Z,2022,uru.1,Plaza Colonia,Cerrito,1,3,0,651098
2022-10-23T15:30:00Z,2022,swe.1,BK Häcken,Malmö FF,2,1,0,628376
2022-10-23T15:30:00Z,2022,eng.1,Tottenham Hotspur,Newcastle United,1,2,0,637939
2022-10-23T15:30:00Z,2022,ger.1,Hertha Berlin,Schalke 04,2,1,0,638532
2022-10-23T16:00:00Z,2022,den.1,AGF,Brøndby IF,2,2,0,636983
2022-10-23T16:00:00Z,2022,rus.1,Akhmat Grozny,FK Torpedo Moscow,1,0,0,641211
2022-10-23T16:00:00Z,2022,per.1,Carlos A. Mannucci,UTC,0,2,0,642063
2022-10-23T16:00:00Z,2022,ita.1,Atalanta,Lazio,0,2,0,644717
2022-10-23T16:30:00Z,2022,esp.1,Girona,Osasuna,1,1,0,643872
2022-10-23T16:30:00Z,2022,esp.1,Villarreal,Almería,2,1,0,643877
2022-10-23T16:30:00Z,2022,esp.2,Leganés,Tenerife,2,1,0,644273
2022-10-23T16:30:00Z,2022,esp.2,Eibar,Albacete,1,1,0,644281
2022-10-23T16:30:00Z,2022,gre.1,PAOK,Asteras Tripoli,2,2,0,650284
2022-10-23T16:30:00Z,2022,gre.1,Panathinaikos,Aris,1,0,0,650285
2022-10-23T16:30:00Z,2022,fifa.friendly,Qatar,Guatemala,2,0,0,654558
2022-10-23T17:00:00Z,2022,nor.1,Molde,Rosenborg,2,1,0,628011
2022-10-23T17:00:00Z,2022,tur.1,Galatasaray,Alanyaspor,2,2,0,645983
2022-10-23T17:00:00Z,2022,por.1,GD Chaves,Gil Vicente,3,1,0,646751
2022-10-23T17:00:00Z,2022,usa.1,CF Montréal,New York City FC,1,3,0,654711
2022-10-23T17:30:00Z,2022,arg.1,Talleres (Córdoba),Gimnasia La Plata,2,1,0,635637
2022-10-23T18:00:00Z,2022,chi.1,Coquimbo Unido,Colo Colo,0,2,0,629243
2022-10-23T18:00:00Z,2022,chi.1,Palestino,La Serena,5,0,0,629246
2022-10-23T18:00:00Z,2022,chi.1,Antofagasta,Unión Española,2,0,0,629249
2022-10-23T18:00:00Z,2022,ned.1,FC Volendam,Heerenveen,1,3,0,637291
2022-10-23T18:00:00Z,2022,gua.1,Iztapa,CD Achuapa,4,1,0,641037
2022-10-23T18:15:00Z,2022,per.1,Alianza Atlético,Sporting Cristal,0,2,0,642061
2022-10-23T18:45:00Z,2022,fra.1,Lille,AS Monaco,4,3,0,639728
2022-10-23T18:45:00Z,2022,ita.1,AS Roma,Napoli,0,1,0,644722
2022-10-23T19:00:00Z,2022,col.1,Patriotas,Atlético Bucaramanga,3,4,0,626663
2022-10-23T19:00:00Z,2022,bra.1,Fluminense,Botafogo,2,2,0,630816
2022-10-23T19:00:00Z,2022,bra.1,Juventude,São Paulo,1,2,0,630822
2022-10-23T19:00:00Z,2022,bra.2,Náutico,Grêmio,0,3,0,631173
2022-10-23T19:00:00Z,2022,bel.1,KV Oostende,Zulte-Waregem,2,1,0,641463
2022-10-23T19:00:00Z,2022,esp.1,Barcelona,Athletic Club,4,0,0,643879
2022-10-23T19:00:00Z,2022,esp.2,Las Palmas,FC Cartagena,1,0,0,644278
2022-10-23T19:00:00Z,2022,uru.1,Fénix ,Liverpool,0,3,0,651096
2022-10-23T19:30:00Z,2022,por.1,Vitória de Guimaraes,Boavista,3,2,0,646752
2022-10-23T20:00:00Z,2022,arg.1,Boca Juniors,Independiente,2,2,0,635629
2022-10-23T20:00:00Z,2022,arg.1,Racing Club,River Plate,1,2,0,635634
2022-10-23T20:00:00Z,2022,arg.1,Patronato,Huracán,3,2,0,635639
2022-10-23T20:00:00Z,2022,gua.1,CD Guastatoya,Xelajú MC,2,1,0,641038
2022-10-23T20:00:00Z,2022,per.1,ADT,Academia Cantolao,2,1,0,642062
2022-10-23T20:00:00Z,2022,par.1,Guaraní,Cerro Porteño,1,2,0,647625
2022-10-23T20:30:00Z,2022,ecu.1,Independiente del Valle,9 de Octubre,1,0,0,635983
2022-10-23T21:00:00Z,2022,bra.1,Atlético Goianiense,Ceará,1,0,0,630817
2022-10-23T21:00:00Z,2022,bra.1,Cuiabá,Goiás,1,2,0,630820
2022-10-23T21:00:00Z,2022,bra.1,Coritiba,Internacional,1,1,0,630821
2022-10-23T21:00:00Z,2022,slv.1,CD FAS,Alianza FC,3,0,0,645872
2022-10-23T21:00:00Z,2022,slv.1,Isidro Metapán,Atletico Marte,0,0,0,645875
2022-10-23T21:00:00Z,2022,slv.1,C.D. Platense,Luis Ángel Firpo,1,0,0,654013
2022-10-23T21:00:00Z,2022,slv.1,Once Deportivo,Santa Tecla,1,1,0,654014
2022-10-23T21:00:00Z,2022,slv.1,Jocoro FC,Chalatenango,4,0,0,654015
2022-10-23T21:00:00Z,2022,slv.1,Águila,CD Dragon,2,2,0,654016
2022-10-23T21:05:00Z,2022,col.1,Deportivo Pereira,Atlético Nacional,1,1,0,626662
2022-10-23T21:15:00Z,2022,hon.1,Club Deportivo Marathón,Real España,2,0,0,648266
2022-10-23T22:00:00Z,2022,chi.1,Unión La Calera,Universidad Católica,4,0,0,629248
2022-10-23T22:00:00Z,2022,hon.1,UPNFM,Club Deportivo Olimpia,0,0,0,648269
2022-10-23T22:00:00Z,2022,hon.1,FC Motagua,Olancho FC,1,3,0,648270
2022-10-23T22:00:00Z,2022,usa.usl.1,Birmingham Legion FC,Pittsburgh Riverhounds,2,2,0,654700
2022-10-23T22:00:00Z,2022,ven.1,Academia Puerto Cabello,Portuguesa,0,2,0,655548
2022-10-23T22:00:00Z,2022,ven.1,Deportivo Táchira,Deportivo Lara,1,0,0,655549
2022-10-23T22:30:00Z,2022,par.1,Libertad,Nacional Asunción,0,1,0,647626
2022-10-23T22:30:00Z,2022,uru.1,Nacional,Danubio,2,0,0,651097
2022-10-23T23:00:00Z,2022,ecu.1,Aucas,Gualaceo,3,0,0,635980
2022-10-23T23:00:00Z,2022,ecu.1,Delfín,Universidad Católica (Quito),2,1,0,635982
2022-10-23T23:00:00Z,2022,ecu.1,Guayaquil City FC,Orense,1,1,0,635984
2022-10-23T23:00:00Z,2022,gua.1,Xinabajul,Deportivo Mixco,1,1,0,641035
2022-10-23T23:00:00Z,2022,per.1,Cienciano del Cusco,Carlos Stein,6,2,0,642067
2022-10-23T23:10:00Z,2022,col.1,Atlético Junior,Cortuluá,2,1,0,626664
2022-10-23T23:35:00Z,2022,arg.2,Estudiantes de Río Cuarto,Estudiantes (Buenos Aires),0,1,0,654736
2022-10-24T00:00:00Z,2022,hon.1,C.D.Real Sociedad,Club Deportivo Victoria,2,5,0,648268
2022-10-24T00:00:00Z,2022,usa.1,Austin FC,FC Dallas,2,1,0,654712
2022-10-24T01:06:00Z,2022,mex.1,Monterrey,Pachuca,0,1,0,654724
2022-10-24T01:15:00Z,2022,col.1,Once Caldas,Alianza FC,1,1,0,626661
2022-10-24T02:00:00Z,2022,usa.usl.1,San Diego Loyal SC,Oakland Roots,0,3,0,654701
2022-10-24T07:00:00Z,2022,chn.1,Henan,Cangzhou Mighty Lions,3,0,0,650782
2022-10-24T07:00:00Z,2022,chn.1,Chengdu Rongcheng,Zhejiang Professional FC,1,1,0,650784
2022-10-24T07:30:00Z,2022,chn.1,Changchun Yatai,Beijing Guoan,0,1,0,650780
2022-10-24T09:30:00Z,2022,chn.1,Shanghai Port,Meizhou Hakka,7,0,0,650783
2022-10-24T11:30:00Z,2022,chn.1,Shandong Taishan,Guangzhou,3,0,0,650893
2022-10-24T12:00:00Z,2022,chn.1,Tianjin Jinmen Tiger,Wuhan Yangtze River,3,1,0,650785
2022-10-24T12:00:00Z,2022,chn.1,Shenzhen FC,Hebei FC,2,1,0,650896
2022-10-24T14:30:00Z,2022,rus.1,FC Ural Ekaterinburg,Krylia Sovetov,2,1,0,641209
2022-10-24T15:00:00Z,2022,gre.1,Levadiakos,AEK Athens,0,2,0,650282
2022-10-24T16:30:00Z,2022,ita.1,Cremonese,Sampdoria,0,1,0,644726
2022-10-24T17:00:00Z,2022,swe.1,Djurgården,GIF Sundsvall,4,0,0,628372
2022-10-24T17:00:00Z,2022,swe.1,IFK Värnamo,IFK Norrköping,1,1,0,628374
2022-10-24T17:00:00Z,2022,swe.1,IK Sirius,Kalmar FF,0,0,0,628375
2022-10-24T17:00:00Z,2022,swe.1,Mjällby AIF,Varbergs BoIS FC,4,1,0,628377
2022-10-24T17:00:00Z,2022,den.1,AaB,Viborg FF,1,3,0,636981
2022-10-24T17:00:00Z,2022,rus.1,Zenit St Petersburg,Sochi,7,0,0,641210
2022-10-24T17:00:00Z,2022,tur.1,Giresunspor,Ankaragucu,1,1,0,645984
2022-10-24T17:00:00Z,2022,tur.1,Hatayspor,Besiktas,2,1,0,645985
2022-10-24T17:00:00Z,2022,gre.1,OFI CRETE,Lamia,0,0,0,650283
2022-10-24T17:10:00Z,2022,swe.1,IFK Göteborg,AIK,1,0,0,628370
2022-10-24T18:00:00Z,2022,ned.2,Jong AZ,Telstar,0,0,0,637620
2022-10-24T18:00:00Z,2022,ned.2,Jong FC Utrecht,PEC Zwolle,0,1,0,637621
2022-10-24T18:00:00Z,2022,ned.2,Jong Ajax,VVV-Venlo,1,1,0,637622
2022-10-24T18:00:00Z,2022,ned.2,Jong PSV,Helmond Sport,6,0,0,637623
2022-10-24T18:30:00Z,2022,arg.1,Barracas Central,Newell's Old Boys,1,1,0,635628
2022-10-24T18:30:00Z,2022,ita.2,Ascoli,Cagliari,2,1,0,649696
2022-10-24T18:45:00Z,2022,fra.2,Le Havre AC,Metz,2,0,0,640113
2022-10-24T18:45:00Z,2022,ita.1,Sassuolo,Hellas Verona,2,1,0,644720
2022-10-24T18:45:00Z,2022,sco.tennents,Pollok,Annan Athletic,4,3,0,654085
2022-10-24T19:00:00Z,2022,eng.1,West Ham United,AFC Bournemouth,2,0,0,637940
2022-10-24T19:00:00Z,2022,esp.1,Celta Vigo,Getafe,1,1,0,643878
2022-10-24T19:00:00Z,2022,esp.2,Real Oviedo,Málaga,1,0,0,644282
2022-10-24T19:15:00Z,2022,por.1,Rio Ave,Portimonense,1,0,0,646754
2022-10-24T19:15:00Z,2022,uru.1,Albion FC,Deportivo Maldonado,1,3,0,651092
2022-10-24T19:15:00Z,2022,uru.1,Boston River,Montevideo Wanderers,2,2,0,651093
2022-10-24T19:30:00Z,2022,arg.1,Rosario Central,Colón (Santa Fe),1,1,0,635635
2022-10-24T20:00:00Z,2022,per.1,Atlético Grau,Melgar,2,1,0,642060
2022-10-24T20:00:00Z,2022,per.1,Deportivo Binacional,César Vallejo,3,0,0,642066
2022-10-24T23:00:00Z,2022,bra.1,Fortaleza,Atlético-MG,0,0,0,630813
2022-10-24T23:30:00Z,2022,chi.1,Audax Italiano,Curicó Unido,1,1,0,629244
2022-10-24T23:30:00Z,2022,arg.1,Tigre,Arsenal Sarandi,1,4,0,635638
2022-10-25T01:00:00Z,2022,per.1,Universitario,Sport Huancayo,2,0,0,642064
2022-10-25T09:30:00Z,2022,chn.1,Shanghai Shenhua,Guangzhou City,1,1,0,650786
2022-10-25T11:30:00Z,2022,chn.1,Wuhan Three Towns,Dalian Professional,4,0,0,650787
2022-10-25T15:00:00Z,2022,rsa.1,Royal AM,Golden Arrows,3,1,0,649429
2022-10-25T16:45:00Z,2022,uefa.champions,RB Salzburg,Chelsea,1,2,0,652650
2022-10-25T16:45:00Z,2022,uefa.champions,Sevilla,F.C. København,3,0,0,652651
2022-10-25T17:30:00Z,2022,rsa.1,Cape Town City FC,Chippa United,2,1,0,649433
2022-10-25T18:30:00Z,2022,rsa.1,Maritzburg United,Mamelodi Sundowns,0,5,0,649430
2022-10-25T18:45:00Z,2022,sco.2,Ayr United,Partick Thistle,4,2,0,639460
2022-10-25T18:45:00Z,2022,eng.4,AFC Wimbledon,Crewe Alexandra,1,1,0,642258
2022-10-25T18:45:00Z,2022,eng.4,Walsall,Harrogate Town,3,1,0,642259
2022-10-25T18:45:00Z,2022,eng.4,Tranmere Rovers,Rochdale,1,1,0,642260
2022-10-25T18:45:00Z,2022,eng.4,Stockport County,Carlisle United,2,0,0,642261
2022-10-25T18:45:00Z,2022,eng.4,Colchester United,Crawley Town,2,2,0,642262
2022-10-25T18:45:00Z,2022,eng.4,Bradford City,Swindon Town,1,1,0,642263
2022-10-25T18:45:00Z,2022,eng.4,Barrow,Grimsby Town,1,0,0,642264
2022-10-25T18:45:00Z,2022,eng.4,Northampton Town,Sutton United,2,2,0,642265
2022-10-25T18:45:00Z,2022,eng.4,Mansfield Town,Newport County,0,0,0,642266
2022-10-25T18:45:00Z,2022,eng.4,Leyton Orient,Gillingham,2,0,0,642267
2022-10-25T18:45:00Z,2022,eng.4,Hartlepool United,Salford City,0,2,0,642268
2022-10-25T18:45:00Z,2022,eng.4,Doncaster Rovers,Stevenage,0,1,0,642269
2022-10-25T18:45:00Z,2022,eng.3,Barnsley,Lincoln City,0,1,0,642810
2022-10-25T18:45:00Z,2022,eng.3,Wycombe Wanderers,Cambridge United,2,3,0,642811
2022-10-25T18:45:00Z,2022,eng.3,Derby County,Exeter City,0,0,0,642813
2022-10-25T18:45:00Z,2022,eng.3,Cheltenham Town,Morecambe,1,0,0,642814
2022-10-25T18:45:00Z,2022,eng.3,Portsmouth,Oxford United,1,1,0,642815
2022-10-25T18:45:00Z,2022,eng.3,Bolton Wanderers,Burton Albion,2,1,0,642816
2022-10-25T18:45:00Z,2022,eng.3,Port Vale,Ipswich Town,2,3,0,642817
2022-10-25T18:45:00Z,2022,eng.3,Plymouth Argyle,Shrewsbury Town,2,1,0,642818
2022-10-25T18:45:00Z,2022,eng.3,Peterborough United,Accrington Stanley,3,1,0,642819
2022-10-25T18:45:00Z,2022,eng.3,Fleetwood Town,Forest Green Rovers,1,1,0,642820
2022-10-25T18:45:00Z,2022,eng.3,Charlton Athletic,Milton Keynes Dons,0,2,0,642821
2022-10-25T18:45:00Z,2022,eng.2,Coventry City,Rotherham United,2,2,0,643197
2022-10-25T18:45:00Z,2022,eng.5,Altrincham,Oldham Athletic,1,0,0,647156
2022-10-25T18:45:00Z,2022,eng.5,Maidstone United,Southend United,0,3,0,647157
2022-10-25T18:45:00Z,2022,eng.5,Scunthorpe United,Gateshead,3,1,0,647158
2022-10-25T18:45:00Z,2022,eng.5,Wealdstone,Notts County,1,6,0,647159
2022-10-25T18:45:00Z,2022,eng.5,Woking,Dorking Wanderers,3,3,0,647160
2022-10-25T18:45:00Z,2022,eng.5,York City,Chesterfield,1,1,0,647161
2022-10-25T18:45:00Z,2022,eng.5,Yeovil Town,Aldershot Town,0,2,0,647162
2022-10-25T18:45:00Z,2022,eng.5,Maidenhead United,Solihull Moors,0,2,0,647163
2022-10-25T18:45:00Z,2022,eng.5,Eastleigh,Torquay United,1,0,0,647164
2022-10-25T18:45:00Z,2022,eng.5,Dagenham & Redbridge,Boreham Wood,1,1,0,647165
2022-10-25T18:45:00Z,2022,eng.5,Bromley,Barnet,1,3,0,647166
2022-10-25T18:45:00Z,2022,eng.5,Wrexham,FC Halifax Town,3,1,0,647167
2022-10-25T19:00:00Z,2022,eng.2,Burnley,Norwich City,1,0,0,643281
2022-10-25T19:00:00Z,2022,uefa.champions,Benfica,Juventus,4,3,0,652652
2022-10-25T19:00:00Z,2022,uefa.champions,Borussia Dortmund,Manchester City,0,0,0,652653
2022-10-25T19:00:00Z,2022,uefa.champions,Paris Saint-Germain,Maccabi Haifa,7,2,0,652654
2022-10-25T19:00:00Z,2022,uefa.champions,RB Leipzig,Real Madrid,3,2,0,652655
2022-10-25T19:00:00Z,2022,uefa.champions,Celtic,Shakhtar Donetsk,1,1,0,652656
2022-10-25T19:00:00Z,2022,uefa.champions,Dinamo Zagreb,AC Milan,0,4,0,652657
2022-10-25T20:00:00Z,2022,per.1,Ayacucho FC,Alianza Lima,0,1,0,642059
2022-10-25T22:00:00Z,2022,bra.2,Brusque,CRB,0,0,0,631161
2022-10-25T22:00:00Z,2022,arg.1,Vélez Sarsfield,Central Córdoba (Santiago del Estero),3,1,0,635516
2022-10-25T22:00:00Z,2022,par.1,Sol de América,Tacuary,2,2,0,647635
2022-10-25T23:00:00Z,2022,arg.1,Platense,Lanús,1,1,0,635633
2022-10-26T00:00:00Z,2022,mex.2,Venados FC,Leones Negros,2,0,0,654718
2022-10-26T00:30:00Z,2022,bra.2,CSA,Vila Nova,1,0,0,631170
2022-10-26T00:45:00Z,2022,bra.1,Athletico-PR,Palmeiras,1,3,0,630811
2022-10-26T00:45:00Z,2022,bra.1,Flamengo,Santos,3,2,0,630812
2022-10-26T02:05:00Z,2022,mex.2,Club Atlético Morelia,Cimarrones de Sonora,2,0,0,654720
2022-10-26T14:00:00Z,2022,aut.1,Rapid Vienna,TSV Hartberg,5,1,0,641787
2022-10-26T14:30:00Z,2022,fifa.friendly,Saudi Arabia,Albania,1,1,0,653961
2022-10-26T16:45:00Z,2022,uefa.champions,Club Brugge,FC Porto,0,4,0,652658
2022-10-26T16:45:00Z,2022,uefa.champions,Internazionale,Viktoria Plzen,4,0,0,652659
2022-10-26T17:30:00Z,2022,rsa.1,Marumo Gallants,AmaZulu,0,0,0,649427
2022-10-26T18:00:00Z,2022,gua.1,Iztapa,Xelajú MC,1,1,0,641010
2022-10-26T19:00:00Z,2022,eng.3,Sheffield Wednesday,Bristol Rovers,1,1,0,642812
2022-10-26T19:00:00Z,2022,uefa.champions,Eintracht Frankfurt,Marseille,2,1,0,652660
2022-10-26T19:00:00Z,2022,uefa.champions,Atlético Madrid,Bayer Leverkusen,2,2,0,652661
2022-10-26T19:00:00Z,2022,uefa.champions,Ajax Amsterdam,Liverpool,0,3,0,652662
2022-10-26T19:00:00Z,2022,uefa.champions,Napoli,Rangers,3,0,0,652663
2022-10-26T19:00:00Z,2022,uefa.champions,Tottenham Hotspur,Sporting CP,1,1,0,652664
2022-10-26T19:00:00Z,2022,uefa.champions,Barcelona,Bayern Munich,0,3,0,652665
2022-10-26T21:00:00Z,2022,chi.copa_chi,Universidad de Chile,Unión Española,0,0,0,654602
2022-10-26T21:00:00Z,2022,arg.copa,Banfield,Talleres (Córdoba),0,1,0,654739
2022-10-26T21:00:00Z,2022,slv.1,C.D. Platense,Alianza FC,1,1,0,655777
2022-10-26T21:00:00Z,2022,slv.1,CD Dragon,CD FAS,3,2,0,655778
2022-10-26T22:00:00Z,2022,mex.2,Durango,Celaya,0,1,0,654719
2022-10-26T22:30:00Z,2022,bra.1,Botafogo,Red Bull Bragantino,2,1,0,630806
2022-10-27T00:05:00Z,2022,mex.2,Mineros de Zacatecas,Atlante,1,2,0,654717
2022-10-27T00:30:00Z,2022,arg.copa,Patronato,Boca Juniors,1,1,0,654740
2022-10-27T00:45:00Z,2022,bra.1,Goiás,América Mineiro,2,2,0,630803
2022-10-27T00:45:00Z,2022,bra.1,Internacional,Ceará,2,1,0,630807
2022-10-27T00:45:00Z,2022,bra.1,Corinthians,Fluminense,0,2,0,630809
2022-10-27T01:00:00Z,2022,col.1,Millonarios,Independiente Medellín,1,2,0,626733
2022-10-27T01:30:00Z,2022,slv.1,Atletico Marte,Águila,0,0,0,655780
2022-10-27T12:00:00Z,2022,par.1,12 de Octubre,Sportivo Ameliano,4,0,0,647630
2022-10-27T13:00:00Z,2022,par.1,Resistencia SC,Club Olimpia,1,6,0,647634
2022-10-27T14:00:00Z,2022,ind.1,Odisha FC,Bengaluru FC,1,0,0,653340
2022-10-27T16:00:00Z,2022,fifa.friendly,Qatar,Honduras,1,0,0,654690
2022-10-27T16:45:00Z,2022,uefa.europa,1. FC Union Berlin,Braga,1,0,0,652746
2022-10-27T16:45:00Z,2022,uefa.europa,Lazio,FC Midtjylland,2,1,0,652747
2022-10-27T16:45:00Z,2022,uefa.europa,Ludogorets Razgrad,Real Betis,0,1,0,652748
2022-10-27T16:45:00Z,2022,uefa.europa,Malmö FF,Union St.-Gilloise,0,2,0,652749
2022-10-27T16:45:00Z,2022,uefa.europa,PSV Eindhoven,Arsenal,2,0,0,652750
2022-10-27T16:45:00Z,2022,uefa.europa,FC Zürich,Bodo/Glimt,2,1,0,652751
2022-10-27T16:45:00Z,2022,uefa.europa,AEK Larnaca,Dynamo Kyiv,3,3,0,652752
2022-10-27T16:45:00Z,2022,uefa.europa,Fenerbahce,Stade Rennais,3,3,0,652753
2022-10-27T16:45:00Z,2022,uefa.europa.conf,Villarreal,Hapoel Be'er,2,2,0,652842
2022-10-27T16:45:00Z,2022,uefa.europa.conf,Fiorentina,Istanbul Basaksehir,2,1,0,652844
2022-10-27T16:45:00Z,2022,uefa.europa.conf,Nice,Partizan Belgrade,2,1,0,652845
2022-10-27T16:45:00Z,2022,uefa.europa.conf,Anderlecht,FCSB,2,2,0,652846
2022-10-27T16:45:00Z,2022,uefa.europa.conf,FC Vaduz,AZ Alkmaar,1,2,0,652847
2022-10-27T16:45:00Z,2022,uefa.europa.conf,Austria Vienna,Lech Poznan,1,1,0,652848
2022-10-27T19:00:00Z,2022,uefa.europa,Ferencvaros,AS Monaco,1,1,0,652754
2022-10-27T19:00:00Z,2022,uefa.europa,Red Star Belgrade,Trabzonspor,2,1,0,652755
2022-10-27T19:00:00Z,2022,uefa.europa,Manchester United,Sheriff Tiraspol,3,0,0,652756
2022-10-27T19:00:00Z,2022,uefa.europa,HJK Helsinki,AS Roma,1,2,0,652757
2022-10-27T19:00:00Z,2022,uefa.europa,Nantes,FK Qarabag,2,1,0,652758
2022-10-27T19:00:00Z,2022,uefa.europa,Omonia Nicosia,Real Sociedad,0,2,0,652759
2022-10-27T19:00:00Z,2022,uefa.europa,SC Freiburg,Olympiacos,1,1,0,652760
2022-10-27T19:00:00Z,2022,uefa.europa,SK Sturm Graz,Feyenoord Rotterdam,1,0,0,652761
2022-10-27T19:00:00Z,2022,uefa.europa.conf,Molde,Djurgården,2,3,0,652849
2022-10-27T19:00:00Z,2022,uefa.europa.conf,Heart of Midlothian,Rigas Futbola Skola,2,1,0,652850
2022-10-27T19:00:00Z,2022,uefa.europa.conf,FC Basel,Zalgiris Vilnius,2,2,0,652851
2022-10-27T19:00:00Z,2022,uefa.europa.conf,Ballkani,Slavia Prague,0,1,0,652852
2022-10-27T19:00:00Z,2022,uefa.europa.conf,Sivasspor,CFR Cluj-Napoca,3,0,0,652853
2022-10-27T19:00:00Z,2022,uefa.europa.conf,SC Dnipro-1,Apollon Limassol,1,0,0,652854
2022-10-27T19:00:00Z,2022,uefa.europa.conf,Shamrock Rovers,KAA Gent,1,1,0,652855
2022-10-27T19:00:00Z,2022,uefa.europa.conf,West Ham United,Silkeborg IF,1,0,0,652856
2022-10-27T19:00:00Z,2022,uefa.europa.conf,Slovan Bratislava,Pyunik,2,1,0,652857
2022-10-27T20:00:00Z,2022,par.1,Guaraní,Libertad,1,2,0,647632
2022-10-27T20:00:00Z,2022,par.1,Nacional Asunción,Guaireña,3,0,0,647633
2022-10-27T22:00:00Z,2022,bra.1,São Paulo,Atlético Goianiense,2,1,0,630804
2022-10-27T22:00:00Z,2022,bra.1,Fortaleza,Coritiba,3,1,0,630808
2022-10-27T22:00:00Z,2022,bra.2,Novorizontino,Cruzeiro,1,4,0,631163
2022-10-27T22:30:00Z,2022,bra.1,Atlético-MG,Juventude,1,0,0,630810
2022-10-27T23:00:00Z,2022,bra.1,Cuiabá,Avaí,1,0,0,630805
2022-10-27T23:00:00Z,2022,par.1,Cerro Porteño,General Caballero JLM,2,1,0,647631
2022-10-28T00:45:00Z,2022,bra.2,Vasco da Gama,Sampaio Corrêa,2,3,0,631169
2022-10-28T01:06:00Z,2022,mex.1,Toluca,Pachuca,1,5,0,655667
2022-10-28T01:30:00Z,2022,slv.1,Isidro Metapán,Jocoro FC,1,1,0,655779
2022-10-28T08:45:00Z,2022,aus.1,Western Sydney Wanderers,Newcastle Jets,2,0,0,650498
2022-10-28T11:00:00Z,2022,uefa.europa.conf,Slovacko,FC Cologne,0,1,0,652843
2022-10-28T14:00:00Z,2022,rus.1,Gazovik Orenburg,Fakel Voronezh,4,1,0,641217
2022-10-28T14:00:00Z,2022,ind.1,Kerala Blasters FC,Mumbai City FC,0,2,0,653341
2022-10-28T16:30:00Z,2022,ger.2,SpVgg Greuther Fürth,Arminia Bielefeld,1,0,0,638865
2022-10-28T16:30:00Z,2022,ger.2,1. FC Magdeburg,1. FC Heidenheim 1846,1,1,0,638868
2022-10-28T17:00:00Z,2022,den.1,FC Nordsjælland,AC Horsens,2,0,0,636987
2022-10-28T17:00:00Z,2022,tur.1,Fatih Karagümrük,Galatasaray,0,2,0,645992
2022-10-28T17:30:00Z,2022,rsa.1,Maritzburg United,Golden Arrows,0,2,0,649450
2022-10-28T18:00:00Z,2022,ned.2,FC Eindhoven,Jong PSV,2,2,0,637624
2022-10-28T18:00:00Z,2022,ned.2,Almere City,Heracles Almelo,3,2,0,637625
2022-10-28T18:00:00Z,2022,ned.2,De Graafschap,TOP Oss,2,0,0,637626
2022-10-28T18:00:00Z,2022,ned.2,FC Den Bosch,NAC Breda,3,2,0,637627
2022-10-28T18:00:00Z,2022,ned.2,PEC Zwolle,MVV Maastricht,0,1,0,637628
2022-10-28T18:00:00Z,2022,ned.2,Helmond Sport,ADO Den Haag,2,1,0,637629
2022-10-28T18:00:00Z,2022,ned.2,VVV-Venlo,Jong AZ,1,2,0,637630
2022-10-28T18:00:00Z,2022,ned.2,Telstar,FC Dordrecht,2,2,0,637631
2022-10-28T18:00:00Z,2022,ned.2,Roda JC Kerkrade,Jong FC Utrecht,4,1,0,637632
2022-10-28T18:30:00Z,2022,ger.1,Werder Bremen,Hertha Berlin,1,0,0,638539
2022-10-28T18:30:00Z,2022,ita.2,Bari,Ternana,0,0,0,649706
2022-10-28T18:45:00Z,2022,sco.2,Queen's Park,Dundee,2,2,0,639492
2022-10-28T18:45:00Z,2022,sco.2,Greenock Morton,Inverness Caledonian Thistle,4,0,0,639493
2022-10-28T18:45:00Z,2022,bel.1,Racing Genk,KV Mechelen,3,1,0,641478
2022-10-28T18:45:00Z,2022,eng.5,Barnet,Scunthorpe United,1,1,0,647176
2022-10-28T19:00:00Z,2022,fra.1,Lens,Toulouse,3,0,0,639737
2022-10-28T19:00:00Z,2022,eng.2,Birmingham City,Queens Park Rangers,2,0,0,643386
2022-10-28T19:00:00Z,2022,esp.1,Mallorca,Espanyol,1,1,0,643889
2022-10-28T19:00:00Z,2022,esp.2,Tenerife,Real Zaragoza,0,2,0,644284
2022-10-28T19:15:00Z,2022,por.1,Paços de Ferreira,Maritimo,0,1,0,646762
2022-10-28T20:00:00Z,2022,per.1,UTC,Universitario,1,1,0,642074
2022-10-28T22:00:00Z,2022,bra.2,Tombense,Grêmio,2,2,0,631164
2022-10-28T22:00:00Z,2022,bra.2,Bahia,Guarani,1,1,0,631165
2022-10-28T22:00:00Z,2022,bra.2,Londrina,Ituano,0,2,0,631166
2022-10-28T22:00:00Z,2022,bra.2,Sport,Operário PR,5,1,0,631168
2022-10-29T00:05:00Z,2022,mex.2,Leones Negros,Venados FC,3,0,0,654715
2022-10-29T00:30:00Z,2022,bra.2,Ponte Preta,Criciúma,1,1,0,631162
2022-10-29T00:30:00Z,2022,usa.usl.1,San Antonio FC,Oakland Roots,3,0,0,655805
2022-10-29T02:15:00Z,2022,mex.2,Cimarrones de Sonora,Club Atlético Morelia,3,1,0,654716
2022-10-29T04:00:00Z,2022,aus.1,Brisbane Roar,Melbourne Victory,0,0,0,650499
2022-10-29T06:00:00Z,2022,jpn.1,Nagoya Grampus,FC Tokyo,2,1,0,629014
2022-10-29T06:00:00Z,2022,jpn.1,Sanfrecce Hiroshima,Consadole Sapporo,1,2,0,629015
2022-10-29T06:00:00Z,2022,jpn.1,Shonan Bellmare,Sagan Tosu,3,0,0,629016
2022-10-29T06:00:00Z,2022,jpn.1,Shimizu S-Pulse,Kashima Antlers,0,1,0,629017
2022-10-29T06:00:00Z,2022,jpn.1,Kyoto Sanga,Cerezo Osaka,0,0,0,629018
2022-10-29T06:00:00Z,2022,jpn.1,Yokohama F. Marinos,Urawa Red Diamonds,4,1,0,629019
2022-10-29T06:00:00Z,2022,jpn.1,Gamba Osaka,Jubilo Iwata,2,0,0,629020
2022-10-29T06:00:00Z,2022,jpn.1,Avispa Fukuoka,Kashiwa Reysol,2,1,0,629021
2022-10-29T06:00:00Z,2022,jpn.1,Kawasaki Frontale,Vissel Kobe,2,1,0,629022
2022-10-29T06:15:00Z,2022,aus.1,Central Coast Mariners,Western United,4,2,0,650500
2022-10-29T07:00:00Z,2022,chn.1,Hebei FC,Guangzhou City,0,4,0,650795
2022-10-29T07:30:00Z,2022,chn.1,Changchun Yatai,Meizhou Hakka,1,0,0,650789
2022-10-29T08:45:00Z,2022,aus.1,Macarthur FC,Sydney FC,2,3,0,650501
2022-10-29T09:30:00Z,2022,chn.1,Shanghai Shenhua,Cangzhou Mighty Lions,1,2,0,650903
2022-10-29T11:00:00Z,2022,ger.2,Kaiserslautern,1. FC Nürnberg,0,0,0,638861
2022-10-29T11:00:00Z,2022,ger.2,Holstein Kiel,Fortuna Düsseldorf,1,2,0,638862
2022-10-29T11:00:00Z,2022,ger.2,SSV Jahn Regensburg,Hansa Rostock,0,3,0,638864
2022-10-29T11:00:00Z,2022,rus.1,Dinamo Moscow,FC Khimki,6,1,0,641220
2022-10-29T11:00:00Z,2022,eng.2,Bristol City,Swansea City,1,1,0,643387
2022-10-29T11:00:00Z,2022,chn.1,Shenzhen FC,Henan,0,2,0,650897
2022-10-29T11:30:00Z,2022,eng.1,Leicester City,Manchester City,0,1,0,637955
2022-10-29T11:30:00Z,2022,eng.2,West Bromwich Albion,Sheffield United,0,2,0,643396
2022-10-29T11:30:00Z,2022,tur.1,Konyaspor,Kasimpasa,1,1,0,645996
2022-10-29T11:30:00Z,2022,chn.1,Beijing Guoan,Guangzhou,4,1,0,650790
2022-10-29T11:30:00Z,2022,chn.1,Wuhan Three Towns,Chengdu Rongcheng,0,1,0,650796
2022-10-29T12:00:00Z,2022,esp.1,Almería,Celta Vigo,3,1,0,643884
2022-10-29T12:00:00Z,2022,esp.2,FC Andorra,Ponferradina,3,0,0,644288
2022-10-29T12:00:00Z,2022,ita.2,Venezia,Ascoli,0,2,0,649707
2022-10-29T12:00:00Z,2022,ita.2,Modena,Palermo,0,2,0,649708
2022-10-29T12:00:00Z,2022,ita.2,Parma,Como,1,0,0,649709
2022-10-29T12:00:00Z,2022,ita.2,SPAL,Sudtirol,1,1,0,649711
2022-10-29T12:00:00Z,2022,ita.2,Cosenza,Frosinone,1,2,0,649712
2022-10-29T12:00:00Z,2022,ita.2,Cagliari,Reggina,1,1,0,649713
2022-10-29T12:00:00Z,2022,ita.2,Benevento,Pisa,0,0,0,649714
2022-10-29T12:00:00Z,2022,chn.1,Tianjin Jinmen Tiger,Zhejiang Professional FC,1,2,0,650794
2022-10-29T12:00:00Z,2022,ind.1,Hyderabad,FC Goa,1,0,0,653342
2022-10-29T13:00:00Z,2022,swe.1,Degerfors IF,IFK Värnamo,0,0,0,628366
2022-10-29T13:00:00Z,2022,eng.4,Northampton Town,Newport County,1,1,0,642270
2022-10-29T13:00:00Z,2022,ita.1,Napoli,Sassuolo,4,0,0,644730
2022-10-29T13:30:00Z,2022,ger.1,VfL Wolfsburg,VfL Bochum,4,0,0,638537
2022-10-29T13:30:00Z,2022,ger.1,VfB Stuttgart,FC Augsburg,2,1,0,638538
2022-10-29T13:30:00Z,2022,ger.1,Bayern Munich,Mainz,6,2,0,638542
2022-10-29T13:30:00Z,2022,ger.1,RB Leipzig,Bayer Leverkusen,2,0,0,638544
2022-10-29T13:30:00Z,2022,rus.1,Akhmat Grozny,Rostov,1,2,0,641218
2022-10-29T13:30:00Z,2022,rsa.1,Orlando Pirates,Kaizer Chiefs,0,1,0,649451
2022-10-29T14:00:00Z,2022,den.1,Randers FC,F.C. København,0,2,0,636985
2022-10-29T14:00:00Z,2022,eng.1,AFC Bournemouth,Tottenham Hotspur,2,3,0,637949
2022-10-29T14:00:00Z,2022,eng.1,Brentford,Wolverhampton Wanderers,1,1,0,637951
2022-10-29T14:00:00Z,2022,eng.1,Brighton & Hove Albion,Chelsea,4,1,0,637952
2022-10-29T14:00:00Z,2022,eng.1,Newcastle United,Aston Villa,4,0,0,637953
2022-10-29T14:00:00Z,2022,eng.1,Crystal Palace,Southampton,1,0,0,637958
2022-10-29T14:00:00Z,2022,sco.1,Dundee United,Motherwell,0,1,0,639122
2022-10-29T14:00:00Z,2022,sco.1,Hibernian,St Mirren,3,0,0,639123
2022-10-29T14:00:00Z,2022,sco.1,Rangers,Aberdeen,4,1,0,639125
2022-10-29T14:00:00Z,2022,sco.1,St Johnstone,Kilmarnock,1,0,0,639127
2022-10-29T14:00:00Z,2022,sco.2,Arbroath,Ayr United,0,2,0,639490
2022-10-29T14:00:00Z,2022,sco.2,Hamilton Academical,Cove Rangers,4,4,0,639491
2022-10-29T14:00:00Z,2022,sco.2,Raith Rovers,Partick Thistle,3,0,0,639494
2022-10-29T14:00:00Z,2022,bel.1,Zulte-Waregem,Standard Liege,0,3,0,641475
2022-10-29T14:00:00Z,2022,eng.4,Stockport County,Sutton United,3,0,0,642271
2022-10-29T14:00:00Z,2022,eng.4,Tranmere Rovers,Carlisle United,0,2,0,642272
2022-10-29T14:00:00Z,2022,eng.4,Walsall,Rochdale,1,0,0,642273
2022-10-29T14:00:00Z,2022,eng.4,AFC Wimbledon,Harrogate Town,3,2,0,642274
2022-10-29T14:00:00Z,2022,eng.4,Barrow,Crewe Alexandra,3,0,0,642275
2022-10-29T14:00:00Z,2022,eng.4,Bradford City,Crawley Town,1,1,0,642276
2022-10-29T14:00:00Z,2022,eng.4,Colchester United,Stevenage,1,1,0,642277
2022-10-29T14:00:00Z,2022,eng.4,Doncaster Rovers,Gillingham,1,0,0,642278
2022-10-29T14:00:00Z,2022,eng.4,Hartlepool United,Grimsby Town,2,1,0,642279
2022-10-29T14:00:00Z,2022,eng.4,Leyton Orient,Salford City,1,0,0,642280
2022-10-29T14:00:00Z,2022,eng.4,Mansfield Town,Swindon Town,2,5,0,642281
2022-10-29T14:00:00Z,2022,eng.3,Port Vale,Lincoln City,1,0,0,642822
2022-10-29T14:00:00Z,2022,eng.3,Portsmouth,Shrewsbury Town,1,1,0,642823
2022-10-29T14:00:00Z,2022,eng.3,Sheffield Wednesday,Burton Albion,4,2,0,642824
2022-10-29T14:00:00Z,2022,eng.3,Wycombe Wanderers,Morecambe,1,1,0,642825
2022-10-29T14:00:00Z,2022,eng.3,Barnsley,Forest Green Rovers,2,0,0,642826
2022-10-29T14:00:00Z,2022,eng.3,Bolton Wanderers,Oxford United,1,3,0,642827
2022-10-29T14:00:00Z,2022,eng.3,Charlton Athletic,Ipswich Town,4,4,0,642828
2022-10-29T14:00:00Z,2022,eng.3,Cheltenham Town,Milton Keynes Dons,0,0,0,642829
2022-10-29T14:00:00Z,2022,eng.3,Derby County,Bristol Rovers,4,2,0,642830
2022-10-29T14:00:00Z,2022,eng.3,Fleetwood Town,Accrington Stanley,3,0,0,642831
2022-10-29T14:00:00Z,2022,eng.3,Peterborough United,Cambridge United,1,0,0,642832
2022-10-29T14:00:00Z,2022,eng.2,Burnley,Reading,2,1,0,643388
2022-10-29T14:00:00Z,2022,eng.2,Cardiff City,Rotherham United,1,0,0,643389
2022-10-29T14:00:00Z,2022,eng.2,Coventry City,Blackpool,1,2,0,643390
2022-10-29T14:00:00Z,2022,eng.2,Huddersfield Town,Millwall,1,0,0,643391
2022-10-29T14:00:00Z,2022,eng.2,Hull City,Blackburn Rovers,0,1,0,643392
2022-10-29T14:00:00Z,2022,eng.2,Luton Town,Sunderland,1,1,0,643393
2022-10-29T14:00:00Z,2022,eng.2,Norwich City,Stoke City,3,1,0,643394
2022-10-29T14:00:00Z,2022,eng.2,Preston North End,Middlesbrough,2,1,0,643395
2022-10-29T14:00:00Z,2022,eng.2,Wigan Athletic,Watford,0,1,0,643397
2022-10-29T14:00:00Z,2022,eng.5,Gateshead,Solihull Moors,1,1,0,647169
2022-10-29T14:00:00Z,2022,eng.5,Maidenhead United,Bromley,1,0,0,647170
2022-10-29T14:00:00Z,2022,eng.5,Maidstone United,Yeovil Town,1,1,0,647171
2022-10-29T14:00:00Z,2022,eng.5,Notts County,Torquay United,4,0,0,647172
2022-10-29T14:00:00Z,2022,eng.5,Woking,Eastleigh,1,0,0,647173
2022-10-29T14:00:00Z,2022,eng.5,Wrexham,Altrincham,4,0,0,647174
2022-10-29T14:00:00Z,2022,eng.5,York City,Southend United,0,2,0,647175
2022-10-29T14:00:00Z,2022,eng.5,Chesterfield,Boreham Wood,2,0,0,647177
2022-10-29T14:00:00Z,2022,eng.5,Dagenham & Redbridge,Wealdstone,4,1,0,647178
2022-10-29T14:00:00Z,2022,eng.5,Dorking Wanderers,Aldershot Town,0,3,0,647179
2022-10-29T14:00:00Z,2022,gre.1,Ionikos FC,Panetolikos,1,1,0,650289
2022-10-29T14:00:00Z,2022,ind.1,Mohun Bagan Super Giant,SC East Bengal,2,0,0,653343
2022-10-29T14:15:00Z,2022,esp.1,Cádiz,Atlético Madrid,3,2,0,643887
2022-10-29T14:15:00Z,2022,esp.2,Huesca,Las Palmas,1,0,0,644290
2022-10-29T14:15:00Z,2022,ita.2,Genoa,Brescia,1,1,0,649710
2022-10-29T14:30:00Z,2022,ned.1,Heerenveen,FC Utrecht,1,2,0,637301
2022-10-29T14:30:00Z,2022,por.1,Santa Clara,FC Porto,1,1,0,646760
2022-10-29T15:00:00Z,2022,fra.1,Paris Saint-Germain,Troyes,4,3,0,639739
2022-10-29T15:00:00Z,2022,aut.1,SK Austria Klagenfurt,WSG Swarovski Tirol,2,3,0,641836
2022-10-29T15:00:00Z,2022,aut.1,RB Salzburg,TSV Hartberg,1,0,0,641839
2022-10-29T15:00:00Z,2022,aut.1,Austria Lustenau,Rapid Vienna,3,3,0,641841
2022-10-29T15:30:00Z,2022,rsa.1,Marumo Gallants,Cape Town City FC,2,1,0,649452
2022-10-29T16:00:00Z,2022,nor.1,Stromsgodset,Haugesund,1,2,0,628005
2022-10-29T16:00:00Z,2022,nor.1,Vålerenga,Sarpsborg FK,3,3,0,628008
2022-10-29T16:00:00Z,2022,rus.1,Lokomotiv Moscow,CSKA Moscow,0,1,0,641223
2022-10-29T16:00:00Z,2022,ita.1,Lecce,Juventus,0,1,0,644732
2022-10-29T16:00:00Z,2022,rsa.1,Royal AM,Mamelodi Sundowns,0,3,0,649454
2022-10-29T16:00:00Z,2022,fifa.friendly,Algeria,Mali,0,0,0,656203
2022-10-29T16:15:00Z,2022,bel.1,KVC Westerlo,Sint-Truidense,2,3,0,641476
2022-10-29T16:15:00Z,2022,bel.1,KV Kortrijk,Cercle Brugge KSV,1,1,0,641477
2022-10-29T16:20:00Z,2022,eng.5,FC Halifax Town,Oldham Athletic,2,1,0,647168
2022-10-29T16:30:00Z,2022,eng.1,Fulham,Everton,0,0,0,637954
2022-10-29T16:30:00Z,2022,ger.1,Eintracht Frankfurt,Borussia Dortmund,1,2,0,638543
2022-10-29T16:30:00Z,2022,esp.1,Sevilla,Rayo Vallecano,0,1,0,643883
2022-10-29T16:30:00Z,2022,esp.2,Alavés,Real Oviedo,2,1,0,644285
2022-10-29T16:30:00Z,2022,esp.2,Leganés,Racing Santander,0,0,0,644291
2022-10-29T16:30:00Z,2022,gre.1,Volos NFC,Panathinaikos,1,5,0,650293
2022-10-29T16:45:00Z,2022,ned.1,Sparta Rotterdam,Fortuna Sittard,3,1,0,637300
2022-10-29T17:00:00Z,2022,tur.1,Alanyaspor,Gaziantep FK,2,0,0,645989
2022-10-29T17:00:00Z,2022,por.1,Benfica,GD Chaves,5,0,0,646766
2022-10-29T18:00:00Z,2022,per.1,César Vallejo,Deportivo Municipal,1,1,0,642075
2022-10-29T18:30:00Z,2022,ger.2,St. Pauli,SV Darmstadt 98,1,1,0,638867
2022-10-29T18:45:00Z,2022,eng.1,Liverpool,Leeds United,1,2,0,637956
2022-10-29T18:45:00Z,2022,bel.1,Club Brugge,KV Oostende,4,2,0,641472
2022-10-29T18:45:00Z,2022,ita.1,Internazionale,Sampdoria,3,0,0,644734
2022-10-29T19:00:00Z,2022,ned.1,Go Ahead Eagles,Excelsior,3,1,0,637299
2022-10-29T19:00:00Z,2022,fra.1,Strasbourg,Marseille,2,2,0,639734
2022-10-29T19:00:00Z,2022,esp.1,Valencia,Barcelona,0,1,0,643885
2022-10-29T19:00:00Z,2022,esp.2,Burgos,UD Ibiza,2,0,0,644287
2022-10-29T19:30:00Z,2022,por.1,Arouca,Sporting CP,1,0,0,646767
2022-10-29T20:00:00Z,2022,conmebol.libertadores,Flamengo,Athletico-PR,1,0,0,653770
2022-10-29T20:30:00Z,2022,per.1,Academia Cantolao,Ayacucho FC,1,1,0,642068
2022-10-29T20:30:00Z,2022,per.1,Sport Huancayo,Sport Boys,3,1,0,642076
2022-10-29T21:00:00Z,2022,col.1,Envigado FC,Deportes Tolima,1,1,0,626660
2022-10-29T21:00:00Z,2022,gua.1,Municipal,Comunicaciones,2,3,0,641041
2022-10-29T22:00:00Z,2022,bra.2,Chapecoense,Náutico,1,0,0,631167
2022-10-29T22:00:00Z,2022,mex.2,Celaya,Durango,1,0,0,654713
2022-10-29T22:00:00Z,2022,usa.usl.l1,Richmond Kickers,Chattanooga Red Wolves,0,1,0,655622
2022-10-29T22:30:00Z,2022,bra.1,Goiás,Corinthians,0,0,0,630825
2022-10-29T23:00:00Z,2022,chi.1,Cobresal,Palestino,1,0,0,629238
2022-10-29T23:05:00Z,2022,col.1,Deportivo Cali,Patriotas,1,0,0,626658
2022-10-29T23:30:00Z,2022,usa.usl.l1,Greenville Triumph,South Georgia Tormenta FC,0,1,0,655623
2022-10-29T23:30:00Z,2022,usa.usl.1,Louisville City FC,Pittsburgh Riverhounds,2,2,0,655806
2022-10-30T00:00:00Z,2022,usa.usl.1,Colorado Springs Switchbacks FC,Sacramento Republic FC,2,1,0,655807
2022-10-30T00:10:00Z,2022,arg.2,Estudiantes (Buenos Aires),Gimnasia (Mendoza),1,0,0,655663
2022-10-30T00:15:00Z,2022,mex.2,Atlante,Mineros de Zacatecas,2,1,0,654714
2022-10-30T02:00:00Z,2022,gua.1,Xelajú MC,Deportivo Mixco,1,1,0,641040
2022-10-30T04:00:00Z,2022,aus.1,Adelaide United,Perth Glory,2,1,0,650502
2022-10-30T06:00:00Z,2022,aus.1,Melbourne City FC,Wellington Phoenix FC,2,2,0,650503
2022-10-30T11:00:00Z,2022,rus.1,Sochi,FC Ural Ekaterinburg,2,2,0,641222
2022-10-30T11:00:00Z,2022,rus.1,Krylia Sovetov,Nizhny Novgorod,2,1,0,641224
2022-10-30T11:15:00Z,2022,ned.1,FC Emmen,FC Groningen,0,0,0,637297
2022-10-30T11:30:00Z,2022,ita.1,Empoli,Atalanta,0,2,0,644735
2022-10-30T11:30:00Z,2022,tur.1,Ankaragucu,Hatayspor,4,1,0,645990
2022-10-30T11:30:00Z,2022,chn.1,Dalian Professional,Wuhan Yangtze River,2,1,0,650791
2022-10-30T11:30:00Z,2022,chn.1,Shandong Taishan,Shanghai Port,3,1,0,650792
2022-10-30T12:00:00Z,2022,sco.1,Livingston,Celtic,0,3,0,639124
2022-10-30T12:00:00Z,2022,fra.1,AJ Auxerre,AC Ajaccio,1,0,0,639730
2022-10-30T12:30:00Z,2022,ger.2,SC Paderborn 07,Hamburg SV,2,3,0,638863
2022-10-30T12:30:00Z,2022,ger.2,Hannover 96,Karlsruher SC,1,0,0,638866
2022-10-30T12:30:00Z,2022,ger.2,SV Sandhausen,TSV Eintracht Braunschweig,2,2,0,638869
2022-10-30T12:30:00Z,2022,bel.1,Anderlecht,Eupen,4,2,0,641474
2022-10-30T13:00:00Z,2022,den.1,Lyngby Boldklub,AGF,0,1,0,636986
2022-10-30T13:00:00Z,2022,esp.1,Osasuna,Real Valladolid,2,0,0,643890
2022-10-30T13:00:00Z,2022,esp.2,Lugo,Mirandés,0,0,0,644293
2022-10-30T13:30:00Z,2022,ned.1,FC Twente,RKC Waalwijk,3,0,0,637296
2022-10-30T13:30:00Z,2022,ned.1,PSV Eindhoven,NEC Nijmegen,3,0,0,637302
2022-10-30T13:30:00Z,2022,rus.1,Spartak Moscow,FK Torpedo Moscow,1,0,0,641219
2022-10-30T13:30:00Z,2022,aut.1,LASK Linz,Wolfsberger,4,1,0,641837
2022-10-30T13:30:00Z,2022,aut.1,Austria Vienna,SC Rheindorf Altach,2,1,0,641838
2022-10-30T13:30:00Z,2022,rsa.1,AmaZulu,Stellenbosch,1,0,0,649453
2022-10-30T13:30:00Z,2022,rsa.1,Chippa United,Richards Bay FC,3,3,0,649455
2022-10-30T13:30:00Z,2022,rsa.1,TS Galaxy FC,Sekhukhune United FC,1,1,0,649456
2022-10-30T14:00:00Z,2022,swe.1,Mjällby AIF,AIK,1,2,0,628362
2022-10-30T14:00:00Z,2022,swe.1,IFK Göteborg,BK Häcken,0,4,0,628363
2022-10-30T14:00:00Z,2022,swe.1,GIF Sundsvall,IK Sirius,2,3,0,628367
2022-10-30T14:00:00Z,2022,eng.1,Arsenal,Nottingham Forest,5,0,0,637950
2022-10-30T14:00:00Z,2022,fra.1,AS Monaco,Angers,2,0,0,639732
2022-10-30T14:00:00Z,2022,fra.1,Nantes,Clermont Foot,1,1,0,639733
2022-10-30T14:00:00Z,2022,fra.1,Stade Rennais,Montpellier,3,0,0,639735
2022-10-30T14:00:00Z,2022,fra.1,Brest,Stade de Reims,0,0,0,639738
2022-10-30T14:00:00Z,2022,ita.1,Cremonese,Udinese,0,0,0,644727
2022-10-30T14:00:00Z,2022,ita.1,Spezia,Fiorentina,1,2,0,644729
2022-10-30T14:00:00Z,2022,tur.1,Besiktas,Umraniyespor,5,2,0,645993
2022-10-30T14:00:00Z,2022,tur.1,Kayserispor,Adana Demirspor,2,2,0,645995
2022-10-30T14:00:00Z,2022,gre.1,Olympiacos,Lamia,2,0,0,650291
2022-10-30T14:00:00Z,2022,ind.1,Jamshedpur FC,NorthEast United FC,1,0,0,653344
2022-10-30T14:30:00Z,2022,ger.1,1. FC Union Berlin,Borussia Mönchengladbach,2,1,0,638540
2022-10-30T14:30:00Z,2022,fifa.friendly,Saudi Arabia,Honduras,0,0,0,650116
2022-10-30T14:30:00Z,2022,gre.1,Levadiakos,Atromitos,2,1,0,650292
2022-10-30T15:00:00Z,2022,den.1,Silkeborg IF,Viborg FF,1,2,0,636990
2022-10-30T15:00:00Z,2022,sco.1,Ross County,Heart of Midlothian,1,2,0,639126
2022-10-30T15:00:00Z,2022,bel.1,RFC Seraing,Union St.-Gilloise,1,2,0,641473
2022-10-30T15:15:00Z,2022,esp.1,Real Madrid,Girona,1,1,0,643881
2022-10-30T15:15:00Z,2022,esp.2,Málaga,Eibar,0,1,0,644283
2022-10-30T15:15:00Z,2022,ita.2,Perugia,Cittadella,0,2,0,649715
2022-10-30T15:30:00Z,2022,chi.1,Huachipato,Universidad de Chile,4,0,0,629239
2022-10-30T15:30:00Z,2022,por.1,Portimonense,Estoril,1,1,0,646761
2022-10-30T15:30:00Z,2022,por.1,Boavista,Vizela,2,2,0,646765
2022-10-30T15:30:00Z,2022,rsa.1,SuperSport United,Moroka Swallows,1,1,0,649457
2022-10-30T15:45:00Z,2022,ned.1,AZ Alkmaar,FC Volendam,2,1,0,637298
2022-10-30T16:00:00Z,2022,nor.1,Kristiansund BK,Aalesund,4,0,0,628001
2022-10-30T16:00:00Z,2022,nor.1,Rosenborg,Bodo/Glimt,3,2,0,628002
2022-10-30T16:00:00Z,2022,nor.1,Tromso,FK Jerv,2,2,0,628003
2022-10-30T16:00:00Z,2022,nor.1,Sandefjord,Hamarkameratene,1,2,0,628004
2022-10-30T16:00:00Z,2022,nor.1,Lillestrom,Odds BK,0,2,0,628007
2022-10-30T16:00:00Z,2022,aut.1,SK Sturm Graz,SV Josko Ried,2,1,0,641840
2022-10-30T16:05:00Z,2022,fra.1,Lorient,Nice,1,2,0,639736
2022-10-30T16:15:00Z,2022,eng.1,Manchester United,West Ham United,1,0,0,637957
2022-10-30T16:30:00Z,2022,swe.1,Hammarby IF,Kalmar FF,4,2,0,628368
2022-10-30T16:30:00Z,2022,swe.1,Varbergs BoIS FC,Malmö FF,2,5,0,628369
2022-10-30T16:30:00Z,2022,ger.1,Schalke 04,SC Freiburg,0,2,0,638541
2022-10-30T16:30:00Z,2022,rus.1,Krasnodar,Zenit St Petersburg,0,1,0,641221
2022-10-30T17:00:00Z,2022,den.1,Brøndby IF,AaB,3,2,0,636989
2022-10-30T17:00:00Z,2022,gua.1,Cobán Imperial,CD Malacateco,2,1,0,641044
2022-10-30T17:00:00Z,2022,gua.1,CD Achuapa,Antigua GFC,0,3,0,641045
2022-10-30T17:00:00Z,2022,ita.1,Lazio,Salernitana,1,3,0,644733
2022-10-30T17:00:00Z,2022,tur.1,Istanbulspor,Fenerbahce,2,5,0,645994
2022-10-30T17:30:00Z,2022,bel.1,OH Leuven,KAA Gent,1,1,0,641471
2022-10-30T17:30:00Z,2022,esp.1,Athletic Club,Villarreal,1,0,0,643886
2022-10-30T17:30:00Z,2022,esp.2,FC Cartagena,Granada,0,0,0,644289
2022-10-30T17:30:00Z,2022,gre.1,AEK Athens,PAOK,2,0,0,650287
2022-10-30T18:00:00Z,2022,nor.1,Viking FK,Molde,1,4,0,628006
2022-10-30T18:00:00Z,2022,chi.1,Everton CD,Antofagasta,3,0,0,629234
2022-10-30T18:00:00Z,2022,chi.1,Unión Española,Coquimbo Unido,1,3,0,629236
2022-10-30T18:00:00Z,2022,chi.1,La Serena,Unión La Calera,2,1,0,629240
2022-10-30T18:00:00Z,2022,gua.1,Iztapa,Xinabajul,0,1,0,641043
2022-10-30T18:00:00Z,2022,por.1,Casa Pia,Rio Ave,1,0,0,646764
2022-10-30T18:00:00Z,2022,arg.3,Defensores Unidos,Villa San Carlos,2,1,0,655658
2022-10-30T18:30:00Z,2022,ger.1,FC Cologne,TSG Hoffenheim,1,1,0,638536
2022-10-30T18:30:00Z,2022,gre.1,Aris,OFI CRETE,1,1,0,650288
2022-10-30T19:00:00Z,2022,gua.1,Santa Lucía Cotzumalguapa,CD Guastatoya,1,0,0,641042
2022-10-30T19:00:00Z,2022,usa.1,LAFC,Austin FC,3,0,0,655661
2022-10-30T19:00:00Z,2022,uru.1,Liverpool,Nacional,1,4,0,655823
2022-10-30T19:45:00Z,2022,fra.1,Lyon,Lille,1,0,0,639731
2022-10-30T19:45:00Z,2022,ita.1,Torino,AC Milan,2,1,0,644728
2022-10-30T20:00:00Z,2022,bel.1,Royal Charleroi SC,Antwerp,1,0,0,641479
2022-10-30T20:00:00Z,2022,per.1,Alianza Lima,ADT,2,0,0,642069
2022-10-30T20:00:00Z,2022,per.1,Carlos Stein,Deportivo Binacional,2,3,0,642070
2022-10-30T20:00:00Z,2022,per.1,Melgar,Alianza Atlético,0,1,0,642071
2022-10-30T20:00:00Z,2022,per.1,San Martin,Cienciano del Cusco,1,2,0,642072
2022-10-30T20:00:00Z,2022,per.1,Sporting Cristal,Carlos A. Mannucci,4,0,0,642073
2022-10-30T20:00:00Z,2022,esp.1,Real Sociedad,Real Betis,0,2,0,643882
2022-10-30T20:00:00Z,2022,esp.2,Albacete,Villarreal B,0,0,0,644286
2022-10-30T20:00:00Z,2022,par.1,Guaireña,Guaraní,1,0,0,647636
2022-10-30T20:00:00Z,2022,usa.usl.1,Memphis 901 FC,Tampa Bay Rowdies,0,1,0,655808
2022-10-30T20:30:00Z,2022,chi.1,Colo Colo,O'Higgins,2,0,0,629237
2022-10-30T20:30:00Z,2022,por.1,Gil Vicente,Braga,0,1,0,646763
2022-10-30T21:00:00Z,2022,col.1,Unión Magdalena,América de Cali,0,0,0,626651
2022-10-30T21:00:00Z,2022,col.1,Atlético Bucaramanga,Deportivo Pereira,1,3,0,626652
2022-10-30T21:00:00Z,2022,col.1,Deportivo Pasto,Independiente Medellín,0,0,0,626653
2022-10-30T21:00:00Z,2022,col.1,Jaguares de Córdoba,Atlético Junior,0,2,0,626654
2022-10-30T21:00:00Z,2022,col.1,Atlético Nacional,Internacional de Bogotá,1,1,0,626655
2022-10-30T21:00:00Z,2022,col.1,Alianza FC,Millonarios,2,4,0,626656
2022-10-30T21:00:00Z,2022,col.1,Independiente Santa Fe,Once Caldas,2,1,0,626657
2022-10-30T21:00:00Z,2022,col.1,Cortuluá,Águilas Doradas,0,0,0,626659
2022-10-30T21:00:00Z,2022,slv.1,Águila,Atletico Marte,1,0,0,655781
2022-10-30T21:00:00Z,2022,slv.1,CD FAS,CD Dragon,3,1,0,655782
2022-10-30T21:00:00Z,2022,slv.1,Jocoro FC,Isidro Metapán,0,0,0,655783
2022-10-30T21:05:00Z,2022,arg.2,Defensores de Belgrano,Instituto (Córdoba),0,0,0,655664
2022-10-30T21:15:00Z,2022,slv.1,Alianza FC,C.D. Platense,0,1,0,655784
2022-10-30T22:30:00Z,2022,par.1,Club Olimpia,12 de Octubre,3,1,0,647641
2022-10-30T22:30:00Z,2022,ven.1,Metropolitanos,Monagas SC,1,1,0,655985
2022-10-30T23:00:00Z,2022,crc.1,Saprissa,Herediano,2,0,0,655775
2022-10-30T23:40:00Z,2022,arg.copa,Talleres (Córdoba),Patronato,0,1,0,655925
2022-10-31T00:00:00Z,2022,usa.1,Philadelphia Union,New York City FC,3,1,0,655662
2022-10-31T01:36:00Z,2022,mex.1,Pachuca,Toluca,3,1,0,655668
2022-10-31T16:00:00Z,2022,gre.1,Pas Giannina,Asteras Tripoli,2,1,0,650290
2022-10-31T17:00:00Z,2022,tur.1,Sivasspor,Antalyaspor,0,2,0,645991
2022-10-31T17:00:00Z,2022,tur.1,Istanbul Basaksehir,Giresunspor,3,1,0,645997
2022-10-31T17:30:00Z,2022,ita.1,Hellas Verona,AS Roma,1,3,0,644731
2022-10-31T18:00:00Z,2022,swe.1,IF Elfsborg,Helsingborg,3,0,0,628365
2022-10-31T18:00:00Z,2022,den.1,FC Midtjylland,Odense Boldklub,1,2,0,636988
2022-10-31T18:10:00Z,2022,swe.1,IFK Norrköping,Djurgården,0,1,0,628364
2022-10-31T19:00:00Z,2022,ned.2,Jong Ajax,Willem II,1,2,0,637633
2022-10-31T19:45:00Z,2022,ita.1,Monza,Bologna,1,2,0,644736
2022-10-31T20:00:00Z,2022,eng.3,Plymouth Argyle,Exeter City,4,2,0,642833
2022-10-31T20:00:00Z,2022,esp.1,Elche,Getafe,0,1,0,643888
2022-10-31T20:00:00Z,2022,esp.2,Levante,Sporting Gijón,1,0,0,644292
2022-10-31T20:15:00Z,2022,por.1,Vitória de Guimaraes,FC Famalicao,3,2,0,646768
2022-10-31T20:30:00Z,2022,chi.1,Curicó Unido,Ñublense,1,2,0,629241
2022-10-31T20:30:00Z,2022,par.1,Tacuary,Nacional Asunción,2,1,0,647639
2022-10-31T23:00:00Z,2022,chi.1,Universidad Católica,Audax Italiano,0,0,0,629235
2022-10-31T23:00:00Z,2022,bra.1,Ceará,Fluminense,0,1,0,630798
2022-10-31T23:00:00Z,2022,par.1,Libertad,Cerro Porteño,0,0,0,647638
2022-11-01T15:15:00Z,2022,esp.2,Real Zaragoza,FC Andorra,0,2,0,644295
2022-11-01T15:15:00Z,2022,esp.2,Ponferradina,Huesca,1,0,0,644297
2022-11-01T17:30:00Z,2022,esp.2,Racing Santander,Alavés,1,1,0,644296
2022-11-01T17:30:00Z,2022,esp.2,Las Palmas,Burgos,0,2,0,644304
2022-11-01T17:45:00Z,2022,uefa.champions,FC Porto,Atlético Madrid,2,1,0,652666
2022-11-01T17:45:00Z,2022,uefa.champions,Bayer Leverkusen,Club Brugge,0,0,0,652667
2022-11-01T19:00:00Z,2022,eng.trophy,Crewe Alexandra,Leeds United U21,0,0,0,646596
2022-11-01T19:45:00Z,2022,eng.4,Barrow,Colchester United,3,1,0,642167
2022-11-01T19:45:00Z,2022,eng.4,Tranmere Rovers,Stockport County,0,0,0,642172
2022-11-01T19:45:00Z,2022,eng.3,Wycombe Wanderers,Port Vale,2,2,0,642720
2022-11-01T19:45:00Z,2022,eng.3,Morecambe,Derby County,1,1,0,642721
2022-11-01T19:45:00Z,2022,eng.3,Lincoln City,Accrington Stanley,1,1,0,642725
2022-11-01T19:45:00Z,2022,eng.3,Oxford United,Fleetwood Town,1,1,0,642759
2022-11-01T19:45:00Z,2022,eng.2,Coventry City,Blackburn Rovers,1,0,0,643399
2022-11-01T19:45:00Z,2022,eng.2,Hull City,Middlesbrough,1,3,0,643400
2022-11-01T19:45:00Z,2022,eng.2,Luton Town,Reading,0,0,0,643401
2022-11-01T19:45:00Z,2022,eng.2,Preston North End,Swansea City,1,0,0,643402
2022-11-01T19:45:00Z,2022,eng.trophy,Portsmouth,AFC Wimbledon,1,1,0,646627
2022-11-01T19:45:00Z,2022,eng.5,Altrincham,Wealdstone,0,1,0,647060
2022-11-01T19:45:00Z,2022,eng.5,Wrexham,Maidenhead United,1,0,0,647061
2022-11-01T19:45:00Z,2022,eng.5,Woking,Yeovil Town,1,0,0,647062
2022-11-01T19:45:00Z,2022,eng.5,Torquay United,Aldershot Town,6,1,0,647063
2022-11-01T19:45:00Z,2022,eng.5,Notts County,Bromley,1,1,0,647064
2022-11-01T19:45:00Z,2022,eng.5,Eastleigh,Scunthorpe United,2,0,0,647067
2022-11-01T19:45:00Z,2022,eng.5,Chesterfield,Gateshead,2,1,0,647068
2022-11-01T19:45:00Z,2022,eng.5,Barnet,Southend United,0,3,0,647070
2022-11-01T19:45:00Z,2022,eng.5,Maidstone United,Solihull Moors,0,0,0,647071
2022-11-01T20:00:00Z,2022,eng.2,Bristol City,Sheffield United,0,1,0,643398
2022-11-01T20:00:00Z,2022,eng.2,West Bromwich Albion,Blackpool,1,0,0,643403
2022-11-01T20:00:00Z,2022,esp.2,UD Ibiza,Leganés,0,2,0,644300
2022-11-01T20:00:00Z,2022,uefa.champions,Bayern Munich,Internazionale,2,0,0,652668
2022-11-01T20:00:00Z,2022,uefa.champions,Liverpool,Napoli,2,0,0,652669
2022-11-01T20:00:00Z,2022,uefa.champions,Marseille,Tottenham Hotspur,1,2,0,652670
2022-11-01T20:00:00Z,2022,uefa.champions,Rangers,Ajax Amsterdam,1,3,0,652671
2022-11-01T20:00:00Z,2022,uefa.champions,Sporting CP,Eintracht Frankfurt,1,2,0,652672
2022-11-01T20:00:00Z,2022,uefa.champions,Viktoria Plzen,Barcelona,2,4,0,652673
2022-11-01T20:30:00Z,2022,par.1,General Caballero JLM,Resistencia SC,1,0,0,647637
2022-11-01T22:00:00Z,2022,bra.1,Botafogo,Cuiabá,0,2,0,630797
2022-11-01T23:00:00Z,2022,par.1,Sportivo Ameliano,Sol de América,2,1,0,647640
2022-11-02T00:30:00Z,2022,bra.1,São Paulo,Atlético-MG,2,2,0,630793
2022-11-02T14:15:00Z,2022,fifa.friendly,Algeria,Niger,2,0,0,656204
2022-11-02T17:45:00Z,2022,uefa.champions,Shakhtar Donetsk,RB Leipzig,0,4,0,652674
2022-11-02T17:45:00Z,2022,uefa.champions,Real Madrid,Celtic,5,1,0,652675
2022-11-02T18:00:00Z,2022,esp.2,Villarreal B,Real Oviedo,2,1,0,644299
2022-11-02T18:00:00Z,2022,esp.2,Eibar,Lugo,1,0,0,644303
2022-11-02T18:00:00Z,2022,arg.trofeo_de_la_campeones,Tigre,Racing Club,2,3,0,656205
2022-11-02T19:00:00Z,2022,bra.1,Athletico-PR,Goiás,3,2,0,630800
2022-11-02T19:00:00Z,2022,bra.1,América Mineiro,Internacional,1,0,0,630801
2022-11-02T19:00:00Z,2022,eng.trophy,Charlton Athletic,Brighton & Hove Albion U21,2,1,0,646652
2022-11-02T19:45:00Z,2022,eng.2,Birmingham City,Millwall,0,0,0,643404
2022-11-02T19:45:00Z,2022,eng.2,Burnley,Rotherham United,3,2,0,643405
2022-11-02T19:45:00Z,2022,eng.2,Cardiff City,Watford,1,2,0,643406
2022-11-02T19:45:00Z,2022,eng.2,Huddersfield Town,Sunderland,0,2,0,643407
2022-11-02T19:45:00Z,2022,eng.2,Norwich City,Queens Park Rangers,0,0,0,643408
2022-11-02T19:45:00Z,2022,eng.2,Wigan Athletic,Stoke City,0,1,0,643409
2022-11-02T20:00:00Z,2022,esp.2,Mirandés,Tenerife,1,0,0,644298
2022-11-02T20:00:00Z,2022,uefa.champions,Chelsea,Dinamo Zagreb,2,1,0,652676
2022-11-02T20:00:00Z,2022,uefa.champions,F.C. København,Borussia Dortmund,1,1,0,652677
2022-11-02T20:00:00Z,2022,uefa.champions,AC Milan,RB Salzburg,4,0,0,652678
2022-11-02T20:00:00Z,2022,uefa.champions,Maccabi Haifa,Benfica,1,6,0,652679
2022-11-02T20:00:00Z,2022,uefa.champions,Juventus,Paris Saint-Germain,1,2,0,652680
2022-11-02T20:00:00Z,2022,uefa.champions,Manchester City,Sevilla,3,1,0,652681
2022-11-02T20:00:00Z,2022,per.1,Melgar,Sporting Cristal,2,0,0,655998
2022-11-02T21:00:00Z,2022,slv.1,CD FAS,Águila,1,0,0,656039
2022-11-02T21:15:00Z,2022,slv.1,C.D. Platense,Jocoro FC,2,0,0,656036
2022-11-02T21:30:00Z,2022,gua.1,Cobán Imperial,Municipal,0,0,0,641012
2022-11-02T22:00:00Z,2022,bra.1,Avaí,Red Bull Bragantino,1,2,0,630794
2022-11-02T22:00:00Z,2022,bra.1,Juventude,Coritiba,0,1,0,630796
2022-11-02T22:00:00Z,2022,bra.1,Atlético Goianiense,Santos,2,3,0,630802
2022-11-02T22:00:00Z,2022,chi.copa_chi,Unión Española,Universidad de Chile,1,0,0,654603
2022-11-03T00:30:00Z,2022,bra.1,Flamengo,Corinthians,1,2,0,630795
2022-11-03T00:30:00Z,2022,bra.1,Palmeiras,Fortaleza,4,0,0,630799
2022-11-03T01:00:00Z,2022,col.copa,Millonarios,Atlético Junior,2,0,0,654018
2022-11-03T01:00:00Z,2022,mex.2,Leones Negros,Atlante,1,1,0,655990
2022-11-03T03:05:00Z,2022,mex.2,Cimarrones de Sonora,Celaya,0,0,0,655989
2022-11-03T07:30:00Z,2022,chn.1,Changchun Yatai,Shanghai Shenhua,0,0,0,650822
2022-11-03T09:30:00Z,2022,chn.1,Shandong Taishan,Tianjin Jinmen Tiger,4,1,0,650823
2022-11-03T11:00:00Z,2022,chn.1,Zhejiang Professional FC,Shenzhen FC,0,2,0,650817
2022-11-03T11:30:00Z,2022,chn.1,Wuhan Three Towns,Guangzhou City,4,1,0,650816
2022-11-03T11:30:00Z,2022,chn.1,Chengdu Rongcheng,Hebei FC,6,0,0,650824
2022-11-03T14:00:00Z,2022,ind.1,FC Goa,Jamshedpur FC,3,0,0,653345
2022-11-03T15:30:00Z,2022,uefa.europa.conf,Istanbul Basaksehir,Heart of Midlothian,3,1,0,652858
2022-11-03T15:30:00Z,2022,uefa.europa.conf,Rigas Futbola Skola,Fiorentina,0,3,0,652859
2022-11-03T17:45:00Z,2022,uefa.europa,AS Monaco,Red Star Belgrade,4,1,0,652762
2022-11-03T17:45:00Z,2022,uefa.europa,Feyenoord Rotterdam,Lazio,1,0,0,652763
2022-11-03T17:45:00Z,2022,uefa.europa,Olympiacos,Nantes,0,2,0,652764
2022-11-03T17:45:00Z,2022,uefa.europa,Trabzonspor,Ferencvaros,1,0,0,652765
2022-11-03T17:45:00Z,2022,uefa.europa,Real Sociedad,Manchester United,0,1,0,652766
2022-11-03T17:45:00Z,2022,uefa.europa,Sheriff Tiraspol,Omonia Nicosia,1,0,0,652767
2022-11-03T17:45:00Z,2022,uefa.europa,FC Midtjylland,SK Sturm Graz,2,0,0,652768
2022-11-03T17:45:00Z,2022,uefa.europa,FK Qarabag,SC Freiburg,1,1,0,652769
2022-11-03T17:45:00Z,2022,uefa.europa.conf,Apollon Limassol,FC Vaduz,1,0,0,652860
2022-11-03T17:45:00Z,2022,uefa.europa.conf,Zalgiris Vilnius,Slovan Bratislava,1,2,0,652861
2022-11-03T17:45:00Z,2022,uefa.europa.conf,AZ Alkmaar,SC Dnipro-1,2,1,0,652862
2022-11-03T17:45:00Z,2022,uefa.europa.conf,Djurgården,Shamrock Rovers,1,0,0,652863
2022-11-03T17:45:00Z,2022,uefa.europa.conf,CFR Cluj-Napoca,Ballkani,1,0,0,652864
2022-11-03T17:45:00Z,2022,uefa.europa.conf,Slavia Prague,Sivasspor,1,1,0,652865
2022-11-03T17:45:00Z,2022,uefa.europa.conf,Pyunik,FC Basel,1,2,0,652866
2022-11-03T17:45:00Z,2022,uefa.europa.conf,KAA Gent,Molde,4,0,0,652867
2022-11-03T18:00:00Z,2022,esp.2,Sporting Gijón,Albacete,2,2,0,644294
2022-11-03T18:00:00Z,2022,esp.2,FC Cartagena,Málaga,2,1,0,644302
2022-11-03T20:00:00Z,2022,esp.2,Granada,Levante,0,0,0,644301
2022-11-03T20:00:00Z,2022,uefa.europa,Union St.-Gilloise,1. FC Union Berlin,0,1,0,652770
2022-11-03T20:00:00Z,2022,uefa.europa,Braga,Malmö FF,2,1,0,652771
2022-11-03T20:00:00Z,2022,uefa.europa,Stade Rennais,AEK Larnaca,1,1,0,652772
2022-11-03T20:00:00Z,2022,uefa.europa,Dynamo Kyiv,Fenerbahce,0,2,0,652773
2022-11-03T20:00:00Z,2022,uefa.europa,Arsenal,FC Zürich,1,0,0,652774
2022-11-03T20:00:00Z,2022,uefa.europa,AS Roma,Ludogorets Razgrad,3,1,0,652775
2022-11-03T20:00:00Z,2022,uefa.europa,Real Betis,HJK Helsinki,3,0,0,652776
2022-11-03T20:00:00Z,2022,uefa.europa,Bodo/Glimt,PSV Eindhoven,1,2,0,652777
2022-11-03T20:00:00Z,2022,uefa.europa.conf,Silkeborg IF,Anderlecht,0,2,0,652868
2022-11-03T20:00:00Z,2022,uefa.europa.conf,Partizan Belgrade,Slovacko,1,1,0,652869
2022-11-03T20:00:00Z,2022,uefa.europa.conf,Hapoel Be'er,Austria Vienna,4,0,0,652870
2022-11-03T20:00:00Z,2022,uefa.europa.conf,Lech Poznan,Villarreal,3,0,0,652871
2022-11-03T20:00:00Z,2022,uefa.europa.conf,FC Cologne,Nice,2,2,0,652872
2022-11-03T20:00:00Z,2022,uefa.europa.conf,FCSB,West Ham United,0,3,0,652873
2022-11-03T23:00:00Z,2022,bra.2,Grêmio,Brusque,3,0,0,631152
2022-11-04T08:45:00Z,2022,aus.1,Melbourne Victory,Newcastle Jets,4,0,0,650504
2022-11-04T09:30:00Z,2022,chn.1,Shanghai Port,Dalian Professional,2,1,0,650818
2022-11-04T11:00:00Z,2022,chn.1,Guangzhou,Cangzhou Mighty Lions,3,3,0,650819
2022-11-04T11:30:00Z,2022,chn.1,Wuhan Yangtze River,Meizhou Hakka,0,0,0,650820
2022-11-04T11:30:00Z,2022,chn.1,Beijing Guoan,Henan,2,1,0,650821
2022-11-04T14:00:00Z,2022,ind.1,SC East Bengal,Chennaiyin FC,0,1,0,653346
2022-11-04T16:00:00Z,2022,rus.1,FC Khimki,Gazovik Orenburg,2,0,0,641231
2022-11-04T17:00:00Z,2022,tur.1,Kasimpasa,Ankaragucu,1,1,0,646000
2022-11-04T17:00:00Z,2022,tur.1,Umraniyespor,Alanyaspor,3,1,0,646002
2022-11-04T17:30:00Z,2022,ger.2,Hansa Rostock,SV Sandhausen,0,1,0,638872
2022-11-04T17:30:00Z,2022,ger.2,SV Darmstadt 98,Hannover 96,1,0,0,638876
2022-11-04T18:00:00Z,2022,den.1,AC Horsens,Randers FC,5,1,0,636991
2022-11-04T19:00:00Z,2022,ned.1,SC Cambuur,NEC Nijmegen,0,1,0,637303
2022-11-04T19:00:00Z,2022,ned.2,TOP Oss,PEC Zwolle,0,5,0,637634
2022-11-04T19:00:00Z,2022,ned.2,ADO Den Haag,VVV-Venlo,2,3,0,637635
2022-11-04T19:00:00Z,2022,ned.2,FC Den Bosch,De Graafschap,2,1,0,637636
2022-11-04T19:00:00Z,2022,ned.2,FC Dordrecht,Jong Ajax,3,4,0,637637
2022-11-04T19:00:00Z,2022,ned.2,Willem II,Heracles Almelo,1,2,0,637638
2022-11-04T19:00:00Z,2022,ned.2,NAC Breda,Telstar,1,1,0,637639
2022-11-04T19:00:00Z,2022,ned.2,MVV Maastricht,Helmond Sport,4,0,0,637640
2022-11-04T19:30:00Z,2022,ger.1,Borussia Mönchengladbach,VfB Stuttgart,3,1,0,638547
2022-11-04T19:30:00Z,2022,sco.1,Aberdeen,Hibernian,4,1,0,639128
2022-11-04T19:45:00Z,2022,sco.1,Kilmarnock,Livingston,2,3,0,639131
2022-11-04T19:45:00Z,2022,sco.2,Cove Rangers,Queen's Park,2,0,0,639495
2022-11-04T19:45:00Z,2022,bel.1,Racing Genk,Royal Charleroi SC,4,1,0,641483
2022-11-04T19:45:00Z,2022,ita.1,Udinese,Lecce,1,1,0,644739
2022-11-04T19:45:00Z,2022,eng.fa,Sheffield Wednesday,Morecambe,2,0,0,655229
2022-11-04T19:55:00Z,2022,eng.fa,Hereford F.C.,Portsmouth,1,3,0,655216
2022-11-04T20:00:00Z,2022,fra.1,Troyes,AJ Auxerre,1,1,0,639744
2022-11-04T20:00:00Z,2022,eng.2,Reading,Preston North End,1,2,0,643415
2022-11-04T20:00:00Z,2022,esp.1,Girona,Athletic Club,2,1,0,643897
2022-11-04T20:00:00Z,2022,esp.2,Alavés,Real Zaragoza,1,0,0,644314
2022-11-04T20:15:00Z,2022,por.1,Gil Vicente,Portimonense,1,2,0,646769
2022-11-05T00:30:00Z,2022,bra.2,Náutico,Ponte Preta,0,1,0,631157
2022-11-05T05:00:00Z,2022,jpn.1,Cerezo Osaka,Nagoya Grampus,0,1,0,629023
2022-11-05T05:00:00Z,2022,jpn.1,Consadole Sapporo,Shimizu S-Pulse,4,3,0,629024
2022-11-05T05:00:00Z,2022,jpn.1,FC Tokyo,Kawasaki Frontale,2,3,0,629025
2022-11-05T05:00:00Z,2022,jpn.1,Jubilo Iwata,Kyoto Sanga,0,0,0,629026
2022-11-05T05:00:00Z,2022,jpn.1,Vissel Kobe,Yokohama F. Marinos,1,3,0,629027
2022-11-05T05:00:00Z,2022,jpn.1,Kashiwa Reysol,Shonan Bellmare,1,2,0,629028
2022-11-05T05:00:00Z,2022,jpn.1,Sagan Tosu,Sanfrecce Hiroshima,2,2,0,629029
2022-11-05T05:00:00Z,2022,jpn.1,Urawa Red Diamonds,Avispa Fukuoka,1,1,0,629030
2022-11-05T05:00:00Z,2022,jpn.1,Kashima Antlers,Gamba Osaka,0,0,0,629031
2022-11-05T06:00:00Z,2022,aus.1,Melbourne City FC,Perth Glory,4,0,0,650505
2022-11-05T08:45:00Z,2022,aus.1,Western Sydney Wanderers,Central Coast Mariners,0,3,0,650506
2022-11-05T11:00:00Z,2022,rus.1,Sochi,Spartak Moscow,1,1,0,641229
2022-11-05T11:30:00Z,2022,tur.1,Giresunspor,Istanbulspor,3,2,0,645998
2022-11-05T12:00:00Z,2022,ger.2,Fortuna Düsseldorf,St. Pauli,1,0,0,638873
2022-11-05T12:00:00Z,2022,ger.2,Karlsruher SC,Holstein Kiel,1,4,0,638875
2022-11-05T12:00:00Z,2022,ger.2,1. FC Heidenheim 1846,SC Paderborn 07,3,0,0,638878
2022-11-05T12:00:00Z,2022,ind.1,Hyderabad,Odisha FC,1,0,0,653347
2022-11-05T12:00:00Z,2022,eng.fa,South Shields,Forest Green Rovers,0,2,0,655232
2022-11-05T12:30:00Z,2022,eng.2,Sheffield United,Burnley,5,2,0,643417
2022-11-05T12:30:00Z,2022,eng.fa,Bradford City,Harrogate Town,0,1,0,655205
2022-11-05T13:00:00Z,2022,esp.1,Getafe,Cádiz,0,0,0,643896
2022-11-05T13:00:00Z,2022,ita.2,Sudtirol,Cagliari,2,2,0,649716
2022-11-05T13:00:00Z,2022,ita.2,Ternana,SPAL,0,0,0,649717
2022-11-05T13:00:00Z,2022,ita.2,Brescia,Ascoli,1,1,0,649718
2022-11-05T13:00:00Z,2022,ita.2,Benevento,Bari,1,1,0,649719
2022-11-05T13:00:00Z,2022,ita.2,Pisa,Cosenza,3,1,0,649721
2022-11-05T13:00:00Z,2022,ita.2,Cittadella,Modena,0,0,0,649725
2022-11-05T13:30:00Z,2022,rus.1,Fakel Voronezh,Krasnodar,3,3,0,641226
2022-11-05T13:30:00Z,2022,rus.1,Zenit St Petersburg,Akhmat Grozny,1,2,0,641227
2022-11-05T13:45:00Z,2022,gre.1,Lamia,Volos NFC,2,2,0,650296
2022-11-05T14:00:00Z,2022,fra.2,Nimes,Bordeaux,1,0,0,640125
2022-11-05T14:00:00Z,2022,ita.1,Salernitana,Cremonese,2,2,0,644738
2022-11-05T14:00:00Z,2022,ita.1,Empoli,Sassuolo,1,0,0,644744
2022-11-05T14:00:00Z,2022,ind.1,NorthEast United FC,Kerala Blasters FC,0,3,0,653348
2022-11-05T14:00:00Z,2022,eng.fa,Bolton Wanderers,Barnsley,1,2,0,655240
2022-11-05T14:30:00Z,2022,ger.1,Mainz,VfL Wolfsburg,0,3,0,638545
2022-11-05T14:30:00Z,2022,ger.1,Borussia Dortmund,VfL Bochum,3,0,0,638546
2022-11-05T14:30:00Z,2022,ger.1,FC Augsburg,Eintracht Frankfurt,1,2,0,638548
2022-11-05T14:30:00Z,2022,ger.1,Hertha Berlin,Bayern Munich,2,3,0,638549
2022-11-05T14:30:00Z,2022,ger.1,TSG Hoffenheim,RB Leipzig,1,3,0,638553
2022-11-05T15:00:00Z,2022,eng.1,Wolverhampton Wanderers,Brighton & Hove Albion,2,3,0,637961
2022-11-05T15:00:00Z,2022,eng.1,Nottingham Forest,Brentford,2,2,0,637965
2022-11-05T15:00:00Z,2022,eng.1,Manchester City,Fulham,2,1,0,637966
2022-11-05T15:00:00Z,2022,eng.1,Leeds United,AFC Bournemouth,4,3,0,637967
2022-11-05T15:00:00Z,2022,sco.1,Celtic,Dundee United,4,2,0,639129
2022-11-05T15:00:00Z,2022,sco.1,Ross County,St Mirren,3,2,0,639132
2022-11-05T15:00:00Z,2022,sco.2,Ayr United,Greenock Morton,1,1,0,639496
2022-11-05T15:00:00Z,2022,sco.2,Inverness Caledonian Thistle,Arbroath,1,1,0,639497
2022-11-05T15:00:00Z,2022,sco.2,Partick Thistle,Dundee,2,3,0,639498
2022-11-05T15:00:00Z,2022,sco.2,Raith Rovers,Hamilton Academical,3,1,0,639499
2022-11-05T15:00:00Z,2022,bel.1,KV Mechelen,Zulte-Waregem,2,2,0,641485
2022-11-05T15:00:00Z,2022,eng.2,Blackburn Rovers,Huddersfield Town,1,0,0,643410
2022-11-05T15:00:00Z,2022,eng.2,Blackpool,Luton Town,0,1,0,643411
2022-11-05T15:00:00Z,2022,eng.2,Middlesbrough,Bristol City,1,1,0,643412
2022-11-05T15:00:00Z,2022,eng.2,Millwall,Hull City,0,0,0,643413
2022-11-05T15:00:00Z,2022,eng.2,Queens Park Rangers,West Bromwich Albion,0,1,0,643414
2022-11-05T15:00:00Z,2022,eng.2,Rotherham United,Norwich City,1,2,0,643416
2022-11-05T15:00:00Z,2022,eng.2,Stoke City,Birmingham City,1,2,0,643418
2022-11-05T15:00:00Z,2022,eng.2,Sunderland,Cardiff City,0,1,0,643419
2022-11-05T15:00:00Z,2022,eng.2,Swansea City,Wigan Athletic,2,2,0,643420
2022-11-05T15:00:00Z,2022,eng.2,Watford,Coventry City,0,1,0,643421
2022-11-05T15:00:00Z,2022,eng.fa,Barnet,Chelmsford,1,1,0,655202
2022-11-05T15:00:00Z,2022,eng.fa,Sutton United,Farnborough,0,2,0,655203
2022-11-05T15:00:00Z,2022,eng.fa,Boreham Wood,Eastleigh,3,1,0,655204
2022-11-05T15:00:00Z,2022,eng.fa,Bristol Rovers,Rochdale,1,0,0,655206
2022-11-05T15:00:00Z,2022,eng.fa,Carlisle United,Tranmere Rovers,2,1,0,655207
2022-11-05T15:00:00Z,2022,eng.fa,Chesterfield,Northampton Town,1,0,0,655208
2022-11-05T15:00:00Z,2022,eng.fa,Crawley Town,Accrington Stanley,1,4,0,655209
2022-11-05T15:00:00Z,2022,eng.fa,Crewe Alexandra,Leyton Orient,1,0,0,655210
2022-11-05T15:00:00Z,2022,eng.fa,Doncaster Rovers,Kings Lynn Town,0,1,0,655212
2022-11-05T15:00:00Z,2022,eng.fa,Ebbsfleet United,FC Halifax Town,2,1,0,655213
2022-11-05T15:00:00Z,2022,eng.fa,Fleetwood Town,Oxford City,3,1,0,655214
2022-11-05T15:00:00Z,2022,eng.fa,Grimsby Town,Plymouth Argyle,5,1,0,655215
2022-11-05T15:00:00Z,2022,eng.fa,AFC Fylde,Gillingham,1,1,0,655217
2022-11-05T15:00:00Z,2022,eng.fa,Gateshead,Stevenage,2,3,0,655218
2022-11-05T15:00:00Z,2022,eng.fa,Chippenham Town,Lincoln City,1,0,0,655219
2022-11-05T15:00:00Z,2022,eng.fa,Weymouth,AFC Wimbledon,1,1,0,655221
2022-11-05T15:00:00Z,2022,eng.fa,Wycombe Wanderers,Walsall,0,2,0,655223
2022-11-05T15:00:00Z,2022,eng.fa,Milton Keynes Dons,Taunton Town,6,0,0,655224
2022-11-05T15:00:00Z,2022,eng.fa,Maidenhead United,Dagenham & Redbridge,0,1,0,655225
2022-11-05T15:00:00Z,2022,eng.fa,Newport County,Colchester United,2,0,0,655226
2022-11-05T15:00:00Z,2022,eng.fa,Peterborough United,Salford City,0,0,0,655227
2022-11-05T15:00:00Z,2022,eng.fa,Port Vale,Exeter City,2,3,0,655228
2022-11-05T15:00:00Z,2022,eng.fa,Shrewsbury Town,York City,2,1,0,655230
2022-11-05T15:00:00Z,2022,eng.fa,Solihull Moors,Hartlepool United,2,2,0,655231
2022-11-05T15:00:00Z,2022,eng.fa,Stockport County,Swindon Town,4,0,0,655233
2022-11-05T15:00:00Z,2022,eng.fa,Barrow,Mansfield Town,0,1,0,655234
2022-11-05T15:00:00Z,2022,eng.fa,Burton Albion,Needham Market,2,0,0,655236
2022-11-05T15:00:00Z,2022,eng.fa,Buxton,Merthyr Town,2,0,0,655237
2022-11-05T15:00:00Z,2022,eng.fa,Charlton Athletic,Coalville Town,4,1,0,655238
2022-11-05T15:00:00Z,2022,eng.fa,Cheltenham Town,Alvechurch,1,2,0,655239
2022-11-05T15:15:00Z,2022,esp.1,Real Valladolid,Elche,2,1,0,643891
2022-11-05T15:15:00Z,2022,esp.2,Burgos,Tenerife,0,1,0,644312
2022-11-05T15:15:00Z,2022,ita.2,Palermo,Parma,1,0,0,649722
2022-11-05T15:15:00Z,2022,ita.2,Frosinone,Perugia,1,0,0,649723
2022-11-05T15:30:00Z,2022,chi.1,Universidad de Chile,Cobresal,3,4,0,629226
2022-11-05T15:30:00Z,2022,chi.1,O'Higgins,Everton CD,2,0,0,629229
2022-11-05T15:30:00Z,2022,chi.1,Palestino,Huachipato,5,0,0,629231
2022-11-05T15:30:00Z,2022,ned.1,Vitesse,Sparta Rotterdam,0,4,0,637304
2022-11-05T15:30:00Z,2022,por.1,Vizela,Arouca,0,1,0,646773
2022-11-05T16:00:00Z,2022,fra.1,AC Ajaccio,Strasbourg,4,2,0,639740
2022-11-05T16:00:00Z,2022,rus.1,CSKA Moscow,Nizhny Novgorod,0,1,0,641232
2022-11-05T16:00:00Z,2022,aut.1,SV Josko Ried,SK Austria Klagenfurt,2,2,0,641844
2022-11-05T16:00:00Z,2022,aut.1,Wolfsberger,RB Salzburg,1,2,0,641845
2022-11-05T16:00:00Z,2022,aut.1,TSV Hartberg,Austria Lustenau,1,1,0,641847
2022-11-05T16:30:00Z,2022,gre.1,OFI CRETE,Ionikos FC,0,2,0,650297
2022-11-05T17:00:00Z,2022,ita.1,Atalanta,Napoli,1,2,0,644746
2022-11-05T17:00:00Z,2022,tur.1,Galatasaray,Besiktas,2,1,0,646006
2022-11-05T17:00:00Z,2022,gre.1,Atromitos,Aris,0,0,0,650295
2022-11-05T17:15:00Z,2022,bel.1,Cercle Brugge KSV,OH Leuven,2,1,0,641480
2022-11-05T17:15:00Z,2022,bel.1,RFC Seraing,Sint-Truidense,1,2,0,641486
2022-11-05T17:30:00Z,2022,eng.1,Everton,Leicester City,0,2,0,637968
2022-11-05T17:30:00Z,2022,ger.1,Werder Bremen,Schalke 04,2,1,0,638551
2022-11-05T17:30:00Z,2022,esp.1,Celta Vigo,Osasuna,1,2,0,643895
2022-11-05T17:30:00Z,2022,esp.2,Huesca,Villarreal B,1,0,0,644310
2022-11-05T17:30:00Z,2022,esp.2,FC Andorra,Racing Santander,0,1,0,644311
2022-11-05T17:45:00Z,2022,ned.1,Fortuna Sittard,FC Emmen,0,1,0,637306
2022-11-05T18:00:00Z,2022,fra.2,Bastia,Paris FC,0,1,0,640120
2022-11-05T18:00:00Z,2022,fra.2,Dijon FCO,Guingamp,1,1,0,640121
2022-11-05T18:00:00Z,2022,fra.2,Annecy,Sochaux,2,1,0,640122
2022-11-05T18:00:00Z,2022,fra.2,Stade Laval,Niort,2,1,0,640123
2022-11-05T18:00:00Z,2022,fra.2,Valenciennes,Caen,1,1,0,640124
2022-11-05T18:00:00Z,2022,fra.2,Pau,SC Amiens,2,1,0,640126
2022-11-05T18:00:00Z,2022,fra.2,US Quevilly,Le Havre AC,0,1,0,640127
2022-11-05T18:00:00Z,2022,fra.2,Rodez Aveyron,Grenoble,0,1,0,640128
2022-11-05T18:00:00Z,2022,por.1,FC Porto,Paços de Ferreira,4,0,0,646770
2022-11-05T18:00:00Z,2022,fifa.friendly,Qatar,Panama,2,1,0,654687
2022-11-05T19:00:00Z,2022,bra.2,Criciúma,Tombense,2,0,0,631159
2022-11-05T19:00:00Z,2022,gre.1,PAOK,Pas Giannina,2,0,0,650298
2022-11-05T19:30:00Z,2022,bra.1,Santos,Avaí,1,1,0,630786
2022-11-05T19:30:00Z,2022,bra.1,Fluminense,São Paulo,3,1,0,630792
2022-11-05T19:30:00Z,2022,ger.2,Arminia Bielefeld,Kaiserslautern,2,3,0,638870
2022-11-05T19:45:00Z,2022,bel.1,Eupen,Standard Liege,2,0,0,641482
2022-11-05T19:45:00Z,2022,ita.1,AC Milan,Spezia,2,1,0,644742
2022-11-05T20:00:00Z,2022,ned.1,Excelsior,Heerenveen,0,1,0,637308
2022-11-05T20:00:00Z,2022,fra.1,Angers,Lens,1,2,0,639741
2022-11-05T20:00:00Z,2022,esp.1,Barcelona,Almería,2,0,0,643894
2022-11-05T20:00:00Z,2022,esp.2,Leganés,Ponferradina,2,1,0,644307
2022-11-05T20:00:00Z,2022,usa.1,LAFC,Philadelphia Union,3,3,0,655997
2022-11-05T20:30:00Z,2022,por.1,Sporting CP,Vitória de Guimaraes,3,0,0,646776
2022-11-05T20:30:00Z,2022,arg.2,Gimnasia (Mendoza),Estudiantes (Buenos Aires),0,1,0,655666
2022-11-05T21:00:00Z,2022,bra.2,Sampaio Corrêa,Londrina,2,1,0,631155
2022-11-05T21:00:00Z,2022,slv.1,Águila,CD FAS,1,0,0,656037
2022-11-05T21:30:00Z,2022,col.1,Águilas Doradas,América de Cali,2,0,0,656013
2022-11-05T22:00:00Z,2022,bra.1,Red Bull Bragantino,América Mineiro,1,4,0,630783
2022-11-05T22:00:00Z,2022,bra.1,Goiás,Juventude,1,0,0,630790
2022-11-05T23:00:00Z,2022,mex.2,Celaya,Cimarrones de Sonora,3,1,0,655992
2022-11-05T23:30:00Z,2022,bra.1,Corinthians,Ceará,1,0,0,630788
2022-11-05T23:30:00Z,2022,usa.usl.1,Louisville City FC,Tampa Bay Rowdies,1,0,0,656000
2022-11-06T00:00:00Z,2022,bra.1,Internacional,Athletico-PR,2,0,0,630785
2022-11-06T00:00:00Z,2022,gua.1,Deportivo Mixco,Santa Lucía Cotzumalguapa,0,0,0,641049
2022-11-06T00:00:00Z,2022,gua.1,Comunicaciones,Cobán Imperial,2,2,0,641051
2022-11-06T00:00:00Z,2022,crc.1,Herediano,Saprissa,1,0,0,655776
2022-11-06T00:10:00Z,2022,arg.2,Instituto (Córdoba),Defensores de Belgrano,2,0,0,655665
2022-11-06T00:30:00Z,2022,col.1,Independiente Medellín,Deportivo Pasto,0,0,0,656012
2022-11-06T01:00:00Z,2022,hon.1,Real España,Vida,2,1,0,648272
2022-11-06T01:05:00Z,2022,mex.2,Atlante,Leones Negros,1,0,0,655991
2022-11-06T01:30:00Z,2022,hon.1,Club Deportivo Victoria,Club Deportivo Marathón,2,1,0,648271
2022-11-06T02:00:00Z,2022,gua.1,Antigua GFC,Iztapa,4,1,0,641050
2022-11-06T02:00:00Z,2022,aus.1,Wellington Phoenix FC,Macarthur FC,4,1,0,650507
2022-11-06T04:00:00Z,2022,aus.1,Brisbane Roar,Sydney FC,3,1,0,650508
2022-11-06T05:00:00Z,2022,aus.1,Western United,Adelaide United,2,4,0,650509
2022-11-06T11:00:00Z,2022,rus.1,FC Ural Ekaterinburg,Lokomotiv Moscow,2,2,0,641225
2022-11-06T11:15:00Z,2022,ned.1,FC Utrecht,FC Groningen,2,1,0,637310
2022-11-06T11:30:00Z,2022,ita.1,Bologna,Torino,2,1,0,644745
2022-11-06T11:30:00Z,2022,tur.1,Gaziantep FK,Kayserispor,1,2,0,646003
2022-11-06T12:00:00Z,2022,eng.1,Chelsea,Arsenal,0,1,0,637960
2022-11-06T12:00:00Z,2022,sco.1,St Johnstone,Rangers,2,1,0,639133
2022-11-06T12:00:00Z,2022,fra.1,Lorient,Paris Saint-Germain,1,2,0,639749
2022-11-06T12:00:00Z,2022,fifa.friendly,Saudi Arabia,Iceland,1,0,0,641091
2022-11-06T12:30:00Z,2022,ger.2,1. FC Nürnberg,1. FC Magdeburg,1,2,0,638871
2022-11-06T12:30:00Z,2022,ger.2,Hamburg SV,SSV Jahn Regensburg,3,1,0,638874
2022-11-06T12:30:00Z,2022,ger.2,TSV Eintracht Braunschweig,SpVgg Greuther Fürth,0,1,0,638877
2022-11-06T12:30:00Z,2022,bel.1,KAA Gent,Club Brugge,2,0,0,641481
2022-11-06T12:30:00Z,2022,eng.fa,Wrexham,Oldham Athletic,3,0,0,655544
2022-11-06T13:00:00Z,2022,den.1,AaB,Silkeborg IF,1,2,0,636992
2022-11-06T13:00:00Z,2022,den.1,Viborg FF,AGF,1,1,0,636996
2022-11-06T13:00:00Z,2022,esp.1,Atlético Madrid,Espanyol,1,1,0,643893
2022-11-06T13:00:00Z,2022,esp.2,UD Ibiza,Mirandés,1,1,0,644309
2022-11-06T13:30:00Z,2022,ned.1,FC Twente,Go Ahead Eagles,1,1,0,637309
2022-11-06T13:30:00Z,2022,ned.1,FC Volendam,Feyenoord Rotterdam,0,2,0,637311
2022-11-06T13:30:00Z,2022,rus.1,FK Torpedo Moscow,Krylia Sovetov,0,2,0,641228
2022-11-06T13:30:00Z,2022,aut.1,SC Rheindorf Altach,SK Sturm Graz,1,1,0,641842
2022-11-06T13:30:00Z,2022,aut.1,WSG Swarovski Tirol,Austria Vienna,0,0,0,641843
2022-11-06T14:00:00Z,2022,swe.1,Malmö FF,Degerfors IF,2,2,0,628354
2022-11-06T14:00:00Z,2022,swe.1,Kalmar FF,GIF Sundsvall,4,0,0,628355
2022-11-06T14:00:00Z,2022,swe.1,Helsingborg,Hammarby IF,0,2,0,628356
2022-11-06T14:00:00Z,2022,swe.1,AIK,IF Elfsborg,0,1,0,628357
2022-11-06T14:00:00Z,2022,swe.1,IFK Värnamo,IFK Göteborg,1,4,0,628358
2022-11-06T14:00:00Z,2022,swe.1,BK Häcken,IFK Norrköping,3,3,0,628359
2022-11-06T14:00:00Z,2022,swe.1,Djurgården,Mjällby AIF,0,1,0,628360
2022-11-06T14:00:00Z,2022,swe.1,IK Sirius,Varbergs BoIS FC,2,3,0,628361
2022-11-06T14:00:00Z,2022,eng.1,Aston Villa,Manchester United,3,1,0,637959
2022-11-06T14:00:00Z,2022,eng.1,West Ham United,Crystal Palace,1,2,0,637962
2022-11-06T14:00:00Z,2022,eng.1,Southampton,Newcastle United,1,4,0,637964
2022-11-06T14:00:00Z,2022,fra.1,Clermont Foot,Montpellier,1,1,0,639742
2022-11-06T14:00:00Z,2022,fra.1,Nice,Brest,1,0,0,639746
2022-11-06T14:00:00Z,2022,fra.1,Stade de Reims,Nantes,1,0,0,639747
2022-11-06T14:00:00Z,2022,fra.1,Toulouse,AS Monaco,0,2,0,639748
2022-11-06T14:00:00Z,2022,ita.1,Sampdoria,Fiorentina,0,2,0,644737
2022-11-06T14:00:00Z,2022,ita.1,Monza,Hellas Verona,2,0,0,644741
2022-11-06T14:00:00Z,2022,tur.1,Antalyaspor,Fatih Karagümrük,4,2,0,646004
2022-11-06T14:00:00Z,2022,gre.1,Panetolikos,Levadiakos,0,0,0,650300
2022-11-06T14:00:00Z,2022,ind.1,Mumbai City FC,Mohun Bagan Super Giant,2,2,0,653349
2022-11-06T14:00:00Z,2022,eng.fa,Curzon Ashton,Cambridge United,0,0,0,655211
2022-11-06T14:30:00Z,2022,ger.1,Bayer Leverkusen,1. FC Union Berlin,5,0,0,638552
2022-11-06T15:00:00Z,2022,den.1,F.C. København,Lyngby Boldklub,3,0,0,636993
2022-11-06T15:00:00Z,2022,sco.1,Heart of Midlothian,Motherwell,3,2,0,639130
2022-11-06T15:00:00Z,2022,bel.1,Union St.-Gilloise,KVC Westerlo,1,1,0,641488
2022-11-06T15:00:00Z,2022,eng.fa,Torquay United,Derby County,2,2,0,655220
2022-11-06T15:15:00Z,2022,esp.1,Real Sociedad,Valencia,1,1,0,643892
2022-11-06T15:15:00Z,2022,esp.2,Real Oviedo,Granada,1,0,0,644315
2022-11-06T15:15:00Z,2022,ita.2,Como,Venezia,1,0,0,649724
2022-11-06T15:30:00Z,2022,por.1,Rio Ave,Boavista,1,0,0,646774
2022-11-06T15:45:00Z,2022,ned.1,RKC Waalwijk,AZ Alkmaar,3,1,0,637305
2022-11-06T15:45:00Z,2022,ned.1,Ajax Amsterdam,PSV Eindhoven,1,2,0,637307
2022-11-06T16:00:00Z,2022,nor.1,Sarpsborg FK,Kristiansund BK,2,2,0,627993
2022-11-06T16:00:00Z,2022,nor.1,Aalesund,Lillestrom,2,1,0,627994
2022-11-06T16:00:00Z,2022,nor.1,FK Jerv,Rosenborg,2,4,0,627995
2022-11-06T16:00:00Z,2022,nor.1,Molde,Sandefjord,2,1,0,627996
2022-11-06T16:00:00Z,2022,nor.1,Odds BK,Stromsgodset,5,1,0,627997
2022-11-06T16:00:00Z,2022,nor.1,Hamarkameratene,Tromso,1,2,0,627998
2022-11-06T16:00:00Z,2022,nor.1,Bodo/Glimt,Viking FK,5,4,0,627999
2022-11-06T16:00:00Z,2022,nor.1,Haugesund,Vålerenga,1,1,0,628000
2022-11-06T16:00:00Z,2022,rus.1,Rostov,Dinamo Moscow,2,1,0,641230
2022-11-06T16:00:00Z,2022,aut.1,Rapid Vienna,LASK Linz,1,0,0,641846
2022-11-06T16:05:00Z,2022,fra.1,Lille,Stade Rennais,1,1,0,639743
2022-11-06T16:30:00Z,2022,eng.1,Tottenham Hotspur,Liverpool,1,2,0,637963
2022-11-06T16:30:00Z,2022,ger.1,SC Freiburg,FC Cologne,2,0,0,638550
2022-11-06T17:00:00Z,2022,den.1,Odense Boldklub,Brøndby IF,1,1,0,636995
2022-11-06T17:00:00Z,2022,gua.1,CD Guastatoya,Municipal,1,3,0,641048
2022-11-06T17:00:00Z,2022,ita.1,AS Roma,Lazio,0,1,0,644740
2022-11-06T17:00:00Z,2022,tur.1,Trabzonspor,Konyaspor,2,2,0,646005
2022-11-06T17:00:00Z,2022,arg.3,Villa San Carlos,Defensores Unidos,0,0,0,655659
2022-11-06T17:30:00Z,2022,bel.1,Antwerp,Anderlecht,0,0,0,641487
2022-11-06T17:30:00Z,2022,esp.1,Villarreal,Mallorca,0,2,0,643900
2022-11-06T17:30:00Z,2022,esp.2,Málaga,Sporting Gijón,1,1,0,644305
2022-11-06T17:30:00Z,2022,esp.2,Las Palmas,Eibar,1,1,0,644308
2022-11-06T17:30:00Z,2022,gre.1,Panathinaikos,Olympiacos,1,1,0,650299
2022-11-06T18:00:00Z,2022,por.1,Braga,Casa Pia,0,1,0,646775
2022-11-06T18:00:00Z,2022,por.1,Maritimo,FC Famalicao,0,0,0,646777
2022-11-06T18:30:00Z,2022,gre.1,Asteras Tripoli,AEK Athens,1,1,0,650294
2022-11-06T19:00:00Z,2022,chi.1,Ñublense,Colo Colo,1,1,0,629227
2022-11-06T19:00:00Z,2022,chi.1,Coquimbo Unido,Curicó Unido,1,1,0,629228
2022-11-06T19:00:00Z,2022,chi.1,Audax Italiano,La Serena,3,0,0,629230
2022-11-06T19:00:00Z,2022,chi.1,Antofagasta,Universidad Católica,0,2,0,629232
2022-11-06T19:00:00Z,2022,bra.1,Fortaleza,Atlético Goianiense,1,1,0,630784
2022-11-06T19:00:00Z,2022,bra.1,Coritiba,Flamengo,1,0,0,630789
2022-11-06T19:00:00Z,2022,bra.2,Guarani,Chapecoense,1,0,0,631154
2022-11-06T19:15:00Z,2022,gua.1,CD Malacateco,CD Achuapa,1,0,0,641047
2022-11-06T19:45:00Z,2022,fra.1,Marseille,Lyon,1,0,0,639745
2022-11-06T19:45:00Z,2022,ita.1,Juventus,Internazionale,2,0,0,644743
2022-11-06T20:00:00Z,2022,bel.1,KV Oostende,KV Kortrijk,3,1,0,641484
2022-11-06T20:00:00Z,2022,esp.1,Real Betis,Sevilla,1,1,0,643899
2022-11-06T20:00:00Z,2022,esp.2,Albacete,Levante,2,3,0,644313
2022-11-06T20:00:00Z,2022,par.1,Libertad,Guaireña,4,2,0,647645
2022-11-06T20:00:00Z,2022,per.1,Sporting Cristal,Melgar,0,2,0,655999
2022-11-06T20:00:00Z,2022,arg.trofeo_de_la_campeones,Boca Juniors,Racing Club,1,2,0,656210
2022-11-06T20:30:00Z,2022,por.1,Estoril,Benfica,1,5,0,646771
2022-11-06T21:00:00Z,2022,hon.1,C.D.Real Sociedad,Honduras Progreso,2,2,0,648273
2022-11-06T21:00:00Z,2022,hon.1,Olancho FC,UPNFM,3,0,0,648274
2022-11-06T21:00:00Z,2022,col.1,Millonarios,Independiente Santa Fe,1,1,0,656011
2022-11-06T21:00:00Z,2022,slv.1,Jocoro FC,C.D. Platense,4,2,0,656038
2022-11-06T21:00:00Z,2022,ecu.1,Barcelona SC,Aucas,0,1,0,656807
2022-11-06T21:30:00Z,2022,bra.1,Cuiabá,Palmeiras,1,1,0,630791
2022-11-06T21:30:00Z,2022,bra.2,CRB,Bahia,1,2,0,631151
2022-11-06T21:30:00Z,2022,bra.2,Cruzeiro,CSA,3,2,0,631153
2022-11-06T21:30:00Z,2022,bra.2,Operário PR,Novorizontino,0,3,0,631156
2022-11-06T21:30:00Z,2022,bra.2,Vila Nova,Sport,0,0,0,631158
2022-11-06T21:30:00Z,2022,bra.2,Ituano,Vasco da Gama,0,1,0,631160
2022-11-06T22:00:00Z,2022,chi.1,Unión La Calera,Unión Española,2,1,0,629233
2022-11-06T22:30:00Z,2022,par.1,Guaraní,Tacuary,2,1,0,647644
2022-11-06T23:00:00Z,2022,gua.1,Xinabajul,Xelajú MC,0,2,0,641046
2022-11-07T00:00:00Z,2022,hon.1,Club Deportivo Olimpia,FC Motagua,4,0,0,648275
2022-11-07T00:00:00Z,2022,col.1,Deportivo Pereira,Atlético Junior,4,3,0,656010
2022-11-07T00:30:00Z,2022,usa.usl.l1,South Georgia Tormenta FC,Chattanooga Red Wolves,2,1,0,655993
2022-11-07T01:30:00Z,2022,usa.usl.1,San Antonio FC,Colorado Springs Switchbacks FC,2,0,0,656001
2022-11-07T09:30:00Z,2022,chn.1,Shandong Taishan,Shanghai Shenhua,2,0,0,650832
2022-11-07T11:00:00Z,2022,chn.1,Tianjin Jinmen Tiger,Hebei FC,5,0,0,650833
2022-11-07T11:30:00Z,2022,chn.1,Chengdu Rongcheng,Changchun Yatai,2,2,0,650830
2022-11-07T17:00:00Z,2022,tur.1,Hatayspor,Istanbul Basaksehir,3,3,0,645999
2022-11-07T17:00:00Z,2022,tur.1,Fenerbahce,Sivasspor,1,0,0,646001
2022-11-07T18:00:00Z,2022,den.1,FC Midtjylland,FC Nordsjælland,0,0,0,636994
2022-11-07T19:00:00Z,2022,ned.2,Jong AZ,Roda JC Kerkrade,2,0,0,637641
2022-11-07T19:00:00Z,2022,ned.2,Jong FC Utrecht,FC Eindhoven,0,1,0,637642
2022-11-07T19:00:00Z,2022,ned.2,Jong PSV,Almere City,0,1,0,637643
2022-11-07T19:30:00Z,2022,ita.2,Reggina,Genoa,2,1,0,649720
2022-11-07T19:45:00Z,2022,fra.2,Metz,Saint-Étienne,3,2,0,640129
2022-11-07T19:45:00Z,2022,eng.fa,Bracknell Town,Ipswich Town,0,3,0,655235
2022-11-07T20:00:00Z,2022,esp.1,Rayo Vallecano,Real Madrid,3,2,0,643898
2022-11-07T20:00:00Z,2022,esp.2,Lugo,FC Cartagena,1,1,0,644306
2022-11-07T20:15:00Z,2022,por.1,GD Chaves,Santa Clara,0,0,0,646772
2022-11-07T22:30:00Z,2022,par.1,Cerro Porteño,Resistencia SC,1,0,0,647643
2022-11-07T23:00:00Z,2022,bra.1,Atlético-MG,Botafogo,0,2,0,630787
2022-11-08T07:00:00Z,2022,chn.1,Guangzhou,Zhejiang Professional FC,1,5,0,650827
2022-11-08T07:30:00Z,2022,chn.1,Wuhan Yangtze River,Guangzhou City,2,1,0,650831
2022-11-08T09:30:00Z,2022,chn.1,Shanghai Port,Cangzhou Mighty Lions,2,0,0,650826
2022-11-08T11:30:00Z,2022,chn.1,Meizhou Hakka,Henan,3,2,0,650828
2022-11-08T11:30:00Z,2022,chn.1,Beijing Guoan,Wuhan Three Towns,0,2,0,650829
2022-11-08T12:00:00Z,2022,chn.1,Shenzhen FC,Dalian Professional,0,2,0,650720
2022-11-08T14:00:00Z,2022,por.taca.portugal,Vilaverdense,Oliveira Hospital,7,0,0,655478
2022-11-08T17:30:00Z,2022,ger.1,VfL Wolfsburg,Borussia Dortmund,2,0,0,638562
2022-11-08T17:30:00Z,2022,ger.2,Kaiserslautern,Karlsruher SC,2,0,0,638880
2022-11-08T17:30:00Z,2022,ger.2,Hannover 96,Fortuna Düsseldorf,2,0,0,638881
2022-11-08T17:30:00Z,2022,ger.2,SC Paderborn 07,Arminia Bielefeld,0,2,0,638882
2022-11-08T17:30:00Z,2022,ger.2,St. Pauli,Holstein Kiel,0,0,0,638886
2022-11-08T17:30:00Z,2022,ita.1,Napoli,Empoli,2,0,0,644754
2022-11-08T17:30:00Z,2022,ita.1,Spezia,Udinese,1,1,0,644756
2022-11-08T18:00:00Z,2022,esp.1,Elche,Girona,1,2,0,643903
2022-11-08T18:00:00Z,2022,gre.1,Aris,Lamia,5,0,0,650302
2022-11-08T18:45:00Z,2022,por.taca.portugal,Gil Vicente,Arouca,1,4,0,655484
2022-11-08T19:00:00Z,2022,esp.1,Athletic Club,Real Valladolid,3,0,0,643902
2022-11-08T19:00:00Z,2022,por.taca.portugal,Varzim,São João de Ver,1,0,0,655492
2022-11-08T19:30:00Z,2022,ger.1,Bayern Munich,Werder Bremen,6,1,0,638556
2022-11-08T19:30:00Z,2022,ger.1,VfB Stuttgart,Hertha Berlin,2,1,0,638559
2022-11-08T19:30:00Z,2022,ger.1,VfL Bochum,Borussia Mönchengladbach,2,1,0,638560
2022-11-08T19:30:00Z,2022,eng.trophy,Grimsby Town,Manchester City U21,1,1,0,646622
2022-11-08T19:45:00Z,2022,sco.1,Hibernian,Ross County,0,2,0,639135
2022-11-08T19:45:00Z,2022,sco.1,Livingston,Aberdeen,2,1,0,639136
2022-11-08T19:45:00Z,2022,eng.4,Harrogate Town,Carlisle United,3,3,0,642162
2022-11-08T19:45:00Z,2022,eng.4,Mansfield Town,Bradford City,1,2,0,642166
2022-11-08T19:45:00Z,2022,eng.4,Rochdale,Salford City,1,0,0,642169
2022-11-08T19:45:00Z,2022,eng.4,AFC Wimbledon,Leyton Orient,2,0,0,642173
2022-11-08T19:45:00Z,2022,eng.2,Coventry City,Wigan Athletic,2,0,0,643221
2022-11-08T19:45:00Z,2022,eng.2,Birmingham City,Swansea City,2,2,0,643278
2022-11-08T19:45:00Z,2022,eng.2,Blackpool,Middlesbrough,0,3,0,643279
2022-11-08T19:45:00Z,2022,eng.2,Cardiff City,Hull City,2,3,0,643282
2022-11-08T19:45:00Z,2022,eng.2,Queens Park Rangers,Huddersfield Town,1,2,0,643284
2022-11-08T19:45:00Z,2022,eng.2,Sheffield United,Rotherham United,0,1,0,643285
2022-11-08T19:45:00Z,2022,eng.2,Stoke City,Luton Town,2,0,0,643286
2022-11-08T19:45:00Z,2022,ita.1,Cremonese,AC Milan,0,0,0,644748
2022-11-08T19:45:00Z,2022,eng.5,Southend United,Notts County,2,2,0,647182
2022-11-08T19:45:00Z,2022,eng.5,Solihull Moors,FC Halifax Town,0,1,0,647183
2022-11-08T19:45:00Z,2022,eng.5,Yeovil Town,Maidenhead United,0,0,0,647185
2022-11-08T19:45:00Z,2022,eng.5,Eastleigh,Maidstone United,5,2,0,647186
2022-11-08T19:45:00Z,2022,eng.5,Boreham Wood,York City,1,1,0,647188
2022-11-08T19:45:00Z,2022,eng.5,Altrincham,Barnet,0,2,0,647189
2022-11-08T19:45:00Z,2022,eng.league_cup,Leicester City,Newport County,3,0,0,652252
2022-11-08T19:45:00Z,2022,eng.league_cup,Stevenage,Charlton Athletic,1,1,0,652256
2022-11-08T19:45:00Z,2022,eng.league_cup,Bristol City,Lincoln City,1,3,0,652258
2022-11-08T19:45:00Z,2022,eng.league_cup,AFC Bournemouth,Everton,4,1,0,652260
2022-11-08T19:45:00Z,2022,eng.league_cup,Milton Keynes Dons,Morecambe,2,0,0,652262
2022-11-08T19:45:00Z,2022,eng.league_cup,Burnley,Crawley Town,3,1,0,652265
2022-11-08T19:45:00Z,2022,sco.challenge,Rangers B,Hamilton Academical,0,3,0,653231
2022-11-08T20:00:00Z,2022,eng.2,Watford,Reading,2,0,0,643288
2022-11-08T20:05:00Z,2022,eng.league_cup,Brentford,Gillingham,1,1,0,652259
2022-11-08T20:30:00Z,2022,esp.1,Osasuna,Barcelona,1,2,0,643905
2022-11-08T20:45:00Z,2022,por.taca.portugal,Mafra,FC Porto,0,3,0,655491
2022-11-08T22:30:00Z,2022,par.1,12 de Octubre,General Caballero JLM,0,3,0,647642
2022-11-08T22:30:00Z,2022,par.1,Nacional Asunción,Sportivo Ameliano,0,2,0,647646
2022-11-08T22:30:00Z,2022,par.1,Sol de América,Club Olimpia,0,2,0,647647
2022-11-08T23:15:00Z,2022,col.1,Deportivo Pasto,Águilas Doradas,0,1,0,656017
2022-11-09T00:30:00Z,2022,bra.1,São Paulo,Internacional,0,1,0,630781
2022-11-09T01:20:00Z,2022,col.1,América de Cali,Independiente Medellín,0,2,0,656016
2022-11-09T11:00:00Z,2022,por.taca.portugal,Académico de Viseu,Camacha,3,0,0,655479
2022-11-09T14:00:00Z,2022,ind.1,Jamshedpur FC,Hyderabad,0,1,0,653352
2022-11-09T14:30:00Z,2022,por.taca.portugal,Pero Pinheiro,Vitoria Setubal,1,4,0,655487
2022-11-09T15:00:00Z,2022,gre.1,Panetolikos,Panathinaikos,0,1,0,650306
2022-11-09T15:00:00Z,2022,por.taca.portugal,C.D. Nacional,Tondela,1,0,0,655480
2022-11-09T15:00:00Z,2022,por.taca.portugal,FC Famalicao,Dumiense,4,1,0,655483
2022-11-09T15:00:00Z,2022,por.taca.portugal,Leixoes,SC Farense,3,1,0,655485
2022-11-09T15:30:00Z,2022,por.taca.portugal,Rabo de Peixe,Sanjoanense,2,0,0,655488
2022-11-09T16:00:00Z,2022,gre.1,Atromitos,Asteras Tripoli,2,0,0,650303
2022-11-09T16:00:00Z,2022,por.taca.portugal,Beira Mar,Pevidém,3,2,0,655490
2022-11-09T17:00:00Z,2022,fifa.friendly,Cameroon,Jamaica,1,1,0,654610
2022-11-09T17:30:00Z,2022,ger.1,FC Cologne,Bayer Leverkusen,1,2,0,638554
2022-11-09T17:30:00Z,2022,ger.2,Hansa Rostock,1. FC Nürnberg,1,1,0,638879
2022-11-09T17:30:00Z,2022,ger.2,SSV Jahn Regensburg,TSV Eintracht Braunschweig,1,1,0,638883
2022-11-09T17:30:00Z,2022,ger.2,SV Sandhausen,1. FC Heidenheim 1846,3,4,0,638884
2022-11-09T17:30:00Z,2022,ger.2,SpVgg Greuther Fürth,Hamburg SV,1,0,0,638885
2022-11-09T17:30:00Z,2022,ita.1,Lecce,Atalanta,2,1,0,644753
2022-11-09T17:30:00Z,2022,ita.1,Sassuolo,AS Roma,1,1,0,644755
2022-11-09T17:30:00Z,2022,fifa.friendly,Qatar,Albania,1,0,0,656823
2022-11-09T17:45:00Z,2022,por.taca.portugal,Casa Pia,Valadares Gaia,2,0,0,655481
2022-11-09T18:00:00Z,2022,gua.1,CD Malacateco,Municipal,1,0,0,641036
2022-11-09T18:00:00Z,2022,esp.1,Sevilla,Real Sociedad,1,2,0,643901
2022-11-09T18:00:00Z,2022,esp.1,Almería,Getafe,1,0,0,643906
2022-11-09T18:00:00Z,2022,gre.1,AEK Athens,OFI CRETE,3,0,0,650301
2022-11-09T18:00:00Z,2022,gre.1,Levadiakos,Olympiacos,0,1,0,650305
2022-11-09T18:45:00Z,2022,por.taca.portugal,Vitória de Guimaraes,Vizela,2,1,0,655486
2022-11-09T19:00:00Z,2022,ned.1,Ajax Amsterdam,Vitesse,2,2,0,637294
2022-11-09T19:00:00Z,2022,esp.1,Espanyol,Villarreal,0,1,0,643904
2022-11-09T19:30:00Z,2022,ger.1,Eintracht Frankfurt,TSG Hoffenheim,4,2,0,638555
2022-11-09T19:30:00Z,2022,ger.1,Schalke 04,Mainz,1,0,0,638557
2022-11-09T19:30:00Z,2022,ger.1,RB Leipzig,SC Freiburg,3,1,0,638558
2022-11-09T19:30:00Z,2022,ger.1,1. FC Union Berlin,FC Augsburg,2,2,0,638561
2022-11-09T19:45:00Z,2022,sco.1,Dundee United,Kilmarnock,4,0,0,639134
2022-11-09T19:45:00Z,2022,sco.1,Motherwell,Celtic,1,2,0,639137
2022-11-09T19:45:00Z,2022,sco.1,Rangers,Heart of Midlothian,1,0,0,639138
2022-11-09T19:45:00Z,2022,sco.1,St Mirren,St Johnstone,2,2,0,639139
2022-11-09T19:45:00Z,2022,eng.3,Shrewsbury Town,Oxford United,1,1,0,642724
2022-11-09T19:45:00Z,2022,ita.1,Torino,Sampdoria,2,0,0,644747
2022-11-09T19:45:00Z,2022,ita.1,Fiorentina,Salernitana,2,1,0,644750
2022-11-09T19:45:00Z,2022,ita.1,Internazionale,Bologna,6,1,0,644751
2022-11-09T19:45:00Z,2022,eng.5,Torquay United,Dorking Wanderers,3,3,0,647181
2022-11-09T19:45:00Z,2022,eng.5,Scunthorpe United,Wrexham,1,3,0,647184
2022-11-09T19:45:00Z,2022,eng.5,Bromley,Woking,0,2,0,647187
2022-11-09T19:45:00Z,2022,eng.league_cup,Newcastle United,Crystal Palace,0,0,0,652253
2022-11-09T19:45:00Z,2022,eng.league_cup,Nottingham Forest,Tottenham Hotspur,2,0,0,652254
2022-11-09T19:45:00Z,2022,eng.league_cup,Southampton,Sheffield Wednesday,1,1,0,652255
2022-11-09T19:45:00Z,2022,eng.league_cup,West Ham United,Blackburn Rovers,2,2,0,652257
2022-11-09T19:45:00Z,2022,eng.league_cup,Arsenal,Brighton & Hove Albion,1,3,0,652261
2022-11-09T19:45:00Z,2022,eng.league_cup,Wolverhampton Wanderers,Leeds United,1,0,0,652264
2022-11-09T20:00:00Z,2022,fifa.friendly,Mexico,Iraq,4,0,0,645883
2022-11-09T20:00:00Z,2022,eng.league_cup,Manchester City,Chelsea,2,0,0,652251
2022-11-09T20:00:00Z,2022,eng.league_cup,Liverpool,Derby County,0,0,0,652263
2022-11-09T20:00:00Z,2022,per.1,Melgar,Alianza Lima,1,0,0,656844
2022-11-09T20:30:00Z,2022,esp.1,Mallorca,Atlético Madrid,1,0,0,643910
2022-11-09T20:45:00Z,2022,por.taca.portugal,Estoril,Benfica,0,1,0,655482
2022-11-09T22:00:00Z,2022,bra.1,Avaí,Ceará,2,0,0,630776
2022-11-09T22:00:00Z,2022,bra.1,Coritiba,Corinthians,2,2,0,630777
2022-11-09T22:00:00Z,2022,bra.1,Fluminense,Goiás,3,0,0,630780
2022-11-09T22:30:00Z,2022,club.friendly,Colo Colo,River Plate,3,4,0,655923
2022-11-09T23:15:00Z,2022,col.1,Independiente Santa Fe,Deportivo Pereira,2,0,0,656014
2022-11-09T23:30:00Z,2022,bra.1,Fortaleza,Red Bull Bragantino,6,0,0,630775
2022-11-10T00:00:00Z,2022,gua.1,Antigua GFC,Cobán Imperial,2,0,0,641034
2022-11-10T00:30:00Z,2022,bra.1,Palmeiras,América Mineiro,2,1,0,630773
2022-11-10T00:30:00Z,2022,bra.1,Atlético Goianiense,Athletico-PR,1,1,0,630774
2022-11-10T00:30:00Z,2022,bra.1,Juventude,Flamengo,2,2,0,630779
2022-11-10T01:20:00Z,2022,col.1,Atlético Junior,Millonarios,0,1,0,656015
2022-11-10T02:00:00Z,2022,gua.1,Comunicaciones,Santa Lucía Cotzumalguapa,2,1,0,641039
2022-11-10T02:00:00Z,2022,fifa.friendly,Costa Rica,Nigeria,2,0,0,654564
2022-11-10T02:00:00Z,2022,mex.2,Atlante,Celaya,0,0,0,656835
2022-11-10T11:00:00Z,2022,por.taca.portugal,Belenenses,Machico,4,0,0,655489
2022-11-10T12:00:00Z,2022,fifa.friendly,Panama,Saudi Arabia,1,1,0,645230
2022-11-10T14:00:00Z,2022,ind.1,Mohun Bagan Super Giant,NorthEast United FC,2,1,0,653350
2022-11-10T16:00:00Z,2022,fifa.friendly,Iran,Nicaragua,1,0,0,655819
2022-11-10T17:00:00Z,2022,gre.1,Volos NFC,Pas Giannina,2,1,0,650307
2022-11-10T17:30:00Z,2022,ita.1,Hellas Verona,Juventus,0,1,0,644749
2022-11-10T18:00:00Z,2022,esp.1,Rayo Vallecano,Celta Vigo,0,0,0,643907
2022-11-10T18:00:00Z,2022,swe.1.promotion.relegation,Östers IF,Varbergs BoIS FC,1,2,0,656805
2022-11-10T19:00:00Z,2022,ned.1,Feyenoord Rotterdam,SC Cambuur,1,0,0,637295
2022-11-10T19:00:00Z,2022,esp.1,Valencia,Real Betis,3,0,0,643909
2022-11-10T19:30:00Z,2022,ger.2,1. FC Magdeburg,SV Darmstadt 98,0,1,0,638887
2022-11-10T19:30:00Z,2022,gre.1,Ionikos FC,PAOK,0,3,0,650304
2022-11-10T19:45:00Z,2022,ita.1,Lazio,Monza,1,0,0,644752
2022-11-10T19:45:00Z,2022,por.taca.portugal,Braga,Moreirense,2,1,0,655477
2022-11-10T20:00:00Z,2022,eng.league_cup,Manchester United,Aston Villa,4,2,0,652266
2022-11-10T20:30:00Z,2022,esp.1,Real Madrid,Cádiz,2,1,0,643908
2022-11-10T23:00:00Z,2022,bra.1,Atlético-MG,Cuiabá,3,0,0,630778
2022-11-10T23:00:00Z,2022,bra.1,Botafogo,Santos,3,0,0,630782
2022-11-11T08:45:00Z,2022,aus.1,Adelaide United,Melbourne Victory,3,0,0,650510
2022-11-11T11:00:00Z,2022,fifa.friendly,South Korea,Iceland,1,0,0,655818
2022-11-11T14:00:00Z,2022,ind.1,Bengaluru FC,SC East Bengal,0,1,0,653351
2022-11-11T15:30:00Z,2022,fifa.friendly,Bahrain,Canada,2,2,0,655602
2022-11-11T16:00:00Z,2022,rus.1,Nizhny Novgorod,Akhmat Grozny,3,2,0,641237
2022-11-11T17:00:00Z,2022,tur.1,Alanyaspor,Adana Demirspor,0,0,0,646009
2022-11-11T17:00:00Z,2022,tur.1,Ankaragucu,Trabzonspor,1,1,0,646012
2022-11-11T17:30:00Z,2022,ger.2,Fortuna Düsseldorf,Kaiserslautern,1,2,0,638890
2022-11-11T17:30:00Z,2022,ger.2,Holstein Kiel,Hannover 96,1,1,0,638896
2022-11-11T19:00:00Z,2022,ned.1,Sparta Rotterdam,FC Twente,1,1,0,637315
2022-11-11T19:00:00Z,2022,ned.2,De Graafschap,Jong PSV,3,2,0,637645
2022-11-11T19:00:00Z,2022,ned.2,PEC Zwolle,FC Eindhoven,5,2,0,637646
2022-11-11T19:00:00Z,2022,ned.2,Telstar,ADO Den Haag,0,0,0,637649
2022-11-11T19:00:00Z,2022,ned.2,VVV-Venlo,Willem II,0,0,0,637650
2022-11-11T19:00:00Z,2022,ned.2,Heracles Almelo,NAC Breda,5,1,0,637651
2022-11-11T19:30:00Z,2022,ger.1,Borussia Mönchengladbach,Borussia Dortmund,4,2,0,638570
2022-11-11T19:30:00Z,2022,ita.2,Ascoli,Frosinone,0,1,0,649731
2022-11-11T19:45:00Z,2022,sco.2,Hamilton Academical,Ayr United,2,3,0,639502
2022-11-11T19:45:00Z,2022,bel.1,OH Leuven,RFC Seraing,5,0,0,641492
2022-11-11T19:45:00Z,2022,ita.1,Empoli,Cremonese,2,0,0,644764
2022-11-11T20:00:00Z,2022,fra.1,Lyon,Nice,1,1,0,639752
2022-11-11T20:00:00Z,2022,eng.2,Birmingham City,Sunderland,1,2,0,643422
2022-11-12T06:00:00Z,2022,aus.1,Newcastle Jets,Melbourne City FC,1,2,0,650511
2022-11-12T08:45:00Z,2022,aus.1,Sydney FC,Western Sydney Wanderers,0,1,0,650512
2022-11-12T09:00:00Z,2022,rus.1,FC Ural Ekaterinburg,Fakel Voronezh,2,0,0,641233
2022-11-12T09:30:00Z,2022,chn.1,Shandong Taishan,Hebei FC,4,0,0,650840
2022-11-12T11:00:00Z,2022,rus.1,Krylia Sovetov,Rostov,1,3,0,641236
2022-11-12T11:00:00Z,2022,chn.1,Changchun Yatai,Tianjin Jinmen Tiger,2,3,0,650834
2022-11-12T11:30:00Z,2022,tur.1,Sivasspor,Umraniyespor,2,2,0,646015
2022-11-12T11:30:00Z,2022,chn.1,Chengdu Rongcheng,Shanghai Shenhua,3,2,0,650729
2022-11-12T11:30:00Z,2022,chn.1,Guangzhou City,Meizhou Hakka,0,1,0,650837
2022-11-12T12:00:00Z,2022,ger.2,Hamburg SV,SV Sandhausen,4,2,0,638891
2022-11-12T12:00:00Z,2022,ger.2,1. FC Heidenheim 1846,SSV Jahn Regensburg,5,4,0,638892
2022-11-12T12:00:00Z,2022,ger.2,Karlsruher SC,St. Pauli,4,4,0,638893
2022-11-12T12:30:00Z,2022,eng.1,Manchester City,Brentford,1,2,0,637974
2022-11-12T12:30:00Z,2022,sco.1,St Mirren,Rangers,1,1,0,639145
2022-11-12T13:00:00Z,2022,ita.2,Parma,Cittadella,3,1,0,649726
2022-11-12T13:00:00Z,2022,ita.2,Venezia,Reggina,1,2,0,649727
2022-11-12T13:00:00Z,2022,ita.2,SPAL,Benevento,1,2,0,649729
2022-11-12T13:00:00Z,2022,ita.2,Modena,Perugia,1,1,0,649730
2022-11-12T13:00:00Z,2022,ita.2,Bari,Sudtirol,2,2,0,649732
2022-11-12T13:00:00Z,2022,ita.2,Cagliari,Pisa,1,1,0,649733
2022-11-12T13:00:00Z,2022,ita.2,Cosenza,Palermo,3,2,0,649734
2022-11-12T13:30:00Z,2022,rus.1,FK Torpedo Moscow,Zenit St Petersburg,0,2,0,641239
2022-11-12T14:00:00Z,2022,fra.2,Saint-Étienne,Rodez Aveyron,0,2,0,640138
2022-11-12T14:00:00Z,2022,ita.1,Napoli,Udinese,3,2,0,644760
2022-11-12T14:00:00Z,2022,tur.1,Fenerbahce,Giresunspor,1,2,0,646007
2022-11-12T14:00:00Z,2022,ind.1,Chennaiyin FC,Mumbai City FC,2,6,0,653353
2022-11-12T14:30:00Z,2022,ger.1,TSG Hoffenheim,VfL Wolfsburg,1,2,0,638564
2022-11-12T14:30:00Z,2022,ger.1,Werder Bremen,RB Leipzig,1,2,0,638565
2022-11-12T14:30:00Z,2022,ger.1,Hertha Berlin,FC Cologne,2,0,0,638567
2022-11-12T14:30:00Z,2022,ger.1,Bayer Leverkusen,VfB Stuttgart,2,0,0,638569
2022-11-12T14:30:00Z,2022,ger.1,FC Augsburg,VfL Bochum,0,1,0,638571
2022-11-12T15:00:00Z,2022,den.1,Silkeborg IF,Lyngby Boldklub,0,2,0,637002
2022-11-12T15:00:00Z,2022,eng.1,AFC Bournemouth,Everton,3,0,0,637969
2022-11-12T15:00:00Z,2022,eng.1,West Ham United,Leicester City,0,2,0,637970
2022-11-12T15:00:00Z,2022,eng.1,Tottenham Hotspur,Leeds United,4,3,0,637971
2022-11-12T15:00:00Z,2022,eng.1,Nottingham Forest,Crystal Palace,1,0,0,637972
2022-11-12T15:00:00Z,2022,eng.1,Liverpool,Southampton,3,1,0,637975
2022-11-12T15:00:00Z,2022,sco.1,Celtic,Ross County,2,1,0,639141
2022-11-12T15:00:00Z,2022,sco.1,Heart of Midlothian,Livingston,1,1,0,639142
2022-11-12T15:00:00Z,2022,sco.1,Kilmarnock,Hibernian,1,0,0,639143
2022-11-12T15:00:00Z,2022,sco.1,St Johnstone,Motherwell,1,1,0,639144
2022-11-12T15:00:00Z,2022,sco.2,Dundee,Raith Rovers,2,0,0,639500
2022-11-12T15:00:00Z,2022,sco.2,Arbroath,Cove Rangers,1,1,0,639501
2022-11-12T15:00:00Z,2022,sco.2,Greenock Morton,Partick Thistle,2,1,0,639504
2022-11-12T15:00:00Z,2022,bel.1,KVC Westerlo,KV Oostende,6,0,0,641491
2022-11-12T15:00:00Z,2022,eng.4,Carlisle United,Walsall,0,0,0,642282
2022-11-12T15:00:00Z,2022,eng.4,Crawley Town,Barrow,1,0,0,642283
2022-11-12T15:00:00Z,2022,eng.4,Swindon Town,Tranmere Rovers,1,1,0,642284
2022-11-12T15:00:00Z,2022,eng.4,Sutton United,Bradford City,0,2,0,642285
2022-11-12T15:00:00Z,2022,eng.4,Stevenage,Hartlepool United,1,0,0,642286
2022-11-12T15:00:00Z,2022,eng.4,Crewe Alexandra,Colchester United,1,0,0,642287
2022-11-12T15:00:00Z,2022,eng.4,Rochdale,Mansfield Town,0,1,0,642288
2022-11-12T15:00:00Z,2022,eng.4,Newport County,Stockport County,1,2,0,642289
2022-11-12T15:00:00Z,2022,eng.4,Harrogate Town,Leyton Orient,0,2,0,642290
2022-11-12T15:00:00Z,2022,eng.4,Grimsby Town,Doncaster Rovers,1,3,0,642291
2022-11-12T15:00:00Z,2022,eng.4,Gillingham,Northampton Town,0,2,0,642292
2022-11-12T15:00:00Z,2022,eng.4,Salford City,AFC Wimbledon,0,0,0,642293
2022-11-12T15:00:00Z,2022,eng.3,Accrington Stanley,Sheffield Wednesday,0,1,0,642834
2022-11-12T15:00:00Z,2022,eng.3,Bristol Rovers,Fleetwood Town,2,2,0,642835
2022-11-12T15:00:00Z,2022,eng.3,Burton Albion,Charlton Athletic,3,3,0,642836
2022-11-12T15:00:00Z,2022,eng.3,Cambridge United,Bolton Wanderers,0,0,0,642837
2022-11-12T15:00:00Z,2022,eng.3,Exeter City,Peterborough United,3,2,0,642838
2022-11-12T15:00:00Z,2022,eng.3,Forest Green Rovers,Wycombe Wanderers,0,2,0,642839
2022-11-12T15:00:00Z,2022,eng.3,Ipswich Town,Cheltenham Town,1,1,0,642840
2022-11-12T15:00:00Z,2022,eng.3,Lincoln City,Plymouth Argyle,1,1,0,642841
2022-11-12T15:00:00Z,2022,eng.3,Milton Keynes Dons,Derby County,1,3,0,642842
2022-11-12T15:00:00Z,2022,eng.3,Morecambe,Portsmouth,1,1,0,642843
2022-11-12T15:00:00Z,2022,eng.3,Oxford United,Port Vale,4,0,0,642844
2022-11-12T15:00:00Z,2022,eng.3,Shrewsbury Town,Barnsley,0,1,0,642845
2022-11-12T15:00:00Z,2022,eng.2,Bristol City,Watford,0,0,0,643423
2022-11-12T15:00:00Z,2022,eng.2,Cardiff City,Sheffield United,0,1,0,643425
2022-11-12T15:00:00Z,2022,eng.2,Coventry City,Queens Park Rangers,2,0,0,643426
2022-11-12T15:00:00Z,2022,eng.2,West Bromwich Albion,Stoke City,2,0,0,643427
2022-11-12T15:00:00Z,2022,eng.2,Hull City,Reading,1,2,0,643428
2022-11-12T15:00:00Z,2022,eng.2,Luton Town,Rotherham United,1,1,0,643429
2022-11-12T15:00:00Z,2022,eng.2,Norwich City,Middlesbrough,1,2,0,643430
2022-11-12T15:00:00Z,2022,eng.2,Preston North End,Millwall,2,4,0,643431
2022-11-12T15:00:00Z,2022,eng.2,Wigan Athletic,Blackpool,2,1,0,643432
2022-11-12T15:00:00Z,2022,eng.2,Huddersfield Town,Swansea City,0,0,0,643433
2022-11-12T15:00:00Z,2022,eng.5,Wealdstone,Wrexham,0,0,0,647192
2022-11-12T15:00:00Z,2022,eng.5,Torquay United,Chesterfield,1,5,0,647193
2022-11-12T15:00:00Z,2022,eng.5,Southend United,Dorking Wanderers,2,0,0,647194
2022-11-12T15:00:00Z,2022,eng.5,Solihull Moors,Dagenham & Redbridge,0,3,0,647195
2022-11-12T15:00:00Z,2022,eng.5,Scunthorpe United,Maidstone United,0,2,0,647196
2022-11-12T15:00:00Z,2022,eng.5,Oldham Athletic,Barnet,0,2,0,647197
2022-11-12T15:00:00Z,2022,eng.5,Eastleigh,Notts County,0,2,0,647198
2022-11-12T15:00:00Z,2022,eng.5,Bromley,FC Halifax Town,1,1,0,647199
2022-11-12T15:00:00Z,2022,eng.5,Boreham Wood,Woking,0,1,0,647200
2022-11-12T15:00:00Z,2022,eng.5,Aldershot Town,Maidenhead United,1,2,0,647202
2022-11-12T15:00:00Z,2022,eng.5,Yeovil Town,Gateshead,3,1,0,647203
2022-11-12T15:00:00Z,2022,esp.copa_del_rey,Manacor,FC Andorra,1,3,0,655729
2022-11-12T15:00:00Z,2022,esp.copa_del_rey,Fuentes,Osasuna,1,4,0,655761
2022-11-12T15:00:00Z,2022,esp.copa_del_rey,Barbadás,Real Valladolid,0,2,0,655763
2022-11-12T15:15:00Z,2022,ita.2,Ternana,Brescia,0,0,0,649728
2022-11-12T15:30:00Z,2022,ned.1,FC Volendam,FC Utrecht,0,4,0,637313
2022-11-12T16:00:00Z,2022,fra.1,Lens,Clermont Foot,2,1,0,639750
2022-11-12T16:00:00Z,2022,aut.1,WSG Swarovski Tirol,SV Josko Ried,2,0,0,641848
2022-11-12T16:00:00Z,2022,aut.1,TSV Hartberg,Rapid Vienna,1,2,0,641849
2022-11-12T16:00:00Z,2022,aut.1,Austria Lustenau,SC Rheindorf Altach,3,0,0,641853
2022-11-12T16:00:00Z,2022,esp.copa_del_rey,Olot,Levante,0,4,0,655730
2022-11-12T16:00:00Z,2022,esp.copa_del_rey,CD Artistico Navalcarnero,UD Logroñés,1,3,0,655737
2022-11-12T16:00:00Z,2022,esp.copa_del_rey,Guijuelo,Deportivo,2,0,0,655771
2022-11-12T16:00:00Z,2022,esp.copa_del_rey,Atlético Saguntino,Amorebieta,1,0,0,655774
2022-11-12T16:30:00Z,2022,rus.1,Lokomotiv Moscow,Spartak Moscow,1,2,0,641238
2022-11-12T17:00:00Z,2022,ita.1,Sampdoria,Lecce,0,2,0,644757
2022-11-12T17:00:00Z,2022,tur.1,Istanbul Basaksehir,Galatasaray,0,7,0,646008
2022-11-12T17:00:00Z,2022,esp.copa_del_rey,Sestao,Racing Ferrol,1,0,0,655721
2022-11-12T17:00:00Z,2022,esp.copa_del_rey,Gernika Club,Leganés,0,0,0,655724
2022-11-12T17:00:00Z,2022,esp.copa_del_rey,CD Guadalajara,Ponferradina,2,1,0,655726
2022-11-12T17:00:00Z,2022,esp.copa_del_rey,Arenas Club,Lugo,1,0,0,655735
2022-11-12T17:00:00Z,2022,esp.copa_del_rey,Racing Rioja,Gimnàstic de Tarragona,0,2,0,655738
2022-11-12T17:00:00Z,2022,esp.copa_del_rey,Beasain,Sporting Gijón,2,3,0,655746
2022-11-12T17:00:00Z,2022,esp.copa_del_rey,Huétor Tájar,Albacete,0,3,0,655748
2022-11-12T17:00:00Z,2022,esp.copa_del_rey,Utrera,Ceuta,0,1,0,655752
2022-11-12T17:15:00Z,2022,bel.1,Zulte-Waregem,Eupen,5,5,0,641494
2022-11-12T17:15:00Z,2022,bel.1,Sint-Truidense,Cercle Brugge KSV,0,1,0,641495
2022-11-12T17:20:00Z,2022,eng.5,Altrincham,York City,2,1,0,647201
2022-11-12T17:30:00Z,2022,eng.1,Newcastle United,Chelsea,1,0,0,637978
2022-11-12T17:30:00Z,2022,ger.1,Schalke 04,Bayern Munich,0,2,0,638568
2022-11-12T17:30:00Z,2022,sco.2,Queen's Park,Inverness Caledonian Thistle,2,1,0,639503
2022-11-12T17:30:00Z,2022,fifa.friendly,Ecuador,Iraq,0,0,0,654565
2022-11-12T17:30:00Z,2022,esp.copa_del_rey,Autol,Mallorca,0,6,0,655764
2022-11-12T17:30:00Z,2022,esp.copa_del_rey,Alcora,Elche,0,3,0,655769
2022-11-12T17:45:00Z,2022,ned.1,FC Emmen,Ajax Amsterdam,3,3,0,637317
2022-11-12T18:00:00Z,2022,sco.1,Aberdeen,Dundee United,1,0,0,639140
2022-11-12T18:00:00Z,2022,fra.2,SC Amiens,US Quevilly,0,2,0,640130
2022-11-12T18:00:00Z,2022,fra.2,Caen,Annecy,0,0,0,640131
2022-11-12T18:00:00Z,2022,fra.2,Grenoble,Dijon FCO,0,0,0,640132
2022-11-12T18:00:00Z,2022,fra.2,Guingamp,Le Havre AC,0,1,0,640133
2022-11-12T18:00:00Z,2022,fra.2,Stade Laval,Valenciennes,1,0,0,640134
2022-11-12T18:00:00Z,2022,fra.2,Niort,Nimes,1,1,0,640135
2022-11-12T18:00:00Z,2022,fra.2,Paris FC,Metz,1,4,0,640136
2022-11-12T18:00:00Z,2022,fra.2,Sochaux,Bastia,1,0,0,640137
2022-11-12T18:00:00Z,2022,fra.2,Bordeaux,Pau,1,1,0,640139
2022-11-12T18:00:00Z,2022,por.1,Arouca,Rio Ave,0,1,0,646781
2022-11-12T19:00:00Z,2022,bra.1,Flamengo,Avaí,1,2,0,630765
2022-11-12T19:00:00Z,2022,ned.2,Roda JC Kerkrade,Helmond Sport,0,1,0,637647
2022-11-12T19:00:00Z,2022,gua.1,Santa Lucía Cotzumalguapa,Xelajú MC,1,4,0,641053
2022-11-12T19:00:00Z,2022,esp.copa_del_rey,Cristo Atletico,UD Ibiza,0,2,0,655731
2022-11-12T19:00:00Z,2022,esp.copa_del_rey,Coria,Fuenlabrada,2,0,0,655754
2022-11-12T19:00:00Z,2022,esp.copa_del_rey,Cacereno,Córdoba,3,0,0,655773
2022-11-12T19:30:00Z,2022,ger.2,TSV Eintracht Braunschweig,Hansa Rostock,0,1,0,638889
2022-11-12T19:45:00Z,2022,eng.1,Wolverhampton Wanderers,Arsenal,0,2,0,637973
2022-11-12T19:45:00Z,2022,bel.1,Royal Charleroi SC,KV Mechelen,1,0,0,641496
2022-11-12T19:45:00Z,2022,ita.1,Bologna,Sassuolo,3,0,0,644765
2022-11-12T20:00:00Z,2022,ned.1,PSV Eindhoven,AZ Alkmaar,0,1,0,637320
2022-11-12T20:00:00Z,2022,fra.1,Stade Rennais,Toulouse,2,1,0,639757
2022-11-12T20:00:00Z,2022,esp.copa_del_rey,Rincón,Espanyol,0,3,0,655757
2022-11-12T20:00:00Z,2022,esp.copa_del_rey,Santa Amalia,Villarreal,0,9,0,655759
2022-11-12T20:30:00Z,2022,por.1,Boavista,FC Porto,1,4,0,646779
2022-11-12T21:00:00Z,2022,gua.1,Municipal,Deportivo Mixco,1,0,0,641054
2022-11-12T21:00:00Z,2022,gua.1,Cobán Imperial,CD Guastatoya,1,0,0,641056
2022-11-12T21:00:00Z,2022,esp.copa_del_rey,Almazán,Atlético Madrid,0,2,0,655743
2022-11-12T22:00:00Z,2022,par.1,Guaireña,Cerro Porteño,1,3,0,647649
2022-11-12T22:00:00Z,2022,par.1,Club Olimpia,Nacional Asunción,1,1,0,647652
2022-11-12T22:00:00Z,2022,par.1,Tacuary,Libertad,1,0,0,647653
2022-11-12T23:00:00Z,2022,mex.2,Celaya,Atlante,1,3,0,656836
2022-11-12T23:10:00Z,2022,arg.2,Estudiantes (Buenos Aires),Instituto (Córdoba),0,0,0,656833
2022-11-13T00:00:00Z,2022,hon.1,Real España,Olancho FC,4,3,0,648277
2022-11-13T00:00:00Z,2022,col.1,Águilas Doradas,Independiente Medellín,1,0,0,656021
2022-11-13T01:00:00Z,2022,gua.1,Antigua GFC,Xinabajul,3,0,0,641052
2022-11-13T01:00:00Z,2022,per.1,Alianza Lima,Melgar,2,0,0,656845
2022-11-13T01:15:00Z,2022,hon.1,Honduras Progreso,Club Deportivo Olimpia,1,2,0,648276
2022-11-13T01:30:00Z,2022,hon.1,Vida,Club Deportivo Victoria,0,1,0,648278
2022-11-13T02:00:00Z,2022,aus.1,Wellington Phoenix FC,Western United,2,3,0,650513
2022-11-13T04:00:00Z,2022,aus.1,Central Coast Mariners,Macarthur FC,2,3,0,650514
2022-11-13T07:00:00Z,2022,chn.1,Dalian Professional,Guangzhou,1,1,0,650835
2022-11-13T11:00:00Z,2022,rus.1,Gazovik Orenburg,Krasnodar,5,1,0,641240
2022-11-13T11:00:00Z,2022,chn.1,Shenzhen FC,Shanghai Port,0,3,0,650728
2022-11-13T11:00:00Z,2022,esp.copa_del_rey,Hercules,La Nucía,2,4,0,655720
2022-11-13T11:00:00Z,2022,esp.copa_del_rey,Gimnástica Torrelavega,Real Oviedo,2,3,0,655725
2022-11-13T11:00:00Z,2022,esp.copa_del_rey,Las Rozas CF,Eibar,0,3,0,655727
2022-11-13T11:00:00Z,2022,esp.copa_del_rey,Lealtad,Tenerife,0,2,0,655728
2022-11-13T11:00:00Z,2022,esp.copa_del_rey,PD Santa Eulalia,Málaga,1,1,0,655732
2022-11-13T11:00:00Z,2022,esp.copa_del_rey,Recreativo Huelva,Burgos,0,0,0,655733
2022-11-13T11:00:00Z,2022,esp.copa_del_rey,Ibiza Islas Pitiusas,Rayo Majadahonda,3,1,0,655736
2022-11-13T11:00:00Z,2022,esp.copa_del_rey,AD Union Adarve,Linares Deportivo,1,2,0,655739
2022-11-13T11:00:00Z,2022,esp.copa_del_rey,Alfaro,FC Cartagena,0,1,0,655742
2022-11-13T11:00:00Z,2022,esp.copa_del_rey,Arnedo,Atlético Baleares,1,1,0,655744
2022-11-13T11:00:00Z,2022,esp.copa_del_rey,Atlético Paso,Real Murcia,1,1,0,655745
2022-11-13T11:00:00Z,2022,esp.copa_del_rey,Diocesano,Real Zaragoza,1,0,0,655747
2022-11-13T11:00:00Z,2022,esp.copa_del_rey,Juventud Torremolinos,Huesca,2,2,0,655749
2022-11-13T11:00:00Z,2022,esp.copa_del_rey,Manresa,Pontevedra,1,3,0,655750
2022-11-13T11:00:00Z,2022,esp.copa_del_rey,Vimenor,Mirandés,0,2,0,655753
2022-11-13T11:00:00Z,2022,esp.copa_del_rey,Quintanar del Rey,Girona,1,2,0,655755
2022-11-13T11:00:00Z,2022,esp.copa_del_rey,CF Joventut Mollerussa,Rayo Vallecano,1,3,0,655760
2022-11-13T11:15:00Z,2022,ned.1,NEC Nijmegen,RKC Waalwijk,6,1,0,637316
2022-11-13T11:15:00Z,2022,ned.2,Almere City,FC Dordrecht,2,1,0,637644
2022-11-13T11:30:00Z,2022,ita.1,Atalanta,Internazionale,2,3,0,644761
2022-11-13T11:30:00Z,2022,tur.1,Fatih Karagümrük,Gaziantep FK,3,3,0,646014
2022-11-13T11:30:00Z,2022,chn.1,Zhejiang Professional FC,Cangzhou Mighty Lions,3,3,0,650838
2022-11-13T11:30:00Z,2022,chn.1,Wuhan Three Towns,Henan,1,3,0,650839
2022-11-13T11:30:00Z,2022,chn.1,Beijing Guoan,Wuhan Yangtze River,3,1,0,650841
2022-11-13T12:00:00Z,2022,fra.1,Paris Saint-Germain,AJ Auxerre,5,0,0,639756
2022-11-13T12:30:00Z,2022,ger.2,Arminia Bielefeld,1. FC Magdeburg,3,1,0,638888
2022-11-13T12:30:00Z,2022,ger.2,SV Darmstadt 98,SpVgg Greuther Fürth,1,1,0,638894
2022-11-13T12:30:00Z,2022,ger.2,1. FC Nürnberg,SC Paderborn 07,2,1,0,638895
2022-11-13T12:30:00Z,2022,bel.1,Club Brugge,Antwerp,2,2,0,641489
2022-11-13T12:30:00Z,2022,eng.2,Burnley,Blackburn Rovers,3,0,0,643424
2022-11-13T13:00:00Z,2022,den.1,AC Horsens,Odense Boldklub,3,3,0,636997
2022-11-13T13:00:00Z,2022,den.1,AGF,F.C. København,0,2,0,636998
2022-11-13T13:30:00Z,2022,ned.1,FC Groningen,Fortuna Sittard,2,3,0,637312
2022-11-13T13:30:00Z,2022,ned.1,Heerenveen,SC Cambuur,2,1,0,637314
2022-11-13T13:30:00Z,2022,rus.1,FC Khimki,Sochi,0,2,0,641235
2022-11-13T13:30:00Z,2022,aut.1,SK Austria Klagenfurt,RB Salzburg,0,1,0,641850
2022-11-13T13:30:00Z,2022,aut.1,Austria Vienna,Wolfsberger,0,1,0,641852
2022-11-13T14:00:00Z,2022,eng.1,Brighton & Hove Albion,Aston Villa,1,2,0,637977
2022-11-13T14:00:00Z,2022,fra.1,Lille,Angers,1,0,0,639751
2022-11-13T14:00:00Z,2022,fra.1,Montpellier,Stade de Reims,1,1,0,639754
2022-11-13T14:00:00Z,2022,fra.1,Nantes,AC Ajaccio,2,2,0,639755
2022-11-13T14:00:00Z,2022,fra.1,Brest,Troyes,2,1,0,639759
2022-11-13T14:00:00Z,2022,ita.1,Hellas Verona,Spezia,1,2,0,644758
2022-11-13T14:00:00Z,2022,ita.1,AS Roma,Torino,1,1,0,644759
2022-11-13T14:00:00Z,2022,ita.1,Monza,Salernitana,3,0,0,644766
2022-11-13T14:00:00Z,2022,tur.1,Kayserispor,Konyaspor,1,2,0,646010
2022-11-13T14:00:00Z,2022,tur.1,Istanbulspor,Hatayspor,0,1,0,646013
2022-11-13T14:00:00Z,2022,gre.1,Pas Giannina,Aris,0,4,0,650313
2022-11-13T14:00:00Z,2022,ind.1,Kerala Blasters FC,FC Goa,3,1,0,653354
2022-11-13T14:00:00Z,2022,swe.1.promotion.relegation,Varbergs BoIS FC,Östers IF,2,1,0,656806
2022-11-13T14:30:00Z,2022,ger.1,Mainz,Eintracht Frankfurt,1,1,0,638563
2022-11-13T15:00:00Z,2022,den.1,Brøndby IF,Viborg FF,0,2,0,636999
2022-11-13T15:00:00Z,2022,bel.1,Standard Liege,Union St.-Gilloise,2,3,0,641497
2022-11-13T15:00:00Z,2022,esp.copa_del_rey,CA Cirbonero,CF Intercity,0,1,0,655740
2022-11-13T15:00:00Z,2022,esp.copa_del_rey,Velarde,Sevilla,0,2,0,655767
2022-11-13T15:00:00Z,2022,esp.copa_del_rey,Algar,Celta Vigo,1,6,0,655768
2022-11-13T15:15:00Z,2022,ita.2,Genoa,Como,1,1,0,649735
2022-11-13T15:15:00Z,2022,gre.1,Panathinaikos,Atromitos,2,0,0,650314
2022-11-13T15:30:00Z,2022,por.1,Vitória de Guimaraes,Maritimo,1,0,0,646783
2022-11-13T15:30:00Z,2022,por.1,Paços de Ferreira,Vizela,0,2,0,646786
2022-11-13T15:30:00Z,2022,esp.copa_del_rey,Teruel,Las Palmas,0,1,0,655734
2022-11-13T15:45:00Z,2022,ned.1,Feyenoord Rotterdam,Excelsior,5,1,0,637319
2022-11-13T16:00:00Z,2022,nor.1,Tromso,Aalesund,2,2,0,627985
2022-11-13T16:00:00Z,2022,nor.1,Stromsgodset,Bodo/Glimt,2,4,0,627986
2022-11-13T16:00:00Z,2022,nor.1,Kristiansund BK,FK Jerv,1,1,0,627987
2022-11-13T16:00:00Z,2022,nor.1,Lillestrom,Hamarkameratene,3,1,0,627988
2022-11-13T16:00:00Z,2022,nor.1,Sandefjord,Haugesund,2,2,0,627989
2022-11-13T16:00:00Z,2022,nor.1,Vålerenga,Molde,1,2,0,627990
2022-11-13T16:00:00Z,2022,nor.1,Viking FK,Odds BK,1,1,0,627991
2022-11-13T16:00:00Z,2022,nor.1,Rosenborg,Sarpsborg FK,2,3,0,627992
2022-11-13T16:00:00Z,2022,aut.1,LASK Linz,SK Sturm Graz,1,1,0,641851
2022-11-13T16:00:00Z,2022,gre.1,Lamia,Panetolikos,1,3,0,650309
2022-11-13T16:00:00Z,2022,esp.copa_del_rey,Ourense CF,AD Alcorcón,1,1,0,655722
2022-11-13T16:00:00Z,2022,esp.copa_del_rey,Yeclano Deportivo,Granada,2,3,0,655723
2022-11-13T16:00:00Z,2022,esp.copa_del_rey,AD San Juan,Numancia,0,2,0,655741
2022-11-13T16:00:00Z,2022,esp.copa_del_rey,Coruxo,Eldense,2,2,0,655770
2022-11-13T16:05:00Z,2022,fra.1,Strasbourg,Lorient,1,1,0,639758
2022-11-13T16:30:00Z,2022,eng.1,Fulham,Manchester United,1,2,0,637976
2022-11-13T16:30:00Z,2022,ger.1,SC Freiburg,1. FC Union Berlin,4,1,0,638566
2022-11-13T16:30:00Z,2022,rus.1,Dinamo Moscow,CSKA Moscow,2,1,0,641234
2022-11-13T17:00:00Z,2022,den.1,FC Nordsjælland,AaB,5,1,0,637000
2022-11-13T17:00:00Z,2022,ita.1,AC Milan,Fiorentina,2,1,0,644762
2022-11-13T17:00:00Z,2022,esp.copa_del_rey,Utebo,Mérida,2,2,0,655751
2022-11-13T17:00:00Z,2022,esp.copa_del_rey,Lleida,Alavés,0,1,0,655772
2022-11-13T17:30:00Z,2022,bel.1,Anderlecht,Racing Genk,0,2,0,641493
2022-11-13T17:30:00Z,2022,gre.1,Olympiacos,AEK Athens,0,0,0,650311
2022-11-13T17:30:00Z,2022,esp.copa_del_rey,Real Unión Irun,Cádiz,3,2,0,655756
2022-11-13T17:30:00Z,2022,esp.copa_del_rey,San Roque de Lepe,Getafe,2,3,0,655758
2022-11-13T18:00:00Z,2022,gua.1,Iztapa,CD Malacateco,2,1,0,641055
2022-11-13T18:00:00Z,2022,por.1,Casa Pia,GD Chaves,1,2,0,646778
2022-11-13T18:00:00Z,2022,por.1,Benfica,Gil Vicente,3,1,0,646780
2022-11-13T18:00:00Z,2022,por.1,Portimonense,Braga,1,2,0,646785
2022-11-13T18:00:00Z,2022,esp.copa_del_rey,Cazalegas,Real Sociedad,1,4,0,655762
2022-11-13T19:00:00Z,2022,bra.1,Corinthians,Atlético-MG,0,1,0,630763
2022-11-13T19:00:00Z,2022,bra.1,América Mineiro,Atlético Goianiense,1,1,0,630764
2022-11-13T19:00:00Z,2022,bra.1,Athletico-PR,Botafogo,3,0,0,630766
2022-11-13T19:00:00Z,2022,bra.1,Cuiabá,Coritiba,2,1,0,630767
2022-11-13T19:00:00Z,2022,bra.1,Red Bull Bragantino,Fluminense,0,1,0,630768
2022-11-13T19:00:00Z,2022,bra.1,Santos,Fortaleza,0,2,0,630769
2022-11-13T19:00:00Z,2022,bra.1,Ceará,Juventude,4,1,0,630770
2022-11-13T19:00:00Z,2022,bra.1,Internacional,Palmeiras,3,0,0,630771
2022-11-13T19:00:00Z,2022,bra.1,Goiás,São Paulo,0,4,0,630772
2022-11-13T19:00:00Z,2022,den.1,Randers FC,FC Midtjylland,0,0,0,637001
2022-11-13T19:00:00Z,2022,ned.1,Go Ahead Eagles,Vitesse,2,2,0,637318
2022-11-13T19:30:00Z,2022,gre.1,PAOK,Volos NFC,3,0,0,650312
2022-11-13T19:45:00Z,2022,fra.1,AS Monaco,Marseille,2,3,0,639753
2022-11-13T19:45:00Z,2022,ita.1,Juventus,Lazio,3,0,0,644763
2022-11-13T20:00:00Z,2022,bel.1,KV Kortrijk,KAA Gent,0,4,0,641490
2022-11-13T20:00:00Z,2022,par.1,General Caballero JLM,Sol de América,0,0,0,647648
2022-11-13T20:00:00Z,2022,par.1,Sportivo Ameliano,Guaraní,4,2,0,647650
2022-11-13T20:00:00Z,2022,par.1,Resistencia SC,12 de Octubre,0,0,0,647651
2022-11-13T20:00:00Z,2022,esp.copa_del_rey,Arenteiro,Almería,2,0,0,655765
2022-11-13T20:00:00Z,2022,esp.copa_del_rey,Alzira,Athletic Club,0,2,0,655766
2022-11-13T20:00:00Z,2022,club.friendly,River Plate,Real Betis,4,0,0,655924
2022-11-13T20:30:00Z,2022,por.1,FC Famalicao,Sporting CP,1,2,0,646782
2022-11-13T21:00:00Z,2022,gua.1,CD Achuapa,Comunicaciones,2,1,0,641057
2022-11-13T21:00:00Z,2022,col.1,Independiente Santa Fe,Atlético Junior,0,0,0,656018
2022-11-13T21:00:00Z,2022,chi.copa_chi,Unión Española,Magallanes,2,2,0,656803
2022-11-13T21:00:00Z,2022,slv.1,CD FAS,Jocoro FC,2,0,0,656895
2022-11-13T22:30:00Z,2022,hon.1,FC Motagua,C.D.Real Sociedad,2,2,0,648280
2022-11-13T23:00:00Z,2022,hon.1,UPNFM,Club Deportivo Marathón,2,1,0,648279
2022-11-13T23:00:00Z,2022,ecu.1,Aucas,Barcelona SC,0,0,0,656808
2022-11-14T00:00:00Z,2022,col.1,América de Cali,Deportivo Pasto,2,1,0,656020
2022-11-14T01:30:00Z,2022,usa.usl.1,San Antonio FC,Louisville City FC,3,1,0,656850
2022-11-14T16:00:00Z,2022,gre.1,Asteras Tripoli,Ionikos FC,1,0,0,650308
2022-11-14T17:30:00Z,2022,gre.1,OFI CRETE,Levadiakos,2,1,0,650310
2022-11-14T19:00:00Z,2022,ned.2,Jong Ajax,FC Den Bosch,4,4,0,637652
2022-11-14T19:00:00Z,2022,ned.2,Jong FC Utrecht,MVV Maastricht,3,0,0,637653
2022-11-14T19:30:00Z,2022,eng.fa,Chelmsford,Barnet,0,1,0,656837
2022-11-14T20:15:00Z,2022,por.1,Santa Clara,Estoril,3,1,0,646784
2022-11-14T21:00:00Z,2022,col.1,Millonarios,Deportivo Pereira,2,0,0,656019
2022-11-15T17:00:00Z,2022,fifa.friendly,Venezuela,Panama,2,2,0,657119
2022-11-15T19:45:00Z,2022,sco.challenge,Dunfermline Athletic,Celtic B,2,1,0,653238
2022-11-15T19:45:00Z,2022,eng.fa,Hartlepool United,Solihull Moors,1,1,0,656838
2022-11-15T19:45:00Z,2022,eng.fa,Gillingham,AFC Fylde,1,0,0,656839
2022-11-15T19:45:00Z,2022,eng.fa,AFC Wimbledon,Weymouth,3,1,0,656840
2022-11-15T19:45:00Z,2022,eng.fa,Cambridge United,Curzon Ashton,0,0,0,656912
2022-11-15T19:45:00Z,2022,eng.fa,Derby County,Torquay United,5,0,0,656913
2022-11-15T23:00:00Z,2022,fifa.friendly,Dominican Republic,Cuba,2,4,0,656813
2022-11-16T03:00:00Z,2022,club.friendly,Orange County SC,Hamburg SV,0,1,0,655909
2022-11-16T11:15:00Z,2022,fifa.friendly,Nepal,Pakistan,1,0,0,656814
2022-11-16T12:00:00Z,2022,fifa.friendly,Saudi Arabia,Croatia,0,1,0,635832
2022-11-16T13:00:00Z,2022,fifa.friendly,Uzbekistan,Kazakhstan,2,0,0,654617
2022-11-16T14:00:00Z,2022,fifa.friendly_u21,Georgia U21,Israel U21,1,2,0,671006
2022-11-16T15:30:00Z,2022,fifa.friendly,United Arab Emirates,Argentina,0,5,0,653772
2022-11-16T16:00:00Z,2022,fifa.friendly,Ivory Coast,Burundi,4,0,0,656799
2022-11-16T17:00:00Z,2022,gua.1,CD Guastatoya,CD Achuapa,2,0,0,641063
2022-11-16T17:00:00Z,2022,fifa.friendly,Latvia,Estonia,1,1,0,652186
2022-11-16T17:00:00Z,2022,fifa.friendly,Lithuania,Iceland,0,0,0,652187
2022-11-16T17:00:00Z,2022,fifa.friendly,Czechia,Faroe Islands,5,0,0,653765
2022-11-16T17:00:00Z,2022,fifa.friendly,Oman,Germany,0,1,0,654019
2022-11-16T17:00:00Z,2022,fifa.friendly,Andorra,Austria,0,1,0,654064
2022-11-16T17:00:00Z,2022,fifa.friendly,Moldova,Azerbaijan,1,2,0,654068
2022-11-16T17:00:00Z,2022,fifa.friendly,Poland,Chile,1,0,0,654386
2022-11-16T17:00:00Z,2022,fifa.friendly,Türkiye,Scotland,2,1,0,654613
2022-11-16T17:00:00Z,2022,fifa.friendly,Kosovo,Armenia,2,2,0,655626
2022-11-16T17:00:00Z,2022,nor.1.promotion.relegation,Sandefjord,Kongsvinger,4,0,0,657262
2022-11-16T18:00:00Z,2022,fifa.friendly,Cyprus,Bulgaria,0,2,0,653322
2022-11-16T18:00:00Z,2022,fifa.friendly,Gibraltar,Liechtenstein,2,0,0,655814
2022-11-16T19:00:00Z,2022,ned.2,ADO Den Haag,Roda JC Kerkrade,0,1,0,637663
2022-11-16T19:15:00Z,2022,gua.1,CD Malacateco,Antigua GFC,2,1,0,641059
2022-11-16T19:30:00Z,2022,fifa.friendly,Mexico,Sweden,1,2,0,645231
2022-11-16T19:30:00Z,2022,fifa.friendly,Algeria,Mali,1,1,0,657001
2022-11-16T19:45:00Z,2022,fifa.friendly,Albania,Italy,1,3,0,654065
2022-11-16T19:45:00Z,2022,eng.fa,Woking,Oxford United,1,2,0,655222
2022-11-16T19:45:00Z,2022,eng.fa,Salford City,Peterborough United,0,3,0,656841
2022-11-16T23:00:00Z,2022,gua.1,Xinabajul,Santa Lucía Cotzumalguapa,2,1,0,641058
2022-11-17T00:00:00Z,2022,gua.1,Deportivo Mixco,Cobán Imperial,2,2,0,641061
2022-11-17T01:00:00Z,2022,gua.1,Comunicaciones,Iztapa,2,0,0,641062
2022-11-17T01:00:00Z,2022,fifa.friendly,Peru,Paraguay,1,0,0,654611
2022-11-17T01:05:00Z,2022,club.friendly,St. Louis CITY2,Bayer Leverkusen,0,3,0,657442
2022-11-17T02:00:00Z,2022,fifa.friendly,Nicaragua,El Salvador,1,0,0,656815
2022-11-17T03:00:00Z,2022,gua.1,Xelajú MC,Municipal,1,1,0,641060
2022-11-17T10:00:00Z,2022,fifa.friendly,Ghana,Switzerland,2,0,0,650693
2022-11-17T12:00:00Z,2022,fifa.friendly,Niger,Libya,2,3,0,657757
2022-11-17T13:00:00Z,2022,fifa.friendly,Angola,Botswana,1,0,0,657758
2022-11-17T13:40:00Z,2022,fifa.friendly,Japan,Canada,1,2,0,653774
2022-11-17T14:00:00Z,2022,ind.1,Mumbai City FC,Bengaluru FC,4,0,0,653355
2022-11-17T15:00:00Z,2022,fifa.friendly,Tajikistan,Russia,0,0,0,656034
2022-11-17T15:00:00Z,2022,fifa.friendly_u21,Azerbaijan U21,Hungary U21,0,3,0,688480
2022-11-17T16:00:00Z,2022,fifa.friendly,Jordan,Spain,1,3,0,654030
2022-11-17T16:00:00Z,2022,fifa.friendly,Syria,Belarus,0,1,0,655822
2022-11-17T16:00:00Z,2022,fifa.friendly,Morocco,Georgia,3,0,0,656217
2022-11-17T16:30:00Z,2022,fifa.friendly,Romania,Slovenia,1,2,0,650694
2022-11-17T17:00:00Z,2022,fifa.friendly,Montenegro,Slovakia,2,2,0,653962
2022-11-17T17:00:00Z,2022,fifa.friendly,North Macedonia,Finland,1,1,0,654029
2022-11-17T17:00:00Z,2022,fifa.friendly,Malta,Greece,2,2,0,655817
2022-11-17T17:00:00Z,2022,fifa.friendly,Gabon,Guinea-Bissau,3,1,0,657759
2022-11-17T17:45:00Z,2022,ned.2,Jong PSV,Jong FC Utrecht,2,1,0,637654
2022-11-17T18:30:00Z,2022,fifa.friendly,Israel,Zambia,4,2,0,655586
2022-11-17T18:30:00Z,2022,fifa.friendly,South Africa,Mozambique,2,1,0,656801
2022-11-17T18:45:00Z,2022,fifa.friendly,Portugal,Nigeria,4,0,0,653776
2022-11-17T19:00:00Z,2022,fifa.friendly,Luxembourg,Hungary,2,2,0,653436
2022-11-17T19:45:00Z,2022,fifa.friendly,Republic of Ireland,Norway,1,2,0,654248
2022-11-17T20:00:00Z,2022,ned.2,Jong AZ,Jong Ajax,1,1,0,637655
2022-11-17T22:00:00Z,2022,fifa.friendly,St. Lucia,San Marino,1,1,0,656816
2022-11-18T10:00:00Z,2022,fifa.friendly,Cameroon,Panama,1,1,0,654571
2022-11-18T14:00:00Z,2022,ind.1,SC East Bengal,Odisha FC,2,4,0,653356
2022-11-18T15:00:00Z,2022,fifa.friendly,Belgium,Egypt,1,2,0,653666
2022-11-18T15:30:00Z,2022,fifa.friendly,Bahrain,Serbia,1,5,0,652190
2022-11-18T17:45:00Z,2022,ned.2,FC Eindhoven,Telstar,3,0,0,637656
2022-11-18T19:15:00Z,2022,fifa.friendly_u21,Portugal U21,Czechia U21,5,1,0,671007
2022-11-18T20:00:00Z,2022,ned.2,Helmond Sport,De Graafschap,0,2,0,637657
2022-11-18T20:00:00Z,2022,eng.3,Portsmouth,Derby County,0,0,0,642856
2022-11-18T20:00:00Z,2022,esp.2,Granada,Albacete,4,0,0,644326
2022-11-18T23:00:00Z,2022,fifa.friendly,Dominican Republic,Cuba,1,1,0,656817
2022-11-19T12:00:00Z,2022,eng.3,Exeter City,Ipswich Town,0,2,0,642857
2022-11-19T12:00:00Z,2022,ind.1,Chennaiyin FC,Jamshedpur FC,3,1,0,653357
2022-11-19T14:00:00Z,2022,ind.1,Hyderabad,Kerala Blasters FC,0,1,0,653358
2022-11-19T14:00:00Z,2022,fifa.friendly,Rwanda,Sudan,1,0,0,657725
2022-11-19T14:00:00Z,2022,fifa.friendly,Latvia,Iceland,1,1,0,657745
2022-11-19T14:00:00Z,2022,fifa.friendly,Estonia,Lithuania,2,0,0,657746
2022-11-19T15:00:00Z,2022,sco.2,Cove Rangers,Greenock Morton,1,2,0,639505
2022-11-19T15:00:00Z,2022,sco.2,Dundee,Hamilton Academical,1,0,0,639506
2022-11-19T15:00:00Z,2022,sco.2,Partick Thistle,Arbroath,3,0,0,639507
2022-11-19T15:00:00Z,2022,sco.2,Inverness Caledonian Thistle,Ayr United,2,2,0,639508
2022-11-19T15:00:00Z,2022,sco.2,Raith Rovers,Queen's Park,2,5,0,639509
2022-11-19T15:00:00Z,2022,eng.4,Barrow,Hartlepool United,3,1,0,642294
2022-11-19T15:00:00Z,2022,eng.4,Tranmere Rovers,AFC Wimbledon,0,2,0,642295
2022-11-19T15:00:00Z,2022,eng.4,Swindon Town,Crewe Alexandra,0,1,0,642296
2022-11-19T15:00:00Z,2022,eng.4,Sutton United,Rochdale,1,0,0,642297
2022-11-19T15:00:00Z,2022,eng.4,Stockport County,Leyton Orient,1,2,0,642298
2022-11-19T15:00:00Z,2022,eng.4,Walsall,Crawley Town,2,1,0,642299
2022-11-19T15:00:00Z,2022,eng.4,Newport County,Gillingham,2,0,0,642300
2022-11-19T15:00:00Z,2022,eng.4,Harrogate Town,Mansfield Town,3,0,0,642301
2022-11-19T15:00:00Z,2022,eng.4,Grimsby Town,Stevenage,1,1,0,642302
2022-11-19T15:00:00Z,2022,eng.4,Colchester United,Doncaster Rovers,3,0,0,642303
2022-11-19T15:00:00Z,2022,eng.4,Bradford City,Northampton Town,1,3,0,642304
2022-11-19T15:00:00Z,2022,eng.4,Salford City,Carlisle United,1,4,0,642305
2022-11-19T15:00:00Z,2022,eng.3,Barnsley,Milton Keynes Dons,3,1,0,642846
2022-11-19T15:00:00Z,2022,eng.3,Bristol Rovers,Peterborough United,1,0,0,642847
2022-11-19T15:00:00Z,2022,eng.3,Burton Albion,Plymouth Argyle,2,2,0,642848
2022-11-19T15:00:00Z,2022,eng.3,Cambridge United,Accrington Stanley,0,1,0,642849
2022-11-19T15:00:00Z,2022,eng.3,Cheltenham Town,Wycombe Wanderers,1,0,0,642850
2022-11-19T15:00:00Z,2022,eng.3,Fleetwood Town,Bolton Wanderers,1,2,0,642851
2022-11-19T15:00:00Z,2022,eng.3,Sheffield Wednesday,Shrewsbury Town,1,0,0,642852
2022-11-19T15:00:00Z,2022,eng.3,Lincoln City,Morecambe,2,1,0,642853
2022-11-19T15:00:00Z,2022,eng.3,Oxford United,Forest Green Rovers,1,1,0,642854
2022-11-19T15:00:00Z,2022,eng.3,Port Vale,Charlton Athletic,1,0,0,642855
2022-11-19T15:00:00Z,2022,eng.5,Barnet,Torquay United,1,0,0,647204
2022-11-19T15:00:00Z,2022,eng.5,Chesterfield,Solihull Moors,2,0,0,647205
2022-11-19T15:00:00Z,2022,eng.5,York City,Wealdstone,1,2,0,647206
2022-11-19T15:00:00Z,2022,eng.5,Wrexham,Aldershot Town,2,0,0,647207
2022-11-19T15:00:00Z,2022,eng.5,Woking,Altrincham,1,1,0,647208
2022-11-19T15:00:00Z,2022,eng.5,Notts County,Yeovil Town,0,0,0,647209
2022-11-19T15:00:00Z,2022,eng.5,Maidstone United,Oldham Athletic,0,0,0,647210
2022-11-19T15:00:00Z,2022,eng.5,Maidenhead United,Eastleigh,2,1,0,647211
2022-11-19T15:00:00Z,2022,eng.5,Gateshead,Southend United,3,1,0,647212
2022-11-19T15:00:00Z,2022,eng.5,FC Halifax Town,Boreham Wood,1,0,0,647213
2022-11-19T15:00:00Z,2022,eng.5,Dorking Wanderers,Bromley,2,3,0,647214
2022-11-19T15:00:00Z,2022,eng.5,Dagenham & Redbridge,Scunthorpe United,2,1,0,647215
2022-11-19T15:00:00Z,2022,fifa.friendly,Kuwait,Lebanon,2,0,0,656819
2022-11-19T15:00:00Z,2022,nor.1.promotion.relegation,Kongsvinger,Sandefjord,2,1,0,657263
2022-11-19T15:15:00Z,2022,esp.2,Ponferradina,Real Oviedo,1,1,0,644323
2022-11-19T15:30:00Z,2022,ned.2,FC Den Bosch,VVV-Venlo,0,2,0,637658
2022-11-19T15:30:00Z,2022,fifa.friendly,United Arab Emirates,Kazakhstan,2,1,0,653773
2022-11-19T16:00:00Z,2022,fifa.friendly,Burkina Faso,Ivory Coast,2,1,0,656800
2022-11-19T16:30:00Z,2022,fifa.friendly,Albania,Armenia,2,0,0,655627
2022-11-19T16:30:00Z,2022,fifa.friendly_u21,Italy U21,Germany U21,2,4,0,656985
2022-11-19T17:00:00Z,2022,fifa.friendly,Türkiye,Czechia,2,1,0,654569
2022-11-19T17:00:00Z,2022,fifa.friendly,Kosovo,Faroe Islands,1,1,0,655599
2022-11-19T17:00:00Z,2022,fifa.friendly,Gibraltar,Andorra,1,0,0,655813
2022-11-19T17:30:00Z,2022,esp.2,Tenerife,Huesca,2,0,0,644319
2022-11-19T17:30:00Z,2022,esp.2,Sporting Gijón,Leganés,2,2,0,644320
2022-11-19T17:45:00Z,2022,ned.2,Heracles Almelo,TOP Oss,3,0,0,637659
2022-11-19T19:00:00Z,2022,ned.2,MVV Maastricht,Almere City,1,0,0,637662
2022-11-19T19:00:00Z,2022,fifa.friendly,Burundi,Guinea,1,0,0,657754
2022-11-19T19:30:00Z,2022,fifa.friendly,Sweden,Algeria,2,0,0,655912
2022-11-19T20:00:00Z,2022,ned.2,NAC Breda,PEC Zwolle,0,2,0,637660
2022-11-19T20:00:00Z,2022,esp.2,Real Zaragoza,Málaga,1,1,0,644321
2022-11-19T21:00:00Z,2022,hon.1,UPNFM,Vida,3,2,0,648281
2022-11-19T21:00:00Z,2022,hon.1,Club Deportivo Victoria,FC Motagua,1,0,0,648282
2022-11-19T21:00:00Z,2022,hon.1,Honduras Progreso,Real España,0,0,0,648283
2022-11-19T21:00:00Z,2022,hon.1,Club Deportivo Marathón,Olancho FC,4,0,0,648284
2022-11-19T21:00:00Z,2022,hon.1,Club Deportivo Olimpia,C.D.Real Sociedad,2,0,0,648285
2022-11-19T21:00:00Z,2022,club.friendly,FC Cologne,VfB Stuttgart,2,4,0,656999
2022-11-19T23:10:00Z,2022,arg.2,Instituto (Córdoba),Estudiantes (Buenos Aires),1,1,0,656834
2022-11-20T01:20:00Z,2022,fifa.friendly,Colombia,Paraguay,2,0,0,655550
2022-11-20T02:00:00Z,2022,fifa.friendly,Peru,Bolivia,1,0,0,654612
2022-11-20T03:00:00Z,2022,fifa.friendly,Guatemala,Nicaragua,3,1,0,656818
2022-11-20T12:00:00Z,2022,fifa.friendly,Uzbekistan,Russia,0,0,0,657002
2022-11-20T12:15:00Z,2022,fifa.friendly,Guinea-Bissau,Gambia,0,0,0,657761
2022-11-20T12:30:00Z,2022,fifa.friendly,Slovakia,Chile,0,0,0,654735
2022-11-20T13:00:00Z,2022,esp.2,Villarreal B,UD Ibiza,1,0,0,644318
2022-11-20T13:00:00Z,2022,fifa.friendly,North Macedonia,Azerbaijan,1,3,0,654069
2022-11-20T13:00:00Z,2022,fifa.friendly,Norway,Finland,1,1,0,654139
2022-11-20T13:00:00Z,2022,fifa.friendly,South Africa,Angola,1,1,0,656802
2022-11-20T13:30:00Z,2022,ned.2,FC Dordrecht,Willem II,2,2,0,637661
2022-11-20T14:00:00Z,2022,fifa.friendly,Slovenia,Montenegro,1,0,0,651170
2022-11-20T14:00:00Z,2022,fifa.friendly,Luxembourg,Bulgaria,0,0,0,653323
2022-11-20T14:00:00Z,2022,ind.1,FC Goa,Mohun Bagan Super Giant,3,0,0,653359
2022-11-20T14:00:00Z,2022,fifa.friendly,Oman,Belarus,2,0,0,656986
2022-11-20T15:15:00Z,2022,esp.2,FC Andorra,Lugo,4,0,0,644317
2022-11-20T16:00:00Z,2022,fifa.world,Qatar,Ecuador,0,2,0,633790
2022-11-20T16:00:00Z,2022,fifa.friendly,Gabon,Niger,3,1,0,657755
2022-11-20T16:30:00Z,2022,fifa.friendly,Israel,Cyprus,2,3,0,654681
2022-11-20T17:00:00Z,2022,fifa.friendly,Syria,Venezuela,1,2,0,657120
2022-11-20T18:00:00Z,2022,gua.1,Iztapa,CD Guastatoya,0,1,0,641067
2022-11-20T18:00:00Z,2022,esp.2,Eibar,Alavés,0,0,0,644316
2022-11-20T18:00:00Z,2022,esp.2,Racing Santander,Burgos,0,1,0,644322
2022-11-20T18:30:00Z,2022,fifa.friendly,Moldova,Romania,0,5,0,650695
2022-11-20T19:00:00Z,2022,gua.1,CD Malacateco,Xinabajul,2,1,0,641065
2022-11-20T19:00:00Z,2022,fifa.friendly,Malta,Republic of Ireland,0,1,0,654249
2022-11-20T19:15:00Z,2022,fifa.friendly,Hungary,Greece,2,1,0,653324
2022-11-20T19:45:00Z,2022,fifa.friendly,Austria,Italy,2,0,0,654066
2022-11-20T20:00:00Z,2022,esp.2,Levante,Las Palmas,1,1,0,644325
2022-11-20T20:00:00Z,2022,fifa.friendly,St. Lucia,San Marino,1,0,0,656820
2022-11-20T21:00:00Z,2022,gua.1,CD Achuapa,Deportivo Mixco,4,1,0,641064
2022-11-21T11:00:00Z,2022,chn.1,Changchun Yatai,Hebei FC,4,1,0,650737
2022-11-21T11:00:00Z,2022,chn.1,Tianjin Jinmen Tiger,Shanghai Shenhua,2,1,0,650741
2022-11-21T11:30:00Z,2022,chn.1,Guangzhou City,Beijing Guoan,1,2,0,650843
2022-11-21T11:30:00Z,2022,chn.1,Wuhan Three Towns,Meizhou Hakka,3,0,0,650846
2022-11-21T11:30:00Z,2022,chn.1,Chengdu Rongcheng,Shandong Taishan,2,1,0,650847
2022-11-21T13:00:00Z,2022,fifa.world,England,Iran,6,2,0,633789
2022-11-21T14:00:00Z,2022,fifa.friendly_u21,Georgia U21,Ukraine U21,1,1,0,671008
2022-11-21T16:00:00Z,2022,fifa.world,Senegal,Netherlands,0,2,0,633788
2022-11-21T19:00:00Z,2022,fifa.world,United States,Wales,1,1,0,633787
2022-11-21T20:00:00Z,2022,esp.2,Mirandés,FC Cartagena,2,1,0,644324
2022-11-22T10:00:00Z,2022,fifa.world,Argentina,Saudi Arabia,1,2,0,633794
2022-11-22T11:00:00Z,2022,chn.1,Cangzhou Mighty Lions,Dalian Professional,1,1,0,650844
2022-11-22T11:30:00Z,2022,chn.1,Zhejiang Professional FC,Shanghai Port,2,1,0,650849
2022-11-22T11:30:00Z,2022,chn.1,Henan,Wuhan Yangtze River,3,0,0,650850
2022-11-22T11:30:00Z,2022,chn.1,Shenzhen FC,Guangzhou,2,1,0,650851
2022-11-22T13:00:00Z,2022,fifa.world,Denmark,Tunisia,0,0,0,633791
2022-11-22T16:00:00Z,2022,fifa.world,Mexico,Poland,0,0,0,633793
2022-11-22T16:00:00Z,2022,esp.copa_de_la_reina,Espanyol,Villarreal,1,2,0,657762
2022-11-22T18:30:00Z,2022,esp.copa_de_la_reina,Granada,Real Betis,3,1,0,657764
2022-11-22T19:00:00Z,2022,fifa.world,France,Australia,4,1,0,633792
2022-11-22T19:00:00Z,2022,eng.trophy,Lincoln City,Morecambe,1,1,0,657029
2022-11-22T19:00:00Z,2022,eng.trophy,Milton Keynes Dons,Newport County,3,1,0,657030
2022-11-22T19:00:00Z,2022,eng.trophy,Plymouth Argyle,Charlton Athletic,3,2,0,657031
2022-11-22T19:00:00Z,2022,eng.trophy,Wolverhampton Wanderers U21,Manchester United U21,0,0,0,657032
2022-11-22T19:00:00Z,2022,eng.trophy,Stevenage,Arsenal U21,3,2,0,657034
2022-11-22T19:00:00Z,2022,eng.trophy,Burton Albion,Tranmere Rovers,1,1,0,657036
2022-11-22T19:00:00Z,2022,eng.trophy,Forest Green Rovers,Cheltenham Town,1,1,0,657042
2022-11-22T19:15:00Z,2022,fifa.friendly_u21,Portugal U21,Japan U21,1,2,0,671009
2022-11-22T19:30:00Z,2022,eng.trophy,Grimsby Town,Accrington Stanley,0,1,0,657027
2022-11-22T19:30:00Z,2022,eng.trophy,Salford City,Bradford City,1,0,0,657033
2022-11-22T19:30:00Z,2022,eng.trophy,Peterborough United,Chelsea U21,2,4,0,657035
2022-11-22T19:30:00Z,2022,esp.copa_de_la_reina,Fundación Tenerife,Eibar,2,1,0,657763
2022-11-22T19:45:00Z,2022,eng.4,Crawley Town,Gillingham,0,0,0,642164
2022-11-22T19:45:00Z,2022,eng.trophy,Ipswich Town,Portsmouth,0,2,0,657028
2022-11-22T19:45:00Z,2022,eng.trophy,Bolton Wanderers,Barrow,3,2,0,657037
2022-11-22T19:45:00Z,2022,eng.trophy,AFC Wimbledon,Sutton United,1,0,0,657038
2022-11-23T01:35:00Z,2022,col.1,Independiente Medellín,Águilas Doradas,2,1,0,656025
2022-11-23T10:00:00Z,2022,fifa.world,Morocco,Croatia,0,0,0,633795
2022-11-23T13:00:00Z,2022,fifa.world,Germany,Japan,1,2,0,633797
2022-11-23T16:00:00Z,2022,fifa.world,Spain,Costa Rica,7,0,0,633798
2022-11-23T17:00:00Z,2022,esp.copa_de_la_reina,Osasuna,Sporting de Huelva,2,0,0,657765
2022-11-23T17:30:00Z,2022,esp.copa_de_la_reina,Fundación Albacete,Rayo Vallecano,1,0,0,657766
2022-11-23T18:30:00Z,2022,esp.copa_de_la_reina,Córdoba,Madrid CFF,0,4,0,657767
2022-11-23T19:00:00Z,2022,fifa.world,Belgium,Canada,1,0,0,633796
2022-11-23T19:00:00Z,2022,esp.copa_de_la_reina,Alhama,Valencia,1,0,0,657768
2022-11-23T19:00:00Z,2022,esp.copa_de_la_reina,Real Oviedo,Alavés,1,1,0,657769
2022-11-23T19:30:00Z,2022,eng.trophy,Port Vale,Barnsley,2,1,0,657039
2022-11-23T19:30:00Z,2022,eng.trophy,Colchester United,Bristol Rovers,1,2,0,657041
2022-11-23T21:00:00Z,2022,gua.1,Municipal,Santa Lucía Cotzumalguapa,2,0,0,641066
2022-11-23T21:00:00Z,2022,gua.1,Cobán Imperial,Xelajú MC,1,0,0,641068
2022-11-23T23:30:00Z,2022,col.1,Atlético Junior,Independiente Santa Fe,2,3,0,656023
2022-11-23T23:30:00Z,2022,col.1,Deportivo Pasto,América de Cali,1,0,0,656024
2022-11-24T01:30:00Z,2022,hon.1,Club Deportivo Victoria,Real España,1,1,0,657819
2022-11-24T01:35:00Z,2022,col.1,Deportivo Pereira,Millonarios,2,1,0,656022
2022-11-24T02:00:00Z,2022,gua.1,Antigua GFC,Comunicaciones,3,0,0,641069
2022-11-24T10:00:00Z,2022,fifa.world,Switzerland,Cameroon,1,0,0,633801
2022-11-24T12:30:00Z,2022,club.friendly,Lion City Sailors FC,Borussia Dortmund,2,7,0,655815
2022-11-24T13:00:00Z,2022,fifa.world,Uruguay,South Korea,0,0,0,633799
2022-11-24T14:00:00Z,2022,ind.1,Odisha FC,Chennaiyin FC,3,2,0,653360
2022-11-24T16:00:00Z,2022,fifa.world,Portugal,Ghana,3,2,0,633800
2022-11-24T19:00:00Z,2022,fifa.world,Brazil,Serbia,2,0,0,633802
2022-11-24T21:00:00Z,2022,hon.1,Club Deportivo Marathón,Olancho FC,1,0,0,657820
2022-11-24T23:00:00Z,2022,fifa.friendly,Suriname,Bonaire,4,1,0,658380
2022-11-25T10:00:00Z,2022,fifa.world,Wales,Iran,0,2,0,633806
2022-11-25T10:30:00Z,2022,club.friendly,Nagoya Grampus,AS Roma,0,0,0,656201
2022-11-25T11:00:00Z,2022,chn.1,Chengdu Rongcheng,Guangzhou City,3,0,0,650858
2022-11-25T11:30:00Z,2022,chn.1,Shanghai Shenhua,Beijing Guoan,1,2,0,650856
2022-11-25T13:00:00Z,2022,fifa.world,Qatar,Senegal,1,3,0,633803
2022-11-25T14:00:00Z,2022,ind.1,NorthEast United FC,Mumbai City FC,1,3,0,653361
2022-11-25T16:00:00Z,2022,fifa.world,Netherlands,Ecuador,1,1,0,633805
2022-11-25T19:00:00Z,2022,fifa.world,England,United States,0,0,0,633804
2022-11-25T19:45:00Z,2022,sco.tennents,BSC Glasgow,Alloa Athletic,1,2,0,655785
2022-11-25T20:00:00Z,2022,esp.2,Huesca,Sporting Gijón,0,0,0,644333
2022-11-26T07:00:00Z,2022,chn.1,Changchun Yatai,Cangzhou Mighty Lions,0,2,0,650852
2022-11-26T07:00:00Z,2022,chn.1,Dalian Professional,Meizhou Hakka,2,1,0,650857
2022-11-26T09:30:00Z,2022,chn.1,Shandong Taishan,Wuhan Yangtze River,5,0,0,650859
2022-11-26T10:00:00Z,2022,fifa.world,Tunisia,Australia,0,1,0,633808
2022-11-26T11:00:00Z,2022,chn.1,Hebei FC,Zhejiang Professional FC,1,6,0,650860
2022-11-26T11:30:00Z,2022,chn.1,Shenzhen FC,Wuhan Three Towns,0,4,0,650752
2022-11-26T11:30:00Z,2022,chn.1,Guangzhou,Henan,1,1,0,650853
2022-11-26T12:00:00Z,2022,chn.1,Tianjin Jinmen Tiger,Shanghai Port,1,0,0,650855
2022-11-26T12:00:00Z,2022,ind.1,FC Goa,Bengaluru FC,0,2,0,653362
2022-11-26T12:45:00Z,2022,eng.fa,Kings Lynn Town,Stevenage,0,3,0,656921
2022-11-26T13:00:00Z,2022,fifa.world,Poland,Saudi Arabia,2,0,0,633809
2022-11-26T13:30:00Z,2022,sco.tennents,Drumchapel United,Edinburgh City,1,0,0,655788
2022-11-26T14:00:00Z,2022,ita.2,Parma,Modena,1,2,0,649743
2022-11-26T14:00:00Z,2022,ind.1,Mohun Bagan Super Giant,Hyderabad,1,0,0,653363
2022-11-26T14:30:00Z,2022,sco.tennents,Hamilton Academical,East Kilbride,4,0,0,655793
2022-11-26T15:00:00Z,2022,eng.5,Aldershot Town,Southend United,2,0,0,647216
2022-11-26T15:00:00Z,2022,eng.5,Wealdstone,Scunthorpe United,3,1,0,647218
2022-11-26T15:00:00Z,2022,eng.5,Torquay United,Gateshead,1,1,0,647219
2022-11-26T15:00:00Z,2022,eng.5,Yeovil Town,FC Halifax Town,1,0,0,647221
2022-11-26T15:00:00Z,2022,eng.5,Maidstone United,Maidenhead United,3,2,0,647222
2022-11-26T15:00:00Z,2022,eng.5,Dorking Wanderers,York City,1,0,0,647223
2022-11-26T15:00:00Z,2022,eng.5,Altrincham,Eastleigh,2,1,0,647226
2022-11-26T15:00:00Z,2022,sco.tennents,Cove Rangers,Dunipace,7,0,0,655787
2022-11-26T15:00:00Z,2022,sco.tennents,Dundee,Airdrieonians,6,2,0,655789
2022-11-26T15:00:00Z,2022,sco.tennents,Dunfermline Athletic,Forfar Athletic,4,0,0,655790
2022-11-26T15:00:00Z,2022,sco.tennents,Formartine United,Stenhousemuir,1,3,0,655791
2022-11-26T15:00:00Z,2022,sco.tennents,Fraserburgh,Arbroath,0,2,0,655792
2022-11-26T15:00:00Z,2022,sco.tennents,Hill of Beath Hawthorn,Elgin City,1,2,0,655794
2022-11-26T15:00:00Z,2022,sco.tennents,Inverness Caledonian Thistle,Stirling Albion,3,2,0,655795
2022-11-26T15:00:00Z,2022,sco.tennents,Linlithgow Rose,Sauchie Juniors,1,0,0,655796
2022-11-26T15:00:00Z,2022,sco.tennents,Montrose,Darvel,2,5,0,655797
2022-11-26T15:00:00Z,2022,sco.tennents,Greenock Morton,Queen of the South,4,1,0,655798
2022-11-26T15:00:00Z,2022,sco.tennents,Partick Thistle,Kelty Hearts,3,0,0,655799
2022-11-26T15:00:00Z,2022,sco.tennents,Peterhead,Queen's Park,0,3,0,655800
2022-11-26T15:00:00Z,2022,sco.tennents,Raith Rovers,Auchinleck Talbot,3,0,0,655801
2022-11-26T15:00:00Z,2022,sco.tennents,Wick Academy,Falkirk,0,6,0,655802
2022-11-26T15:00:00Z,2022,sco.tennents,Albion Rovers,Stirling University,0,1,0,655803
2022-11-26T15:00:00Z,2022,eng.fa,Hartlepool United,Harrogate Town,3,1,0,656914
2022-11-26T15:00:00Z,2022,eng.fa,Shrewsbury Town,Peterborough United,3,1,0,656915
2022-11-26T15:00:00Z,2022,eng.fa,Walsall,Carlisle United,2,1,0,656917
2022-11-26T15:00:00Z,2022,eng.fa,Sheffield Wednesday,Mansfield Town,2,1,0,656918
2022-11-26T15:00:00Z,2022,eng.fa,Portsmouth,Milton Keynes Dons,3,2,0,656919
2022-11-26T15:00:00Z,2022,eng.fa,Forest Green Rovers,Alvechurch,2,1,0,656922
2022-11-26T15:00:00Z,2022,eng.fa,Charlton Athletic,Stockport County,2,2,0,656925
2022-11-26T15:00:00Z,2022,eng.fa,Barnsley,Crewe Alexandra,3,0,0,656928
2022-11-26T15:00:00Z,2022,eng.fa,Accrington Stanley,Barnet,1,0,0,656929
2022-11-26T15:00:00Z,2022,eng.fa,AFC Wimbledon,Chesterfield,0,2,0,656931
2022-11-26T15:00:00Z,2022,eng.fa,Cambridge United,Grimsby Town,1,2,0,656932
2022-11-26T15:00:00Z,2022,eng.fa,Oxford United,Exeter City,4,1,0,656933
2022-11-26T15:15:00Z,2022,esp.2,Alavés,Villarreal B,2,0,0,644327
2022-11-26T15:15:00Z,2022,esp.2,Málaga,Ponferradina,1,0,0,644328
2022-11-26T15:15:00Z,2022,eng.fa,Wrexham,Farnborough,4,1,0,656926
2022-11-26T16:00:00Z,2022,fifa.world,France,Denmark,2,1,0,633810
2022-11-26T17:00:00Z,2022,ita.2,Pisa,Ternana,3,1,0,649741
2022-11-26T17:00:00Z,2022,eng.fa,Dagenham & Redbridge,Gillingham,1,1,0,656924
2022-11-26T17:30:00Z,2022,esp.2,Real Oviedo,Mirandés,1,0,0,644332
2022-11-26T17:30:00Z,2022,esp.2,Albacete,Racing Santander,2,1,0,644336
2022-11-26T19:00:00Z,2022,fifa.world,Argentina,Mexico,2,0,0,633807
2022-11-26T19:45:00Z,2022,sco.tennents,Clyde,Dumbarton,1,3,0,655786
2022-11-26T21:00:00Z,2022,esp.2,Las Palmas,Tenerife,3,1,0,644331
2022-11-26T23:00:00Z,2022,col.1,Águilas Doradas,Deportivo Pasto,3,4,0,656029
2022-11-27T01:00:00Z,2022,hon.1,Real España,Club Deportivo Victoria,1,2,0,657822
2022-11-27T01:00:00Z,2022,fifa.friendly,Curaçao,Suriname,2,2,0,658381
2022-11-27T01:05:00Z,2022,col.1,Independiente Medellín,América de Cali,2,1,0,656028
2022-11-27T10:00:00Z,2022,fifa.world,Japan,Costa Rica,0,1,0,633813
2022-11-27T11:30:00Z,2022,ita.2,Reggina,Benevento,2,2,0,649745
2022-11-27T12:30:00Z,2022,eng.fa,Ebbsfleet United,Fleetwood Town,0,1,0,656923
2022-11-27T13:00:00Z,2022,fifa.world,Belgium,Morocco,0,2,0,633814
2022-11-27T13:00:00Z,2022,esp.2,Burgos,Real Zaragoza,2,2,0,644335
2022-11-27T14:00:00Z,2022,ita.2,Cittadella,Cosenza,1,1,0,649736
2022-11-27T14:00:00Z,2022,ita.2,Brescia,SPAL,2,0,0,649737
2022-11-27T14:00:00Z,2022,ita.2,Como,Bari,1,1,0,649738
2022-11-27T14:00:00Z,2022,ita.2,Frosinone,Cagliari,2,2,0,649739
2022-11-27T14:00:00Z,2022,ita.2,Perugia,Genoa,1,0,0,649742
2022-11-27T14:00:00Z,2022,ita.2,Sudtirol,Ascoli,2,2,0,649744
2022-11-27T14:00:00Z,2022,ind.1,Jamshedpur FC,SC East Bengal,1,3,0,653364
2022-11-27T14:00:00Z,2022,eng.fa,Bristol Rovers,Boreham Wood,0,2,0,656927
2022-11-27T14:00:00Z,2022,eng.fa,Burton Albion,Chippenham Town,6,1,0,656930
2022-11-27T15:00:00Z,2022,esp.2,Leganés,Granada,1,0,0,644330
2022-11-27T15:15:00Z,2022,esp.2,Lugo,Levante,1,1,0,644329
2022-11-27T15:15:00Z,2022,eng.fa,Newport County,Derby County,1,2,0,656920
2022-11-27T16:00:00Z,2022,fifa.world,Croatia,Canada,4,1,0,633811
2022-11-27T17:00:00Z,2022,gua.1,CD Guastatoya,Antigua GFC,2,2,0,641070
2022-11-27T17:00:00Z,2022,gua.1,Deportivo Mixco,Iztapa,2,2,0,641071
2022-11-27T17:00:00Z,2022,gua.1,Comunicaciones,CD Malacateco,2,1,0,641072
2022-11-27T17:00:00Z,2022,gua.1,Xinabajul,Municipal,0,1,0,641073
2022-11-27T17:00:00Z,2022,gua.1,Xelajú MC,CD Achuapa,1,1,0,641074
2022-11-27T17:00:00Z,2022,gua.1,Santa Lucía Cotzumalguapa,Cobán Imperial,1,3,0,641075
2022-11-27T17:00:00Z,2022,esp.2,FC Cartagena,Eibar,2,1,0,644334
2022-11-27T17:00:00Z,2022,ita.2,Palermo,Venezia,0,1,0,649740
2022-11-27T17:00:00Z,2022,eng.fa,Ipswich Town,Buxton,4,0,0,656916
2022-11-27T19:00:00Z,2022,fifa.world,Spain,Germany,1,1,0,633812
2022-11-27T19:00:00Z,2022,bol.ply.rel,Libertad Gran Mamoré,Universitario de Sucre,3,0,0,657980
2022-11-27T21:00:00Z,2022,hon.1,Olancho FC,Club Deportivo Marathón,1,1,0,657821
2022-11-27T23:00:00Z,2022,col.1,Millonarios,Atlético Junior,1,0,0,656027
2022-11-28T01:05:00Z,2022,col.1,Deportivo Pereira,Independiente Santa Fe,5,1,0,656026
2022-11-28T10:00:00Z,2022,fifa.world,Cameroon,Serbia,3,3,0,633816
2022-11-28T10:30:00Z,2022,club.friendly,AS Roma,Yokohama F. Marinos,3,3,0,655816
2022-11-28T11:00:00Z,2022,club.friendly,Johor Darul Ta'zim,Borussia Dortmund,1,4,0,657003
2022-11-28T13:00:00Z,2022,fifa.world,South Korea,Ghana,2,3,0,633818
2022-11-28T16:00:00Z,2022,fifa.world,Brazil,Switzerland,1,0,0,633815
2022-11-28T19:00:00Z,2022,fifa.world,Portugal,Uruguay,2,0,0,633817
2022-11-28T19:45:00Z,2022,sco.tennents,Ayr United,Pollok,1,0,0,655804
2022-11-28T20:00:00Z,2022,esp.2,UD Ibiza,FC Andorra,0,1,0,644337
2022-11-29T15:00:00Z,2022,fifa.world,Ecuador,Senegal,1,2,0,633819
2022-11-29T15:00:00Z,2022,fifa.world,Netherlands,Qatar,2,0,0,633821
2022-11-29T16:00:00Z,2022,club.friendly,Besiktas,Istanbulspor,4,0,0,658034
2022-11-29T19:00:00Z,2022,fifa.world,Wales,England,0,3,0,633820
2022-11-29T19:00:00Z,2022,fifa.world,Iran,United States,0,1,0,633822
2022-11-30T07:00:00Z,2022,chn.1,Shandong Taishan,Cangzhou Mighty Lions,2,3,0,650862
2022-11-30T11:00:00Z,2022,chn.1,Tianjin Jinmen Tiger,Guangzhou City,1,0,0,650754
2022-11-30T11:00:00Z,2022,chn.1,Hebei FC,Dalian Professional,1,4,0,650868
2022-11-30T11:30:00Z,2022,chn.1,Shanghai Port,Henan,1,3,0,650861
2022-11-30T11:30:00Z,2022,chn.1,Wuhan Three Towns,Changchun Yatai,2,3,0,650864
2022-11-30T11:30:00Z,2022,chn.1,Zhejiang Professional FC,Beijing Guoan,2,0,0,650867
2022-11-30T11:30:00Z,2022,chn.1,Shenzhen FC,Wuhan Yangtze River,1,2,0,650869
2022-11-30T12:00:00Z,2022,club.friendly,Vietnam,Borussia Dortmund,2,1,0,663467
2022-11-30T15:00:00Z,2022,fifa.world,Tunisia,France,1,0,0,633825
2022-11-30T15:00:00Z,2022,fifa.world,Australia,Denmark,1,0,0,633826
2022-11-30T17:00:00Z,2022,club.friendly,Fenerbahce,Rayo Vallecano,3,1,0,657121
2022-11-30T17:00:00Z,2022,gua.1,CD Guastatoya,Comunicaciones,0,0,0,658280
2022-11-30T19:00:00Z,2022,fifa.world,Saudi Arabia,Mexico,1,2,0,633823
2022-11-30T19:00:00Z,2022,fifa.world,Poland,Argentina,0,2,0,633824
2022-11-30T19:00:00Z,2022,eng.trophy,Everton U21,Mansfield Town,2,1,0,657040
2022-11-30T20:00:00Z,2022,esp.2,Tenerife,Real Oviedo,0,1,0,644347
2022-11-30T21:00:00Z,2022,gua.1,Municipal,CD Malacateco,2,0,0,658281
2022-11-30T23:00:00Z,2022,bol.ply.rel,Universitario de Sucre,Libertad Gran Mamoré,0,3,0,657981
2022-11-30T23:30:00Z,2022,col.1,América de Cali,Águilas Doradas,1,1,0,656032
2022-11-30T23:30:00Z,2022,col.1,Deportivo Pasto,Independiente Medellín,0,0,0,656033
2022-12-01T01:30:00Z,2022,hon.1,Club Deportivo Victoria,FC Motagua,0,0,0,657824
2022-12-01T01:35:00Z,2022,col.1,Independiente Santa Fe,Millonarios,1,1,0,656030
2022-12-01T01:35:00Z,2022,col.1,Atlético Junior,Deportivo Pereira,0,2,0,656031
2022-12-01T11:00:00Z,2022,chn.1,Chengdu Rongcheng,Guangzhou,2,0,0,650863
2022-12-01T11:30:00Z,2022,chn.1,Meizhou Hakka,Shanghai Shenhua,0,1,0,650866
2022-12-01T14:00:00Z,2022,ind.1,Mumbai City FC,FC Goa,4,1,0,653365
2022-12-01T15:00:00Z,2022,fifa.world,Canada,Morocco,1,2,0,633829
2022-12-01T15:00:00Z,2022,fifa.world,Croatia,Belgium,0,0,0,633830
2022-12-01T19:00:00Z,2022,fifa.world,Costa Rica,Germany,2,4,0,633827
2022-12-01T19:00:00Z,2022,fifa.world,Japan,Spain,2,1,0,633828
2022-12-01T21:00:00Z,2022,gua.1,CD Achuapa,Antigua GFC,1,1,0,658282
2022-12-01T21:05:00Z,2022,hon.1,Club Deportivo Marathón,Club Deportivo Olimpia,1,3,0,657823
2022-12-02T03:00:00Z,2022,gua.1,Xelajú MC,Cobán Imperial,0,0,0,658283
2022-12-02T10:00:00Z,2022,club.friendly,FC Liefering,Graficar,2,3,0,658030
2022-12-02T14:00:00Z,2022,ind.1,Odisha FC,NorthEast United FC,2,1,0,653366
2022-12-02T15:00:00Z,2022,fifa.world,South Korea,Portugal,2,1,0,633832
2022-12-02T15:00:00Z,2022,fifa.world,Ghana,Uruguay,0,2,0,633834
2022-12-02T16:00:00Z,2022,club.friendly,Besiktas,Fatih Karagümrük,1,1,0,658035
2022-12-02T19:00:00Z,2022,fifa.world,Cameroon,Brazil,1,0,0,633831
2022-12-02T19:00:00Z,2022,fifa.world,Serbia,Switzerland,2,3,0,633833
2022-12-02T19:45:00Z,2022,eng.4,Stevenage,Barrow,5,0,0,642314
2022-12-02T19:45:00Z,2022,eng.4,Doncaster Rovers,Walsall,0,2,0,642315
2022-12-02T19:45:00Z,2022,eng.4,Crewe Alexandra,Newport County,1,2,0,642316
2022-12-02T19:45:00Z,2022,eng.3,Charlton Athletic,Cheltenham Town,0,1,0,642860
2022-12-02T19:45:00Z,2022,eng.3,Bolton Wanderers,Bristol Rovers,1,1,0,642861
2022-12-02T19:45:00Z,2022,eng.3,Ipswich Town,Fleetwood Town,1,1,0,642863
2022-12-02T19:45:00Z,2022,eng.3,Morecambe,Exeter City,1,1,0,642865
2022-12-02T19:45:00Z,2022,eng.3,Peterborough United,Barnsley,1,2,0,642866
2022-12-02T19:45:00Z,2022,eng.3,Plymouth Argyle,Port Vale,0,2,0,642867
2022-12-02T20:30:00Z,2022,esp.2,Granada,Alavés,3,1,0,644340
2022-12-03T10:00:00Z,2022,club.friendly,Ajax Amsterdam,Blackburn Rovers,0,2,0,658367
2022-12-03T12:00:00Z,2022,ind.1,Chennaiyin FC,Hyderabad,1,3,0,653367
2022-12-03T12:30:00Z,2022,eng.4,AFC Wimbledon,Grimsby Town,1,0,0,642306
2022-12-03T12:30:00Z,2022,eng.4,Gillingham,Salford City,0,3,0,642308
2022-12-03T12:30:00Z,2022,eng.4,Leyton Orient,Bradford City,3,0,0,642312
2022-12-03T12:30:00Z,2022,eng.3,Derby County,Sheffield Wednesday,0,0,0,642859
2022-12-03T12:30:00Z,2022,eng.3,Milton Keynes Dons,Burton Albion,1,1,0,642864
2022-12-03T12:30:00Z,2022,eng.3,Shrewsbury Town,Lincoln City,2,0,0,642868
2022-12-03T12:30:00Z,2022,eng.2,Sunderland,Millwall,3,0,0,643287
2022-12-03T12:30:00Z,2022,eng.5,Barnet,Wealdstone,2,0,0,647228
2022-12-03T12:30:00Z,2022,eng.5,Dagenham & Redbridge,Torquay United,0,1,0,647230
2022-12-03T12:30:00Z,2022,eng.5,Eastleigh,Boreham Wood,1,0,0,647231
2022-12-03T12:30:00Z,2022,eng.5,FC Halifax Town,Chesterfield,1,0,0,647232
2022-12-03T12:30:00Z,2022,eng.5,Gateshead,Aldershot Town,0,2,0,647233
2022-12-03T12:30:00Z,2022,eng.5,Maidenhead United,Dorking Wanderers,1,1,0,647234
2022-12-03T12:30:00Z,2022,eng.5,Scunthorpe United,Notts County,1,4,0,647235
2022-12-03T12:30:00Z,2022,eng.5,Solihull Moors,Oldham Athletic,2,1,0,647236
2022-12-03T12:30:00Z,2022,eng.5,Southend United,Altrincham,2,2,0,647237
2022-12-03T12:30:00Z,2022,eng.5,Woking,Maidstone United,3,1,0,647238
2022-12-03T12:30:00Z,2022,eng.5,York City,Wrexham,1,1,0,647239
2022-12-03T12:30:00Z,2022,club.friendly,Crystal Palace,Botafogo,0,0,0,657261
2022-12-03T13:00:00Z,2022,eng.4,Carlisle United,Sutton United,1,1,0,642307
2022-12-03T13:00:00Z,2022,eng.3,Forest Green Rovers,Cambridge United,2,1,0,642858
2022-12-03T13:00:00Z,2022,ita.2,Venezia,Ternana,2,1,0,649752
2022-12-03T13:00:00Z,2022,club.friendly,Galatasaray,Rayo Vallecano,0,1,0,657123
2022-12-03T13:00:00Z,2022,club.friendly,Trabzonspor,Hull City,1,1,0,658272
2022-12-03T14:00:00Z,2022,ind.1,Bengaluru FC,Mohun Bagan Super Giant,0,1,0,653368
2022-12-03T15:00:00Z,2022,fifa.world,Netherlands,United States,3,1,0,633835
2022-12-03T15:00:00Z,2022,sco.2,Arbroath,Greenock Morton,1,1,0,639510
2022-12-03T15:00:00Z,2022,sco.2,Ayr United,Raith Rovers,2,0,0,639511
2022-12-03T15:00:00Z,2022,sco.2,Cove Rangers,Partick Thistle,1,1,0,639512
2022-12-03T15:00:00Z,2022,sco.2,Inverness Caledonian Thistle,Dundee,0,1,0,639513
2022-12-03T15:00:00Z,2022,sco.2,Queen's Park,Hamilton Academical,4,0,0,639514
2022-12-03T15:00:00Z,2022,eng.4,Rochdale,Harrogate Town,1,4,0,642309
2022-12-03T15:00:00Z,2022,eng.4,Northampton Town,Tranmere Rovers,0,0,0,642310
2022-12-03T15:00:00Z,2022,eng.4,Mansfield Town,Colchester United,2,1,0,642311
2022-12-03T15:00:00Z,2022,eng.4,Hartlepool United,Stockport County,0,5,0,642313
2022-12-03T15:00:00Z,2022,eng.4,Crawley Town,Swindon Town,2,0,0,642317
2022-12-03T15:00:00Z,2022,eng.3,Accrington Stanley,Oxford United,1,1,0,642862
2022-12-03T15:15:00Z,2022,esp.2,Real Zaragoza,UD Ibiza,2,1,0,644345
2022-12-03T16:00:00Z,2022,club.friendly,Fenerbahce,Villarreal,2,1,0,657122
2022-12-03T17:00:00Z,2022,ita.2,Cagliari,Parma,1,1,0,649747
2022-12-03T17:30:00Z,2022,esp.2,Mirandés,Albacete,4,2,0,644338
2022-12-03T17:30:00Z,2022,esp.2,Sporting Gijón,Las Palmas,0,1,0,644346
2022-12-03T18:00:00Z,2022,gua.1,CD Malacateco,Municipal,1,0,0,658277
2022-12-03T19:00:00Z,2022,fifa.world,Argentina,Australia,2,1,0,633836
2022-12-03T20:00:00Z,2022,esp.2,Villarreal B,Leganés,0,0,0,644343
2022-12-03T22:30:00Z,2022,hon.1,FC Motagua,Club Deportivo Victoria,2,1,0,657825
2022-12-04T00:00:00Z,2022,gua.1,Comunicaciones,CD Guastatoya,2,0,0,658276
2022-12-04T11:00:00Z,2022,chn.1,Cangzhou Mighty Lions,Wuhan Three Towns,0,4,0,650871
2022-12-04T11:30:00Z,2022,ita.2,SPAL,Modena,2,3,0,649755
2022-12-04T11:30:00Z,2022,chn.1,Guangzhou City,Shanghai Port,1,2,0,650874
2022-12-04T11:30:00Z,2022,chn.1,Wuhan Yangtze River,Changchun Yatai,1,1,0,650878
2022-12-04T12:30:00Z,2022,eng.3,Wycombe Wanderers,Portsmouth,2,0,0,642869
2022-12-04T13:00:00Z,2022,esp.2,FC Andorra,FC Cartagena,0,1,0,644341
2022-12-04T14:00:00Z,2022,ita.2,Ascoli,Como,3,3,0,649746
2022-12-04T14:00:00Z,2022,ita.2,Cosenza,Perugia,0,0,0,649748
2022-12-04T14:00:00Z,2022,ita.2,Genoa,Cittadella,0,1,0,649749
2022-12-04T14:00:00Z,2022,ita.2,Bari,Pisa,0,0,0,649750
2022-12-04T14:00:00Z,2022,ita.2,Sudtirol,Frosinone,1,1,0,649751
2022-12-04T14:00:00Z,2022,ita.2,Brescia,Reggina,0,2,0,649754
2022-12-04T14:00:00Z,2022,ind.1,Jamshedpur FC,Kerala Blasters FC,0,1,0,653369
2022-12-04T15:00:00Z,2022,fifa.world,France,Poland,3,1,0,633837
2022-12-04T15:15:00Z,2022,esp.2,Racing Santander,Lugo,0,1,0,644344
2022-12-04T17:00:00Z,2022,ita.2,Benevento,Palermo,0,1,0,649753
2022-12-04T17:30:00Z,2022,esp.2,Eibar,Huesca,2,1,0,644342
2022-12-04T19:00:00Z,2022,fifa.world,England,Senegal,3,0,0,633838
2022-12-04T20:00:00Z,2022,esp.2,Levante,Málaga,1,0,0,644339
2022-12-04T20:30:00Z,2022,gua.1,Cobán Imperial,Xelajú MC,1,0,0,658279
2022-12-04T23:00:00Z,2022,col.1,Independiente Medellín,Deportivo Pereira,1,1,0,658370
2022-12-05T00:00:00Z,2022,hon.1,Club Deportivo Olimpia,Club Deportivo Marathón,1,3,0,657826
2022-12-05T00:00:00Z,2022,gua.1,Antigua GFC,CD Achuapa,2,0,0,658278
2022-12-05T07:30:00Z,2022,chn.1,Beijing Guoan,Dalian Professional,1,3,0,650875
2022-12-05T11:00:00Z,2022,chn.1,Hebei FC,Meizhou Hakka,0,4,0,650770
2022-12-05T11:00:00Z,2022,chn.1,Tianjin Jinmen Tiger,Guangzhou,0,0,0,650876
2022-12-05T11:30:00Z,2022,chn.1,Henan,Chengdu Rongcheng,0,1,0,650870
2022-12-05T11:30:00Z,2022,chn.1,Shanghai Shenhua,Zhejiang Professional FC,0,2,0,650877
2022-12-05T15:00:00Z,2022,fifa.world,Japan,Croatia,1,1,0,633839
2022-12-05T17:00:00Z,2022,club.friendly,Gzira United,Internazionale,1,6,0,658378
2022-12-05T19:00:00Z,2022,fifa.world,Brazil,South Korea,4,1,0,633840
2022-12-05T20:00:00Z,2022,esp.2,Ponferradina,Burgos,1,2,0,644348
2022-12-06T15:00:00Z,2022,fifa.world,Morocco,Spain,0,0,0,633841
2022-12-06T17:00:00Z,2022,club.friendly,Galatasaray,Villarreal,3,4,0,657124
2022-12-06T18:00:00Z,2022,esp.2,Leganés,Mirandés,2,2,0,644354
2022-12-06T18:00:00Z,2022,esp.2,Real Oviedo,Las Palmas,0,0,0,644356
2022-12-06T19:00:00Z,2022,fifa.world,Portugal,Switzerland,6,1,0,633842
2022-12-06T19:45:00Z,2022,eng.5,FC Halifax Town,Dorking Wanderers,3,1,0,647066
2022-12-06T19:45:00Z,2022,eng.5,Boreham Wood,Oldham Athletic,2,1,0,647069
2022-12-06T20:00:00Z,2022,esp.2,Albacete,Real Zaragoza,0,0,0,644353
2022-12-07T11:00:00Z,2022,club.friendly,Ajax Amsterdam,FC Volendam,5,4,0,658368
2022-12-07T16:00:00Z,2022,club.friendly,Crystal Palace,Trabzonspor,2,2,0,658273
2022-12-07T16:00:00Z,2022,club.friendly,Alanyaspor,Fenerbahce,2,4,0,658373
2022-12-07T17:00:00Z,2022,club.friendly,Internazionale,RB Salzburg,4,0,0,657259
2022-12-07T18:00:00Z,2022,esp.2,Huesca,FC Andorra,1,0,0,644350
2022-12-07T18:00:00Z,2022,esp.2,FC Cartagena,Villarreal B,0,1,0,644351
2022-12-07T19:00:00Z,2022,club.friendly,Cádiz,Manchester United,4,2,0,656208
2022-12-07T19:30:00Z,2022,ita.2,Ternana,Cagliari,1,0,0,649760
2022-12-07T19:45:00Z,2022,eng.fa,Stockport County,Charlton Athletic,3,1,0,658327
2022-12-07T20:00:00Z,2022,esp.2,Tenerife,Alavés,2,1,0,644355
2022-12-08T00:00:00Z,2022,col.1,Deportivo Pereira,Independiente Medellín,0,0,0,658371
2022-12-08T01:00:00Z,2022,gua.1,Comunicaciones,Cobán Imperial,0,1,0,658384
2022-12-08T11:30:00Z,2022,ita.2,Parma,Benevento,0,1,0,649765
2022-12-08T13:00:00Z,2022,esp.2,Burgos,Eibar,1,2,0,644352
2022-12-08T14:00:00Z,2022,ita.2,Cosenza,Brescia,1,1,0,649756
2022-12-08T14:00:00Z,2022,ita.2,Genoa,Sudtirol,2,0,0,649757
2022-12-08T14:00:00Z,2022,ita.2,Modena,Venezia,2,2,0,649758
2022-12-08T14:00:00Z,2022,ita.2,Perugia,SPAL,0,0,0,649761
2022-12-08T14:00:00Z,2022,ita.2,Reggina,Frosinone,0,3,0,649763
2022-12-08T14:00:00Z,2022,ita.2,Cittadella,Bari,0,3,0,649764
2022-12-08T14:00:00Z,2022,ind.1,Mohun Bagan Super Giant,Jamshedpur FC,1,0,0,653370
2022-12-08T15:15:00Z,2022,esp.2,Lugo,Sporting Gijón,0,1,0,644358
2022-12-08T15:30:00Z,2022,club.friendly,Arsenal,Lyon,3,0,0,657438
2022-12-08T16:00:00Z,2022,club.friendly,Besiktas,Royal Charleroi SC,2,1,0,658036
2022-12-08T17:00:00Z,2022,ita.2,Pisa,Ascoli,2,0,0,649762
2022-12-08T17:30:00Z,2022,esp.2,UD Ibiza,Racing Santander,1,0,0,644349
2022-12-08T17:30:00Z,2022,esp.2,Levante,Ponferradina,0,0,0,644359
2022-12-08T19:15:00Z,2022,eng.fa,Gillingham,Dagenham & Redbridge,3,2,0,658328
2022-12-08T19:30:00Z,2022,ita.2,Palermo,Como,0,0,0,649759
2022-12-08T19:45:00Z,2022,sco.challenge,Falkirk,Dundee,0,3,0,657320
2022-12-08T20:00:00Z,2022,esp.2,Málaga,Granada,1,1,0,644357
2022-12-09T02:00:00Z,2022,gua.1,Municipal,Antigua GFC,0,1,0,658385
2022-12-09T08:45:00Z,2022,aus.1,Brisbane Roar,Adelaide United,1,1,0,650516
2022-12-09T11:00:00Z,2022,chn.1,Cangzhou Mighty Lions,Wuhan Yangtze River,1,0,0,650886
2022-12-09T11:30:00Z,2022,chn.1,Shanghai Shenhua,Dalian Professional,1,2,0,650879
2022-12-09T11:30:00Z,2022,chn.1,Wuhan Three Towns,Shandong Taishan,1,1,0,650880
2022-12-09T13:00:00Z,2022,club.friendly,Tottenham Hotspur,Motherwell,4,0,0,658767
2022-12-09T13:00:00Z,2022,fifa.friendly,Malaysia,Cambodia,4,0,0,659080
2022-12-09T14:00:00Z,2022,ind.1,Hyderabad,SC East Bengal,2,0,0,653371
2022-12-09T15:00:00Z,2022,fifa.world,Croatia,Brazil,1,1,0,633843
2022-12-09T19:00:00Z,2022,fifa.world,Netherlands,Argentina,2,2,0,633844
2022-12-09T19:45:00Z,2022,eng.4,Crawley Town,Hartlepool United,0,2,0,642326
2022-12-09T19:45:00Z,2022,sco.challenge,Alloa Athletic,Queen of the South,2,4,0,657321
2022-12-09T19:45:00Z,2022,sco.challenge,Arbroath,Dunfermline Athletic,1,5,0,657322
2022-12-10T06:00:00Z,2022,aus.1,Wellington Phoenix FC,Western Sydney Wanderers,1,1,0,650518
2022-12-10T07:00:00Z,2022,chn.1,Hebei FC,Beijing Guoan,0,4,0,650884
2022-12-10T07:00:00Z,2022,chn.1,Chengdu Rongcheng,Shanghai Port,0,0,0,650885
2022-12-10T08:45:00Z,2022,aus.1,Sydney FC,Melbourne City FC,2,1,0,650519
2022-12-10T11:00:00Z,2022,chn.1,Shenzhen FC,Changchun Yatai,0,2,0,650887
2022-12-10T11:30:00Z,2022,aus.1,Perth Glory,Western United,2,1,0,650517
2022-12-10T11:30:00Z,2022,chn.1,Guangzhou,Guangzhou City,0,0,0,650882
2022-12-10T11:30:00Z,2022,chn.1,Zhejiang Professional FC,Meizhou Hakka,2,0,0,650883
2022-12-10T12:00:00Z,2022,eng.2,Blackburn Rovers,Preston North End,1,4,0,643434
2022-12-10T12:00:00Z,2022,chn.1,Tianjin Jinmen Tiger,Henan,1,1,0,650779
2022-12-10T12:00:00Z,2022,ind.1,FC Goa,Odisha FC,3,0,0,653372
2022-12-10T12:00:00Z,2022,club.friendly,Feyenoord Rotterdam,KV Oostende,2,0,0,657443
2022-12-10T12:30:00Z,2022,eng.3,Shrewsbury Town,Bolton Wanderers,3,2,0,642876
2022-12-10T12:30:00Z,2022,eng.3,Ipswich Town,Peterborough United,2,1,0,642881
2022-12-10T12:30:00Z,2022,eng.2,Rotherham United,Bristol City,1,3,0,643440
2022-12-10T13:00:00Z,2022,club.friendly,Fenerbahce,Salernitana,3,0,0,658374
2022-12-10T14:00:00Z,2022,eng.3,Burton Albion,Derby County,1,1,0,642872
2022-12-10T14:00:00Z,2022,eng.3,Forest Green Rovers,Cheltenham Town,1,0,0,642875
2022-12-10T14:00:00Z,2022,eng.2,Reading,Coventry City,1,0,0,643439
2022-12-10T14:00:00Z,2022,ind.1,NorthEast United FC,Chennaiyin FC,3,7,0,653373
2022-12-10T14:00:00Z,2022,sco.challenge,Elgin City,Clyde,0,0,0,657323
2022-12-10T15:00:00Z,2022,fifa.world,Morocco,Portugal,1,0,0,633845
2022-12-10T15:00:00Z,2022,eng.4,Grimsby Town,Tranmere Rovers,2,1,0,642318
2022-12-10T15:00:00Z,2022,eng.4,Stevenage,Mansfield Town,0,0,0,642321
2022-12-10T15:00:00Z,2022,eng.4,Sutton United,Colchester United,1,0,0,642322
2022-12-10T15:00:00Z,2022,eng.4,Newport County,Doncaster Rovers,0,1,0,642323
2022-12-10T15:00:00Z,2022,eng.4,Swindon Town,AFC Wimbledon,0,0,0,642329
2022-12-10T15:00:00Z,2022,eng.3,Exeter City,Sheffield Wednesday,1,1,0,642870
2022-12-10T15:00:00Z,2022,eng.3,Cambridge United,Plymouth Argyle,0,0,0,642871
2022-12-10T15:00:00Z,2022,eng.3,Bristol Rovers,Port Vale,1,0,0,642873
2022-12-10T15:00:00Z,2022,eng.3,Milton Keynes Dons,Fleetwood Town,1,2,0,642879
2022-12-10T15:00:00Z,2022,eng.3,Lincoln City,Wycombe Wanderers,0,0,0,642880
2022-12-10T15:00:00Z,2022,eng.2,Blackpool,Birmingham City,0,0,0,643435
2022-12-10T15:00:00Z,2022,eng.2,Middlesbrough,Luton Town,2,1,0,643436
2022-12-10T15:00:00Z,2022,eng.2,Millwall,Wigan Athletic,1,1,0,643437
2022-12-10T15:00:00Z,2022,eng.2,Sheffield United,Huddersfield Town,1,0,0,643441
2022-12-10T15:00:00Z,2022,eng.2,Stoke City,Cardiff City,2,2,0,643442
2022-12-10T15:00:00Z,2022,eng.2,Swansea City,Norwich City,0,1,0,643444
2022-12-10T15:00:00Z,2022,eng.5,Eastleigh,Wrexham,0,2,0,647241
2022-12-10T15:00:00Z,2022,eng.5,Chesterfield,Dorking Wanderers,3,1,0,647242
2022-12-10T15:00:00Z,2022,eng.5,Bromley,Wealdstone,3,3,0,647243
2022-12-10T15:00:00Z,2022,eng.5,Yeovil Town,Scunthorpe United,0,0,0,647245
2022-12-10T15:00:00Z,2022,eng.5,Maidenhead United,Notts County,3,4,0,647246
2022-12-10T15:00:00Z,2022,eng.5,Maidstone United,Altrincham,2,3,0,647247
2022-12-10T15:00:00Z,2022,eng.5,Woking,York City,0,2,0,647250
2022-12-10T15:00:00Z,2022,sco.challenge,Raith Rovers,Greenock Morton,1,1,0,657324
2022-12-10T15:00:00Z,2022,sco.challenge,Queen's Park,Montrose,2,0,0,657325
2022-12-10T15:00:00Z,2022,sco.challenge,Kelty Hearts,Linfield,1,1,0,657326
2022-12-10T15:00:00Z,2022,sco.challenge,Hamilton Academical,Inverness Caledonian Thistle,2,0,0,657327
2022-12-10T15:00:00Z,2022,club.friendly,Trabzonspor,Kasimpasa,1,1,0,658274
2022-12-10T17:00:00Z,2022,club.friendly,Real Betis,Manchester United,1,0,0,656209
2022-12-10T17:00:00Z,2022,club.friendly,Galatasaray,Adana Demirspor,2,2,0,658329
2022-12-10T18:00:00Z,2022,esp.2,FC Andorra,Leganés,1,1,0,644362
2022-12-10T18:00:00Z,2022,esp.2,Villarreal B,Tenerife,2,2,0,644365
2022-12-10T19:00:00Z,2022,fifa.world,England,France,1,2,0,633846
2022-12-10T20:00:00Z,2022,esp.2,Real Zaragoza,Huesca,3,0,0,644366
2022-12-10T20:30:00Z,2022,gua.1,Cobán Imperial,Comunicaciones,2,0,0,658386
2022-12-10T22:30:00Z,2022,hon.1,FC Motagua,Club Deportivo Olimpia,0,1,0,658628
2022-12-11T04:00:00Z,2022,aus.1,Central Coast Mariners,Newcastle Jets,1,2,0,650520
2022-12-11T06:00:00Z,2022,aus.1,Macarthur FC,Melbourne Victory,0,1,0,650521
2022-12-11T11:15:00Z,2022,ned.2,Willem II,NAC Breda,1,2,0,637670
2022-12-11T11:30:00Z,2022,ita.2,Cagliari,Perugia,3,2,0,649773
2022-12-11T13:00:00Z,2022,eng.2,Queens Park Rangers,Burnley,0,3,0,643438
2022-12-11T13:00:00Z,2022,esp.2,UD Ibiza,Málaga,1,1,0,644364
2022-12-11T13:30:00Z,2022,ned.2,Almere City,ADO Den Haag,4,1,0,637664
2022-12-11T13:30:00Z,2022,ned.2,TOP Oss,FC Dordrecht,0,1,0,637665
2022-12-11T13:30:00Z,2022,ned.2,Telstar,FC Den Bosch,1,0,0,637666
2022-12-11T13:30:00Z,2022,ned.2,VVV-Venlo,MVV Maastricht,2,1,0,637667
2022-12-11T13:30:00Z,2022,ned.2,Roda JC Kerkrade,Heracles Almelo,1,3,0,637668
2022-12-11T13:30:00Z,2022,ned.2,Jong Ajax,Jong FC Utrecht,1,2,0,637669
2022-12-11T13:30:00Z,2022,ned.2,De Graafschap,FC Eindhoven,1,2,0,637671
2022-12-11T13:30:00Z,2022,fifa.friendly,Thailand,Myanmar,6,0,0,657021
2022-12-11T14:00:00Z,2022,ita.2,Benevento,Cittadella,1,0,0,649767
2022-12-11T14:00:00Z,2022,ita.2,Como,Reggina,0,1,0,649768
2022-12-11T14:00:00Z,2022,ita.2,SPAL,Palermo,1,1,0,649770
2022-12-11T14:00:00Z,2022,ita.2,Sudtirol,Ternana,0,0,0,649771
2022-12-11T14:00:00Z,2022,ita.2,Venezia,Cosenza,2,0,0,649772
2022-12-11T14:00:00Z,2022,ita.2,Ascoli,Genoa,0,0,0,649774
2022-12-11T14:00:00Z,2022,ind.1,Kerala Blasters FC,Bengaluru FC,3,2,0,653374
2022-12-11T14:00:00Z,2022,club.friendly,Liverpool,Lyon,1,3,0,657439
2022-12-11T14:10:00Z,2022,club.friendly,Aston Villa,Chelsea,1,0,0,658268
2022-12-11T15:00:00Z,2022,eng.2,Watford,Hull City,0,0,0,643445
2022-12-11T15:00:00Z,2022,eng.5,Oldham Athletic,Torquay United,3,2,0,647248
2022-12-11T15:00:00Z,2022,club.friendly,Napoli,Crystal Palace,3,1,0,658375
2022-12-11T15:00:00Z,2022,club.friendly,Sassuolo,Marseille,3,2,0,659081
2022-12-11T15:15:00Z,2022,esp.2,Ponferradina,Lugo,1,0,0,644368
2022-12-11T15:15:00Z,2022,esp.2,Sporting Gijón,FC Cartagena,0,0,0,644370
2022-12-11T16:00:00Z,2022,club.friendly,Besiktas,KVC Westerlo,1,0,0,658037
2022-12-11T17:00:00Z,2022,ita.2,Bari,Modena,4,1,0,649775
2022-12-11T17:30:00Z,2022,esp.2,Eibar,Real Oviedo,1,0,0,644361
2022-12-11T17:30:00Z,2022,esp.2,Granada,Burgos,1,0,0,644363
2022-12-11T19:00:00Z,2022,club.friendly,Benfica,Sevilla,0,1,0,659082
2022-12-11T19:30:00Z,2022,ita.2,Frosinone,Pisa,0,0,0,649769
2022-12-11T20:00:00Z,2022,esp.2,Racing Santander,Mirandés,1,2,0,644367
2022-12-11T20:00:00Z,2022,esp.2,Las Palmas,Albacete,1,2,0,644369
2022-12-12T00:00:00Z,2022,gua.1,Antigua GFC,Municipal,1,0,0,658387
2022-12-12T17:45:00Z,2022,ned.2,Jong AZ,Jong PSV,2,3,0,637672
2022-12-12T19:30:00Z,2022,ita.2,Brescia,Parma,0,2,0,649766
2022-12-12T20:00:00Z,2022,ned.2,PEC Zwolle,Helmond Sport,1,0,0,637673
2022-12-12T20:00:00Z,2022,eng.2,Sunderland,West Bromwich Albion,1,2,0,643443
2022-12-12T20:00:00Z,2022,esp.2,Alavés,Levante,0,2,0,644360
2022-12-13T14:00:00Z,2022,club.friendly,Arsenal,AC Milan,2,1,0,657440
2022-12-13T15:00:00Z,2022,club.friendly,Galatasaray,Lazio,1,2,0,659083
2022-12-13T16:30:00Z,2022,club.friendly,Strasbourg,Feyenoord Rotterdam,0,1,0,659107
2022-12-13T19:00:00Z,2022,fifa.world,Argentina,Croatia,3,0,0,633847
2022-12-13T19:00:00Z,2022,eng.trophy,Portsmouth,Stevenage,3,0,0,658038
2022-12-13T19:00:00Z,2022,eng.trophy,Lincoln City,Everton U21,4,2,0,658040
2022-12-13T19:00:00Z,2022,eng.trophy,Cheltenham Town,Chelsea U21,4,0,0,658041
2022-12-13T19:00:00Z,2022,eng.trophy,Burton Albion,Accrington Stanley,2,4,0,658042
2022-12-13T19:30:00Z,2022,eng.trophy,Bristol Rovers,Milton Keynes Dons,4,1,0,658043
2022-12-13T19:45:00Z,2022,eng.5,Dorking Wanderers,Maidstone United,3,2,0,647252
2022-12-13T19:45:00Z,2022,eng.5,Notts County,Gateshead,2,0,0,647257
2022-12-13T19:45:00Z,2022,eng.trophy,Bolton Wanderers,Manchester United U21,4,0,0,658044
2022-12-14T07:00:00Z,2022,chn.1,Dalian Professional,Wuhan Three Towns,1,2,0,650894
2022-12-14T09:00:00Z,2022,chn.1,Wuhan Yangtze River,Tianjin Jinmen Tiger,0,3,0,650889
2022-12-14T10:00:00Z,2022,club.friendly,Espanyol,KV Mechelen,1,1,0,659246
2022-12-14T10:00:00Z,2022,club.friendly,Girona,Osasuna,1,1,0,659247
2022-12-14T11:00:00Z,2022,fifa.friendly,Vietnam,Philippines,1,0,0,659240
2022-12-14T11:00:00Z,2022,club.friendly,Cádiz,Wolverhampton Wanderers,3,4,0,659243
2022-12-14T11:30:00Z,2022,chn.1,Guangzhou City,Shanghai Shenhua,1,1,0,650890
2022-12-14T13:00:00Z,2022,fifa.friendly,Malaysia,Maldives,3,0,0,659241
2022-12-14T13:30:00Z,2022,fifa.friendly,Thailand,Chinese Taipei,0,1,0,657022
2022-12-14T15:00:00Z,2022,club.friendly,1. FC Union Berlin,Hansa Rostock,2,0,0,659244
2022-12-14T16:00:00Z,2022,fifa.friendly,Algeria,Mauritania,0,0,0,659242
2022-12-14T16:30:00Z,2022,club.friendly,Bastia,Fiorentina,1,2,0,659245
2022-12-14T17:00:00Z,2022,club.friendly,Ponferradina,Atlético Madrid,2,4,0,659106
2022-12-14T17:00:00Z,2022,club.friendly,Mallorca,Bologna,1,2,0,659248
2022-12-14T19:00:00Z,2022,fifa.world,France,Morocco,2,0,0,633848
2022-12-15T07:00:00Z,2022,chn.1,Beijing Guoan,Changchun Yatai,3,0,0,650892
2022-12-15T11:00:00Z,2022,chn.1,Cangzhou Mighty Lions,Henan,1,1,0,650891
2022-12-15T11:00:00Z,2022,club.friendly,Besiktas,Giresunspor,5,3,0,658275
2022-12-15T11:30:00Z,2022,chn.1,Guangzhou,Shandong Taishan,2,4,0,650781
2022-12-15T11:30:00Z,2022,chn.1,Zhejiang Professional FC,Chengdu Rongcheng,1,1,0,650888
2022-12-15T11:30:00Z,2022,chn.1,Meizhou Hakka,Shanghai Port,0,1,0,650895
2022-12-15T12:00:00Z,2022,chn.1,Hebei FC,Shenzhen FC,2,0,0,650788
2022-12-15T12:30:00Z,2022,ksa.1,Al Khaleej,Al Fayha,1,2,0,663203
2022-12-15T12:30:00Z,2022,ksa.1,Damac,Al Ettifaq,0,0,0,663204
2022-12-15T14:00:00Z,2022,ind.1,Odisha FC,Mohun Bagan Super Giant,0,0,0,653375
2022-12-15T15:00:00Z,2022,ksa.1,Al Taawoun,Al Adalah,4,1,0,663205
2022-12-15T19:00:00Z,2022,ned.2,Jong PSV,Jong Ajax,2,2,0,637674
2022-12-15T20:00:00Z,2022,sco.1,Rangers,Hibernian,3,2,0,639150
2022-12-15T21:00:00Z,2022,gua.1,Cobán Imperial,Antigua GFC,1,0,0,659084
2022-12-16T08:45:00Z,2022,aus.1,Newcastle Jets,Brisbane Roar,0,1,0,650522
2022-12-16T10:30:00Z,2022,club.friendly,Paris Saint-Germain,Paris FC,2,1,0,657744
2022-12-16T12:30:00Z,2022,ksa.1,Abha,Al Tai,2,1,0,663206
2022-12-16T14:00:00Z,2022,ind.1,SC East Bengal,Mumbai City FC,0,3,0,653376
2022-12-16T14:00:00Z,2022,club.friendly,Galatasaray,Toulouse,2,1,0,658330
2022-12-16T14:30:00Z,2022,club.friendly,Stade Rennais,Feyenoord Rotterdam,2,1,0,658102
2022-12-16T15:00:00Z,2022,ksa.1,Al Raed,Al Nassr,1,4,0,663207
2022-12-16T15:30:00Z,2022,club.friendly,Liverpool,AC Milan,4,1,0,657441
2022-12-16T17:30:00Z,2022,ksa.1,Al Hilal,Al Batin,3,1,0,663208
2022-12-16T18:00:00Z,2022,club.friendly,Crystal Palace,Real Valladolid,2,1,0,657818
2022-12-16T19:00:00Z,2022,ned.2,ADO Den Haag,TOP Oss,0,0,0,637675
2022-12-16T19:00:00Z,2022,ned.2,De Graafschap,Willem II,0,3,0,637676
2022-12-16T19:00:00Z,2022,ned.2,FC Eindhoven,VVV-Venlo,0,2,0,637677
2022-12-16T19:00:00Z,2022,ned.2,Helmond Sport,FC Den Bosch,1,0,0,637678
2022-12-16T19:00:00Z,2022,ned.2,Heracles Almelo,FC Dordrecht,8,1,0,637679
2022-12-16T19:00:00Z,2022,ned.2,NAC Breda,Almere City,0,1,0,637681
2022-12-16T19:00:00Z,2022,club.friendly,AS Roma,Cádiz,0,3,0,658837
2022-12-16T20:00:00Z,2022,eng.2,Birmingham City,Reading,3,2,0,643446
2022-12-16T20:00:00Z,2022,esp.2,Tenerife,FC Andorra,1,1,0,644380
2022-12-17T02:00:00Z,2022,aus.1,Wellington Phoenix FC,Adelaide United,3,1,0,650523
2022-12-17T06:00:00Z,2022,aus.1,Central Coast Mariners,Sydney FC,2,1,0,650524
2022-12-17T10:00:00Z,2022,fifa.friendly,Singapore,Maldives,3,1,0,659433
2022-12-17T12:00:00Z,2022,ind.1,Bengaluru FC,Jamshedpur FC,1,0,0,653377
2022-12-17T12:00:00Z,2022,club.friendly,Bayer Leverkusen,FC Zürich,4,1,0,659426
2022-12-17T12:30:00Z,2022,sco.1,Aberdeen,Celtic,0,1,0,639146
2022-12-17T13:00:00Z,2022,club.friendly,Manchester City,Girona,2,0,0,658768
2022-12-17T13:00:00Z,2022,club.friendly,Brentford,VfL Wolfsburg,2,2,0,659427
2022-12-17T13:00:00Z,2022,club.friendly,Newcastle United,Rayo Vallecano,2,1,0,659428
2022-12-17T13:00:00Z,2022,club.friendly,Fulham,West Ham United,1,1,0,659429
2022-12-17T13:30:00Z,2022,club.friendly,1. FC Union Berlin,St. Gallen,4,1,0,659430
2022-12-17T14:00:00Z,2022,ind.1,FC Goa,NorthEast United FC,2,1,0,653378
2022-12-17T14:00:00Z,2022,club.friendly,Fiorentina,AS Monaco,1,1,0,659431
2022-12-17T15:00:00Z,2022,fifa.world,Croatia,Morocco,2,1,0,633849
2022-12-17T15:00:00Z,2022,sco.1,Heart of Midlothian,Kilmarnock,3,1,0,639147
2022-12-17T15:00:00Z,2022,sco.1,Ross County,St Johnstone,1,2,0,639151
2022-12-17T15:00:00Z,2022,sco.2,Partick Thistle,Ayr United,3,2,0,639518
2022-12-17T15:00:00Z,2022,sco.2,Raith Rovers,Arbroath,1,1,0,639519
2022-12-17T15:00:00Z,2022,eng.4,Barrow,Swindon Town,0,1,0,642333
2022-12-17T15:00:00Z,2022,eng.4,Leyton Orient,Sutton United,2,0,0,642338
2022-12-17T15:00:00Z,2022,eng.3,Derby County,Forest Green Rovers,4,0,0,642882
2022-12-17T15:00:00Z,2022,eng.3,Charlton Athletic,Bristol Rovers,1,2,0,642884
2022-12-17T15:00:00Z,2022,eng.3,Bolton Wanderers,Exeter City,2,0,0,642885
2022-12-17T15:00:00Z,2022,eng.3,Barnsley,Burton Albion,2,0,0,642886
2022-12-17T15:00:00Z,2022,eng.3,Sheffield Wednesday,Oxford United,0,0,0,642887
2022-12-17T15:00:00Z,2022,eng.3,Portsmouth,Milton Keynes Dons,0,2,0,642888
2022-12-17T15:00:00Z,2022,eng.3,Plymouth Argyle,Morecambe,2,1,0,642890
2022-12-17T15:00:00Z,2022,eng.3,Wycombe Wanderers,Ipswich Town,1,0,0,642893
2022-12-17T15:00:00Z,2022,eng.2,Bristol City,Stoke City,1,2,0,643447
2022-12-17T15:00:00Z,2022,eng.2,Burnley,Middlesbrough,3,1,0,643448
2022-12-17T15:00:00Z,2022,eng.2,Cardiff City,Blackpool,1,1,0,643449
2022-12-17T15:00:00Z,2022,eng.2,Coventry City,Swansea City,3,3,0,643450
2022-12-17T15:00:00Z,2022,eng.2,Huddersfield Town,Watford,0,2,0,643451
2022-12-17T15:00:00Z,2022,eng.2,Hull City,Sunderland,1,1,0,643452
2022-12-17T15:00:00Z,2022,eng.2,Preston North End,Queens Park Rangers,0,1,0,643455
2022-12-17T15:00:00Z,2022,eng.2,West Bromwich Albion,Rotherham United,3,0,0,643456
2022-12-17T15:15:00Z,2022,esp.2,Lugo,Granada,1,0,0,644376
2022-12-17T15:15:00Z,2022,esp.2,Mirandés,Ponferradina,2,1,0,644377
2022-12-17T17:00:00Z,2022,ita.2,Pisa,Brescia,3,0,0,649781
2022-12-17T17:00:00Z,2022,club.friendly,Real Betis,Internazionale,1,1,0,657000
2022-12-17T17:30:00Z,2022,eng.2,Norwich City,Blackburn Rovers,0,2,0,643454
2022-12-17T17:30:00Z,2022,esp.2,FC Cartagena,Racing Santander,0,3,0,644373
2022-12-17T17:30:00Z,2022,esp.2,Villarreal B,Las Palmas,0,1,0,644381
2022-12-17T17:30:00Z,2022,fifa.friendly,Algeria,Senegal,2,2,0,659434
2022-12-17T18:00:00Z,2022,club.friendly,Arsenal,Juventus,0,2,0,658269
2022-12-17T19:30:00Z,2022,ita.2,Reggina,Bari,0,0,0,649782
2022-12-17T19:30:00Z,2022,club.friendly,Napoli,Villarreal,2,3,0,659432
2022-12-17T20:00:00Z,2022,esp.2,Real Oviedo,Sporting Gijón,1,0,0,644379
2022-12-18T01:00:00Z,2022,hon.1,Club Deportivo Olimpia,FC Motagua,0,0,0,658629
2022-12-18T04:00:00Z,2022,aus.1,Western United,Western Sydney Wanderers,1,0,0,650526
2022-12-18T06:00:00Z,2022,aus.1,Macarthur FC,Perth Glory,1,0,0,650527
2022-12-18T13:00:00Z,2022,esp.2,Albacete,UD Ibiza,4,0,0,644371
2022-12-18T13:00:00Z,2022,ita.2,Cittadella,Sudtirol,0,2,0,649776
2022-12-18T13:00:00Z,2022,ita.2,Modena,Benevento,1,1,0,649777
2022-12-18T13:00:00Z,2022,ita.2,Parma,SPAL,0,1,0,649779
2022-12-18T13:00:00Z,2022,ita.2,Ternana,Como,0,3,0,649783
2022-12-18T13:00:00Z,2022,ita.2,Cosenza,Ascoli,1,3,0,649784
2022-12-18T15:00:00Z,2022,fifa.world,Argentina,France,3,3,0,633850
2022-12-18T17:45:00Z,2022,ita.2,Palermo,Cagliari,2,1,0,649778
2022-12-18T18:00:00Z,2022,esp.2,Burgos,Huesca,1,1,0,644372
2022-12-18T18:00:00Z,2022,esp.2,Levante,Eibar,0,0,0,644375
2022-12-18T19:45:00Z,2022,ita.2,Genoa,Frosinone,1,0,0,649780
2022-12-18T20:00:00Z,2022,esp.2,Málaga,Alavés,1,0,0,644378
2022-12-19T00:00:00Z,2022,gua.1,Antigua GFC,Cobán Imperial,0,0,0,659085
2022-12-19T11:00:00Z,2022,chn.1,Shandong Taishan,Shenzhen FC,8,0,0,650873
2022-12-19T14:00:00Z,2022,ind.1,Chennaiyin FC,Kerala Blasters FC,1,1,0,653379
2022-12-19T19:00:00Z,2022,club.friendly,AS Roma,Casa Pia,1,0,0,658838
2022-12-19T19:30:00Z,2022,ita.2,Perugia,Venezia,2,1,0,649785
2022-12-19T20:00:00Z,2022,eng.2,Wigan Athletic,Sheffield United,1,2,0,643457
2022-12-19T20:00:00Z,2022,esp.2,Leganés,Real Zaragoza,2,1,0,644374
2022-12-20T10:00:00Z,2022,aff.championship,Cambodia,Philippines,3,2,0,653789
2022-12-20T12:30:00Z,2022,aff.championship,Brunei Darussalam,Thailand,0,5,0,653790
2022-12-20T18:00:00Z,2022,esp.copa_del_rey,CD Guadalajara,Elche,0,3,0,657446
2022-12-20T18:00:00Z,2022,esp.copa_del_rey,Diocesano,Getafe,0,2,0,657463
2022-12-20T18:00:00Z,2022,esp.copa_del_rey,CF Intercity,Mirandés,2,0,0,657466
2022-12-20T19:30:00Z,2022,eng.trophy,Salford City,Port Vale,1,0,0,658045
2022-12-20T19:45:00Z,2022,eng.4,Northampton Town,Carlisle United,2,1,0,642340
2022-12-20T19:45:00Z,2022,eng.league_cup,Southampton,Lincoln City,2,1,0,657008
2022-12-20T19:45:00Z,2022,eng.league_cup,Newcastle United,AFC Bournemouth,1,0,0,657009
2022-12-20T19:45:00Z,2022,eng.league_cup,Wolverhampton Wanderers,Gillingham,2,0,0,657011
2022-12-20T19:45:00Z,2022,eng.league_cup,Milton Keynes Dons,Leicester City,0,3,0,657012
2022-12-20T20:00:00Z,2022,sco.1,Aberdeen,Rangers,2,3,0,639086
2022-12-20T20:00:00Z,2022,esp.copa_del_rey,AD Alcorcón,FC Cartagena,1,1,0,657447
2022-12-20T20:00:00Z,2022,esp.copa_del_rey,Sestao,Athletic Club,0,1,0,657455
2022-12-20T20:00:00Z,2022,esp.copa_del_rey,Real Unión Irun,Mallorca,0,1,0,657456
2022-12-20T20:00:00Z,2022,esp.copa_del_rey,Guijuelo,Villarreal,1,2,0,657473
2022-12-20T21:00:00Z,2022,esp.copa_del_rey,Atlético Paso,Espanyol,0,1,0,657457
2022-12-21T08:00:00Z,2022,aus.1,Central Coast Mariners,Newcastle Jets,3,0,0,650482
2022-12-21T10:00:00Z,2022,aff.championship,Myanmar,Malaysia,0,1,0,653792
2022-12-21T11:00:00Z,2022,club.friendly,Paris Saint-Germain,US Quevilly,3,1,0,657856
2022-12-21T12:30:00Z,2022,aff.championship,Laos,Vietnam,0,6,0,653791
2022-12-21T13:00:00Z,2022,gre.1,Levadiakos,Aris,1,1,0,650318
2022-12-21T15:00:00Z,2022,gre.1,AEK Athens,Lamia,3,0,0,650315
2022-12-21T15:00:00Z,2022,gre.1,Asteras Tripoli,Volos NFC,0,0,0,650316
2022-12-21T18:00:00Z,2022,gre.1,Pas Giannina,Olympiacos,2,2,0,650320
2022-12-21T18:00:00Z,2022,esp.copa_del_rey,Ibiza Islas Pitiusas,Eibar,1,0,0,657448
2022-12-21T18:00:00Z,2022,esp.copa_del_rey,Atlético Saguntino,Rayo Vallecano,0,0,0,657451
2022-12-21T18:00:00Z,2022,esp.copa_del_rey,Mérida,Alavés,0,1,0,657460
2022-12-21T18:00:00Z,2022,esp.copa_del_rey,Levante,FC Andorra,2,1,0,657468
2022-12-21T18:00:00Z,2022,esp.copa_del_rey,Numancia,Sporting Gijón,0,3,0,657469
2022-12-21T19:00:00Z,2022,eng.trophy,Plymouth Argyle,AFC Wimbledon,3,3,0,658039
2022-12-21T19:00:00Z,2022,club.friendly,Tottenham Hotspur,Nice,1,1,0,658769
2022-12-21T19:30:00Z,2022,gre.1,Ionikos FC,Panathinaikos,1,1,0,650317
2022-12-21T19:45:00Z,2022,sco.1,Celtic,Livingston,2,1,0,639087
2022-12-21T19:45:00Z,2022,eng.2,Coventry City,West Bromwich Albion,1,0,0,643283
2022-12-21T19:45:00Z,2022,eng.league_cup,Charlton Athletic,Brighton & Hove Albion,0,0,0,657013
2022-12-21T19:45:00Z,2022,eng.league_cup,Blackburn Rovers,Nottingham Forest,1,4,0,657015
2022-12-21T20:00:00Z,2022,eng.league_cup,Manchester United,Burnley,2,0,0,657010
2022-12-21T20:00:00Z,2022,esp.copa_del_rey,Juventud Torremolinos,Sevilla,0,3,0,657449
2022-12-21T20:00:00Z,2022,esp.copa_del_rey,Arnedo,Osasuna,1,3,0,657452
2022-12-21T20:00:00Z,2022,esp.copa_del_rey,Arenas Club,Real Valladolid,1,5,0,657454
2022-12-21T20:00:00Z,2022,esp.copa_del_rey,UD Logroñés,Albacete,0,0,0,657461
2022-12-21T20:00:00Z,2022,esp.copa_del_rey,Coria,Real Sociedad,0,5,0,657462
2022-12-21T20:00:00Z,2022,esp.copa_del_rey,Ceuta,UD Ibiza,3,2,0,657465
2022-12-21T20:00:00Z,2022,esp.copa_del_rey,Pontevedra,Tenerife,2,1,0,657470
2022-12-22T13:00:00Z,2022,club.friendly,Juventus,Rijeka,1,0,0,659436
2022-12-22T14:00:00Z,2022,ind.1,Jamshedpur FC,FC Goa,2,2,0,653380
2022-12-22T15:00:00Z,2022,gre.1,OFI CRETE,Atromitos,0,1,0,650319
2022-12-22T15:00:00Z,2022,club.friendly,AS Roma,RKC Waalwijk,3,0,0,658839
2022-12-22T17:00:00Z,2022,club.friendly,Reggina,Internazionale,0,2,0,658376
2022-12-22T17:30:00Z,2022,gre.1,Panetolikos,PAOK,0,2,0,650321
2022-12-22T18:00:00Z,2022,esp.copa_del_rey,Cacereno,Girona,2,1,0,657450
2022-12-22T18:00:00Z,2022,esp.copa_del_rey,Eldense,Burgos,1,0,0,657458
2022-12-22T18:00:00Z,2022,esp.copa_del_rey,Linares Deportivo,Racing Santander,1,0,0,657459
2022-12-22T18:00:00Z,2022,esp.copa_del_rey,Gernika Club,Celta Vigo,0,3,0,657464
2022-12-22T20:00:00Z,2022,eng.league_cup,Manchester City,Liverpool,3,2,0,657014
2022-12-22T20:00:00Z,2022,esp.copa_del_rey,Arenteiro,Atlético Madrid,1,3,0,657453
2022-12-22T20:00:00Z,2022,esp.copa_del_rey,La Nucía,Las Palmas,0,0,0,657467
2022-12-22T20:00:00Z,2022,esp.copa_del_rey,Real Oviedo,Granada,1,0,0,657471
2022-12-22T20:00:00Z,2022,esp.copa_del_rey,Gimnàstic de Tarragona,Málaga,2,1,0,657472
2022-12-23T00:15:00Z,2022,club.friendly,River Plate,Unión La Calera,0,0,0,660075
2022-12-23T07:00:00Z,2022,chn.1,Henan,Shenzhen FC,0,0,0,650793
2022-12-23T07:00:00Z,2022,chn.1,Guangzhou City,Hebei FC,4,1,0,650898
2022-12-23T07:00:00Z,2022,chn.1,Guangzhou,Beijing Guoan,1,3,0,650899
2022-12-23T07:00:00Z,2022,chn.1,Zhejiang Professional FC,Tianjin Jinmen Tiger,3,0,0,650901
2022-12-23T07:00:00Z,2022,chn.1,Wuhan Yangtze River,Dalian Professional,3,0,0,650904
2022-12-23T07:00:00Z,2022,chn.1,Meizhou Hakka,Changchun Yatai,1,0,0,650905
2022-12-23T08:45:00Z,2022,aus.1,Brisbane Roar,Western Sydney Wanderers,1,1,0,650528
2022-12-23T09:30:00Z,2022,aff.championship,Indonesia,Cambodia,2,1,0,653793
2022-12-23T10:00:00Z,2022,aff.championship,Philippines,Brunei Darussalam,5,1,0,653794
2022-12-23T11:30:00Z,2022,aus.1,Perth Glory,Wellington Phoenix FC,1,1,0,650529
2022-12-23T12:00:00Z,2022,chn.1,Cangzhou Mighty Lions,Shanghai Shenhua,0,3,0,650797
2022-12-23T12:00:00Z,2022,chn.1,Chengdu Rongcheng,Wuhan Three Towns,1,0,0,650900
2022-12-23T12:00:00Z,2022,chn.1,Shanghai Port,Shandong Taishan,2,0,0,650902
2022-12-23T14:00:00Z,2022,ind.1,Bengaluru FC,Hyderabad,0,3,0,653381
2022-12-23T16:30:00Z,2022,fifa.friendly,Oman,Syria,2,1,0,660279
2022-12-23T17:00:00Z,2022,tur.1,Antalyaspor,Ankaragucu,0,2,0,646019
2022-12-23T17:00:00Z,2022,tur.1,Umraniyespor,Istanbul Basaksehir,1,3,0,646024
2022-12-23T17:30:00Z,2022,bel.1,RFC Seraing,Eupen,0,1,0,641503
2022-12-23T19:30:00Z,2022,sco.1,Ross County,Rangers,0,1,0,639156
2022-12-23T19:30:00Z,2022,bel.1,KAA Gent,Standard Liege,0,0,0,641499
2022-12-23T19:30:00Z,2022,bel.1,KV Mechelen,Cercle Brugge KSV,1,1,0,641506
2022-12-23T19:45:00Z,2022,sco.1,Motherwell,Kilmarnock,2,2,0,639155
2022-12-23T19:45:00Z,2022,sco.2,Arbroath,Queen's Park,1,4,0,639520
2022-12-23T19:45:00Z,2022,sco.2,Ayr United,Dundee,0,2,0,639521
2022-12-23T19:45:00Z,2022,sco.2,Cove Rangers,Hamilton Academical,2,0,0,639522
2022-12-23T19:45:00Z,2022,sco.2,Partick Thistle,Inverness Caledonian Thistle,5,1,0,639523
2022-12-23T19:45:00Z,2022,sco.2,Raith Rovers,Greenock Morton,2,2,0,639524
2022-12-23T20:15:00Z,2022,por.1,Rio Ave,Maritimo,1,1,0,646793
2022-12-24T06:00:00Z,2022,aus.1,Sydney FC,Macarthur FC,0,3,0,650530
2022-12-24T10:00:00Z,2022,aff.championship,Singapore,Myanmar,3,2,0,653796
2022-12-24T10:30:00Z,2022,tur.1,Hatayspor,Giresunspor,1,1,0,646020
2022-12-24T12:00:00Z,2022,ind.1,Mumbai City FC,Chennaiyin FC,2,1,0,653382
2022-12-24T12:30:00Z,2022,sco.1,Celtic,St Johnstone,4,1,0,639152
2022-12-24T12:30:00Z,2022,sco.1,St Mirren,Aberdeen,3,1,0,639157
2022-12-24T12:30:00Z,2022,aff.championship,Malaysia,Laos,5,0,0,653795
2022-12-24T13:00:00Z,2022,tur.1,Kasimpasa,Sivasspor,1,2,0,646023
2022-12-24T14:00:00Z,2022,sco.1,Dundee United,Heart of Midlothian,2,2,0,639153
2022-12-24T14:00:00Z,2022,sco.1,Hibernian,Livingston,4,0,0,639154
2022-12-24T14:00:00Z,2022,ind.1,NorthEast United FC,Mohun Bagan Super Giant,1,0,0,653383
2022-12-24T16:00:00Z,2022,tur.1,Trabzonspor,Fenerbahce,2,0,0,646021
2022-12-25T10:30:00Z,2022,tur.1,Adana Demirspor,Fatih Karagümrük,2,1,0,646016
2022-12-25T12:30:00Z,2022,ksa.1,Damac,Al Wehda,0,0,0,663209
2022-12-25T13:00:00Z,2022,tur.1,Gaziantep FK,Besiktas,1,1,0,646017
2022-12-25T13:00:00Z,2022,tur.1,Konyaspor,Alanyaspor,2,2,0,646022
2022-12-25T15:00:00Z,2022,ksa.1,Al Adalah,Abha,0,2,0,663210
2022-12-25T16:00:00Z,2022,tur.1,Galatasaray,Istanbulspor,2,1,0,646018
2022-12-25T17:30:00Z,2022,ksa.1,Al Ettifaq,Al Khaleej,1,0,0,663211
2022-12-26T04:00:00Z,2022,chn.1,Cangzhou Mighty Lions,Hebei FC,3,0,0,650908
2022-12-26T04:00:00Z,2022,chn.1,Tianjin Jinmen Tiger,Dalian Professional,0,3,0,650912
2022-12-26T04:00:00Z,2022,chn.1,Shandong Taishan,Meizhou Hakka,3,0,0,650914
2022-12-26T07:00:00Z,2022,aus.1,Western United,Melbourne Victory,1,0,0,650531
2022-12-26T10:00:00Z,2022,aff.championship,Brunei Darussalam,Indonesia,0,7,0,653797
2022-12-26T11:30:00Z,2022,ita.2,Brescia,Palermo,1,1,0,649792
2022-12-26T12:00:00Z,2022,eng.2,Watford,Millwall,0,2,0,643469
2022-12-26T12:30:00Z,2022,eng.1,Brentford,Tottenham Hotspur,2,2,0,637988
2022-12-26T12:30:00Z,2022,bel.1,Club Brugge,OH Leuven,1,1,0,641498
2022-12-26T12:30:00Z,2022,eng.2,Sunderland,Blackburn Rovers,2,1,0,643468
2022-12-26T12:30:00Z,2022,aff.championship,Thailand,Philippines,4,0,0,653798
2022-12-26T12:30:00Z,2022,ksa.1,Al Fateh,Al Shabab,4,1,0,663212
2022-12-26T12:30:00Z,2022,ksa.1,Al Batin,Al Raed,1,2,0,663213
2022-12-26T14:00:00Z,2022,ita.2,Ascoli,Reggina,0,1,0,649786
2022-12-26T14:00:00Z,2022,ita.2,Cagliari,Cosenza,2,0,0,649787
2022-12-26T14:00:00Z,2022,ita.2,Como,Cittadella,2,0,0,649788
2022-12-26T14:00:00Z,2022,ita.2,Venezia,Parma,2,2,0,649790
2022-12-26T14:00:00Z,2022,ita.2,Sudtirol,Modena,0,2,0,649791
2022-12-26T14:00:00Z,2022,ita.2,Benevento,Perugia,0,2,0,649793
2022-12-26T14:00:00Z,2022,ita.2,SPAL,Pisa,0,1,0,649795
2022-12-26T14:00:00Z,2022,ind.1,Kerala Blasters FC,Odisha FC,1,0,0,653384
2022-12-26T15:00:00Z,2022,eng.1,Southampton,Brighton & Hove Albion,1,3,0,637981
2022-12-26T15:00:00Z,2022,eng.1,Leicester City,Newcastle United,0,3,0,637983
2022-12-26T15:00:00Z,2022,eng.1,Everton,Wolverhampton Wanderers,1,2,0,637985
2022-12-26T15:00:00Z,2022,eng.1,Crystal Palace,Fulham,0,3,0,637986
2022-12-26T15:00:00Z,2022,bel.1,Union St.-Gilloise,KV Oostende,3,0,0,641502
2022-12-26T15:00:00Z,2022,eng.4,AFC Wimbledon,Newport County,1,1,0,642342
2022-12-26T15:00:00Z,2022,eng.4,Carlisle United,Bradford City,1,0,0,642343
2022-12-26T15:00:00Z,2022,eng.4,Tranmere Rovers,Doncaster Rovers,3,0,0,642344
2022-12-26T15:00:00Z,2022,eng.4,Swindon Town,Walsall,1,2,0,642345
2022-12-26T15:00:00Z,2022,eng.4,Stockport County,Crewe Alexandra,2,0,0,642346
2022-12-26T15:00:00Z,2022,eng.4,Salford City,Barrow,1,1,0,642347
2022-12-26T15:00:00Z,2022,eng.4,Rochdale,Hartlepool United,1,2,0,642348
2022-12-26T15:00:00Z,2022,eng.4,Mansfield Town,Northampton Town,1,1,0,642349
2022-12-26T15:00:00Z,2022,eng.4,Harrogate Town,Grimsby Town,3,2,0,642351
2022-12-26T15:00:00Z,2022,eng.4,Gillingham,Colchester United,0,1,0,642352
2022-12-26T15:00:00Z,2022,eng.4,Crawley Town,Sutton United,1,2,0,642353
2022-12-26T15:00:00Z,2022,eng.3,Charlton Athletic,Peterborough United,1,1,0,642894
2022-12-26T15:00:00Z,2022,eng.3,Cambridge United,Shrewsbury Town,2,1,0,642895
2022-12-26T15:00:00Z,2022,eng.3,Burton Albion,Lincoln City,3,0,0,642896
2022-12-26T15:00:00Z,2022,eng.3,Accrington Stanley,Barnsley,1,1,0,642898
2022-12-26T15:00:00Z,2022,eng.3,Cheltenham Town,Plymouth Argyle,0,1,0,642899
2022-12-26T15:00:00Z,2022,eng.3,Wycombe Wanderers,Bristol Rovers,2,1,0,642900
2022-12-26T15:00:00Z,2022,eng.3,Port Vale,Morecambe,1,0,0,642901
2022-12-26T15:00:00Z,2022,eng.3,Milton Keynes Dons,Forest Green Rovers,1,0,0,642902
2022-12-26T15:00:00Z,2022,eng.3,Ipswich Town,Oxford United,3,0,0,642903
2022-12-26T15:00:00Z,2022,eng.3,Fleetwood Town,Sheffield Wednesday,1,2,0,642904
2022-12-26T15:00:00Z,2022,eng.3,Exeter City,Portsmouth,0,0,0,642905
2022-12-26T15:00:00Z,2022,eng.2,Bristol City,West Bromwich Albion,0,2,0,643458
2022-12-26T15:00:00Z,2022,eng.2,Hull City,Blackpool,1,1,0,643461
2022-12-26T15:00:00Z,2022,eng.2,Middlesbrough,Wigan Athletic,4,1,0,643463
2022-12-26T15:00:00Z,2022,eng.2,Preston North End,Huddersfield Town,1,2,0,643464
2022-12-26T15:00:00Z,2022,eng.2,Rotherham United,Stoke City,2,2,0,643466
2022-12-26T15:00:00Z,2022,eng.2,Sheffield United,Coventry City,3,1,0,643467
2022-12-26T15:00:00Z,2022,eng.5,Aldershot Town,Woking,1,2,0,647264
2022-12-26T15:00:00Z,2022,eng.5,Altrincham,FC Halifax Town,2,1,0,647265
2022-12-26T15:00:00Z,2022,eng.5,Barnet,Boreham Wood,2,1,0,647266
2022-12-26T15:00:00Z,2022,eng.5,Dagenham & Redbridge,Maidstone United,1,0,0,647267
2022-12-26T15:00:00Z,2022,eng.5,Dorking Wanderers,Eastleigh,1,1,0,647268
2022-12-26T15:00:00Z,2022,eng.5,York City,Gateshead,0,3,0,647269
2022-12-26T15:00:00Z,2022,eng.5,Wealdstone,Maidenhead United,3,2,0,647270
2022-12-26T15:00:00Z,2022,eng.5,Torquay United,Yeovil Town,1,1,0,647271
2022-12-26T15:00:00Z,2022,eng.5,Southend United,Bromley,0,1,0,647272
2022-12-26T15:00:00Z,2022,eng.5,Scunthorpe United,Chesterfield,1,2,0,647273
2022-12-26T15:00:00Z,2022,eng.5,Notts County,Oldham Athletic,4,1,0,647274
2022-12-26T15:00:00Z,2022,eng.5,Wrexham,Solihull Moors,5,0,0,647275
2022-12-26T15:00:00Z,2022,ksa.1,Al Fayha,Al Tai,2,1,0,663214
2022-12-26T15:00:00Z,2022,ksa.1,Al Ittihad,Al Taawoun,3,0,0,663215
2022-12-26T16:00:00Z,2022,fra.2,Annecy,Saint-Étienne,2,1,0,640149
2022-12-26T17:00:00Z,2022,ita.2,Frosinone,Ternana,3,0,0,649789
2022-12-26T17:15:00Z,2022,bel.1,KV Kortrijk,Racing Genk,1,0,0,641500
2022-12-26T17:15:00Z,2022,eng.2,Cardiff City,Queens Park Rangers,0,0,0,643460
2022-12-26T17:30:00Z,2022,eng.1,Aston Villa,Liverpool,1,3,0,637980
2022-12-26T17:30:00Z,2022,ksa.1,Al Nassr,Al Hilal,2,2,0,663216
2022-12-26T18:05:00Z,2022,fra.2,Le Havre AC,Bordeaux,1,0,0,640148
2022-12-26T19:30:00Z,2022,ita.2,Bari,Genoa,1,2,0,649794
2022-12-26T19:45:00Z,2022,bel.1,Royal Charleroi SC,Anderlecht,0,1,0,641505
2022-12-26T19:45:00Z,2022,eng.2,Luton Town,Norwich City,2,1,0,643462
2022-12-26T20:00:00Z,2022,eng.1,Arsenal,West Ham United,3,1,0,637979
2022-12-26T20:00:00Z,2022,fra.2,Bastia,Caen,1,0,0,640140
2022-12-26T20:00:00Z,2022,fra.2,Dijon FCO,Stade Laval,5,0,0,640141
2022-12-26T20:00:00Z,2022,fra.2,Valenciennes,SC Amiens,1,1,0,640142
2022-12-26T20:00:00Z,2022,fra.2,Sochaux,Rodez Aveyron,1,0,0,640143
2022-12-26T20:00:00Z,2022,fra.2,US Quevilly,Grenoble,2,0,0,640144
2022-12-26T20:00:00Z,2022,fra.2,Pau,Paris FC,0,1,0,640145
2022-12-26T20:00:00Z,2022,fra.2,Nimes,Guingamp,1,2,0,640146
2022-12-26T20:00:00Z,2022,fra.2,Metz,Niort,0,0,0,640147
2022-12-27T02:00:00Z,2022,chn.1,Beijing Guoan,Shanghai Port,0,3,0,650909
2022-12-27T06:30:00Z,2022,aus.1,Melbourne City FC,Central Coast Mariners,1,0,0,650532
2022-12-27T07:00:00Z,2022,chn.1,Guangzhou,Changchun Yatai,1,4,0,650906
2022-12-27T07:00:00Z,2022,chn.1,Chengdu Rongcheng,Wuhan Yangtze River,3,1,0,650907
2022-12-27T07:00:00Z,2022,chn.1,Henan,Shanghai Shenhua,1,1,0,650910
2022-12-27T07:00:00Z,2022,chn.1,Shenzhen FC,Guangzhou City,0,3,0,650913
2022-12-27T09:15:00Z,2022,aus.1,Adelaide United,Newcastle Jets,0,1,0,650533
2022-12-27T10:00:00Z,2022,aff.championship,Laos,Singapore,0,2,0,653799
2022-12-27T12:00:00Z,2022,chn.1,Wuhan Three Towns,Zhejiang Professional FC,2,0,0,650911
2022-12-27T12:30:00Z,2022,eng.4,Leyton Orient,Stevenage,0,0,0,642350
2022-12-27T12:30:00Z,2022,aff.championship,Vietnam,Malaysia,3,0,0,653800
2022-12-27T14:00:00Z,2022,tur.1,Ankaragucu,Umraniyespor,1,2,0,646026
2022-12-27T14:00:00Z,2022,tur.1,Istanbul Basaksehir,Antalyaspor,2,0,0,646031
2022-12-27T15:00:00Z,2022,eng.3,Bolton Wanderers,Derby County,0,0,0,642897
2022-12-27T17:00:00Z,2022,tur.1,Fenerbahce,Hatayspor,4,0,0,646033
2022-12-27T17:15:00Z,2022,eng.2,Reading,Swansea City,2,1,0,643465
2022-12-27T17:30:00Z,2022,eng.1,Chelsea,AFC Bournemouth,2,0,0,637987
2022-12-27T19:00:00Z,2022,bel.1,KVC Westerlo,Antwerp,3,3,0,641501
2022-12-27T19:00:00Z,2022,bel.1,Sint-Truidense,Zulte-Waregem,2,0,0,641504
2022-12-27T20:00:00Z,2022,eng.1,Manchester United,Nottingham Forest,3,0,0,637982
2022-12-27T20:00:00Z,2022,eng.2,Burnley,Birmingham City,3,0,0,643459
2022-12-28T13:00:00Z,2022,club.friendly,Feyenoord Rotterdam,FC Emmen,5,0,0,657445
2022-12-28T14:00:00Z,2022,fra.1,AC Ajaccio,Angers,1,0,0,639760
2022-12-28T14:00:00Z,2022,fra.1,Troyes,Nantes,0,0,0,639764
2022-12-28T14:00:00Z,2022,tur.1,Alanyaspor,Kayserispor,3,1,0,646025
2022-12-28T14:00:00Z,2022,tur.1,Istanbulspor,Kasimpasa,2,1,0,646032
2022-12-28T14:00:00Z,2022,ind.1,Mohun Bagan Super Giant,FC Goa,2,1,0,653385
2022-12-28T15:00:00Z,2022,gre.1,Levadiakos,Ionikos FC,1,0,0,650325
2022-12-28T16:00:00Z,2022,fra.1,AJ Auxerre,AS Monaco,2,3,0,639761
2022-12-28T16:00:00Z,2022,gre.1,Olympiacos,Asteras Tripoli,5,0,0,650326
2022-12-28T17:00:00Z,2022,tur.1,Fatih Karagümrük,Trabzonspor,4,1,0,646028
2022-12-28T17:30:00Z,2022,gre.1,Volos NFC,AEK Athens,0,4,0,650328
2022-12-28T18:00:00Z,2022,fra.1,Clermont Foot,Lille,0,2,0,639763
2022-12-28T18:00:00Z,2022,gre.1,Atromitos,PAOK,1,1,0,650323
2022-12-28T19:00:00Z,2022,por.1,Portimonense,Casa Pia,1,2,0,646794
2022-12-28T19:30:00Z,2022,gre.1,Panathinaikos,OFI CRETE,1,1,0,650327
2022-12-28T19:45:00Z,2022,sco.1,Dundee United,Ross County,3,0,0,639158
2022-12-28T19:45:00Z,2022,sco.1,Kilmarnock,Aberdeen,2,1,0,639160
2022-12-28T19:45:00Z,2022,sco.1,Livingston,St Mirren,1,1,0,639161
2022-12-28T19:45:00Z,2022,sco.1,Rangers,Motherwell,3,0,0,639162
2022-12-28T19:45:00Z,2022,sco.1,St Johnstone,Heart of Midlothian,2,3,0,639163
2022-12-28T20:00:00Z,2022,eng.1,Leeds United,Manchester City,1,3,0,637984
2022-12-28T20:00:00Z,2022,sco.1,Hibernian,Celtic,0,4,0,639159
2022-12-28T20:00:00Z,2022,fra.1,Brest,Lyon,2,4,0,639762
2022-12-28T20:00:00Z,2022,fra.1,Paris Saint-Germain,Strasbourg,2,1,0,639767
2022-12-28T21:15:00Z,2022,por.1,FC Porto,Arouca,5,1,0,646789
2022-12-29T09:30:00Z,2022,aff.championship,Indonesia,Thailand,1,1,0,653802
2022-12-29T10:00:00Z,2022,aff.championship,Cambodia,Brunei Darussalam,5,1,0,653801
2022-12-29T14:00:00Z,2022,tur.1,Sivasspor,Galatasaray,1,2,0,646027
2022-12-29T14:00:00Z,2022,tur.1,Giresunspor,Gaziantep FK,2,1,0,646030
2022-12-29T14:00:00Z,2022,ind.1,Hyderabad,NorthEast United FC,6,1,0,653386
2022-12-29T16:00:00Z,2022,fra.1,Lorient,Montpellier,0,2,0,639769
2022-12-29T16:00:00Z,2022,esp.1,Girona,Rayo Vallecano,2,2,0,643916
2022-12-29T16:00:00Z,2022,gre.1,Aris,Panetolikos,1,0,0,650322
2022-12-29T16:00:00Z,2022,club.friendly,Sassuolo,Internazionale,0,1,0,658379
2022-12-29T16:30:00Z,2022,gre.1,Lamia,Pas Giannina,1,1,0,650324
2022-12-29T17:00:00Z,2022,tur.1,Besiktas,Adana Demirspor,1,0,0,646029
2022-12-29T17:00:00Z,2022,por.1,Gil Vicente,Santa Clara,1,0,0,646790
2022-12-29T18:00:00Z,2022,fra.1,Stade de Reims,Stade Rennais,3,1,0,639768
2022-12-29T18:00:00Z,2022,eng.2,Queens Park Rangers,Luton Town,0,3,0,643477
2022-12-29T18:15:00Z,2022,esp.1,Real Betis,Athletic Club,0,0,0,643917
2022-12-29T19:00:00Z,2022,eng.4,Crewe Alexandra,Carlisle United,0,3,0,642362
2022-12-29T19:45:00Z,2022,eng.4,Barrow,Tranmere Rovers,1,2,0,642354
2022-12-29T19:45:00Z,2022,eng.4,Walsall,Stockport County,0,2,0,642355
2022-12-29T19:45:00Z,2022,eng.4,Hartlepool United,Mansfield Town,1,2,0,642356
2022-12-29T19:45:00Z,2022,eng.4,Northampton Town,Swindon Town,1,2,0,642358
2022-12-29T19:45:00Z,2022,eng.4,Sutton United,Gillingham,2,1,0,642360
2022-12-29T19:45:00Z,2022,eng.4,Grimsby Town,Salford City,1,4,0,642361
2022-12-29T19:45:00Z,2022,eng.4,Colchester United,AFC Wimbledon,1,2,0,642363
2022-12-29T19:45:00Z,2022,eng.4,Bradford City,Harrogate Town,1,0,0,642364
2022-12-29T19:45:00Z,2022,eng.4,Doncaster Rovers,Rochdale,4,3,0,642365
2022-12-29T19:45:00Z,2022,eng.3,Barnsley,Fleetwood Town,2,1,0,642906
2022-12-29T19:45:00Z,2022,eng.3,Bristol Rovers,Exeter City,3,4,0,642907
2022-12-29T19:45:00Z,2022,eng.3,Forest Green Rovers,Burton Albion,1,2,0,642909
2022-12-29T19:45:00Z,2022,eng.3,Morecambe,Accrington Stanley,2,0,0,642911
2022-12-29T19:45:00Z,2022,eng.3,Portsmouth,Ipswich Town,2,2,0,642912
2022-12-29T19:45:00Z,2022,eng.3,Plymouth Argyle,Wycombe Wanderers,1,0,0,642913
2022-12-29T19:45:00Z,2022,eng.3,Peterborough United,Milton Keynes Dons,2,0,0,642914
2022-12-29T19:45:00Z,2022,eng.3,Oxford United,Charlton Athletic,3,1,0,642915
2022-12-29T19:45:00Z,2022,eng.3,Shrewsbury Town,Cheltenham Town,0,1,0,642916
2022-12-29T19:45:00Z,2022,eng.3,Sheffield Wednesday,Port Vale,2,0,0,642917
2022-12-29T19:45:00Z,2022,eng.2,Millwall,Bristol City,0,0,0,643471
2022-12-29T19:45:00Z,2022,eng.2,Coventry City,Cardiff City,0,0,0,643474
2022-12-29T19:45:00Z,2022,eng.2,Huddersfield Town,Rotherham United,2,0,0,643475
2022-12-29T19:45:00Z,2022,eng.2,Wigan Athletic,Sunderland,1,4,0,643476
2022-12-29T19:45:00Z,2022,eng.2,Blackburn Rovers,Middlesbrough,1,2,0,643479
2022-12-29T20:00:00Z,2022,fra.1,Marseille,Toulouse,6,1,0,639765
2022-12-29T20:00:00Z,2022,fra.1,Nice,Lens,0,0,0,639766
2022-12-29T20:00:00Z,2022,eng.2,West Bromwich Albion,Preston North End,2,0,0,643480
2022-12-29T20:15:00Z,2022,eng.2,Blackpool,Sheffield United,1,2,0,643473
2022-12-29T20:30:00Z,2022,esp.1,Atlético Madrid,Elche,2,0,0,643911
2022-12-29T21:15:00Z,2022,por.1,Sporting CP,Paços de Ferreira,3,0,0,646795
2022-12-30T05:00:00Z,2022,chn.1,Shandong Taishan,Beijing Guoan,3,0,0,650922
2022-12-30T05:00:00Z,2022,chn.1,Wuhan Three Towns,Tianjin Jinmen Tiger,3,0,0,650923
2022-12-30T07:00:00Z,2022,chn.1,Hebei FC,Henan,0,4,0,650917
2022-12-30T07:00:00Z,2022,chn.1,Shanghai Shenhua,Shenzhen FC,2,0,0,650920
2022-12-30T08:45:00Z,2022,aus.1,Western United,Brisbane Roar,1,1,0,650534
2022-12-30T10:00:00Z,2022,aff.championship,Myanmar,Laos,2,2,0,653803
2022-12-30T12:00:00Z,2022,fifa.friendly,Iraq,Kuwait,1,0,0,660627
2022-12-30T12:30:00Z,2022,aff.championship,Singapore,Vietnam,0,0,0,653804
2022-12-30T12:30:00Z,2022,ksa.1,Al Fateh,Al Fayha,0,2,0,663217
2022-12-30T13:30:00Z,2022,rsa.1,Mamelodi Sundowns,Orlando Pirates,2,0,0,649463
2022-12-30T13:30:00Z,2022,club.friendly,Juventus,Standard Liege,1,1,0,659437
2022-12-30T14:00:00Z,2022,ind.1,SC East Bengal,Bengaluru FC,2,1,0,653387
2022-12-30T14:00:00Z,2022,fifa.friendly,Syria,Oman,0,1,0,660280
2022-12-30T15:00:00Z,2022,ksa.1,Al Wehda,Al Adalah,0,0,0,663218
2022-12-30T15:30:00Z,2022,rsa.1,Stellenbosch,Chippa United,1,1,0,649460
2022-12-30T15:30:00Z,2022,rsa.1,Cape Town City FC,Royal AM,2,1,0,649464
2022-12-30T15:30:00Z,2022,fifa.friendly,United Arab Emirates,Lebanon,1,0,0,660628
2022-12-30T16:00:00Z,2022,fra.2,Bordeaux,Sochaux,2,1,0,640154
2022-12-30T16:00:00Z,2022,esp.1,Getafe,Mallorca,2,0,0,643915
2022-12-30T17:00:00Z,2022,por.1,GD Chaves,FC Famalicao,0,2,0,646787
2022-12-30T17:15:00Z,2022,club.friendly,PSV Eindhoven,AC Milan,3,0,0,657743
2022-12-30T17:30:00Z,2022,rsa.1,Maritzburg United,TS Galaxy FC,1,2,0,649458
2022-12-30T17:30:00Z,2022,rsa.1,SuperSport United,Marumo Gallants,1,0,0,649459
2022-12-30T17:30:00Z,2022,ksa.1,Al Shabab,Al Ettifaq,3,0,0,663219
2022-12-30T18:05:00Z,2022,fra.2,Saint-Étienne,Caen,1,1,0,640151
2022-12-30T18:15:00Z,2022,esp.1,Celta Vigo,Sevilla,1,1,0,643913
2022-12-30T18:15:00Z,2022,esp.1,Cádiz,Almería,1,1,0,643914
2022-12-30T19:00:00Z,2022,por.1,Vizela,Vitória de Guimaraes,3,0,0,646791
2022-12-30T19:45:00Z,2022,eng.1,West Ham United,Brentford,0,2,0,637990
2022-12-30T19:45:00Z,2022,eng.4,Newport County,Leyton Orient,0,0,0,642357
2022-12-30T19:45:00Z,2022,eng.4,Stevenage,Crawley Town,3,1,0,642359
2022-12-30T19:45:00Z,2022,eng.3,Derby County,Cambridge United,1,0,0,642908
2022-12-30T19:45:00Z,2022,eng.3,Lincoln City,Bolton Wanderers,1,1,0,642910
2022-12-30T19:45:00Z,2022,eng.2,Birmingham City,Hull City,0,1,0,643470
2022-12-30T19:45:00Z,2022,eng.2,Norwich City,Reading,1,1,0,643472
2022-12-30T19:45:00Z,2022,eng.2,Swansea City,Watford,4,0,0,643478
2022-12-30T19:45:00Z,2022,eng.2,Stoke City,Burnley,0,1,0,643481
2022-12-30T20:00:00Z,2022,eng.1,Liverpool,Leicester City,2,1,0,637995
2022-12-30T20:00:00Z,2022,fra.2,Bastia,Valenciennes,1,0,0,640150
2022-12-30T20:00:00Z,2022,fra.2,Rodez Aveyron,Dijon FCO,2,1,0,640152
2022-12-30T20:00:00Z,2022,fra.2,Paris FC,Le Havre AC,0,0,0,640153
2022-12-30T20:00:00Z,2022,fra.2,Stade Laval,SC Amiens,0,3,0,640155
2022-12-30T20:00:00Z,2022,fra.2,Guingamp,US Quevilly,0,2,0,640156
2022-12-30T20:00:00Z,2022,fra.2,Grenoble,Metz,0,1,0,640157
2022-12-30T20:00:00Z,2022,fra.2,Annecy,Nimes,0,0,0,640158
2022-12-30T20:00:00Z,2022,fra.2,Niort,Pau,2,1,0,640159
2022-12-30T20:30:00Z,2022,esp.1,Real Valladolid,Real Madrid,0,2,0,643919
2022-12-30T21:15:00Z,2022,por.1,Braga,Benfica,3,0,0,646792
2022-12-31T07:00:00Z,2022,chn.1,Chengdu Rongcheng,Dalian Professional,3,0,0,650915
2022-12-31T07:00:00Z,2022,chn.1,Guangzhou City,Cangzhou Mighty Lions,1,4,0,650916
2022-12-31T07:00:00Z,2022,chn.1,Meizhou Hakka,Guangzhou,1,0,0,650918
2022-12-31T07:00:00Z,2022,chn.1,Zhejiang Professional FC,Wuhan Yangtze River,4,0,0,650919
2022-12-31T07:00:00Z,2022,chn.1,Shanghai Port,Changchun Yatai,4,0,0,650921
2022-12-31T08:00:00Z,2022,aus.1,Central Coast Mariners,Melbourne Victory,2,1,0,650535
2022-12-31T12:30:00Z,2022,eng.1,Wolverhampton Wanderers,Manchester United,0,1,0,637993
2022-12-31T12:30:00Z,2022,ksa.1,Al Tai,Al Batin,4,0,0,663220
2022-12-31T12:30:00Z,2022,ksa.1,Abha,Al Ittihad,1,2,0,663221
2022-12-31T13:00:00Z,2022,esp.1,Barcelona,Espanyol,1,1,0,643912
2022-12-31T13:30:00Z,2022,rsa.1,Golden Arrows,Kaizer Chiefs,0,2,0,649461
2022-12-31T13:30:00Z,2022,rsa.1,Richards Bay FC,Moroka Swallows,1,0,0,649462
2022-12-31T15:00:00Z,2022,eng.1,AFC Bournemouth,Crystal Palace,0,2,0,637989
2022-12-31T15:00:00Z,2022,eng.1,Manchester City,Everton,1,1,0,637994
2022-12-31T15:00:00Z,2022,eng.1,Fulham,Southampton,2,1,0,637996
2022-12-31T15:00:00Z,2022,eng.1,Newcastle United,Leeds United,0,0,0,637998
2022-12-31T15:00:00Z,2022,ksa.1,Al Raed,Al Taawoun,2,3,0,663222
2022-12-31T15:15:00Z,2022,esp.1,Real Sociedad,Osasuna,2,0,0,643918
2022-12-31T15:15:00Z,2022,esp.1,Villarreal,Valencia,2,1,0,643920
2022-12-31T15:30:00Z,2022,rsa.1,Sekhukhune United FC,AmaZulu,0,0,0,649465
2022-12-31T17:30:00Z,2022,eng.1,Brighton & Hove Albion,Arsenal,2,4,0,637997
2022-12-31T17:30:00Z,2022,ksa.1,Al Hilal,Damac,2,2,0,663223
2022-12-31T17:30:00Z,2022,ksa.1,Al Khaleej,Al Nassr,0,1,0,663224
