date,season,league,home,away,home_score,away_score,neutral,espn_id
2023-01-01T00:00:00Z,2023,nhl,Colorado Avalanche,Toronto Maple Leafs,2,6,0,401459169
2023-01-01T00:00:00Z,2023,nhl,Detroit Red Wings,Ottawa Senators,4,2,0,401459172
2023-01-01T01:00:00Z,2023,nhl,Dallas Stars,San Jose Sharks,5,2,0,401459171
2023-01-01T03:00:00Z,2023,nhl,Calgary Flames,Vancouver Canucks,3,2,0,401459168
2023-01-01T03:00:00Z,2023,nhl,Edmonton Oilers,Winnipeg Jets,1,2,0,401459173
2023-01-01T20:00:00Z,2023,nhl,New Jersey Devils,Carolina Hurricanes,4,5,0,401459181
2023-01-01T22:00:00Z,2023,nhl,Florida Panthers,New York Rangers,3,5,0,401459180
2023-01-02T00:00:00Z,2023,nhl,Chicago Blackhawks,San Jose Sharks,2,5,0,401459179
2023-01-02T00:00:00Z,2023,nhl,Ottawa Senators,Buffalo Sabres,3,1,0,401459182
2023-01-02T01:00:00Z,2023,nhl,Seattle Kraken,New York Islanders,4,1,0,401459183
2023-01-02T19:00:00Z,2023,nhl,Boston Bruins,Pittsburgh Penguins,2,1,0,401459185
2023-01-03T02:00:00Z,2023,nhl,Colorado Avalanche,Vegas Golden Knights,2,3,0,401459186
2023-01-03T03:00:00Z,2023,nhl,Anaheim Ducks,Philadelphia Flyers,1,4,0,401459184
2023-01-04T00:00:00Z,2023,nhl,Florida Panthers,Arizona Coyotes,5,3,0,401459189
2023-01-04T00:00:00Z,2023,nhl,New York Rangers,Carolina Hurricanes,5,3,0,401459191
2023-01-04T00:00:00Z,2023,nhl,Ottawa Senators,Columbus Blue Jackets,4,0,0,401459193
2023-01-04T00:00:00Z,2023,nhl,Toronto Maple Leafs,St. Louis Blues,5,6,0,401459194
2023-01-04T00:00:00Z,2023,nhl,Washington Capitals,Buffalo Sabres,4,5,0,401459196
2023-01-04T01:00:00Z,2023,nhl,Nashville Predators,Montreal Canadiens,6,3,0,401459192
2023-01-04T01:00:00Z,2023,nhl,Winnipeg Jets,Calgary Flames,3,2,0,401459197
2023-01-04T01:30:00Z,2023,nhl,Chicago Blackhawks,Tampa Bay Lightning,1,4,0,401459187
2023-01-04T02:00:00Z,2023,nhl,Edmonton Oilers,Seattle Kraken,2,5,0,401459188
2023-01-04T03:00:00Z,2023,nhl,Los Angeles Kings,Dallas Stars,3,2,0,401459190
2023-01-04T03:00:00Z,2023,nhl,Vancouver Canucks,New York Islanders,2,6,0,401459195
2023-01-05T00:00:00Z,2023,nhl,Detroit Red Wings,New Jersey Devils,1,5,0,401459199
2023-01-05T02:30:00Z,2023,nhl,Minnesota Wild,Tampa Bay Lightning,5,1,0,401459200
2023-01-05T03:00:00Z,2023,nhl,Anaheim Ducks,Dallas Stars,2,0,0,401459198
2023-01-06T00:00:00Z,2023,nhl,Carolina Hurricanes,Nashville Predators,3,5,0,401459201
2023-01-06T00:00:00Z,2023,nhl,Columbus Blue Jackets,Washington Capitals,2,6,0,401459202
2023-01-06T00:00:00Z,2023,nhl,Montreal Canadiens,New York Rangers,1,4,0,401459205
2023-01-06T00:00:00Z,2023,nhl,New Jersey Devils,St. Louis Blues,3,5,0,401459206
2023-01-06T00:00:00Z,2023,nhl,Philadelphia Flyers,Arizona Coyotes,6,2,0,401459207
2023-01-06T00:00:00Z,2023,nhl,Toronto Maple Leafs,Seattle Kraken,1,5,0,401459208
2023-01-06T02:00:00Z,2023,nhl,Edmonton Oilers,New York Islanders,4,2,0,401459203
2023-01-06T03:00:00Z,2023,nhl,Vancouver Canucks,Colorado Avalanche,4,2,0,401459209
2023-01-06T03:00:00Z,2023,nhl,Vegas Golden Knights,Pittsburgh Penguins,5,2,0,401459210
2023-01-06T03:30:00Z,2023,nhl,Los Angeles Kings,Boston Bruins,2,5,0,401459204
2023-01-07T00:00:00Z,2023,nhl,Detroit Red Wings,Florida Panthers,2,3,0,401459214
2023-01-07T00:00:00Z,2023,nhl,Washington Capitals,Nashville Predators,2,3,0,401459215
2023-01-07T01:00:00Z,2023,nhl,Winnipeg Jets,Tampa Bay Lightning,4,2,0,401459216
2023-01-07T01:30:00Z,2023,nhl,Chicago Blackhawks,Arizona Coyotes,2,0,0,401459213
2023-01-07T02:00:00Z,2023,nhl,Calgary Flames,New York Islanders,4,1,0,401459212
2023-01-07T03:00:00Z,2023,nhl,Anaheim Ducks,San Jose Sharks,5,4,0,401459211
2023-01-07T18:00:00Z,2023,nhl,New Jersey Devils,New York Rangers,4,3,0,401459221
2023-01-07T21:00:00Z,2023,nhl,Columbus Blue Jackets,Carolina Hurricanes,4,3,0,401459218
2023-01-08T00:00:00Z,2023,nhl,Buffalo Sabres,Minnesota Wild,6,5,0,401459217
2023-01-08T00:00:00Z,2023,nhl,Montreal Canadiens,St. Louis Blues,5,4,0,401459220
2023-01-08T00:00:00Z,2023,nhl,Ottawa Senators,Seattle Kraken,4,8,0,401459222
2023-01-08T00:00:00Z,2023,nhl,Toronto Maple Leafs,Detroit Red Wings,4,1,0,401459224
2023-01-08T03:00:00Z,2023,nhl,Edmonton Oilers,Colorado Avalanche,2,3,0,401459219
2023-01-08T03:00:00Z,2023,nhl,Vegas Golden Knights,Los Angeles Kings,1,5,0,401459225
2023-01-08T03:30:00Z,2023,nhl,San Jose Sharks,Boston Bruins,2,4,0,401459223
2023-01-08T20:00:00Z,2023,nhl,Winnipeg Jets,Vancouver Canucks,7,4,0,401459233
2023-01-08T20:30:00Z,2023,nhl,Dallas Stars,Florida Panthers,5,1,0,401459229
2023-01-08T22:00:00Z,2023,nhl,Washington Capitals,Columbus Blue Jackets,1,0,0,401459232
2023-01-09T00:00:00Z,2023,nhl,Arizona Coyotes,Pittsburgh Penguins,1,4,0,401459227
2023-01-09T00:00:00Z,2023,nhl,Chicago Blackhawks,Calgary Flames,4,3,0,401459228
2023-01-09T00:00:00Z,2023,nhl,Minnesota Wild,St. Louis Blues,0,3,0,401459230
2023-01-09T00:00:00Z,2023,nhl,Philadelphia Flyers,Toronto Maple Leafs,2,6,0,401459231
2023-01-09T01:30:00Z,2023,nhl,Anaheim Ducks,Boston Bruins,1,7,0,401459226
2023-01-10T00:00:00Z,2023,nhl,Buffalo Sabres,Philadelphia Flyers,0,4,0,401459579
2023-01-10T00:30:00Z,2023,nhl,Montreal Canadiens,Seattle Kraken,0,4,0,401459235
2023-01-10T00:30:00Z,2023,nhl,Ottawa Senators,Nashville Predators,0,3,0,401459236
2023-01-10T03:30:00Z,2023,nhl,Los Angeles Kings,Edmonton Oilers,6,3,0,401459234
2023-01-11T00:00:00Z,2023,nhl,Buffalo Sabres,Seattle Kraken,3,4,0,401459238
2023-01-11T00:00:00Z,2023,nhl,Carolina Hurricanes,New Jersey Devils,3,5,0,401459239
2023-01-11T00:00:00Z,2023,nhl,Detroit Red Wings,Winnipeg Jets,7,5,0,401459241
2023-01-11T00:00:00Z,2023,nhl,New York Rangers,Minnesota Wild,4,3,0,401459243
2023-01-11T00:00:00Z,2023,nhl,Pittsburgh Penguins,Vancouver Canucks,5,4,0,401459244
2023-01-11T00:00:00Z,2023,nhl,Tampa Bay Lightning,Columbus Blue Jackets,6,3,0,401459246
2023-01-11T00:30:00Z,2023,nhl,New York Islanders,Dallas Stars,1,2,0,401459242
2023-01-11T01:00:00Z,2023,nhl,St. Louis Blues,Calgary Flames,4,3,0,401459245
2023-01-11T02:00:00Z,2023,nhl,Arizona Coyotes,San Jose Sharks,2,4,0,401459237
2023-01-11T02:30:00Z,2023,nhl,Colorado Avalanche,Florida Panthers,4,5,0,401459240
2023-01-12T00:00:00Z,2023,nhl,Philadelphia Flyers,Washington Capitals,5,3,0,401459249
2023-01-12T00:30:00Z,2023,nhl,Toronto Maple Leafs,Nashville Predators,2,1,0,401459250
2023-01-12T03:00:00Z,2023,nhl,Anaheim Ducks,Edmonton Oilers,2,6,0,401459247
2023-01-12T03:00:00Z,2023,nhl,Los Angeles Kings,San Jose Sharks,4,3,0,401459248
2023-01-13T00:00:00Z,2023,nhl,Boston Bruins,Seattle Kraken,0,3,0,401459252
2023-01-13T00:00:00Z,2023,nhl,Buffalo Sabres,Winnipeg Jets,2,4,0,401459253
2023-01-13T00:00:00Z,2023,nhl,Columbus Blue Jackets,Carolina Hurricanes,2,6,0,401459255
2023-01-13T00:00:00Z,2023,nhl,Detroit Red Wings,Toronto Maple Leafs,4,1,0,401459256
2023-01-13T00:00:00Z,2023,nhl,Montreal Canadiens,Nashville Predators,4,3,0,401459257
2023-01-13T00:00:00Z,2023,nhl,New York Rangers,Dallas Stars,2,1,0,401459259
2023-01-13T00:00:00Z,2023,nhl,Tampa Bay Lightning,Vancouver Canucks,5,4,0,401459261
2023-01-13T00:30:00Z,2023,nhl,New York Islanders,Minnesota Wild,1,3,0,401459258
2023-01-13T01:00:00Z,2023,nhl,St. Louis Blues,Calgary Flames,1,4,0,401459260
2023-01-13T01:30:00Z,2023,nhl,Chicago Blackhawks,Colorado Avalanche,3,2,0,401459254
2023-01-13T02:00:00Z,2023,nhl,Arizona Coyotes,Ottawa Senators,3,5,0,401459251
2023-01-13T03:00:00Z,2023,nhl,Vegas Golden Knights,Florida Panthers,4,2,0,401459262
2023-01-14T00:00:00Z,2023,nhl,Pittsburgh Penguins,Winnipeg Jets,1,4,0,401459264
2023-01-14T03:00:00Z,2023,nhl,Anaheim Ducks,New Jersey Devils,2,6,0,401459263
2023-01-14T03:30:00Z,2023,nhl,San Jose Sharks,Edmonton Oilers,1,7,0,401459265
2023-01-14T19:00:00Z,2023,nhl,Dallas Stars,Calgary Flames,5,6,0,401459270
2023-01-15T00:00:00Z,2023,nhl,Boston Bruins,Toronto Maple Leafs,4,3,0,401459266
2023-01-15T00:00:00Z,2023,nhl,Carolina Hurricanes,Pittsburgh Penguins,2,1,0,401459267
2023-01-15T00:00:00Z,2023,nhl,Colorado Avalanche,Ottawa Senators,7,0,0,401459269
2023-01-15T00:00:00Z,2023,nhl,Detroit Red Wings,Columbus Blue Jackets,3,4,0,401459271
2023-01-15T00:00:00Z,2023,nhl,Florida Panthers,Vancouver Canucks,4,3,0,401459272
2023-01-15T00:00:00Z,2023,nhl,New York Islanders,Montreal Canadiens,2,1,0,401459275
2023-01-15T00:00:00Z,2023,nhl,Washington Capitals,Philadelphia Flyers,1,3,0,401459279
2023-01-15T01:00:00Z,2023,nhl,Chicago Blackhawks,Seattle Kraken,5,8,0,401459268
2023-01-15T01:00:00Z,2023,nhl,Minnesota Wild,Arizona Coyotes,2,1,0,401459274
2023-01-15T01:00:00Z,2023,nhl,Nashville Predators,Buffalo Sabres,3,5,0,401459276
2023-01-15T01:00:00Z,2023,nhl,St. Louis Blues,Tampa Bay Lightning,2,4,0,401459277
2023-01-15T03:00:00Z,2023,nhl,Vegas Golden Knights,Edmonton Oilers,3,4,0,401459278
2023-01-15T03:30:00Z,2023,nhl,Los Angeles Kings,New Jersey Devils,2,5,0,401459273
2023-01-15T22:00:00Z,2023,nhl,Carolina Hurricanes,Vancouver Canucks,3,4,0,401459280
2023-01-15T22:00:00Z,2023,nhl,New York Rangers,Montreal Canadiens,1,2,0,401459281
2023-01-16T00:00:00Z,2023,nhl,Winnipeg Jets,Arizona Coyotes,2,1,0,401459282
2023-01-16T18:00:00Z,2023,nhl,Boston Bruins,Philadelphia Flyers,6,0,0,401459283
2023-01-16T18:00:00Z,2023,nhl,Buffalo Sabres,Florida Panthers,1,4,0,401459284
2023-01-16T20:00:00Z,2023,nhl,Colorado Avalanche,Detroit Red Wings,6,3,0,401459285
2023-01-16T21:00:00Z,2023,nhl,San Jose Sharks,New Jersey Devils,3,4,0,401459290
2023-01-16T21:00:00Z,2023,nhl,Seattle Kraken,Tampa Bay Lightning,1,4,0,401459291
2023-01-16T23:00:00Z,2023,nhl,Vegas Golden Knights,Dallas Stars,0,4,0,401459293
2023-01-17T00:00:00Z,2023,nhl,Columbus Blue Jackets,New York Rangers,1,3,0,401459286
2023-01-17T00:00:00Z,2023,nhl,Pittsburgh Penguins,Anaheim Ducks,4,3,0,401459289
2023-01-17T00:30:00Z,2023,nhl,New York Islanders,Washington Capitals,3,4,0,401459287
2023-01-17T01:00:00Z,2023,nhl,Nashville Predators,Calgary Flames,2,1,0,401459288
2023-01-17T01:00:00Z,2023,nhl,St. Louis Blues,Ottawa Senators,2,1,0,401459292
2023-01-18T00:00:00Z,2023,nhl,Montreal Canadiens,Winnipeg Jets,4,1,0,401459297
2023-01-18T00:00:00Z,2023,nhl,Philadelphia Flyers,Anaheim Ducks,5,2,0,401459298
2023-01-18T00:00:00Z,2023,nhl,Toronto Maple Leafs,Florida Panthers,5,4,0,401459299
2023-01-18T00:00:00Z,2023,nhl,Washington Capitals,Minnesota Wild,2,4,0,401459300
2023-01-18T01:00:00Z,2023,nhl,Nashville Predators,Columbus Blue Jackets,2,1,0,401507548
2023-01-18T01:30:00Z,2023,nhl,Chicago Blackhawks,Buffalo Sabres,4,3,0,401459295
2023-01-18T02:00:00Z,2023,nhl,Arizona Coyotes,Detroit Red Wings,4,3,0,401459294
2023-01-18T02:00:00Z,2023,nhl,Edmonton Oilers,Seattle Kraken,5,2,0,401459296
2023-01-19T00:00:00Z,2023,nhl,Ottawa Senators,Pittsburgh Penguins,5,4,0,401459303
2023-01-19T00:30:00Z,2023,nhl,New York Islanders,Boston Bruins,1,4,0,401459302
2023-01-19T02:30:00Z,2023,nhl,Calgary Flames,Colorado Avalanche,1,4,0,401459301
2023-01-19T03:00:00Z,2023,nhl,San Jose Sharks,Dallas Stars,5,3,0,401459304
2023-01-19T03:00:00Z,2023,nhl,Vancouver Canucks,Tampa Bay Lightning,2,5,0,401459305
2023-01-20T00:00:00Z,2023,nhl,Carolina Hurricanes,Minnesota Wild,5,2,0,401459308
2023-01-20T00:00:00Z,2023,nhl,Columbus Blue Jackets,Anaheim Ducks,3,5,0,401459309
2023-01-20T00:00:00Z,2023,nhl,Montreal Canadiens,Florida Panthers,2,6,0,401459312
2023-01-20T00:00:00Z,2023,nhl,New York Rangers,Boston Bruins,1,3,0,401459313
2023-01-20T00:00:00Z,2023,nhl,Philadelphia Flyers,Chicago Blackhawks,1,4,0,401459314
2023-01-20T00:00:00Z,2023,nhl,Toronto Maple Leafs,Winnipeg Jets,4,1,0,401459317
2023-01-20T00:30:00Z,2023,nhl,Buffalo Sabres,New York Islanders,3,2,0,401459307
2023-01-20T01:00:00Z,2023,nhl,St. Louis Blues,Nashville Predators,5,2,0,401459316
2023-01-20T02:00:00Z,2023,nhl,Arizona Coyotes,Washington Capitals,0,4,0,401459306
2023-01-20T02:00:00Z,2023,nhl,Edmonton Oilers,Tampa Bay Lightning,5,3,0,401459310
2023-01-20T03:00:00Z,2023,nhl,Seattle Kraken,New Jersey Devils,4,3,0,401459315
2023-01-20T03:00:00Z,2023,nhl,Vegas Golden Knights,Detroit Red Wings,2,3,0,401459318
2023-01-20T03:30:00Z,2023,nhl,Los Angeles Kings,Dallas Stars,0,4,0,401459311
2023-01-21T00:00:00Z,2023,nhl,Pittsburgh Penguins,Ottawa Senators,4,1,0,401459319
2023-01-21T03:00:00Z,2023,nhl,Vancouver Canucks,Colorado Avalanche,1,4,0,401459320
2023-01-21T17:30:00Z,2023,nhl,Buffalo Sabres,Anaheim Ducks,6,3,0,401459321
2023-01-21T20:00:00Z,2023,nhl,Calgary Flames,Tampa Bay Lightning,6,3,0,401459322
2023-01-21T23:00:00Z,2023,nhl,Florida Panthers,Minnesota Wild,5,3,0,401459326
2023-01-22T00:00:00Z,2023,nhl,Columbus Blue Jackets,San Jose Sharks,5,3,0,401459323
2023-01-22T00:00:00Z,2023,nhl,Detroit Red Wings,Philadelphia Flyers,1,2,0,401459325
2023-01-22T00:00:00Z,2023,nhl,Montreal Canadiens,Toronto Maple Leafs,3,2,0,401459327
2023-01-22T00:00:00Z,2023,nhl,Ottawa Senators,Winnipeg Jets,1,5,0,401459330
2023-01-22T00:30:00Z,2023,nhl,New York Islanders,Carolina Hurricanes,2,5,0,401459328
2023-01-22T01:00:00Z,2023,nhl,Dallas Stars,Arizona Coyotes,4,0,0,401459324
2023-01-22T01:00:00Z,2023,nhl,Nashville Predators,Los Angeles Kings,5,3,0,401459329
2023-01-22T01:00:00Z,2023,nhl,St. Louis Blues,Chicago Blackhawks,3,5,0,401459332
2023-01-22T03:00:00Z,2023,nhl,Seattle Kraken,Colorado Avalanche,1,2,0,401459331
2023-01-22T03:00:00Z,2023,nhl,Vancouver Canucks,Edmonton Oilers,2,4,0,401459333
2023-01-22T03:00:00Z,2023,nhl,Vegas Golden Knights,Washington Capitals,6,2,0,401459334
2023-01-22T19:00:00Z,2023,nhl,New Jersey Devils,Pittsburgh Penguins,2,1,0,401459338
2023-01-23T00:00:00Z,2023,nhl,Boston Bruins,San Jose Sharks,4,0,0,401459336
2023-01-23T00:00:00Z,2023,nhl,Chicago Blackhawks,Los Angeles Kings,1,2,0,401459337
2023-01-23T00:00:00Z,2023,nhl,Philadelphia Flyers,Winnipeg Jets,3,5,0,401459339
2023-01-23T01:00:00Z,2023,nhl,Arizona Coyotes,Vegas Golden Knights,4,1,0,401459335
2023-01-24T00:00:00Z,2023,nhl,New York Rangers,Florida Panthers,6,2,0,401459342
2023-01-24T00:00:00Z,2023,nhl,Toronto Maple Leafs,New York Islanders,5,2,0,401459343
2023-01-24T01:30:00Z,2023,nhl,Dallas Stars,Buffalo Sabres,2,3,0,401459341
2023-01-24T02:30:00Z,2023,nhl,Calgary Flames,Columbus Blue Jackets,4,3,0,401459340
2023-01-25T00:00:00Z,2023,nhl,Detroit Red Wings,San Jose Sharks,3,2,0,401459346
2023-01-25T00:00:00Z,2023,nhl,Montreal Canadiens,Boston Bruins,2,4,0,401459347
2023-01-25T00:00:00Z,2023,nhl,Philadelphia Flyers,Los Angeles Kings,3,4,0,401459350
2023-01-25T00:00:00Z,2023,nhl,Pittsburgh Penguins,Florida Panthers,7,6,0,401459351
2023-01-25T00:00:00Z,2023,nhl,Tampa Bay Lightning,Minnesota Wild,4,2,0,401459353
2023-01-25T00:30:00Z,2023,nhl,New Jersey Devils,Vegas Golden Knights,3,2,0,401459349
2023-01-25T01:00:00Z,2023,nhl,Nashville Predators,Winnipeg Jets,2,1,0,401459348
2023-01-25T01:00:00Z,2023,nhl,St. Louis Blues,Buffalo Sabres,3,5,0,401459352
2023-01-25T02:00:00Z,2023,nhl,Arizona Coyotes,Anaheim Ducks,2,5,0,401459344
2023-01-25T02:00:00Z,2023,nhl,Colorado Avalanche,Washington Capitals,3,2,0,401459345
2023-01-25T03:00:00Z,2023,nhl,Vancouver Canucks,Chicago Blackhawks,5,2,0,401459354
2023-01-26T00:00:00Z,2023,nhl,Ottawa Senators,New York Islanders,2,1,0,401459357
2023-01-26T00:00:00Z,2023,nhl,Toronto Maple Leafs,New York Rangers,3,2,0,401459359
2023-01-26T01:30:00Z,2023,nhl,Dallas Stars,Carolina Hurricanes,2,3,0,401459355
2023-01-26T02:30:00Z,2023,nhl,Edmonton Oilers,Columbus Blue Jackets,2,3,0,401459356
2023-01-26T03:00:00Z,2023,nhl,Seattle Kraken,Vancouver Canucks,6,1,0,401459358
2023-01-27T00:00:00Z,2023,nhl,Montreal Canadiens,Detroit Red Wings,3,4,0,401459364
2023-01-27T00:00:00Z,2023,nhl,Tampa Bay Lightning,Boston Bruins,3,2,0,401459366
2023-01-27T00:00:00Z,2023,nhl,Washington Capitals,Pittsburgh Penguins,3,2,0,401459367
2023-01-27T01:00:00Z,2023,nhl,Minnesota Wild,Philadelphia Flyers,3,2,0,401459363
2023-01-27T01:00:00Z,2023,nhl,Nashville Predators,New Jersey Devils,6,4,0,401459365
2023-01-27T01:00:00Z,2023,nhl,Winnipeg Jets,Buffalo Sabres,2,3,0,401459368
2023-01-27T02:00:00Z,2023,nhl,Arizona Coyotes,St. Louis Blues,5,0,0,401459360
2023-01-27T02:00:00Z,2023,nhl,Calgary Flames,Chicago Blackhawks,1,5,0,401459361
2023-01-27T02:00:00Z,2023,nhl,Colorado Avalanche,Anaheim Ducks,3,5,0,401459362
2023-01-28T00:00:00Z,2023,nhl,Carolina Hurricanes,San Jose Sharks,5,4,0,401459369
2023-01-28T00:00:00Z,2023,nhl,Florida Panthers,Los Angeles Kings,3,4,0,401459371
2023-01-28T00:00:00Z,2023,nhl,New York Islanders,Detroit Red Wings,2,0,0,401459372
2023-01-28T00:00:00Z,2023,nhl,New York Rangers,Vegas Golden Knights,4,1,0,401459373
2023-01-28T00:00:00Z,2023,nhl,Toronto Maple Leafs,Ottawa Senators,2,6,0,401459375
2023-01-28T01:30:00Z,2023,nhl,Dallas Stars,New Jersey Devils,2,3,0,401459370
2023-01-28T03:00:00Z,2023,nhl,Seattle Kraken,Calgary Flames,2,5,0,401459374
2023-01-28T03:00:00Z,2023,nhl,Vancouver Canucks,Columbus Blue Jackets,5,2,0,401459376
2023-01-28T20:00:00Z,2023,nhl,Colorado Avalanche,St. Louis Blues,4,2,0,401459378
2023-01-28T23:00:00Z,2023,nhl,Florida Panthers,Boston Bruins,4,3,0,401459380
2023-01-29T00:00:00Z,2023,nhl,Ottawa Senators,Montreal Canadiens,5,0,0,401459383
2023-01-29T00:00:00Z,2023,nhl,Pittsburgh Penguins,San Jose Sharks,4,6,0,401459384
2023-01-29T00:00:00Z,2023,nhl,Tampa Bay Lightning,Los Angeles Kings,5,2,0,401459386
2023-01-29T00:00:00Z,2023,nhl,Winnipeg Jets,Philadelphia Flyers,0,4,0,401459387
2023-01-29T00:30:00Z,2023,nhl,New York Islanders,Vegas Golden Knights,2,1,0,401459382
2023-01-29T02:00:00Z,2023,nhl,Minnesota Wild,Buffalo Sabres,3,2,0,401459381
2023-01-29T03:00:00Z,2023,nhl,Edmonton Oilers,Chicago Blackhawks,7,3,0,401459379
2023-01-29T03:00:00Z,2023,nhl,Seattle Kraken,Columbus Blue Jackets,3,1,0,401459385
2023-01-29T03:30:00Z,2023,nhl,Anaheim Ducks,Arizona Coyotes,2,1,0,401459377
2023-01-29T22:00:00Z,2023,nhl,Carolina Hurricanes,Boston Bruins,4,1,0,401459388
2023-01-29T22:00:00Z,2023,nhl,Toronto Maple Leafs,Washington Capitals,5,1,0,401459389
2023-01-31T01:00:00Z,2023,nhl,Winnipeg Jets,St. Louis Blues,4,2,0,401459390
2023-02-01T00:00:00Z,2023,nhl,Carolina Hurricanes,Los Angeles Kings,5,4,0,401459391
2023-02-01T00:00:00Z,2023,nhl,Columbus Blue Jackets,Washington Capitals,3,4,0,401459392
2023-02-01T00:00:00Z,2023,nhl,Montreal Canadiens,Ottawa Senators,4,5,0,401459393
2023-02-02T00:30:00Z,2023,nhl,Buffalo Sabres,Carolina Hurricanes,1,5,0,401459394
2023-02-02T00:30:00Z,2023,nhl,Toronto Maple Leafs,Boston Bruins,2,5,0,401459395
2023-02-04T20:00:00Z,2023,nhl,Central,Pacific,6,4,0,401524157
2023-02-04T21:00:00Z,2023,nhl,Atlantic,Metro,10,6,0,401524158
2023-02-04T22:00:00Z,2023,nhl,Atlantic,Central,7,5,0,401524159
2023-02-07T00:00:00Z,2023,nhl,Florida Panthers,Tampa Bay Lightning,7,1,0,401459398
2023-02-07T00:00:00Z,2023,nhl,Philadelphia Flyers,New York Islanders,1,2,0,401459401
2023-02-07T00:30:00Z,2023,nhl,New York Rangers,Calgary Flames,5,4,0,401459399
2023-02-07T00:30:00Z,2023,nhl,New Jersey Devils,Vancouver Canucks,5,4,0,401459400
2023-02-07T01:30:00Z,2023,nhl,Dallas Stars,Anaheim Ducks,3,2,0,401459397
2023-02-07T02:00:00Z,2023,nhl,Arizona Coyotes,Minnesota Wild,3,2,0,401459396
2023-02-08T00:00:00Z,2023,nhl,Pittsburgh Penguins,Colorado Avalanche,2,1,0,401459406
2023-02-08T00:00:00Z,2023,nhl,Tampa Bay Lightning,San Jose Sharks,3,4,0,401459407
2023-02-08T00:30:00Z,2023,nhl,Detroit Red Wings,Edmonton Oilers,2,5,0,401459403
2023-02-08T00:30:00Z,2023,nhl,New York Islanders,Seattle Kraken,4,0,0,401459404
2023-02-08T01:00:00Z,2023,nhl,Nashville Predators,Vegas Golden Knights,1,5,0,401459405
2023-02-08T01:30:00Z,2023,nhl,Chicago Blackhawks,Anaheim Ducks,2,3,0,401459402
2023-02-09T01:00:00Z,2023,nhl,New York Rangers,Vancouver Canucks,4,3,0,401459409
2023-02-09T01:30:00Z,2023,nhl,Dallas Stars,Minnesota Wild,4,1,0,401459408
2023-02-10T00:00:00Z,2023,nhl,Detroit Red Wings,Calgary Flames,2,1,0,401459410
2023-02-10T00:00:00Z,2023,nhl,Florida Panthers,San Jose Sharks,4,1,0,401459411
2023-02-10T00:00:00Z,2023,nhl,New Jersey Devils,Seattle Kraken,3,1,0,401459414
2023-02-10T00:00:00Z,2023,nhl,Philadelphia Flyers,Edmonton Oilers,2,1,0,401459415
2023-02-10T00:00:00Z,2023,nhl,Tampa Bay Lightning,Colorado Avalanche,5,0,0,401459416
2023-02-10T00:30:00Z,2023,nhl,New York Islanders,Vancouver Canucks,5,6,0,401459413
2023-02-10T01:00:00Z,2023,nhl,Minnesota Wild,Vegas Golden Knights,1,5,0,401459412
2023-02-11T00:00:00Z,2023,nhl,Columbus Blue Jackets,Toronto Maple Leafs,0,3,0,401459419
2023-02-11T00:00:00Z,2023,nhl,New York Rangers,Seattle Kraken,6,3,0,401459420
2023-02-11T01:30:00Z,2023,nhl,Chicago Blackhawks,Arizona Coyotes,4,3,0,401459418
2023-02-11T03:00:00Z,2023,nhl,Anaheim Ducks,Pittsburgh Penguins,3,6,0,401459417
2023-02-11T17:00:00Z,2023,nhl,Detroit Red Wings,Vancouver Canucks,5,2,0,401459425
2023-02-11T17:30:00Z,2023,nhl,Buffalo Sabres,Calgary Flames,2,7,0,401459422
2023-02-11T17:30:00Z,2023,nhl,Montreal Canadiens,New York Islanders,4,3,0,401459429
2023-02-11T17:30:00Z,2023,nhl,Ottawa Senators,Edmonton Oilers,3,6,0,401459430
2023-02-11T17:30:00Z,2023,nhl,Philadelphia Flyers,Nashville Predators,1,2,0,401459431
2023-02-11T18:00:00Z,2023,nhl,Dallas Stars,Tampa Bay Lightning,1,3,0,401459424
2023-02-11T20:30:00Z,2023,nhl,Boston Bruins,Washington Capitals,1,2,0,401459421
2023-02-11T23:00:00Z,2023,nhl,Florida Panthers,Colorado Avalanche,3,5,0,401459426
2023-02-12T00:00:00Z,2023,nhl,Carolina Hurricanes,New York Rangers,2,6,0,401459423
2023-02-12T00:00:00Z,2023,nhl,Toronto Maple Leafs,Columbus Blue Jackets,3,4,0,401459433
2023-02-12T01:00:00Z,2023,nhl,Minnesota Wild,New Jersey Devils,3,2,0,401459428
2023-02-12T01:00:00Z,2023,nhl,St. Louis Blues,Arizona Coyotes,6,5,0,401459432
2023-02-12T03:00:00Z,2023,nhl,Winnipeg Jets,Chicago Blackhawks,4,1,0,401459434
2023-02-12T03:30:00Z,2023,nhl,Los Angeles Kings,Pittsburgh Penguins,6,0,0,401459427
2023-02-12T17:30:00Z,2023,nhl,Montreal Canadiens,Edmonton Oilers,6,2,0,401459435
2023-02-12T18:00:00Z,2023,nhl,Philadelphia Flyers,Seattle Kraken,3,4,0,401459436
2023-02-12T18:30:00Z,2023,nhl,Washington Capitals,San Jose Sharks,1,4,0,401459438
2023-02-12T20:00:00Z,2023,nhl,Vegas Golden Knights,Anaheim Ducks,7,2,0,401459437
2023-02-14T00:30:00Z,2023,nhl,Ottawa Senators,Calgary Flames,4,3,0,401459442
2023-02-14T01:00:00Z,2023,nhl,Minnesota Wild,Florida Panthers,1,2,0,401459440
2023-02-14T01:00:00Z,2023,nhl,Nashville Predators,Arizona Coyotes,2,4,0,401459441
2023-02-14T03:00:00Z,2023,nhl,Vancouver Canucks,Detroit Red Wings,1,6,0,401459443
2023-02-14T03:30:00Z,2023,nhl,Los Angeles Kings,Buffalo Sabres,5,2,0,401459439
2023-02-15T00:00:00Z,2023,nhl,Montreal Canadiens,Chicago Blackhawks,4,0,0,401459447
2023-02-15T00:00:00Z,2023,nhl,Washington Capitals,Carolina Hurricanes,2,3,0,401459451
2023-02-15T00:30:00Z,2023,nhl,Columbus Blue Jackets,New Jersey Devils,2,3,0,401459445
2023-02-15T00:30:00Z,2023,nhl,New York Islanders,Ottawa Senators,2,3,0,401459448
2023-02-15T01:00:00Z,2023,nhl,St. Louis Blues,Florida Panthers,6,2,0,401459450
2023-02-15T01:00:00Z,2023,nhl,Winnipeg Jets,Seattle Kraken,3,2,0,401459452
2023-02-15T01:30:00Z,2023,nhl,Dallas Stars,Boston Bruins,2,3,0,401459446
2023-02-15T02:00:00Z,2023,nhl,Colorado Avalanche,Tampa Bay Lightning,3,4,0,401459444
2023-02-15T03:30:00Z,2023,nhl,San Jose Sharks,Pittsburgh Penguins,1,3,0,401459449
2023-02-16T00:00:00Z,2023,nhl,Toronto Maple Leafs,Chicago Blackhawks,5,2,0,401459457
2023-02-16T02:00:00Z,2023,nhl,Arizona Coyotes,Tampa Bay Lightning,1,0,0,401459454
2023-02-16T02:30:00Z,2023,nhl,Edmonton Oilers,Detroit Red Wings,4,5,0,401459455
2023-02-16T02:30:00Z,2023,nhl,Minnesota Wild,Colorado Avalanche,2,3,0,401459456
2023-02-16T03:00:00Z,2023,nhl,Anaheim Ducks,Buffalo Sabres,3,7,0,401459453
2023-02-16T03:00:00Z,2023,nhl,Vancouver Canucks,New York Rangers,4,6,0,401459458
2023-02-17T00:00:00Z,2023,nhl,Carolina Hurricanes,Montreal Canadiens,6,2,0,401459460
2023-02-17T00:00:00Z,2023,nhl,Columbus Blue Jackets,Winnipeg Jets,3,1,0,401459461
2023-02-17T00:00:00Z,2023,nhl,Washington Capitals,Florida Panthers,3,6,0,401459466
2023-02-17T01:00:00Z,2023,nhl,Nashville Predators,Boston Bruins,0,5,0,401459462
2023-02-17T02:00:00Z,2023,nhl,Calgary Flames,Detroit Red Wings,2,5,0,401459459
2023-02-17T02:00:00Z,2023,nhl,St. Louis Blues,New Jersey Devils,4,2,0,401459464
2023-02-17T03:00:00Z,2023,nhl,Seattle Kraken,Philadelphia Flyers,6,2,0,401459463
2023-02-17T03:00:00Z,2023,nhl,Vegas Golden Knights,San Jose Sharks,2,1,0,401459465
2023-02-18T00:00:00Z,2023,nhl,New York Islanders,Pittsburgh Penguins,5,4,0,401459470
2023-02-18T00:00:00Z,2023,nhl,Ottawa Senators,Chicago Blackhawks,3,4,0,401459471
2023-02-18T01:00:00Z,2023,nhl,Minnesota Wild,Dallas Stars,2,1,0,401459469
2023-02-18T02:00:00Z,2023,nhl,Anaheim Ducks,Los Angeles Kings,3,6,0,401459467
2023-02-18T02:00:00Z,2023,nhl,Edmonton Oilers,New York Rangers,4,5,0,401459468
2023-02-18T19:00:00Z,2023,nhl,Nashville Predators,Florida Panthers,7,3,0,401459477
2023-02-18T19:00:00Z,2023,nhl,St. Louis Blues,Colorado Avalanche,1,4,0,401459481
2023-02-18T22:00:00Z,2023,nhl,Boston Bruins,New York Islanders,6,2,0,401459472
2023-02-18T22:30:00Z,2023,nhl,Pittsburgh Penguins,New Jersey Devils,2,5,0,401459478
2023-02-18T23:00:00Z,2023,nhl,Dallas Stars,Columbus Blue Jackets,1,4,0,401459475
2023-02-19T00:00:00Z,2023,nhl,Toronto Maple Leafs,Montreal Canadiens,5,1,0,401459482
2023-02-19T01:00:00Z,2023,nhl,Carolina Hurricanes,Washington Capitals,4,1,0,401459474
2023-02-19T03:00:00Z,2023,nhl,Calgary Flames,New York Rangers,3,2,0,401459473
2023-02-19T03:00:00Z,2023,nhl,Vancouver Canucks,Philadelphia Flyers,6,2,0,401459483
2023-02-19T03:30:00Z,2023,nhl,Los Angeles Kings,Arizona Coyotes,6,5,0,401459476
2023-02-19T03:30:00Z,2023,nhl,San Jose Sharks,Buffalo Sabres,2,4,0,401459479
2023-02-19T03:30:00Z,2023,nhl,Seattle Kraken,Detroit Red Wings,4,2,0,401459480
2023-02-19T03:30:00Z,2023,nhl,Vegas Golden Knights,Tampa Bay Lightning,5,4,0,401459484
2023-02-19T19:00:00Z,2023,nhl,Minnesota Wild,Nashville Predators,4,3,0,401459488
2023-02-19T19:00:00Z,2023,nhl,Ottawa Senators,St. Louis Blues,7,2,0,401459490
2023-02-19T20:00:00Z,2023,nhl,Colorado Avalanche,Edmonton Oilers,6,5,0,401459487
2023-02-19T23:00:00Z,2023,nhl,Chicago Blackhawks,Toronto Maple Leafs,5,3,0,401459486
2023-02-20T00:00:00Z,2023,nhl,New Jersey Devils,Winnipeg Jets,4,2,0,401459489
2023-02-20T01:30:00Z,2023,nhl,Arizona Coyotes,Columbus Blue Jackets,3,2,0,401459485
2023-02-20T18:00:00Z,2023,nhl,Boston Bruins,Ottawa Senators,3,1,0,401459491
2023-02-20T18:00:00Z,2023,nhl,Florida Panthers,Anaheim Ducks,4,3,0,401459493
2023-02-20T21:00:00Z,2023,nhl,Calgary Flames,Philadelphia Flyers,3,4,0,401459492
2023-02-20T21:00:00Z,2023,nhl,San Jose Sharks,Seattle Kraken,4,0,0,401459496
2023-02-21T00:00:00Z,2023,nhl,New York Rangers,Winnipeg Jets,1,4,0,401459494
2023-02-21T00:00:00Z,2023,nhl,Pittsburgh Penguins,New York Islanders,2,4,0,401459495
2023-02-22T00:00:00Z,2023,nhl,Carolina Hurricanes,St. Louis Blues,4,1,0,401459498
2023-02-22T00:00:00Z,2023,nhl,New Jersey Devils,Montreal Canadiens,2,5,0,401459503
2023-02-22T00:00:00Z,2023,nhl,Tampa Bay Lightning,Anaheim Ducks,6,1,0,401459504
2023-02-22T00:00:00Z,2023,nhl,Washington Capitals,Detroit Red Wings,1,3,0,401459505
2023-02-22T00:30:00Z,2023,nhl,Buffalo Sabres,Toronto Maple Leafs,3,6,0,401459497
2023-02-22T01:00:00Z,2023,nhl,Minnesota Wild,Los Angeles Kings,2,1,0,401459501
2023-02-22T01:00:00Z,2023,nhl,Nashville Predators,Vancouver Canucks,5,4,0,401459502
2023-02-22T01:30:00Z,2023,nhl,Chicago Blackhawks,Vegas Golden Knights,3,2,0,401459499
2023-02-22T02:00:00Z,2023,nhl,Edmonton Oilers,Philadelphia Flyers,4,2,0,401459500
2023-02-23T00:00:00Z,2023,nhl,New York Islanders,Winnipeg Jets,2,1,0,401459508
2023-02-23T02:30:00Z,2023,nhl,Arizona Coyotes,Calgary Flames,3,6,0,401459506
2023-02-23T02:30:00Z,2023,nhl,Dallas Stars,Chicago Blackhawks,3,4,0,401459507
2023-02-24T00:00:00Z,2023,nhl,Columbus Blue Jackets,Minnesota Wild,0,2,0,401459509
2023-02-24T00:00:00Z,2023,nhl,Detroit Red Wings,New York Rangers,4,1,0,401459510
2023-02-24T00:00:00Z,2023,nhl,New Jersey Devils,Los Angeles Kings,4,3,0,401459511
2023-02-24T00:00:00Z,2023,nhl,Pittsburgh Penguins,Edmonton Oilers,2,7,0,401459512
2023-02-24T00:00:00Z,2023,nhl,Tampa Bay Lightning,Buffalo Sabres,5,6,0,401459516
2023-02-24T00:00:00Z,2023,nhl,Washington Capitals,Anaheim Ducks,2,4,0,401459518
2023-02-24T01:00:00Z,2023,nhl,St. Louis Blues,Vancouver Canucks,2,3,0,401459515
2023-02-24T02:00:00Z,2023,nhl,Vegas Golden Knights,Calgary Flames,4,3,0,401459517
2023-02-24T03:00:00Z,2023,nhl,Seattle Kraken,Boston Bruins,5,6,0,401459514
2023-02-24T03:30:00Z,2023,nhl,San Jose Sharks,Nashville Predators,2,6,0,401459513
2023-02-25T00:00:00Z,2023,nhl,Carolina Hurricanes,Ottawa Senators,4,0,0,401459519
2023-02-25T00:00:00Z,2023,nhl,Florida Panthers,Buffalo Sabres,1,3,0,401459520
2023-02-25T00:00:00Z,2023,nhl,Philadelphia Flyers,Montreal Canadiens,2,5,0,401459522
2023-02-25T00:00:00Z,2023,nhl,Toronto Maple Leafs,Minnesota Wild,2,1,0,401459523
2023-02-25T00:30:00Z,2023,nhl,New York Islanders,Los Angeles Kings,2,3,0,401459521
2023-02-25T01:00:00Z,2023,nhl,Winnipeg Jets,Colorado Avalanche,1,5,0,401459524
2023-02-25T17:30:00Z,2023,nhl,Columbus Blue Jackets,Edmonton Oilers,6,5,0,401459527
2023-02-25T18:00:00Z,2023,nhl,Washington Capitals,New York Rangers,6,3,0,401459535
2023-02-25T20:30:00Z,2023,nhl,St. Louis Blues,Pittsburgh Penguins,2,3,0,401459532
2023-02-26T00:00:00Z,2023,nhl,Carolina Hurricanes,Anaheim Ducks,2,3,0,401459525
2023-02-26T00:00:00Z,2023,nhl,Montreal Canadiens,Ottawa Senators,2,5,0,401459529
2023-02-26T00:00:00Z,2023,nhl,New Jersey Devils,Philadelphia Flyers,7,0,0,401459530
2023-02-26T00:00:00Z,2023,nhl,Vancouver Canucks,Boston Bruins,1,3,0,401459533
2023-02-26T01:00:00Z,2023,nhl,Detroit Red Wings,Tampa Bay Lightning,0,3,0,401459528
2023-02-26T03:00:00Z,2023,nhl,Colorado Avalanche,Calgary Flames,4,1,0,401459526
2023-02-26T03:00:00Z,2023,nhl,San Jose Sharks,Chicago Blackhawks,3,4,0,401459531
2023-02-26T03:00:00Z,2023,nhl,Vegas Golden Knights,Dallas Stars,2,3,0,401459534
2023-02-26T18:00:00Z,2023,nhl,Buffalo Sabres,Washington Capitals,7,4,0,401459537
2023-02-26T19:00:00Z,2023,nhl,Minnesota Wild,Columbus Blue Jackets,3,2,0,401459538
2023-02-26T20:30:00Z,2023,nhl,Winnipeg Jets,New York Islanders,0,4,0,401459542
2023-02-26T22:00:00Z,2023,nhl,New York Rangers,Los Angeles Kings,5,2,0,401459539
2023-02-26T23:00:00Z,2023,nhl,Pittsburgh Penguins,Tampa Bay Lightning,7,3,0,401459540
2023-02-27T00:00:00Z,2023,nhl,Arizona Coyotes,Nashville Predators,2,6,0,401459536
2023-02-27T00:00:00Z,2023,nhl,Seattle Kraken,Toronto Maple Leafs,1,5,0,401459541
2023-02-28T00:00:00Z,2023,nhl,Ottawa Senators,Detroit Red Wings,6,2,0,401511870
2023-02-28T01:30:00Z,2023,nhl,Dallas Stars,Vancouver Canucks,4,5,0,401459545
2023-02-28T01:30:00Z,2023,nhl,Edmonton Oilers,Boston Bruins,2,3,0,401459546
2023-02-28T02:00:00Z,2023,nhl,Colorado Avalanche,Vegas Golden Knights,3,0,0,401459544
2023-02-28T03:00:00Z,2023,nhl,Anaheim Ducks,Chicago Blackhawks,4,2,0,401459543
2023-03-01T00:00:00Z,2023,nhl,Ottawa Senators,Detroit Red Wings,6,1,0,401459552
2023-03-01T00:00:00Z,2023,nhl,Tampa Bay Lightning,Florida Panthers,1,4,0,401459555
2023-03-01T00:30:00Z,2023,nhl,Buffalo Sabres,Columbus Blue Jackets,3,5,0,401459548
2023-03-01T01:00:00Z,2023,nhl,Minnesota Wild,New York Islanders,2,1,0,401459550
2023-03-01T01:00:00Z,2023,nhl,Nashville Predators,Pittsburgh Penguins,1,3,0,401459551
2023-03-01T01:00:00Z,2023,nhl,St. Louis Blues,Seattle Kraken,3,5,0,401459554
2023-03-01T01:00:00Z,2023,nhl,Winnipeg Jets,Los Angeles Kings,5,6,0,401459556
2023-03-01T02:00:00Z,2023,nhl,Arizona Coyotes,Chicago Blackhawks,4,1,0,401459547
2023-03-01T02:00:00Z,2023,nhl,Calgary Flames,Boston Bruins,3,4,0,401459549
2023-03-01T03:30:00Z,2023,nhl,San Jose Sharks,Montreal Canadiens,1,3,0,401459553
2023-03-02T00:30:00Z,2023,nhl,Philadelphia Flyers,New York Rangers,2,3,0,401459561
2023-03-02T01:00:00Z,2023,nhl,Edmonton Oilers,Toronto Maple Leafs,5,2,0,401459560
2023-03-02T01:30:00Z,2023,nhl,Dallas Stars,Arizona Coyotes,4,2,0,401459559
2023-03-02T02:00:00Z,2023,nhl,Colorado Avalanche,New Jersey Devils,5,7,0,401459558
2023-03-02T03:00:00Z,2023,nhl,Anaheim Ducks,Washington Capitals,2,3,0,401459557
2023-03-02T03:00:00Z,2023,nhl,Vegas Golden Knights,Carolina Hurricanes,3,2,0,401459562
2023-03-03T00:00:00Z,2023,nhl,Boston Bruins,Buffalo Sabres,7,1,0,401459563
2023-03-03T00:00:00Z,2023,nhl,Detroit Red Wings,Seattle Kraken,4,5,0,401459566
2023-03-03T00:00:00Z,2023,nhl,Florida Panthers,Nashville Predators,1,2,0,401459567
2023-03-03T00:00:00Z,2023,nhl,New York Rangers,Ottawa Senators,3,5,0,401459569
2023-03-03T00:00:00Z,2023,nhl,Tampa Bay Lightning,Pittsburgh Penguins,4,5,0,401459571
2023-03-03T01:30:00Z,2023,nhl,Chicago Blackhawks,Dallas Stars,2,5,0,401459565
2023-03-03T02:00:00Z,2023,nhl,Calgary Flames,Toronto Maple Leafs,1,2,0,401459564
2023-03-03T03:00:00Z,2023,nhl,Vancouver Canucks,Minnesota Wild,1,2,0,401459572
2023-03-03T03:30:00Z,2023,nhl,Los Angeles Kings,Montreal Canadiens,3,2,0,401459568
2023-03-03T03:30:00Z,2023,nhl,San Jose Sharks,St. Louis Blues,3,6,0,401459570
2023-03-04T00:00:00Z,2023,nhl,Columbus Blue Jackets,Seattle Kraken,2,4,0,401459575
2023-03-04T02:00:00Z,2023,nhl,Edmonton Oilers,Winnipeg Jets,6,3,0,401459576
2023-03-04T02:30:00Z,2023,nhl,Arizona Coyotes,Carolina Hurricanes,1,6,0,401459574
2023-03-04T03:00:00Z,2023,nhl,Anaheim Ducks,Montreal Canadiens,3,2,0,401459573
2023-03-04T03:00:00Z,2023,nhl,Vegas Golden Knights,New Jersey Devils,4,3,0,401459577
2023-03-04T17:30:00Z,2023,nhl,New York Islanders,Detroit Red Wings,4,1,0,401459585
2023-03-04T17:30:00Z,2023,nhl,Buffalo Sabres,Tampa Bay Lightning,5,3,0,401511690
2023-03-04T18:00:00Z,2023,nhl,Boston Bruins,New York Rangers,4,2,0,401459578
2023-03-04T20:30:00Z,2023,nhl,Dallas Stars,Colorado Avalanche,7,3,0,401459582
2023-03-04T23:00:00Z,2023,nhl,Florida Panthers,Pittsburgh Penguins,4,1,0,401459583
2023-03-04T23:00:00Z,2023,nhl,San Jose Sharks,Washington Capitals,3,8,0,401459587
2023-03-05T00:00:00Z,2023,nhl,Ottawa Senators,Columbus Blue Jackets,5,2,0,401459586
2023-03-05T00:00:00Z,2023,nhl,Vancouver Canucks,Toronto Maple Leafs,4,1,0,401459588
2023-03-05T00:00:00Z,2023,nhl,Winnipeg Jets,Edmonton Oilers,7,5,0,401459589
2023-03-05T01:00:00Z,2023,nhl,Chicago Blackhawks,Nashville Predators,1,3,0,401459581
2023-03-05T03:00:00Z,2023,nhl,Calgary Flames,Minnesota Wild,0,3,0,401459580
2023-03-05T03:30:00Z,2023,nhl,Los Angeles Kings,St. Louis Blues,4,2,0,401459584
2023-03-05T20:00:00Z,2023,nhl,Carolina Hurricanes,Tampa Bay Lightning,6,0,0,401459591
2023-03-05T23:00:00Z,2023,nhl,Philadelphia Flyers,Detroit Red Wings,3,1,0,401459593
2023-03-05T23:00:00Z,2023,nhl,Vegas Golden Knights,Montreal Canadiens,4,3,0,401459594
2023-03-06T00:00:00Z,2023,nhl,Arizona Coyotes,New Jersey Devils,4,5,0,401459590
2023-03-06T02:00:00Z,2023,nhl,Colorado Avalanche,Seattle Kraken,2,3,0,401459592
2023-03-07T00:30:00Z,2023,nhl,Buffalo Sabres,Edmonton Oilers,2,3,0,401459595
2023-03-07T00:30:00Z,2023,nhl,Winnipeg Jets,San Jose Sharks,2,3,0,401459600
2023-03-07T01:30:00Z,2023,nhl,Dallas Stars,Calgary Flames,4,5,0,401459597
2023-03-07T02:00:00Z,2023,nhl,Chicago Blackhawks,Ottawa Senators,5,0,0,401459596
2023-03-07T03:30:00Z,2023,nhl,Los Angeles Kings,Washington Capitals,4,2,0,401459598
2023-03-07T03:30:00Z,2023,nhl,Vancouver Canucks,Nashville Predators,4,3,0,401459599
2023-03-08T00:00:00Z,2023,nhl,Florida Panthers,Vegas Golden Knights,2,1,0,401459603
2023-03-08T00:00:00Z,2023,nhl,Montreal Canadiens,Carolina Hurricanes,3,4,0,401459605
2023-03-08T00:00:00Z,2023,nhl,New Jersey Devils,Toronto Maple Leafs,3,4,0,401459607
2023-03-08T00:00:00Z,2023,nhl,Pittsburgh Penguins,Columbus Blue Jackets,5,4,0,401459608
2023-03-08T00:00:00Z,2023,nhl,Tampa Bay Lightning,Philadelphia Flyers,5,2,0,401459610
2023-03-08T00:30:00Z,2023,nhl,New York Islanders,Buffalo Sabres,3,2,0,401459606
2023-03-08T01:00:00Z,2023,nhl,Minnesota Wild,Calgary Flames,0,1,0,401459604
2023-03-08T02:00:00Z,2023,nhl,Arizona Coyotes,St. Louis Blues,6,2,0,401459601
2023-03-08T02:00:00Z,2023,nhl,Colorado Avalanche,San Jose Sharks,6,0,0,401459602
2023-03-08T03:00:00Z,2023,nhl,Seattle Kraken,Anaheim Ducks,5,2,0,401459609
2023-03-09T00:30:00Z,2023,nhl,Detroit Red Wings,Chicago Blackhawks,4,3,0,401459611
2023-03-09T00:30:00Z,2023,nhl,Winnipeg Jets,Minnesota Wild,2,4,0,401459613
2023-03-09T03:00:00Z,2023,nhl,Vancouver Canucks,Anaheim Ducks,3,2,0,401459612
2023-03-10T00:00:00Z,2023,nhl,Buffalo Sabres,Dallas Stars,4,10,0,401459616
2023-03-10T00:00:00Z,2023,nhl,Carolina Hurricanes,Philadelphia Flyers,1,0,0,401459617
2023-03-10T00:00:00Z,2023,nhl,Montreal Canadiens,New York Rangers,3,4,0,401459619
2023-03-10T00:00:00Z,2023,nhl,Pittsburgh Penguins,New York Islanders,3,4,0,401459620
2023-03-10T00:00:00Z,2023,nhl,Tampa Bay Lightning,Vegas Golden Knights,3,4,0,401459623
2023-03-10T00:00:00Z,2023,nhl,Washington Capitals,New Jersey Devils,2,3,0,401459624
2023-03-10T00:30:00Z,2023,nhl,Boston Bruins,Edmonton Oilers,2,3,0,401459615
2023-03-10T01:00:00Z,2023,nhl,St. Louis Blues,San Jose Sharks,4,2,0,401459622
2023-03-10T02:00:00Z,2023,nhl,Arizona Coyotes,Nashville Predators,4,1,0,401459614
2023-03-10T02:00:00Z,2023,nhl,Colorado Avalanche,Los Angeles Kings,2,5,0,401459618
2023-03-10T03:00:00Z,2023,nhl,Seattle Kraken,Ottawa Senators,4,5,0,401459621
2023-03-11T00:00:00Z,2023,nhl,Florida Panthers,Chicago Blackhawks,4,3,0,401459626
2023-03-11T02:00:00Z,2023,nhl,Calgary Flames,Anaheim Ducks,1,3,0,401459625
2023-03-11T18:00:00Z,2023,nhl,Boston Bruins,Detroit Red Wings,3,2,0,401459627
2023-03-11T20:30:00Z,2023,nhl,Pittsburgh Penguins,Philadelphia Flyers,5,1,0,401459636
2023-03-11T22:00:00Z,2023,nhl,Buffalo Sabres,New York Rangers,1,2,0,401459628
2023-03-11T23:00:00Z,2023,nhl,Colorado Avalanche,Arizona Coyotes,3,2,0,401459630
2023-03-12T00:00:00Z,2023,nhl,Carolina Hurricanes,Vegas Golden Knights,0,4,0,401459629
2023-03-12T00:00:00Z,2023,nhl,Columbus Blue Jackets,St. Louis Blues,2,5,0,401459631
2023-03-12T00:00:00Z,2023,nhl,Florida Panthers,Winnipeg Jets,4,5,0,401459632
2023-03-12T00:00:00Z,2023,nhl,Montreal Canadiens,New Jersey Devils,1,3,0,401459634
2023-03-12T00:00:00Z,2023,nhl,Tampa Bay Lightning,Chicago Blackhawks,3,1,0,401459639
2023-03-12T00:00:00Z,2023,nhl,Toronto Maple Leafs,Edmonton Oilers,7,4,0,401459640
2023-03-12T00:30:00Z,2023,nhl,New York Islanders,Washington Capitals,1,5,0,401459635
2023-03-12T03:00:00Z,2023,nhl,Seattle Kraken,Dallas Stars,3,4,0,401459638
2023-03-12T03:00:00Z,2023,nhl,Vancouver Canucks,Ottawa Senators,5,2,0,401459641
2023-03-12T03:30:00Z,2023,nhl,Los Angeles Kings,Nashville Predators,1,2,0,401459633
2023-03-12T03:30:00Z,2023,nhl,San Jose Sharks,Minnesota Wild,2,5,0,401459637
2023-03-12T17:30:00Z,2023,nhl,Detroit Red Wings,Boston Bruins,5,3,0,401459645
2023-03-12T20:00:00Z,2023,nhl,Pittsburgh Penguins,New York Rangers,3,2,0,401459647
2023-03-12T23:00:00Z,2023,nhl,New Jersey Devils,Carolina Hurricanes,3,0,0,401459646
2023-03-12T23:00:00Z,2023,nhl,St. Louis Blues,Vegas Golden Knights,3,5,0,401459648
2023-03-12T23:00:00Z,2023,nhl,Tampa Bay Lightning,Winnipeg Jets,2,3,0,401459649
2023-03-13T01:00:00Z,2023,nhl,Calgary Flames,Ottawa Senators,5,1,0,401459644
2023-03-13T01:30:00Z,2023,nhl,Anaheim Ducks,Nashville Predators,4,5,0,401459642
2023-03-13T01:30:00Z,2023,nhl,Arizona Coyotes,Minnesota Wild,5,4,0,401459643
2023-03-13T23:30:00Z,2023,nhl,Montreal Canadiens,Colorado Avalanche,4,8,0,401459650
2023-03-13T23:30:00Z,2023,nhl,Toronto Maple Leafs,Buffalo Sabres,3,4,0,401459652
2023-03-14T02:00:00Z,2023,nhl,Seattle Kraken,Dallas Stars,2,5,0,401459651
2023-03-14T23:00:00Z,2023,nhl,Carolina Hurricanes,Winnipeg Jets,5,3,0,401459654
2023-03-14T23:00:00Z,2023,nhl,New York Rangers,Washington Capitals,5,3,0,401459658
2023-03-14T23:00:00Z,2023,nhl,New Jersey Devils,Tampa Bay Lightning,1,4,0,401459660
2023-03-14T23:00:00Z,2023,nhl,Philadelphia Flyers,Vegas Golden Knights,3,5,0,401459661
2023-03-14T23:00:00Z,2023,nhl,Pittsburgh Penguins,Montreal Canadiens,4,6,0,401459662
2023-03-15T00:00:00Z,2023,nhl,Nashville Predators,Detroit Red Wings,2,1,0,401459659
2023-03-15T00:30:00Z,2023,nhl,Chicago Blackhawks,Boston Bruins,6,3,0,401459655
2023-03-15T01:00:00Z,2023,nhl,Edmonton Oilers,Ottawa Senators,6,3,0,401459656
2023-03-15T02:00:00Z,2023,nhl,Arizona Coyotes,Calgary Flames,4,3,0,401459653
2023-03-15T02:00:00Z,2023,nhl,Vancouver Canucks,Dallas Stars,5,2,0,401459664
2023-03-15T02:30:00Z,2023,nhl,Los Angeles Kings,New York Islanders,5,2,0,401459657
2023-03-15T02:30:00Z,2023,nhl,San Jose Sharks,Columbus Blue Jackets,5,6,0,401459663
2023-03-15T23:00:00Z,2023,nhl,Toronto Maple Leafs,Colorado Avalanche,1,2,0,401459667
2023-03-15T23:00:00Z,2023,nhl,Washington Capitals,Buffalo Sabres,5,4,0,401459668
2023-03-16T01:30:00Z,2023,nhl,St. Louis Blues,Minnesota Wild,5,8,0,401459666
2023-03-16T02:00:00Z,2023,nhl,Anaheim Ducks,New York Islanders,3,6,0,401459665
2023-03-16T23:00:00Z,2023,nhl,Florida Panthers,Montreal Canadiens,9,5,0,401459671
2023-03-16T23:00:00Z,2023,nhl,New York Rangers,Pittsburgh Penguins,4,2,0,401459673
2023-03-16T23:00:00Z,2023,nhl,New Jersey Devils,Tampa Bay Lightning,3,4,0,401459675
2023-03-16T23:00:00Z,2023,nhl,Ottawa Senators,Colorado Avalanche,4,5,0,401459676
2023-03-17T00:00:00Z,2023,nhl,Nashville Predators,Chicago Blackhawks,1,2,0,401459674
2023-03-17T00:00:00Z,2023,nhl,Winnipeg Jets,Boston Bruins,0,3,0,401459679
2023-03-17T01:00:00Z,2023,nhl,Edmonton Oilers,Dallas Stars,4,1,0,401459670
2023-03-17T02:00:00Z,2023,nhl,Arizona Coyotes,Vancouver Canucks,3,2,0,401459669
2023-03-17T02:00:00Z,2023,nhl,Vegas Golden Knights,Calgary Flames,2,7,0,401459678
2023-03-17T02:30:00Z,2023,nhl,Los Angeles Kings,Columbus Blue Jackets,4,1,0,401459672
2023-03-17T02:30:00Z,2023,nhl,San Jose Sharks,Seattle Kraken,1,2,0,401459677
2023-03-17T23:00:00Z,2023,nhl,Philadelphia Flyers,Buffalo Sabres,5,2,0,401459681
2023-03-17T23:00:00Z,2023,nhl,Toronto Maple Leafs,Carolina Hurricanes,5,2,0,401459682
2023-03-17T23:00:00Z,2023,nhl,Washington Capitals,St. Louis Blues,2,5,0,401459683
2023-03-18T02:00:00Z,2023,nhl,Anaheim Ducks,Columbus Blue Jackets,7,4,0,401459680
2023-03-18T17:00:00Z,2023,nhl,Detroit Red Wings,Colorado Avalanche,1,5,0,401459686
2023-03-18T18:00:00Z,2023,nhl,Minnesota Wild,Boston Bruins,2,5,0,401459689
2023-03-18T18:00:00Z,2023,nhl,Nashville Predators,Winnipeg Jets,2,3,0,401459691
2023-03-18T20:00:00Z,2023,nhl,Seattle Kraken,Edmonton Oilers,4,6,0,401459695
2023-03-18T21:00:00Z,2023,nhl,Philadelphia Flyers,Carolina Hurricanes,4,5,0,401459693
2023-03-18T22:00:00Z,2023,nhl,Florida Panthers,New Jersey Devils,4,2,0,401459687
2023-03-18T23:00:00Z,2023,nhl,Ottawa Senators,Toronto Maple Leafs,4,5,0,401459692
2023-03-18T23:00:00Z,2023,nhl,Tampa Bay Lightning,Montreal Canadiens,5,3,0,401459696
2023-03-19T00:00:00Z,2023,nhl,New York Rangers,Pittsburgh Penguins,6,0,0,401459690
2023-03-19T02:00:00Z,2023,nhl,Calgary Flames,Dallas Stars,5,6,0,401459685
2023-03-19T02:00:00Z,2023,nhl,Los Angeles Kings,Vancouver Canucks,2,3,0,401459688
2023-03-19T02:30:00Z,2023,nhl,Arizona Coyotes,Chicago Blackhawks,4,2,0,401459684
2023-03-19T02:30:00Z,2023,nhl,San Jose Sharks,New York Islanders,1,4,0,401459694
2023-03-19T17:00:00Z,2023,nhl,Buffalo Sabres,Boston Bruins,0,7,0,401459698
2023-03-19T18:00:00Z,2023,nhl,Minnesota Wild,Washington Capitals,5,3,0,401459699
2023-03-19T20:00:00Z,2023,nhl,Vegas Golden Knights,Columbus Blue Jackets,7,2,0,401459703
2023-03-19T23:00:00Z,2023,nhl,New York Rangers,Nashville Predators,7,0,0,401459700
2023-03-19T23:00:00Z,2023,nhl,St. Louis Blues,Winnipeg Jets,3,0,0,401459701
2023-03-19T23:00:00Z,2023,nhl,Tampa Bay Lightning,New Jersey Devils,2,5,0,401459702
2023-03-20T00:00:00Z,2023,nhl,Anaheim Ducks,Vancouver Canucks,1,2,0,401459697
2023-03-20T23:00:00Z,2023,nhl,Detroit Red Wings,Florida Panthers,2,5,0,401459705
2023-03-20T23:00:00Z,2023,nhl,Pittsburgh Penguins,Ottawa Senators,1,2,0,401459708
2023-03-21T01:00:00Z,2023,nhl,Colorado Avalanche,Chicago Blackhawks,5,0,0,401459704
2023-03-21T01:30:00Z,2023,nhl,Edmonton Oilers,San Jose Sharks,5,4,0,401459706
2023-03-21T02:30:00Z,2023,nhl,Los Angeles Kings,Calgary Flames,8,2,0,401459707
2023-03-21T23:00:00Z,2023,nhl,Boston Bruins,Ottawa Senators,2,1,0,401459710
2023-03-21T23:00:00Z,2023,nhl,Buffalo Sabres,Nashville Predators,3,7,0,401459711
2023-03-21T23:00:00Z,2023,nhl,Montreal Canadiens,Tampa Bay Lightning,3,2,0,401459713
2023-03-21T23:00:00Z,2023,nhl,New York Rangers,Carolina Hurricanes,2,3,0,401459715
2023-03-21T23:00:00Z,2023,nhl,New Jersey Devils,Minnesota Wild,1,2,0,401459716
2023-03-21T23:00:00Z,2023,nhl,Philadelphia Flyers,Florida Panthers,6,3,0,401459717
2023-03-21T23:00:00Z,2023,nhl,Washington Capitals,Columbus Blue Jackets,6,7,0,401459720
2023-03-21T23:30:00Z,2023,nhl,New York Islanders,Toronto Maple Leafs,7,2,0,401459714
2023-03-22T00:00:00Z,2023,nhl,St. Louis Blues,Detroit Red Wings,2,3,0,401459718
2023-03-22T00:00:00Z,2023,nhl,Winnipeg Jets,Arizona Coyotes,2,1,0,401459721
2023-03-22T00:30:00Z,2023,nhl,Dallas Stars,Seattle Kraken,4,5,0,401459712
2023-03-22T02:00:00Z,2023,nhl,Anaheim Ducks,Calgary Flames,1,5,0,401459709
2023-03-22T02:00:00Z,2023,nhl,Vancouver Canucks,Vegas Golden Knights,3,4,0,401459719
2023-03-23T00:00:00Z,2023,nhl,Colorado Avalanche,Pittsburgh Penguins,2,5,0,401459722
2023-03-23T02:30:00Z,2023,nhl,Edmonton Oilers,Arizona Coyotes,4,3,0,401459723
2023-03-23T22:30:00Z,2023,nhl,Philadelphia Flyers,Minnesota Wild,5,4,0,401459733
2023-03-23T23:00:00Z,2023,nhl,Boston Bruins,Montreal Canadiens,4,2,0,401459725
2023-03-23T23:00:00Z,2023,nhl,Carolina Hurricanes,New York Rangers,1,2,0,401459727
2023-03-23T23:00:00Z,2023,nhl,Detroit Red Wings,St. Louis Blues,3,4,0,401459729
2023-03-23T23:00:00Z,2023,nhl,Florida Panthers,Toronto Maple Leafs,2,6,0,401459730
2023-03-23T23:00:00Z,2023,nhl,Ottawa Senators,Tampa Bay Lightning,7,2,0,401459732
2023-03-23T23:00:00Z,2023,nhl,Washington Capitals,Chicago Blackhawks,6,1,0,401459735
2023-03-24T00:00:00Z,2023,nhl,Nashville Predators,Seattle Kraken,2,1,0,401459731
2023-03-24T01:00:00Z,2023,nhl,Calgary Flames,Vegas Golden Knights,2,3,0,401459726
2023-03-24T01:00:00Z,2023,nhl,Dallas Stars,Pittsburgh Penguins,3,2,0,401459728
2023-03-24T02:00:00Z,2023,nhl,Anaheim Ducks,Winnipeg Jets,2,3,0,401459724
2023-03-24T02:00:00Z,2023,nhl,Vancouver Canucks,San Jose Sharks,7,2,0,401459734
2023-03-24T23:00:00Z,2023,nhl,Buffalo Sabres,New Jersey Devils,5,4,0,401459736
2023-03-24T23:00:00Z,2023,nhl,Columbus Blue Jackets,New York Islanders,5,4,0,401459738
2023-03-25T01:00:00Z,2023,nhl,Colorado Avalanche,Arizona Coyotes,3,1,0,401459737
2023-03-25T17:00:00Z,2023,nhl,Boston Bruins,Tampa Bay Lightning,2,1,0,401459740
2023-03-25T17:00:00Z,2023,nhl,Philadelphia Flyers,Detroit Red Wings,3,0,0,401459752
2023-03-25T18:00:00Z,2023,nhl,Nashville Predators,Seattle Kraken,2,7,0,401459750
2023-03-25T20:00:00Z,2023,nhl,Calgary Flames,San Jose Sharks,5,3,0,401459741
2023-03-25T20:00:00Z,2023,nhl,Los Angeles Kings,Winnipeg Jets,4,1,0,401459746
2023-03-25T21:00:00Z,2023,nhl,Florida Panthers,New York Rangers,3,4,0,401459745
2023-03-25T21:00:00Z,2023,nhl,Minnesota Wild,Chicago Blackhawks,3,1,0,401459747
2023-03-25T21:00:00Z,2023,nhl,New York Islanders,Buffalo Sabres,0,2,0,401459749
2023-03-25T23:00:00Z,2023,nhl,Carolina Hurricanes,Toronto Maple Leafs,5,3,0,401459742
2023-03-25T23:00:00Z,2023,nhl,Dallas Stars,Vancouver Canucks,1,3,0,401459743
2023-03-25T23:00:00Z,2023,nhl,Montreal Canadiens,Columbus Blue Jackets,8,2,0,401459748
2023-03-25T23:00:00Z,2023,nhl,New Jersey Devils,Ottawa Senators,5,3,0,401459751
2023-03-26T00:00:00Z,2023,nhl,Pittsburgh Penguins,Washington Capitals,4,3,0,401459753
2023-03-26T02:00:00Z,2023,nhl,Edmonton Oilers,Vegas Golden Knights,3,4,0,401459744
2023-03-26T02:30:00Z,2023,nhl,Anaheim Ducks,St. Louis Blues,3,6,0,401459739
2023-03-26T19:00:00Z,2023,nhl,Arizona Coyotes,Colorado Avalanche,3,4,0,401459754
2023-03-26T21:00:00Z,2023,nhl,Carolina Hurricanes,Boston Bruins,3,4,0,401459755
2023-03-26T22:00:00Z,2023,nhl,Chicago Blackhawks,Vancouver Canucks,2,4,0,401459756
2023-03-26T22:00:00Z,2023,nhl,Nashville Predators,Toronto Maple Leafs,2,3,0,401459758
2023-03-27T02:30:00Z,2023,nhl,Los Angeles Kings,St. Louis Blues,7,6,0,401459757
2023-03-27T23:00:00Z,2023,nhl,Buffalo Sabres,Montreal Canadiens,3,4,0,401459761
2023-03-27T23:00:00Z,2023,nhl,Ottawa Senators,Florida Panthers,5,2,0,401459764
2023-03-27T23:30:00Z,2023,nhl,New York Islanders,New Jersey Devils,5,1,0,401459763
2023-03-28T00:00:00Z,2023,nhl,Minnesota Wild,Seattle Kraken,5,1,0,401459762
2023-03-28T02:00:00Z,2023,nhl,Anaheim Ducks,Colorado Avalanche,1,5,0,401459759
2023-03-28T02:00:00Z,2023,nhl,Arizona Coyotes,Edmonton Oilers,4,5,0,401459760
2023-03-28T23:00:00Z,2023,nhl,Boston Bruins,Nashville Predators,1,2,0,401459765
2023-03-28T23:00:00Z,2023,nhl,Carolina Hurricanes,Tampa Bay Lightning,0,4,0,401459767
2023-03-28T23:00:00Z,2023,nhl,Detroit Red Wings,Pittsburgh Penguins,7,4,0,401459769
2023-03-28T23:00:00Z,2023,nhl,New York Rangers,Columbus Blue Jackets,6,2,0,401459770
2023-03-28T23:00:00Z,2023,nhl,Philadelphia Flyers,Montreal Canadiens,3,2,0,401459771
2023-03-29T00:00:00Z,2023,nhl,St. Louis Blues,Vancouver Canucks,6,5,0,401459773
2023-03-29T00:30:00Z,2023,nhl,Chicago Blackhawks,Dallas Stars,1,4,0,401459768
2023-03-29T01:00:00Z,2023,nhl,Calgary Flames,Los Angeles Kings,2,1,0,401459766
2023-03-29T02:00:00Z,2023,nhl,Vegas Golden Knights,Edmonton Oilers,4,7,0,401459774
2023-03-29T02:30:00Z,2023,nhl,San Jose Sharks,Winnipeg Jets,3,0,0,401459772
2023-03-29T23:30:00Z,2023,nhl,Toronto Maple Leafs,Florida Panthers,2,3,0,401459776
2023-03-29T23:30:00Z,2023,nhl,Washington Capitals,New York Islanders,1,2,0,401459777
2023-03-30T02:00:00Z,2023,nhl,Colorado Avalanche,Minnesota Wild,2,4,0,401459775
2023-03-30T23:00:00Z,2023,nhl,Boston Bruins,Columbus Blue Jackets,2,1,0,401459778
2023-03-30T23:00:00Z,2023,nhl,Montreal Canadiens,Florida Panthers,2,5,0,401459782
2023-03-30T23:00:00Z,2023,nhl,New Jersey Devils,New York Rangers,2,1,0,401459783
2023-03-30T23:00:00Z,2023,nhl,Ottawa Senators,Philadelphia Flyers,5,4,0,401459784
2023-03-30T23:00:00Z,2023,nhl,Pittsburgh Penguins,Nashville Predators,2,0,0,401459785
2023-03-30T23:00:00Z,2023,nhl,Tampa Bay Lightning,Washington Capitals,5,1,0,401459788
2023-03-30T23:30:00Z,2023,nhl,Detroit Red Wings,Carolina Hurricanes,3,2,0,401459780
2023-03-31T00:30:00Z,2023,nhl,Chicago Blackhawks,St. Louis Blues,3,5,0,401459779
2023-03-31T01:00:00Z,2023,nhl,Edmonton Oilers,Los Angeles Kings,2,0,0,401459781
2023-03-31T02:00:00Z,2023,nhl,Seattle Kraken,Anaheim Ducks,4,1,0,401459787
2023-03-31T02:30:00Z,2023,nhl,San Jose Sharks,Vegas Golden Knights,4,3,0,401459786
2023-03-31T23:00:00Z,2023,nhl,Buffalo Sabres,New York Rangers,3,2,0,401459790
2023-04-01T00:00:00Z,2023,nhl,Winnipeg Jets,Detroit Red Wings,6,2,0,401459792
2023-04-01T02:00:00Z,2023,nhl,Vancouver Canucks,Calgary Flames,4,5,0,401459791
2023-04-01T02:30:00Z,2023,nhl,Arizona Coyotes,Dallas Stars,2,5,0,401459789
2023-04-01T17:00:00Z,2023,nhl,Nashville Predators,St. Louis Blues,6,1,0,401459799
2023-04-01T19:00:00Z,2023,nhl,Pittsburgh Penguins,Boston Bruins,3,4,0,401459802
2023-04-01T23:00:00Z,2023,nhl,Columbus Blue Jackets,Florida Panthers,0,7,0,401459796
2023-04-01T23:00:00Z,2023,nhl,Montreal Canadiens,Carolina Hurricanes,0,3,0,401459798
2023-04-01T23:00:00Z,2023,nhl,Ottawa Senators,Toronto Maple Leafs,0,3,0,401459800
2023-04-01T23:00:00Z,2023,nhl,Philadelphia Flyers,Buffalo Sabres,3,6,0,401459801
2023-04-01T23:00:00Z,2023,nhl,Tampa Bay Lightning,New York Islanders,5,0,0,401459804
2023-04-02T00:00:00Z,2023,nhl,Chicago Blackhawks,New Jersey Devils,3,6,0,401459794
2023-04-02T01:00:00Z,2023,nhl,Colorado Avalanche,Dallas Stars,5,2,0,401459795
2023-04-02T02:00:00Z,2023,nhl,Arizona Coyotes,San Jose Sharks,2,7,0,401459793
2023-04-02T02:00:00Z,2023,nhl,Edmonton Oilers,Anaheim Ducks,6,0,0,401459797
2023-04-02T02:00:00Z,2023,nhl,Seattle Kraken,Los Angeles Kings,1,3,0,401459803
2023-04-02T02:00:00Z,2023,nhl,Vegas Golden Knights,Minnesota Wild,4,1,0,401459805
2023-04-02T17:00:00Z,2023,nhl,Washington Capitals,New York Rangers,2,5,0,401459813
2023-04-02T19:30:00Z,2023,nhl,St. Louis Blues,Boston Bruins,3,4,0,401459810
2023-04-02T22:00:00Z,2023,nhl,Carolina Hurricanes,New York Islanders,2,1,0,401459807
2023-04-02T22:00:00Z,2023,nhl,Columbus Blue Jackets,Ottawa Senators,4,3,0,401459808
2023-04-02T22:00:00Z,2023,nhl,Pittsburgh Penguins,Philadelphia Flyers,4,2,0,401459809
2023-04-02T23:00:00Z,2023,nhl,Toronto Maple Leafs,Detroit Red Wings,2,5,0,401459811
2023-04-02T23:00:00Z,2023,nhl,Winnipeg Jets,New Jersey Devils,6,1,0,401459814
2023-04-03T00:00:00Z,2023,nhl,Calgary Flames,Anaheim Ducks,5,4,0,401459806
2023-04-03T00:00:00Z,2023,nhl,Vancouver Canucks,Los Angeles Kings,1,4,0,401459812
2023-04-04T00:00:00Z,2023,nhl,Minnesota Wild,Vegas Golden Knights,3,4,0,401459816
2023-04-04T00:30:00Z,2023,nhl,Dallas Stars,Nashville Predators,5,1,0,401459815
2023-04-04T02:00:00Z,2023,nhl,Seattle Kraken,Arizona Coyotes,8,1,0,401459817
2023-04-04T23:00:00Z,2023,nhl,Carolina Hurricanes,Ottawa Senators,3,2,0,401459819
2023-04-04T23:00:00Z,2023,nhl,Florida Panthers,Buffalo Sabres,2,1,0,401459820
2023-04-04T23:00:00Z,2023,nhl,Montreal Canadiens,Detroit Red Wings,0,5,0,401459822
2023-04-04T23:00:00Z,2023,nhl,New Jersey Devils,Pittsburgh Penguins,5,1,0,401459824
2023-04-04T23:00:00Z,2023,nhl,Toronto Maple Leafs,Columbus Blue Jackets,4,2,0,401459827
2023-04-05T00:00:00Z,2023,nhl,Nashville Predators,Vegas Golden Knights,3,2,0,401459823
2023-04-05T00:00:00Z,2023,nhl,St. Louis Blues,Philadelphia Flyers,4,2,0,401459826
2023-04-05T01:00:00Z,2023,nhl,Calgary Flames,Chicago Blackhawks,3,4,0,401459818
2023-04-05T02:00:00Z,2023,nhl,Vancouver Canucks,Seattle Kraken,2,5,0,401459828
2023-04-05T02:30:00Z,2023,nhl,Los Angeles Kings,Edmonton Oilers,1,3,0,401459821
2023-04-05T02:30:00Z,2023,nhl,San Jose Sharks,Colorado Avalanche,3,4,0,401459825
2023-04-05T23:30:00Z,2023,nhl,New York Rangers,Tampa Bay Lightning,6,3,0,401459830
2023-04-05T23:30:00Z,2023,nhl,Winnipeg Jets,Calgary Flames,1,3,0,401459831
2023-04-06T02:00:00Z,2023,nhl,Anaheim Ducks,Edmonton Oilers,1,3,0,401459829
2023-04-06T23:00:00Z,2023,nhl,Boston Bruins,Toronto Maple Leafs,2,1,0,401459832
2023-04-06T23:00:00Z,2023,nhl,Detroit Red Wings,Buffalo Sabres,6,7,0,401459834
2023-04-06T23:00:00Z,2023,nhl,Florida Panthers,Ottawa Senators,7,2,0,401459835
2023-04-06T23:00:00Z,2023,nhl,Montreal Canadiens,Washington Capitals,6,2,0,401459836
2023-04-06T23:00:00Z,2023,nhl,New Jersey Devils,Columbus Blue Jackets,8,1,0,401459839
2023-04-06T23:00:00Z,2023,nhl,Pittsburgh Penguins,Minnesota Wild,4,1,0,401459840
2023-04-06T23:30:00Z,2023,nhl,New York Islanders,Tampa Bay Lightning,6,1,0,401459837
2023-04-07T00:00:00Z,2023,nhl,Nashville Predators,Carolina Hurricanes,3,0,0,401459838
2023-04-07T00:00:00Z,2023,nhl,St. Louis Blues,New York Rangers,3,2,0,401459843
2023-04-07T00:30:00Z,2023,nhl,Dallas Stars,Philadelphia Flyers,4,1,0,401459833
2023-04-07T02:00:00Z,2023,nhl,Vancouver Canucks,Chicago Blackhawks,3,0,0,401459844
2023-04-07T02:00:00Z,2023,nhl,Vegas Golden Knights,Los Angeles Kings,5,2,0,401459845
2023-04-07T02:30:00Z,2023,nhl,San Jose Sharks,Colorado Avalanche,2,6,0,401459841
2023-04-07T02:30:00Z,2023,nhl,Seattle Kraken,Arizona Coyotes,4,2,0,401459842
2023-04-08T16:30:00Z,2023,nhl,Buffalo Sabres,Carolina Hurricanes,4,3,0,401459848
2023-04-08T17:00:00Z,2023,nhl,Detroit Red Wings,Pittsburgh Penguins,1,5,0,401459851
2023-04-08T19:30:00Z,2023,nhl,Dallas Stars,Vegas Golden Knights,2,1,0,401459850
2023-04-08T20:00:00Z,2023,nhl,San Jose Sharks,Edmonton Oilers,1,6,0,401459856
2023-04-08T21:30:00Z,2023,nhl,Arizona Coyotes,Anaheim Ducks,5,4,0,401459846
2023-04-08T23:00:00Z,2023,nhl,Columbus Blue Jackets,New York Rangers,0,4,0,401459849
2023-04-08T23:00:00Z,2023,nhl,Ottawa Senators,Tampa Bay Lightning,7,4,0,401459855
2023-04-08T23:00:00Z,2023,nhl,Toronto Maple Leafs,Montreal Canadiens,7,1,0,401459858
2023-04-08T23:00:00Z,2023,nhl,Washington Capitals,Florida Panthers,2,4,0,401459860
2023-04-08T23:00:00Z,2023,nhl,Winnipeg Jets,Nashville Predators,2,0,0,401459861
2023-04-08T23:30:00Z,2023,nhl,New York Islanders,Philadelphia Flyers,4,0,0,401459854
2023-04-09T00:00:00Z,2023,nhl,Boston Bruins,New Jersey Devils,2,1,0,401459847
2023-04-09T00:00:00Z,2023,nhl,Minnesota Wild,St. Louis Blues,5,3,0,401459853
2023-04-09T02:00:00Z,2023,nhl,Seattle Kraken,Chicago Blackhawks,7,3,0,401459857
2023-04-09T02:00:00Z,2023,nhl,Vancouver Canucks,Calgary Flames,3,2,0,401459859
2023-04-09T02:30:00Z,2023,nhl,Los Angeles Kings,Colorado Avalanche,3,4,0,401459852
2023-04-09T22:00:00Z,2023,nhl,Philadelphia Flyers,Boston Bruins,3,5,0,401459863
2023-04-10T00:30:00Z,2023,nhl,Anaheim Ducks,Colorado Avalanche,4,5,0,401459862
2023-04-10T23:00:00Z,2023,nhl,Detroit Red Wings,Dallas Stars,1,6,0,401459867
2023-04-10T23:00:00Z,2023,nhl,Florida Panthers,Toronto Maple Leafs,1,2,0,401459868
2023-04-10T23:00:00Z,2023,nhl,New York Rangers,Buffalo Sabres,2,3,0,401459870
2023-04-10T23:00:00Z,2023,nhl,Ottawa Senators,Carolina Hurricanes,3,2,0,401459871
2023-04-10T23:00:00Z,2023,nhl,Washington Capitals,New York Islanders,5,2,0,401459872
2023-04-10T23:00:00Z,2023,nhl,Winnipeg Jets,San Jose Sharks,6,2,0,401459873
2023-04-11T01:00:00Z,2023,nhl,Chicago Blackhawks,Minnesota Wild,2,4,0,401459866
2023-04-11T01:30:00Z,2023,nhl,Calgary Flames,Nashville Predators,2,3,0,401459865
2023-04-11T02:00:00Z,2023,nhl,Arizona Coyotes,Seattle Kraken,1,4,0,401459864
2023-04-11T02:30:00Z,2023,nhl,Los Angeles Kings,Vancouver Canucks,3,0,0,401459869
2023-04-11T23:00:00Z,2023,nhl,Boston Bruins,Washington Capitals,5,2,0,401459875
2023-04-11T23:00:00Z,2023,nhl,Carolina Hurricanes,Detroit Red Wings,4,1,0,401459876
2023-04-11T23:00:00Z,2023,nhl,New Jersey Devils,Buffalo Sabres,6,2,0,401459879
2023-04-11T23:00:00Z,2023,nhl,Philadelphia Flyers,Columbus Blue Jackets,4,3,0,401459880
2023-04-11T23:00:00Z,2023,nhl,Tampa Bay Lightning,Toronto Maple Leafs,3,4,0,401459882
2023-04-11T23:30:00Z,2023,nhl,Pittsburgh Penguins,Chicago Blackhawks,2,5,0,401459881
2023-04-12T00:00:00Z,2023,nhl,Minnesota Wild,Winnipeg Jets,1,3,0,401459878
2023-04-12T01:30:00Z,2023,nhl,Colorado Avalanche,Edmonton Oilers,1,2,0,401459877
2023-04-12T02:00:00Z,2023,nhl,Anaheim Ducks,Vancouver Canucks,2,3,0,401459874
2023-04-12T02:00:00Z,2023,nhl,Vegas Golden Knights,Seattle Kraken,4,1,0,401459883
2023-04-12T23:00:00Z,2023,nhl,New York Islanders,Montreal Canadiens,4,2,0,401459885
2023-04-12T23:30:00Z,2023,nhl,St. Louis Blues,Dallas Stars,2,5,0,401459886
2023-04-13T02:00:00Z,2023,nhl,Calgary Flames,San Jose Sharks,3,1,0,401459884
2023-04-13T23:00:00Z,2023,nhl,Buffalo Sabres,Ottawa Senators,4,3,0,401459889
2023-04-13T23:00:00Z,2023,nhl,Columbus Blue Jackets,Pittsburgh Penguins,3,2,0,401459892
2023-04-13T23:00:00Z,2023,nhl,Florida Panthers,Carolina Hurricanes,4,6,0,401459895
2023-04-13T23:00:00Z,2023,nhl,Montreal Canadiens,Boston Bruins,4,5,0,401459896
2023-04-13T23:00:00Z,2023,nhl,New York Rangers,Toronto Maple Leafs,2,3,0,401459897
2023-04-13T23:00:00Z,2023,nhl,Tampa Bay Lightning,Detroit Red Wings,5,0,0,401459900
2023-04-13T23:00:00Z,2023,nhl,Washington Capitals,New Jersey Devils,4,5,0,401459901
2023-04-14T00:00:00Z,2023,nhl,Colorado Avalanche,Winnipeg Jets,4,2,0,401459891
2023-04-14T00:00:00Z,2023,nhl,Dallas Stars,St. Louis Blues,1,0,0,401459893
2023-04-14T00:00:00Z,2023,nhl,Nashville Predators,Minnesota Wild,4,3,0,401459898
2023-04-14T00:30:00Z,2023,nhl,Chicago Blackhawks,Philadelphia Flyers,4,5,0,401459890
2023-04-14T01:00:00Z,2023,nhl,Edmonton Oilers,San Jose Sharks,5,2,0,401459894
2023-04-14T02:00:00Z,2023,nhl,Anaheim Ducks,Los Angeles Kings,3,5,0,401459887
2023-04-14T02:00:00Z,2023,nhl,Arizona Coyotes,Vancouver Canucks,4,5,0,401459888
2023-04-14T02:30:00Z,2023,nhl,Seattle Kraken,Vegas Golden Knights,1,3,0,401459899
2023-04-14T23:30:00Z,2023,nhl,Columbus Blue Jackets,Buffalo Sabres,2,5,0,401519678
2023-04-15T00:00:00Z,2023,nhl,Nashville Predators,Colorado Avalanche,3,4,0,401507549
2023-04-17T23:00:00Z,2023,nhl,Carolina Hurricanes,New York Islanders,2,1,0,401541442
2023-04-17T23:30:00Z,2023,nhl,Boston Bruins,Florida Panthers,3,1,0,401541436
2023-04-18T01:50:00Z,2023,nhl,Dallas Stars,Minnesota Wild,2,3,0,401541444
2023-04-18T02:20:00Z,2023,nhl,Edmonton Oilers,Los Angeles Kings,3,4,0,401541434
2023-04-18T23:00:00Z,2023,nhl,New Jersey Devils,New York Rangers,1,5,0,401541440
2023-04-18T23:30:00Z,2023,nhl,Toronto Maple Leafs,Tampa Bay Lightning,3,7,0,401541438
2023-04-19T01:30:00Z,2023,nhl,Vegas Golden Knights,Winnipeg Jets,1,5,0,401541432
2023-04-19T02:00:00Z,2023,nhl,Colorado Avalanche,Seattle Kraken,1,3,0,401541446
2023-04-19T23:00:00Z,2023,nhl,Carolina Hurricanes,New York Islanders,4,3,0,401541443
2023-04-19T23:30:00Z,2023,nhl,Boston Bruins,Florida Panthers,3,6,0,401541437
2023-04-20T01:30:00Z,2023,nhl,Dallas Stars,Minnesota Wild,7,3,0,401541445
2023-04-20T02:15:00Z,2023,nhl,Edmonton Oilers,Los Angeles Kings,4,2,0,401541435
2023-04-20T23:00:00Z,2023,nhl,Toronto Maple Leafs,Tampa Bay Lightning,7,2,0,401541439
2023-04-20T23:30:00Z,2023,nhl,New Jersey Devils,New York Rangers,1,5,0,401541441
2023-04-21T01:50:00Z,2023,nhl,Colorado Avalanche,Seattle Kraken,3,2,0,401541447
2023-04-21T02:00:00Z,2023,nhl,Vegas Golden Knights,Winnipeg Jets,5,2,0,401541433
2023-04-21T23:00:00Z,2023,nhl,New York Islanders,Carolina Hurricanes,5,1,0,401541599
2023-04-21T23:30:00Z,2023,nhl,Florida Panthers,Boston Bruins,2,4,0,401541579
2023-04-22T01:30:00Z,2023,nhl,Minnesota Wild,Dallas Stars,5,1,0,401541607
2023-04-22T02:00:00Z,2023,nhl,Los Angeles Kings,Edmonton Oilers,3,2,0,401541572
2023-04-22T20:00:00Z,2023,nhl,Winnipeg Jets,Vegas Golden Knights,4,5,0,401541584
2023-04-22T23:00:00Z,2023,nhl,Tampa Bay Lightning,Toronto Maple Leafs,3,4,0,401541589
2023-04-23T00:00:00Z,2023,nhl,New York Rangers,New Jersey Devils,1,2,0,401541595
2023-04-23T02:00:00Z,2023,nhl,Seattle Kraken,Colorado Avalanche,4,6,0,401541606
2023-04-23T17:00:00Z,2023,nhl,New York Islanders,Carolina Hurricanes,2,5,0,401541601
2023-04-23T19:30:00Z,2023,nhl,Florida Panthers,Boston Bruins,2,6,0,401541580
2023-04-23T22:30:00Z,2023,nhl,Minnesota Wild,Dallas Stars,2,3,0,401541609
2023-04-24T01:00:00Z,2023,nhl,Los Angeles Kings,Edmonton Oilers,4,5,0,401541574
2023-04-24T23:00:00Z,2023,nhl,New York Rangers,New Jersey Devils,1,3,0,401541596
2023-04-24T23:30:00Z,2023,nhl,Tampa Bay Lightning,Toronto Maple Leafs,4,5,0,401541591
2023-04-25T01:50:00Z,2023,nhl,Winnipeg Jets,Vegas Golden Knights,2,4,0,401541585
2023-04-25T02:00:00Z,2023,nhl,Seattle Kraken,Colorado Avalanche,3,2,0,401541608
2023-04-25T23:00:00Z,2023,nhl,Carolina Hurricanes,New York Islanders,2,3,0,401541603
2023-04-26T00:00:00Z,2023,nhl,Dallas Stars,Minnesota Wild,4,0,0,401541611
2023-04-26T01:45:00Z,2023,nhl,Edmonton Oilers,Los Angeles Kings,6,3,0,401541575
2023-04-26T23:00:00Z,2023,nhl,Boston Bruins,Florida Panthers,3,4,0,401541581
2023-04-27T01:50:00Z,2023,nhl,Colorado Avalanche,Seattle Kraken,2,3,0,401541610
2023-04-27T23:00:00Z,2023,nhl,Toronto Maple Leafs,Tampa Bay Lightning,2,4,0,401541592
2023-04-27T23:30:00Z,2023,nhl,New Jersey Devils,New York Rangers,4,0,0,401541597
2023-04-28T02:20:00Z,2023,nhl,Vegas Golden Knights,Winnipeg Jets,4,1,0,401541586
2023-04-28T23:00:00Z,2023,nhl,New York Islanders,Carolina Hurricanes,1,2,0,401541604
2023-04-28T23:30:00Z,2023,nhl,Florida Panthers,Boston Bruins,7,5,0,401541582
2023-04-29T01:30:00Z,2023,nhl,Minnesota Wild,Dallas Stars,1,4,0,401541613
2023-04-29T02:00:00Z,2023,nhl,Seattle Kraken,Colorado Avalanche,1,4,0,401541612
2023-04-29T23:00:00Z,2023,nhl,Tampa Bay Lightning,Toronto Maple Leafs,1,2,0,401541593
2023-04-30T00:00:00Z,2023,nhl,New York Rangers,New Jersey Devils,5,2,0,401541598
2023-04-30T02:00:00Z,2023,nhl,Los Angeles Kings,Edmonton Oilers,4,5,0,401541577
2023-04-30T22:30:00Z,2023,nhl,Boston Bruins,Florida Panthers,3,4,0,401541583
2023-05-01T01:30:00Z,2023,nhl,Colorado Avalanche,Seattle Kraken,1,2,0,401541614
2023-05-02T00:00:00Z,2023,nhl,New Jersey Devils,New York Rangers,4,0,0,401541600
2023-05-02T23:00:00Z,2023,nhl,Toronto Maple Leafs,Florida Panthers,2,4,0,401545317
2023-05-03T01:50:00Z,2023,nhl,Dallas Stars,Seattle Kraken,4,5,0,401545321
2023-05-03T23:00:00Z,2023,nhl,Carolina Hurricanes,New Jersey Devils,5,1,0,401545319
2023-05-04T01:50:00Z,2023,nhl,Vegas Golden Knights,Edmonton Oilers,6,4,0,401545323
2023-05-04T23:00:00Z,2023,nhl,Toronto Maple Leafs,Florida Panthers,2,3,0,401545318
2023-05-05T01:30:00Z,2023,nhl,Dallas Stars,Seattle Kraken,4,2,0,401545322
2023-05-06T00:00:00Z,2023,nhl,Carolina Hurricanes,New Jersey Devils,6,1,0,401545320
2023-05-06T23:00:00Z,2023,nhl,Vegas Golden Knights,Edmonton Oilers,1,5,0,401545324
2023-05-07T19:30:00Z,2023,nhl,New Jersey Devils,Carolina Hurricanes,8,4,0,401545902
2023-05-07T22:30:00Z,2023,nhl,Florida Panthers,Toronto Maple Leafs,3,2,0,401545897
2023-05-08T01:30:00Z,2023,nhl,Seattle Kraken,Dallas Stars,7,2,0,401545730
2023-05-09T00:30:00Z,2023,nhl,Edmonton Oilers,Vegas Golden Knights,1,5,0,401545915
2023-05-09T23:00:00Z,2023,nhl,New Jersey Devils,Carolina Hurricanes,1,6,0,401545903
2023-05-10T01:50:00Z,2023,nhl,Seattle Kraken,Dallas Stars,3,6,0,401545911
2023-05-10T23:00:00Z,2023,nhl,Florida Panthers,Toronto Maple Leafs,1,2,0,401545898
2023-05-11T02:00:00Z,2023,nhl,Edmonton Oilers,Vegas Golden Knights,4,1,0,401545916
2023-05-11T23:00:00Z,2023,nhl,Carolina Hurricanes,New Jersey Devils,3,2,0,401545904
2023-05-12T01:30:00Z,2023,nhl,Dallas Stars,Seattle Kraken,5,2,0,401545912
2023-05-12T23:00:00Z,2023,nhl,Toronto Maple Leafs,Florida Panthers,2,3,0,401545899
2023-05-13T02:00:00Z,2023,nhl,Vegas Golden Knights,Edmonton Oilers,4,3,0,401545917
2023-05-13T23:00:00Z,2023,nhl,Seattle Kraken,Dallas Stars,6,3,0,401545913
2023-05-15T02:00:00Z,2023,nhl,Edmonton Oilers,Vegas Golden Knights,2,5,0,401545918
2023-05-16T00:00:00Z,2023,nhl,Dallas Stars,Seattle Kraken,2,1,0,401545914
2023-05-19T00:00:00Z,2023,nhl,Carolina Hurricanes,Florida Panthers,2,3,0,401548431
2023-05-20T00:30:00Z,2023,nhl,Vegas Golden Knights,Dallas Stars,4,3,0,401548413
2023-05-21T00:00:00Z,2023,nhl,Carolina Hurricanes,Florida Panthers,1,2,0,401548432
2023-05-21T19:00:00Z,2023,nhl,Vegas Golden Knights,Dallas Stars,3,2,0,401548414
2023-05-23T00:00:00Z,2023,nhl,Florida Panthers,Carolina Hurricanes,1,0,0,401548433
2023-05-24T00:00:00Z,2023,nhl,Dallas Stars,Vegas Golden Knights,0,4,0,401548415
2023-05-25T00:00:00Z,2023,nhl,Florida Panthers,Carolina Hurricanes,4,3,0,401548434
2023-05-26T00:00:00Z,2023,nhl,Dallas Stars,Vegas Golden Knights,3,2,0,401548416
2023-05-28T00:00:00Z,2023,nhl,Vegas Golden Knights,Dallas Stars,2,4,0,401548417
2023-05-30T00:00:00Z,2023,nhl,Dallas Stars,Vegas Golden Knights,0,6,0,401548418
2023-06-04T00:00:00Z,2023,nhl,Vegas Golden Knights,Florida Panthers,5,2,0,401550956
2023-06-06T00:00:00Z,2023,nhl,Vegas Golden Knights,Florida Panthers,7,2,0,401550957
2023-06-09T00:00:00Z,2023,nhl,Florida Panthers,Vegas Golden Knights,3,2,0,401550958
2023-06-11T00:00:00Z,2023,nhl,Florida Panthers,Vegas Golden Knights,2,3,0,401550959
2023-06-14T00:00:00Z,2023,nhl,Vegas Golden Knights,Florida Panthers,9,3,0,401550960
2023-10-10T21:30:00Z,2024,nhl,Tampa Bay Lightning,Nashville Predators,5,3,0,401559236
2023-10-11T00:00:00Z,2024,nhl,Pittsburgh Penguins,Chicago Blackhawks,2,4,0,401559237
2023-10-11T03:14:00Z,2024,nhl,Vegas Golden Knights,Seattle Kraken,4,1,0,401559238
2023-10-11T23:00:00Z,2024,nhl,Toronto Maple Leafs,Montreal Canadiens,6,5,0,401559239
2023-10-11T23:00:00Z,2024,nhl,Carolina Hurricanes,Ottawa Senators,5,3,0,401559240
2023-10-11T23:30:00Z,2024,nhl,Boston Bruins,Chicago Blackhawks,3,1,0,401559241
2023-10-12T02:00:00Z,2024,nhl,Calgary Flames,Winnipeg Jets,5,3,0,401559242
2023-10-12T02:00:00Z,2024,nhl,Vancouver Canucks,Edmonton Oilers,8,1,0,401559243
2023-10-12T02:00:00Z,2024,nhl,Los Angeles Kings,Colorado Avalanche,2,5,0,401559244
2023-10-12T23:00:00Z,2024,nhl,Buffalo Sabres,New York Rangers,1,5,0,401559245
2023-10-12T23:00:00Z,2024,nhl,Columbus Blue Jackets,Philadelphia Flyers,2,4,0,401559248
2023-10-12T23:30:00Z,2024,nhl,New Jersey Devils,Detroit Red Wings,4,3,0,401559247
2023-10-13T00:00:00Z,2024,nhl,Nashville Predators,Seattle Kraken,3,0,0,401559249
2023-10-13T00:00:00Z,2024,nhl,Dallas Stars,St. Louis Blues,2,1,0,401559250
2023-10-13T00:00:00Z,2024,nhl,Minnesota Wild,Florida Panthers,2,0,0,401559251
2023-10-13T02:30:00Z,2024,nhl,San Jose Sharks,Vegas Golden Knights,1,4,0,401559252
2023-10-13T23:00:00Z,2024,nhl,New Jersey Devils,Arizona Coyotes,3,4,0,401559253
2023-10-13T23:30:00Z,2024,nhl,Washington Capitals,Pittsburgh Penguins,0,4,0,401559254
2023-10-14T17:00:00Z,2024,nhl,Ottawa Senators,Philadelphia Flyers,5,2,0,401559255
2023-10-14T20:00:00Z,2024,nhl,Winnipeg Jets,Florida Panthers,6,4,0,401559256
2023-10-14T23:00:00Z,2024,nhl,Boston Bruins,Nashville Predators,3,2,0,401559257
2023-10-14T23:00:00Z,2024,nhl,Toronto Maple Leafs,Minnesota Wild,7,4,0,401559258
2023-10-14T23:00:00Z,2024,nhl,Montreal Canadiens,Chicago Blackhawks,3,2,0,401559259
2023-10-14T23:00:00Z,2024,nhl,Detroit Red Wings,Tampa Bay Lightning,6,4,0,401559260
2023-10-14T23:00:00Z,2024,nhl,Pittsburgh Penguins,Calgary Flames,5,2,0,401559261
2023-10-14T23:00:00Z,2024,nhl,Columbus Blue Jackets,New York Rangers,5,3,0,401559262
2023-10-14T23:30:00Z,2024,nhl,New York Islanders,Buffalo Sabres,3,2,0,401559263
2023-10-15T00:00:00Z,2024,nhl,St. Louis Blues,Seattle Kraken,2,1,0,401559264
2023-10-15T02:00:00Z,2024,nhl,Edmonton Oilers,Vancouver Canucks,3,4,0,401559265
2023-10-15T02:00:00Z,2024,nhl,Vegas Golden Knights,Anaheim Ducks,4,1,0,401559266
2023-10-15T02:00:00Z,2024,nhl,San Jose Sharks,Colorado Avalanche,1,2,0,401559267
2023-10-15T02:30:00Z,2024,nhl,Los Angeles Kings,Carolina Hurricanes,5,6,0,401559268
2023-10-15T23:00:00Z,2024,nhl,Ottawa Senators,Tampa Bay Lightning,5,2,0,401559246
2023-10-16T00:30:00Z,2024,nhl,Anaheim Ducks,Carolina Hurricanes,6,3,0,401559269
2023-10-16T23:00:00Z,2024,nhl,Toronto Maple Leafs,Chicago Blackhawks,1,4,0,401559270
2023-10-16T23:00:00Z,2024,nhl,New Jersey Devils,Florida Panthers,3,4,0,401559271
2023-10-16T23:00:00Z,2024,nhl,New York Rangers,Arizona Coyotes,2,1,0,401559272
2023-10-16T23:00:00Z,2024,nhl,Washington Capitals,Calgary Flames,3,2,0,401559273
2023-10-16T23:00:00Z,2024,nhl,Columbus Blue Jackets,Detroit Red Wings,0,4,0,401559274
2023-10-17T22:00:00Z,2024,nhl,Philadelphia Flyers,Vancouver Canucks,2,0,0,401559277
2023-10-17T23:00:00Z,2024,nhl,Montreal Canadiens,Minnesota Wild,2,5,0,401559276
2023-10-17T23:30:00Z,2024,nhl,Buffalo Sabres,Tampa Bay Lightning,3,2,0,401559275
2023-10-17T23:30:00Z,2024,nhl,New York Islanders,Arizona Coyotes,1,0,0,401559278
2023-10-18T00:00:00Z,2024,nhl,Nashville Predators,Edmonton Oilers,1,6,0,401559279
2023-10-18T00:00:00Z,2024,nhl,Winnipeg Jets,Los Angeles Kings,1,5,0,401559280
2023-10-18T02:00:00Z,2024,nhl,Seattle Kraken,Colorado Avalanche,1,4,0,401559281
2023-10-18T02:30:00Z,2024,nhl,Vegas Golden Knights,Dallas Stars,3,2,0,401559282
2023-10-18T02:30:00Z,2024,nhl,San Jose Sharks,Carolina Hurricanes,3,6,0,401559283
2023-10-18T23:00:00Z,2024,nhl,Ottawa Senators,Washington Capitals,6,1,0,401559284
2023-10-18T23:30:00Z,2024,nhl,Detroit Red Wings,Pittsburgh Penguins,6,3,0,401559285
2023-10-19T23:00:00Z,2024,nhl,Buffalo Sabres,Calgary Flames,3,4,0,401559286
2023-10-19T23:00:00Z,2024,nhl,Tampa Bay Lightning,Vancouver Canucks,4,3,0,401559287
2023-10-19T23:00:00Z,2024,nhl,Florida Panthers,Toronto Maple Leafs,3,1,0,401559288
2023-10-19T23:00:00Z,2024,nhl,New York Rangers,Nashville Predators,1,4,0,401559289
2023-10-19T23:30:00Z,2024,nhl,Philadelphia Flyers,Edmonton Oilers,4,1,0,401559290
2023-10-20T00:00:00Z,2024,nhl,St. Louis Blues,Arizona Coyotes,2,6,0,401559291
2023-10-20T00:00:00Z,2024,nhl,Minnesota Wild,Los Angeles Kings,3,7,0,401559292
2023-10-20T00:00:00Z,2024,nhl,Winnipeg Jets,Vegas Golden Knights,3,5,0,401559293
2023-10-20T02:00:00Z,2024,nhl,Anaheim Ducks,Dallas Stars,2,3,0,401559294
2023-10-20T02:00:00Z,2024,nhl,Seattle Kraken,Carolina Hurricanes,7,4,0,401559295
2023-10-20T02:30:00Z,2024,nhl,Colorado Avalanche,Chicago Blackhawks,4,0,0,401559296
2023-10-20T02:30:00Z,2024,nhl,San Jose Sharks,Boston Bruins,1,3,0,401559297
2023-10-20T23:00:00Z,2024,nhl,Columbus Blue Jackets,Calgary Flames,3,1,0,401559298
2023-10-20T23:30:00Z,2024,nhl,New York Islanders,New Jersey Devils,4,5,0,401559299
2023-10-21T17:00:00Z,2024,nhl,Ottawa Senators,Detroit Red Wings,2,5,0,401559300
2023-10-21T20:00:00Z,2024,nhl,Arizona Coyotes,Anaheim Ducks,2,1,0,401559301
2023-10-21T23:00:00Z,2024,nhl,Buffalo Sabres,New York Islanders,3,1,0,401559302
2023-10-21T23:00:00Z,2024,nhl,Montreal Canadiens,Washington Capitals,3,2,0,401559303
2023-10-21T23:00:00Z,2024,nhl,Tampa Bay Lightning,Toronto Maple Leafs,3,4,0,401559304
2023-10-21T23:00:00Z,2024,nhl,Florida Panthers,Vancouver Canucks,3,5,0,401559305
2023-10-22T00:00:00Z,2024,nhl,Chicago Blackhawks,Vegas Golden Knights,3,5,0,401559306
2023-10-22T00:00:00Z,2024,nhl,St. Louis Blues,Pittsburgh Penguins,4,2,0,401559307
2023-10-22T00:00:00Z,2024,nhl,Nashville Predators,San Jose Sharks,5,1,0,401559308
2023-10-22T00:00:00Z,2024,nhl,Dallas Stars,Philadelphia Flyers,5,4,0,401559309
2023-10-22T00:00:00Z,2024,nhl,Minnesota Wild,Columbus Blue Jackets,4,5,0,401559310
2023-10-22T01:00:00Z,2024,nhl,Colorado Avalanche,Carolina Hurricanes,6,4,0,401559311
2023-10-22T02:00:00Z,2024,nhl,Edmonton Oilers,Winnipeg Jets,2,3,0,401559312
2023-10-22T02:00:00Z,2024,nhl,Seattle Kraken,New York Rangers,1,4,0,401559313
2023-10-22T02:30:00Z,2024,nhl,Los Angeles Kings,Boston Bruins,2,4,0,401559314
2023-10-22T21:00:00Z,2024,nhl,Detroit Red Wings,Calgary Flames,6,2,0,401559315
2023-10-23T00:30:00Z,2024,nhl,Anaheim Ducks,Boston Bruins,1,3,0,401559316
2023-10-23T23:00:00Z,2024,nhl,Buffalo Sabres,Montreal Canadiens,1,3,0,401559317
2023-10-24T22:00:00Z,2024,nhl,Washington Capitals,Toronto Maple Leafs,1,4,0,401559318
2023-10-24T22:45:00Z,2024,nhl,Ottawa Senators,Buffalo Sabres,4,6,0,401559320
2023-10-24T23:00:00Z,2024,nhl,Tampa Bay Lightning,Carolina Hurricanes,3,0,0,401559321
2023-10-24T23:15:00Z,2024,nhl,Montreal Canadiens,New Jersey Devils,2,5,0,401559322
2023-10-24T23:30:00Z,2024,nhl,Pittsburgh Penguins,Dallas Stars,1,4,0,401559323
2023-10-24T23:45:00Z,2024,nhl,Florida Panthers,San Jose Sharks,3,1,0,401559324
2023-10-25T00:00:00Z,2024,nhl,New York Islanders,Colorado Avalanche,4,7,0,401559325
2023-10-25T00:15:00Z,2024,nhl,Detroit Red Wings,Seattle Kraken,4,5,0,401559326
2023-10-25T00:30:00Z,2024,nhl,Columbus Blue Jackets,Anaheim Ducks,2,3,0,401559319
2023-10-25T00:45:00Z,2024,nhl,Chicago Blackhawks,Boston Bruins,0,3,0,401559327
2023-10-25T00:45:00Z,2024,nhl,Winnipeg Jets,St. Louis Blues,4,2,0,401559328
2023-10-25T01:00:00Z,2024,nhl,Minnesota Wild,Edmonton Oilers,7,4,0,401559329
2023-10-25T01:15:00Z,2024,nhl,Nashville Predators,Vancouver Canucks,2,3,0,401559330
2023-10-25T01:45:00Z,2024,nhl,Calgary Flames,New York Rangers,1,3,0,401559331
2023-10-25T02:30:00Z,2024,nhl,Los Angeles Kings,Arizona Coyotes,6,3,0,401559332
2023-10-25T03:17:00Z,2024,nhl,Vegas Golden Knights,Philadelphia Flyers,3,2,0,401559333
2023-10-25T23:30:00Z,2024,nhl,New Jersey Devils,Washington Capitals,4,6,0,401559334
2023-10-26T23:00:00Z,2024,nhl,Boston Bruins,Anaheim Ducks,3,4,0,401559335
2023-10-26T23:00:00Z,2024,nhl,Montreal Canadiens,Columbus Blue Jackets,4,3,0,401559336
2023-10-26T23:00:00Z,2024,nhl,Detroit Red Wings,Winnipeg Jets,1,4,0,401559337
2023-10-26T23:00:00Z,2024,nhl,Tampa Bay Lightning,San Jose Sharks,6,0,0,401559338
2023-10-26T23:00:00Z,2024,nhl,Pittsburgh Penguins,Colorado Avalanche,4,0,0,401559340
2023-10-26T23:00:00Z,2024,nhl,Carolina Hurricanes,Seattle Kraken,3,2,0,401559341
2023-10-26T23:30:00Z,2024,nhl,Philadelphia Flyers,Minnesota Wild,6,2,0,401559339
2023-10-26T23:30:00Z,2024,nhl,New York Islanders,Ottawa Senators,3,2,0,401559342
2023-10-27T00:00:00Z,2024,nhl,Dallas Stars,Toronto Maple Leafs,1,4,0,401559343
2023-10-27T01:00:00Z,2024,nhl,Calgary Flames,St. Louis Blues,0,3,0,401559344
2023-10-27T01:00:00Z,2024,nhl,Edmonton Oilers,New York Rangers,0,3,0,401559345
2023-10-27T22:00:00Z,2024,nhl,Vegas Golden Knights,Chicago Blackhawks,3,4,0,401559346
2023-10-27T23:00:00Z,2024,nhl,New Jersey Devils,Buffalo Sabres,5,4,0,401559347
2023-10-27T23:00:00Z,2024,nhl,Washington Capitals,Minnesota Wild,3,2,0,401559348
2023-10-27T23:00:00Z,2024,nhl,Carolina Hurricanes,San Jose Sharks,3,0,0,401559349
2023-10-28T02:00:00Z,2024,nhl,Vancouver Canucks,St. Louis Blues,5,0,0,401559350
2023-10-28T02:00:00Z,2024,nhl,Arizona Coyotes,Los Angeles Kings,4,5,0,401559351
2023-10-28T17:00:00Z,2024,nhl,Philadelphia Flyers,Anaheim Ducks,4,7,0,401559352
2023-10-28T22:00:00Z,2024,nhl,Florida Panthers,Seattle Kraken,3,2,0,401559353
2023-10-28T23:00:00Z,2024,nhl,Boston Bruins,Detroit Red Wings,4,1,0,401559354
2023-10-28T23:00:00Z,2024,nhl,Montreal Canadiens,Winnipeg Jets,4,3,0,401559356
2023-10-28T23:00:00Z,2024,nhl,Pittsburgh Penguins,Ottawa Senators,2,5,0,401559357
2023-10-28T23:00:00Z,2024,nhl,Columbus Blue Jackets,New York Islanders,0,2,0,401559358
2023-10-28T23:00:00Z,2024,nhl,Nashville Predators,Toronto Maple Leafs,3,2,0,401559359
2023-10-29T02:00:00Z,2024,nhl,Vancouver Canucks,New York Rangers,3,4,0,401559360
2023-10-29T02:30:00Z,2024,nhl,Los Angeles Kings,Vegas Golden Knights,3,4,0,401559361
2023-10-29T17:00:00Z,2024,nhl,Buffalo Sabres,Colorado Avalanche,4,0,0,401559355
2023-10-29T21:00:00Z,2024,nhl,New Jersey Devils,Minnesota Wild,4,3,0,401559362
2023-10-29T21:00:00Z,2024,nhl,Washington Capitals,San Jose Sharks,3,1,0,401559364
2023-10-29T23:00:00Z,2024,nhl,Edmonton Oilers,Calgary Flames,5,2,1,401555903
2023-10-30T23:00:00Z,2024,nhl,Philadelphia Flyers,Carolina Hurricanes,2,3,0,401559363
2023-10-30T23:00:00Z,2024,nhl,Boston Bruins,Florida Panthers,3,2,0,401559365
2023-10-30T23:00:00Z,2024,nhl,Tampa Bay Lightning,Seattle Kraken,3,4,0,401559366
2023-10-30T23:00:00Z,2024,nhl,Pittsburgh Penguins,Anaheim Ducks,3,4,0,401559367
2023-10-30T23:30:00Z,2024,nhl,New York Islanders,Detroit Red Wings,3,4,0,401559368
2023-10-30T23:30:00Z,2024,nhl,Winnipeg Jets,New York Rangers,2,3,0,401559369
2023-10-31T00:00:00Z,2024,nhl,Dallas Stars,Columbus Blue Jackets,5,3,0,401559370
2023-10-31T02:00:00Z,2024,nhl,Arizona Coyotes,Chicago Blackhawks,8,1,0,401559371
2023-10-31T02:00:00Z,2024,nhl,Vegas Golden Knights,Montreal Canadiens,3,2,0,401559372
2023-11-01T00:00:00Z,2024,nhl,Toronto Maple Leafs,Los Angeles Kings,1,4,0,401559374
2023-11-01T02:00:00Z,2024,nhl,Vancouver Canucks,Nashville Predators,5,2,0,401559373
2023-11-01T23:00:00Z,2024,nhl,Philadelphia Flyers,Buffalo Sabres,2,5,0,401559375
2023-11-02T00:30:00Z,2024,nhl,Calgary Flames,Dallas Stars,3,4,0,401559376
2023-11-02T01:30:00Z,2024,nhl,Colorado Avalanche,St. Louis Blues,4,1,0,401559377
2023-11-02T02:00:00Z,2024,nhl,Anaheim Ducks,Arizona Coyotes,4,3,0,401559378
2023-11-02T23:00:00Z,2024,nhl,Ottawa Senators,Los Angeles Kings,2,3,0,401559380
2023-11-02T23:00:00Z,2024,nhl,Detroit Red Wings,Florida Panthers,0,2,0,401559381
2023-11-02T23:00:00Z,2024,nhl,New York Rangers,Carolina Hurricanes,2,1,0,401559382
2023-11-02T23:00:00Z,2024,nhl,Washington Capitals,New York Islanders,0,3,0,401559383
2023-11-02T23:00:00Z,2024,nhl,Columbus Blue Jackets,Tampa Bay Lightning,4,2,0,401559384
2023-11-02T23:30:00Z,2024,nhl,Boston Bruins,Toronto Maple Leafs,3,2,0,401559379
2023-11-03T00:00:00Z,2024,nhl,Minnesota Wild,New Jersey Devils,3,5,0,401559385
2023-11-03T01:00:00Z,2024,nhl,Edmonton Oilers,Dallas Stars,3,4,0,401559386
2023-11-03T02:00:00Z,2024,nhl,Arizona Coyotes,Montreal Canadiens,3,2,0,401559387
2023-11-03T02:00:00Z,2024,nhl,Vegas Golden Knights,Winnipeg Jets,5,2,0,401559388
2023-11-03T02:00:00Z,2024,nhl,Seattle Kraken,Nashville Predators,4,2,0,401559389
2023-11-03T02:30:00Z,2024,nhl,San Jose Sharks,Vancouver Canucks,1,10,0,401559390
2023-11-03T23:00:00Z,2024,nhl,Buffalo Sabres,Philadelphia Flyers,1,5,0,401559391
2023-11-04T00:00:00Z,2024,nhl,St. Louis Blues,New Jersey Devils,4,1,0,401559392
2023-11-04T19:00:00Z,2024,nhl,Edmonton Oilers,Nashville Predators,2,5,0,401559393
2023-11-04T20:00:00Z,2024,nhl,Arizona Coyotes,Winnipeg Jets,3,5,0,401559394
2023-11-04T23:00:00Z,2024,nhl,Toronto Maple Leafs,Buffalo Sabres,4,6,0,401559395
2023-11-04T23:00:00Z,2024,nhl,Ottawa Senators,Tampa Bay Lightning,4,6,0,401559396
2023-11-04T23:00:00Z,2024,nhl,Detroit Red Wings,Boston Bruins,5,4,0,401559397
2023-11-04T23:00:00Z,2024,nhl,Washington Capitals,Columbus Blue Jackets,2,1,0,401559399
2023-11-04T23:00:00Z,2024,nhl,St. Louis Blues,Montreal Canadiens,6,3,0,401559400
2023-11-04T23:30:00Z,2024,nhl,Philadelphia Flyers,Los Angeles Kings,0,5,0,401559398
2023-11-04T23:30:00Z,2024,nhl,New York Islanders,Carolina Hurricanes,3,4,0,401559401
2023-11-05T00:00:00Z,2024,nhl,Chicago Blackhawks,Florida Panthers,5,2,0,401559402
2023-11-05T00:00:00Z,2024,nhl,Minnesota Wild,New York Rangers,5,4,0,401559403
2023-11-05T02:00:00Z,2024,nhl,Vancouver Canucks,Dallas Stars,2,0,0,401559404
2023-11-05T02:00:00Z,2024,nhl,Vegas Golden Knights,Colorado Avalanche,7,0,0,401559405
2023-11-05T02:00:00Z,2024,nhl,San Jose Sharks,Pittsburgh Penguins,2,10,0,401559406
2023-11-05T02:00:00Z,2024,nhl,Seattle Kraken,Calgary Flames,3,6,0,401559407
2023-11-06T00:00:00Z,2024,nhl,Chicago Blackhawks,New Jersey Devils,2,4,0,401559408
2023-11-06T01:00:00Z,2024,nhl,Anaheim Ducks,Vegas Golden Knights,4,2,0,401559409
2023-11-07T00:00:00Z,2024,nhl,Toronto Maple Leafs,Tampa Bay Lightning,6,5,0,401559410
2023-11-07T00:00:00Z,2024,nhl,Florida Panthers,Columbus Blue Jackets,5,4,0,401559411
2023-11-07T01:00:00Z,2024,nhl,Dallas Stars,Boston Bruins,2,3,0,401559412
2023-11-07T03:00:00Z,2024,nhl,Vancouver Canucks,Edmonton Oilers,6,2,0,401559413
2023-11-08T00:00:00Z,2024,nhl,Montreal Canadiens,Tampa Bay Lightning,3,5,0,401559414
2023-11-08T00:00:00Z,2024,nhl,Carolina Hurricanes,Buffalo Sabres,3,2,0,401559925
2023-11-08T00:30:00Z,2024,nhl,New York Islanders,Minnesota Wild,2,4,0,401559415
2023-11-08T00:30:00Z,2024,nhl,New York Rangers,Detroit Red Wings,5,3,0,401559416
2023-11-08T01:00:00Z,2024,nhl,St. Louis Blues,Winnipeg Jets,2,5,0,401559417
2023-11-08T02:00:00Z,2024,nhl,Calgary Flames,Nashville Predators,4,2,0,401559418
2023-11-08T02:00:00Z,2024,nhl,Arizona Coyotes,Seattle Kraken,4,3,0,401559419
2023-11-08T03:00:00Z,2024,nhl,Colorado Avalanche,New Jersey Devils,6,3,0,401559420
2023-11-08T03:00:00Z,2024,nhl,Anaheim Ducks,Pittsburgh Penguins,0,2,0,401559421
2023-11-08T03:30:00Z,2024,nhl,San Jose Sharks,Philadelphia Flyers,2,1,0,401559422
2023-11-09T00:00:00Z,2024,nhl,Toronto Maple Leafs,Ottawa Senators,3,6,0,401559423
2023-11-09T00:30:00Z,2024,nhl,Washington Capitals,Florida Panthers,3,4,0,401559424
2023-11-09T03:00:00Z,2024,nhl,Vegas Golden Knights,Los Angeles Kings,1,4,0,401559425
2023-11-10T00:00:00Z,2024,nhl,Boston Bruins,New York Islanders,5,2,0,401559426
2023-11-10T00:00:00Z,2024,nhl,Ottawa Senators,Vancouver Canucks,2,5,0,401559427
2023-11-10T00:00:00Z,2024,nhl,Detroit Red Wings,Montreal Canadiens,2,3,0,401559428
2023-11-10T00:00:00Z,2024,nhl,Tampa Bay Lightning,Chicago Blackhawks,3,5,0,401559429
2023-11-10T00:00:00Z,2024,nhl,New York Rangers,Minnesota Wild,4,1,0,401559430
2023-11-10T00:30:00Z,2024,nhl,Columbus Blue Jackets,Dallas Stars,2,5,0,401559431
2023-11-10T01:00:00Z,2024,nhl,St. Louis Blues,Arizona Coyotes,2,1,0,401559432
2023-11-10T01:00:00Z,2024,nhl,Winnipeg Jets,Nashville Predators,6,3,0,401559433
2023-11-10T02:00:00Z,2024,nhl,Colorado Avalanche,Seattle Kraken,3,4,0,401559434
2023-11-10T03:30:00Z,2024,nhl,Los Angeles Kings,Pittsburgh Penguins,3,4,0,401559435
2023-11-10T03:30:00Z,2024,nhl,San Jose Sharks,Edmonton Oilers,3,2,0,401559436
2023-11-11T00:00:00Z,2024,nhl,Buffalo Sabres,Minnesota Wild,3,2,0,401559437
2023-11-11T00:00:00Z,2024,nhl,Toronto Maple Leafs,Calgary Flames,5,4,0,401559438
2023-11-11T00:00:00Z,2024,nhl,Florida Panthers,Carolina Hurricanes,5,2,0,401559439
2023-11-11T00:00:00Z,2024,nhl,New Jersey Devils,Washington Capitals,2,4,0,401559440
2023-11-11T03:00:00Z,2024,nhl,Vegas Golden Knights,San Jose Sharks,5,0,0,401559441
2023-11-11T03:00:00Z,2024,nhl,Anaheim Ducks,Philadelphia Flyers,3,6,0,401559442
2023-11-11T18:00:00Z,2024,nhl,Detroit Red Wings,Columbus Blue Jackets,5,4,0,401559443
2023-11-11T20:00:00Z,2024,nhl,Winnipeg Jets,Dallas Stars,2,3,0,401559444
2023-11-12T00:00:00Z,2024,nhl,Toronto Maple Leafs,Vancouver Canucks,5,2,0,401559445
2023-11-12T00:00:00Z,2024,nhl,Montreal Canadiens,Boston Bruins,3,2,0,401559446
2023-11-12T00:00:00Z,2024,nhl,Ottawa Senators,Calgary Flames,4,1,0,401559447
2023-11-12T00:00:00Z,2024,nhl,Tampa Bay Lightning,Carolina Hurricanes,0,4,0,401559448
2023-11-12T00:30:00Z,2024,nhl,Pittsburgh Penguins,Buffalo Sabres,4,0,0,401559449
2023-11-12T00:30:00Z,2024,nhl,New York Islanders,Washington Capitals,1,4,0,401559450
2023-11-12T01:00:00Z,2024,nhl,Nashville Predators,Arizona Coyotes,5,7,0,401559451
2023-11-12T02:00:00Z,2024,nhl,Colorado Avalanche,St. Louis Blues,2,8,0,401559452
2023-11-12T03:00:00Z,2024,nhl,Seattle Kraken,Edmonton Oilers,1,4,0,401559453
2023-11-12T03:30:00Z,2024,nhl,Los Angeles Kings,Philadelphia Flyers,2,4,0,401559454
2023-11-12T18:00:00Z,2024,nhl,Florida Panthers,Chicago Blackhawks,4,3,0,401559455
2023-11-12T23:00:00Z,2024,nhl,Minnesota Wild,Dallas Stars,3,8,0,401559456
2023-11-13T00:00:00Z,2024,nhl,Montreal Canadiens,Vancouver Canucks,2,5,0,401559457
2023-11-13T00:00:00Z,2024,nhl,New York Rangers,Columbus Blue Jackets,4,3,0,401559458
2023-11-13T01:00:00Z,2024,nhl,Anaheim Ducks,San Jose Sharks,4,1,0,401559459
2023-11-14T01:30:00Z,2024,nhl,Edmonton Oilers,New York Islanders,4,1,0,401559460
2023-11-14T03:00:00Z,2024,nhl,Seattle Kraken,Colorado Avalanche,1,5,0,401559461
2023-11-15T00:00:00Z,2024,nhl,Buffalo Sabres,Boston Bruins,2,5,0,401559462
2023-11-15T00:00:00Z,2024,nhl,Montreal Canadiens,Calgary Flames,1,2,0,401559463
2023-11-15T00:00:00Z,2024,nhl,Washington Capitals,Vegas Golden Knights,3,0,0,401559464
2023-11-15T00:00:00Z,2024,nhl,Columbus Blue Jackets,Pittsburgh Penguins,3,5,0,401559465
2023-11-15T01:00:00Z,2024,nhl,St. Louis Blues,Tampa Bay Lightning,5,0,0,401559466
2023-11-15T01:00:00Z,2024,nhl,Nashville Predators,Anaheim Ducks,2,3,0,401559467
2023-11-15T01:00:00Z,2024,nhl,Dallas Stars,Arizona Coyotes,4,3,0,401559468
2023-11-15T01:00:00Z,2024,nhl,Winnipeg Jets,New Jersey Devils,6,3,0,401559469
2023-11-15T03:30:00Z,2024,nhl,San Jose Sharks,Florida Panthers,3,5,0,401559470
2023-11-16T00:30:00Z,2024,nhl,Carolina Hurricanes,Philadelphia Flyers,1,3,0,401559471
2023-11-16T01:30:00Z,2024,nhl,Edmonton Oilers,Seattle Kraken,4,3,0,401559472
2023-11-16T02:00:00Z,2024,nhl,Colorado Avalanche,Anaheim Ducks,8,2,0,401559473
2023-11-16T03:00:00Z,2024,nhl,Vancouver Canucks,New York Islanders,4,3,0,401559474
2023-11-16T19:00:00Z,2024,nhl,Ottawa Senators,Detroit Red Wings,5,4,1,401555904
2023-11-17T00:00:00Z,2024,nhl,Montreal Canadiens,Vegas Golden Knights,5,6,0,401559475
2023-11-17T00:00:00Z,2024,nhl,Pittsburgh Penguins,New Jersey Devils,2,5,0,401559476
2023-11-17T00:00:00Z,2024,nhl,Columbus Blue Jackets,Arizona Coyotes,2,3,0,401559477
2023-11-17T01:00:00Z,2024,nhl,Chicago Blackhawks,Tampa Bay Lightning,2,4,0,401559478
2023-11-17T02:00:00Z,2024,nhl,Calgary Flames,Vancouver Canucks,5,2,0,401559479
2023-11-17T03:00:00Z,2024,nhl,Seattle Kraken,New York Islanders,4,3,0,401559480
2023-11-17T03:30:00Z,2024,nhl,Los Angeles Kings,Florida Panthers,2,1,0,401559481
2023-11-17T03:30:00Z,2024,nhl,San Jose Sharks,St. Louis Blues,5,1,0,401559482
2023-11-17T19:00:00Z,2024,nhl,Detroit Red Wings,Toronto Maple Leafs,2,3,1,401555905
2023-11-18T01:00:00Z,2024,nhl,Winnipeg Jets,Buffalo Sabres,3,2,0,401559483
2023-11-18T03:00:00Z,2024,nhl,Anaheim Ducks,Florida Panthers,1,2,0,401559484
2023-11-18T16:00:00Z,2024,nhl,Ottawa Senators,Minnesota Wild,2,1,1,401555906
2023-11-18T18:00:00Z,2024,nhl,Philadelphia Flyers,Vegas Golden Knights,4,3,0,401559485
2023-11-18T19:00:00Z,2024,nhl,Nashville Predators,Chicago Blackhawks,4,2,0,401559493
2023-11-18T21:00:00Z,2024,nhl,Tampa Bay Lightning,Edmonton Oilers,6,4,0,401559486
2023-11-19T00:00:00Z,2024,nhl,Boston Bruins,Montreal Canadiens,5,2,0,401559487
2023-11-19T00:00:00Z,2024,nhl,New Jersey Devils,New York Rangers,3,5,0,401559488
2023-11-19T00:00:00Z,2024,nhl,Carolina Hurricanes,Pittsburgh Penguins,4,2,0,401559490
2023-11-19T00:00:00Z,2024,nhl,Winnipeg Jets,Arizona Coyotes,5,2,0,401559491
2023-11-19T00:00:00Z,2024,nhl,Calgary Flames,New York Islanders,4,5,0,401559492
2023-11-19T00:30:00Z,2024,nhl,Washington Capitals,Columbus Blue Jackets,4,3,0,401559489
2023-11-19T01:00:00Z,2024,nhl,Dallas Stars,Colorado Avalanche,3,6,0,401559494
2023-11-19T03:00:00Z,2024,nhl,Vancouver Canucks,Seattle Kraken,3,4,0,401559495
2023-11-19T03:30:00Z,2024,nhl,Los Angeles Kings,St. Louis Blues,5,1,0,401559496
2023-11-19T13:00:00Z,2024,nhl,Minnesota Wild,Toronto Maple Leafs,3,4,1,401555907
2023-11-19T22:30:00Z,2024,nhl,Philadelphia Flyers,Columbus Blue Jackets,5,2,0,401559497
2023-11-19T23:00:00Z,2024,nhl,Pittsburgh Penguins,Vegas Golden Knights,3,0,0,401559498
2023-11-20T00:00:00Z,2024,nhl,Chicago Blackhawks,Buffalo Sabres,2,3,0,401559499
2023-11-20T01:00:00Z,2024,nhl,Anaheim Ducks,St. Louis Blues,1,3,0,401559500
2023-11-21T00:00:00Z,2024,nhl,Tampa Bay Lightning,Boston Bruins,5,4,0,401559501
2023-11-21T00:00:00Z,2024,nhl,Florida Panthers,Edmonton Oilers,5,3,0,401559502
2023-11-21T01:00:00Z,2024,nhl,Nashville Predators,Colorado Avalanche,4,3,0,401559503
2023-11-21T01:00:00Z,2024,nhl,Dallas Stars,New York Rangers,6,3,0,401559504
2023-11-21T02:00:00Z,2024,nhl,Arizona Coyotes,Los Angeles Kings,1,4,0,401559505
2023-11-21T03:00:00Z,2024,nhl,Vancouver Canucks,San Jose Sharks,3,1,0,401559506
2023-11-21T03:00:00Z,2024,nhl,Seattle Kraken,Calgary Flames,3,4,0,401559507
2023-11-23T00:00:00Z,2024,nhl,Detroit Red Wings,New Jersey Devils,4,0,0,401559508
2023-11-23T00:00:00Z,2024,nhl,Tampa Bay Lightning,Winnipeg Jets,2,3,0,401559509
2023-11-23T00:00:00Z,2024,nhl,Florida Panthers,Boston Bruins,1,3,0,401559510
2023-11-23T00:00:00Z,2024,nhl,Pittsburgh Penguins,New York Rangers,0,1,0,401559511
2023-11-23T00:00:00Z,2024,nhl,Washington Capitals,Buffalo Sabres,4,3,0,401559512
2023-11-23T00:00:00Z,2024,nhl,Carolina Hurricanes,Edmonton Oilers,6,3,0,401559513
2023-11-23T00:00:00Z,2024,nhl,Columbus Blue Jackets,Chicago Blackhawks,7,3,0,401559514
2023-11-23T00:30:00Z,2024,nhl,New York Islanders,Philadelphia Flyers,3,2,0,401559515
2023-11-23T02:00:00Z,2024,nhl,Nashville Predators,Calgary Flames,4,2,0,401559516
2023-11-23T02:00:00Z,2024,nhl,Arizona Coyotes,St. Louis Blues,5,6,0,401559517
2023-11-23T02:30:00Z,2024,nhl,Dallas Stars,Vegas Golden Knights,1,2,0,401559518
2023-11-23T03:00:00Z,2024,nhl,Colorado Avalanche,Vancouver Canucks,5,2,0,401559519
2023-11-23T03:00:00Z,2024,nhl,Anaheim Ducks,Montreal Canadiens,3,4,0,401559520
2023-11-23T03:00:00Z,2024,nhl,Seattle Kraken,San Jose Sharks,7,1,0,401559521
2023-11-24T18:00:00Z,2024,nhl,Boston Bruins,Detroit Red Wings,2,5,0,401559522
2023-11-24T18:00:00Z,2024,nhl,Philadelphia Flyers,New York Rangers,1,3,0,401559523
2023-11-24T19:00:00Z,2024,nhl,Chicago Blackhawks,Toronto Maple Leafs,4,3,0,401559524
2023-11-24T20:00:00Z,2024,nhl,Washington Capitals,Edmonton Oilers,0,5,0,401559525
2023-11-24T20:00:00Z,2024,nhl,St. Louis Blues,Nashville Predators,3,8,0,401559527
2023-11-24T20:00:00Z,2024,nhl,New Jersey Devils,Columbus Blue Jackets,1,2,0,401559532
2023-11-24T20:30:00Z,2024,nhl,Anaheim Ducks,Los Angeles Kings,2,5,0,401559528
2023-11-24T20:30:00Z,2024,nhl,San Jose Sharks,Montreal Canadiens,2,3,0,401559529
2023-11-24T23:00:00Z,2024,nhl,Buffalo Sabres,Pittsburgh Penguins,3,2,0,401559530
2023-11-25T00:30:00Z,2024,nhl,Ottawa Senators,New York Islanders,3,5,0,401559531
2023-11-25T01:00:00Z,2024,nhl,Carolina Hurricanes,Tampa Bay Lightning,2,8,0,401559526
2023-11-25T01:00:00Z,2024,nhl,Florida Panthers,Winnipeg Jets,0,3,0,401559533
2023-11-25T01:30:00Z,2024,nhl,Dallas Stars,Calgary Flames,4,7,0,401559534
2023-11-25T01:30:00Z,2024,nhl,Minnesota Wild,Colorado Avalanche,2,3,0,401559535
2023-11-25T03:00:00Z,2024,nhl,Seattle Kraken,Vancouver Canucks,1,5,0,401559536
2023-11-25T18:00:00Z,2024,nhl,New York Rangers,Boston Bruins,7,4,0,401559537
2023-11-25T21:00:00Z,2024,nhl,Los Angeles Kings,Montreal Canadiens,4,0,0,401559538
2023-11-26T00:00:00Z,2024,nhl,New Jersey Devils,Buffalo Sabres,7,2,0,401559539
2023-11-26T00:00:00Z,2024,nhl,Pittsburgh Penguins,Toronto Maple Leafs,3,2,0,401559540
2023-11-26T00:30:00Z,2024,nhl,New York Islanders,Philadelphia Flyers,0,1,0,401559541
2023-11-26T03:00:00Z,2024,nhl,Colorado Avalanche,Calgary Flames,3,1,0,401559542
2023-11-26T03:00:00Z,2024,nhl,Vegas Golden Knights,Arizona Coyotes,0,2,0,401559543
2023-11-26T03:00:00Z,2024,nhl,San Jose Sharks,Vancouver Canucks,4,3,0,401559544
2023-11-26T18:00:00Z,2024,nhl,Detroit Red Wings,Minnesota Wild,4,1,0,401559545
2023-11-26T19:00:00Z,2024,nhl,Chicago Blackhawks,St. Louis Blues,2,4,0,401559546
2023-11-26T22:00:00Z,2024,nhl,Carolina Hurricanes,Columbus Blue Jackets,3,2,0,401559547
2023-11-27T01:00:00Z,2024,nhl,Nashville Predators,Winnipeg Jets,3,2,0,401559548
2023-11-27T02:00:00Z,2024,nhl,Edmonton Oilers,Anaheim Ducks,8,2,0,401559549
2023-11-28T00:00:00Z,2024,nhl,Ottawa Senators,Florida Panthers,0,5,0,401559550
2023-11-28T00:00:00Z,2024,nhl,New York Rangers,Buffalo Sabres,1,5,0,401559551
2023-11-28T00:00:00Z,2024,nhl,Columbus Blue Jackets,Boston Bruins,5,2,0,401559552
2023-11-28T02:00:00Z,2024,nhl,Colorado Avalanche,Tampa Bay Lightning,4,1,0,401559553
2023-11-28T02:30:00Z,2024,nhl,Calgary Flames,Vegas Golden Knights,2,1,0,401559554
2023-11-28T03:30:00Z,2024,nhl,San Jose Sharks,Washington Capitals,2,1,0,401559556
2023-11-29T00:00:00Z,2024,nhl,Toronto Maple Leafs,Florida Panthers,2,1,0,401559557
2023-11-29T00:00:00Z,2024,nhl,New Jersey Devils,New York Islanders,5,4,0,401559558
2023-11-29T00:30:00Z,2024,nhl,Philadelphia Flyers,Carolina Hurricanes,1,4,0,401559559
2023-11-29T01:00:00Z,2024,nhl,Nashville Predators,Pittsburgh Penguins,3,2,0,401559560
2023-11-29T01:00:00Z,2024,nhl,Minnesota Wild,St. Louis Blues,3,1,0,401559561
2023-11-29T01:00:00Z,2024,nhl,Winnipeg Jets,Dallas Stars,0,2,0,401559562
2023-11-29T01:30:00Z,2024,nhl,Chicago Blackhawks,Seattle Kraken,4,3,0,401559563
2023-11-29T02:00:00Z,2024,nhl,Edmonton Oilers,Vegas Golden Knights,5,4,0,401559564
2023-11-29T02:00:00Z,2024,nhl,Arizona Coyotes,Tampa Bay Lightning,3,1,0,401559565
2023-11-29T03:00:00Z,2024,nhl,Vancouver Canucks,Anaheim Ducks,3,1,0,401559555
2023-11-30T00:00:00Z,2024,nhl,Columbus Blue Jackets,Montreal Canadiens,2,4,0,401559566
2023-11-30T00:30:00Z,2024,nhl,New York Rangers,Detroit Red Wings,3,2,0,401559567
2023-11-30T03:30:00Z,2024,nhl,Los Angeles Kings,Washington Capitals,1,2,0,401559568
2023-12-01T00:00:00Z,2024,nhl,Boston Bruins,San Jose Sharks,3,0,0,401559569
2023-12-01T00:00:00Z,2024,nhl,Toronto Maple Leafs,Seattle Kraken,4,3,0,401559570
2023-12-01T00:00:00Z,2024,nhl,Montreal Canadiens,Florida Panthers,1,5,0,401559571
2023-12-01T00:00:00Z,2024,nhl,Detroit Red Wings,Chicago Blackhawks,5,1,0,401559572
2023-12-01T00:00:00Z,2024,nhl,Tampa Bay Lightning,Pittsburgh Penguins,2,4,0,401559573
2023-12-01T00:00:00Z,2024,nhl,Philadelphia Flyers,New Jersey Devils,3,4,0,401559574
2023-12-01T00:30:00Z,2024,nhl,Carolina Hurricanes,New York Islanders,4,5,0,401559575
2023-12-01T01:00:00Z,2024,nhl,St. Louis Blues,Buffalo Sabres,6,4,0,401559576
2023-12-01T01:00:00Z,2024,nhl,Nashville Predators,Minnesota Wild,1,6,0,401559577
2023-12-01T01:00:00Z,2024,nhl,Winnipeg Jets,Edmonton Oilers,1,3,0,401559578
2023-12-01T02:00:00Z,2024,nhl,Calgary Flames,Dallas Stars,4,3,0,401559579
2023-12-01T02:00:00Z,2024,nhl,Arizona Coyotes,Colorado Avalanche,4,3,0,401559580
2023-12-01T03:00:00Z,2024,nhl,Vancouver Canucks,Vegas Golden Knights,1,4,0,401559581
2023-12-01T03:00:00Z,2024,nhl,Anaheim Ducks,Washington Capitals,4,5,0,401559582
2023-12-02T00:00:00Z,2024,nhl,New Jersey Devils,San Jose Sharks,3,6,0,401559583
2023-12-02T00:00:00Z,2024,nhl,Columbus Blue Jackets,Ottawa Senators,4,2,0,401559584
2023-12-02T19:00:00Z,2024,nhl,Dallas Stars,Tampa Bay Lightning,8,1,0,401559585
2023-12-02T20:00:00Z,2024,nhl,Winnipeg Jets,Chicago Blackhawks,3,1,0,401559586
2023-12-02T21:30:00Z,2024,nhl,Nashville Predators,New York Rangers,3,4,0,401559587
2023-12-02T23:00:00Z,2024,nhl,Florida Panthers,New York Islanders,3,4,0,401559588
2023-12-03T00:00:00Z,2024,nhl,Toronto Maple Leafs,Boston Bruins,3,4,0,401559589
2023-12-03T00:00:00Z,2024,nhl,Montreal Canadiens,Detroit Red Wings,4,5,0,401559590
2023-12-03T00:00:00Z,2024,nhl,Ottawa Senators,Seattle Kraken,2,0,0,401559591
2023-12-03T00:00:00Z,2024,nhl,Pittsburgh Penguins,Philadelphia Flyers,3,4,0,401559592
2023-12-03T00:00:00Z,2024,nhl,Carolina Hurricanes,Buffalo Sabres,6,2,0,401559593
2023-12-03T02:00:00Z,2024,nhl,Arizona Coyotes,St. Louis Blues,4,1,0,401559594
2023-12-03T03:00:00Z,2024,nhl,Calgary Flames,Vancouver Canucks,3,4,0,401559595
2023-12-03T03:00:00Z,2024,nhl,Vegas Golden Knights,Washington Capitals,4,1,0,401559596
2023-12-03T03:00:00Z,2024,nhl,Anaheim Ducks,Colorado Avalanche,4,3,0,401559597
2023-12-03T19:00:00Z,2024,nhl,Minnesota Wild,Chicago Blackhawks,4,1,0,401559598
2023-12-03T23:00:00Z,2024,nhl,New York Rangers,San Jose Sharks,6,5,0,401559599
2023-12-04T00:00:00Z,2024,nhl,Boston Bruins,Columbus Blue Jackets,3,1,0,401559600
2023-12-04T00:00:00Z,2024,nhl,Buffalo Sabres,Nashville Predators,1,2,0,401559601
2023-12-04T01:00:00Z,2024,nhl,Los Angeles Kings,Colorado Avalanche,4,1,0,401559602
2023-12-05T00:00:00Z,2024,nhl,Tampa Bay Lightning,Dallas Stars,4,0,0,401559604
2023-12-05T00:00:00Z,2024,nhl,Philadelphia Flyers,Pittsburgh Penguins,2,1,0,401559605
2023-12-05T00:30:00Z,2024,nhl,Montreal Canadiens,Seattle Kraken,4,2,0,401559603
2023-12-05T00:30:00Z,2024,nhl,Winnipeg Jets,Carolina Hurricanes,2,1,0,401559606
2023-12-05T02:00:00Z,2024,nhl,Arizona Coyotes,Washington Capitals,6,0,0,401559607
2023-12-05T03:00:00Z,2024,nhl,Vegas Golden Knights,St. Louis Blues,1,2,0,401559608
2023-12-06T00:00:00Z,2024,nhl,Ottawa Senators,New York Rangers,6,2,0,401559610
2023-12-06T00:00:00Z,2024,nhl,Columbus Blue Jackets,Los Angeles Kings,3,4,0,401559611
2023-12-06T00:30:00Z,2024,nhl,Buffalo Sabres,Detroit Red Wings,3,5,0,401559609
2023-12-06T00:30:00Z,2024,nhl,New York Islanders,San Jose Sharks,4,5,0,401559612
2023-12-06T01:30:00Z,2024,nhl,Chicago Blackhawks,Nashville Predators,3,4,0,401559613
2023-12-06T02:00:00Z,2024,nhl,Colorado Avalanche,Anaheim Ducks,3,2,0,401559614
2023-12-06T02:00:00Z,2024,nhl,Calgary Flames,Minnesota Wild,2,5,0,401559615
2023-12-06T03:00:00Z,2024,nhl,Vancouver Canucks,New Jersey Devils,5,6,0,401559616
2023-12-07T00:00:00Z,2024,nhl,Tampa Bay Lightning,Pittsburgh Penguins,3,1,0,401559617
2023-12-07T00:00:00Z,2024,nhl,Florida Panthers,Dallas Stars,5,4,0,401559618
2023-12-07T02:00:00Z,2024,nhl,St. Louis Blues,Vegas Golden Knights,3,6,0,401559619
2023-12-07T02:30:00Z,2024,nhl,Edmonton Oilers,Carolina Hurricanes,6,1,0,401559620
2023-12-08T00:00:00Z,2024,nhl,Boston Bruins,Buffalo Sabres,1,3,0,401559621
2023-12-08T00:00:00Z,2024,nhl,Montreal Canadiens,Los Angeles Kings,0,4,0,401559622
2023-12-08T00:00:00Z,2024,nhl,Ottawa Senators,Toronto Maple Leafs,3,4,0,401559623
2023-12-08T00:00:00Z,2024,nhl,Detroit Red Wings,San Jose Sharks,5,6,0,401559624
2023-12-08T00:30:00Z,2024,nhl,New York Islanders,Columbus Blue Jackets,7,3,0,401559626
2023-12-08T01:00:00Z,2024,nhl,Washington Capitals,Dallas Stars,4,5,0,401559625
2023-12-08T01:00:00Z,2024,nhl,Nashville Predators,Tampa Bay Lightning,5,1,0,401559627
2023-12-08T01:30:00Z,2024,nhl,Chicago Blackhawks,Anaheim Ducks,1,0,0,401559628
2023-12-08T02:00:00Z,2024,nhl,Colorado Avalanche,Winnipeg Jets,2,4,0,401559629
2023-12-08T02:00:00Z,2024,nhl,Calgary Flames,Carolina Hurricanes,3,2,0,401559630
2023-12-08T02:00:00Z,2024,nhl,Arizona Coyotes,Philadelphia Flyers,1,4,0,401559631
2023-12-08T03:00:00Z,2024,nhl,Vancouver Canucks,Minnesota Wild,2,0,0,401559632
2023-12-08T03:30:00Z,2024,nhl,Seattle Kraken,New Jersey Devils,1,2,0,401559633
2023-12-09T00:00:00Z,2024,nhl,Florida Panthers,Pittsburgh Penguins,3,1,0,401559634
2023-12-09T00:00:00Z,2024,nhl,Columbus Blue Jackets,St. Louis Blues,5,2,0,401559635
2023-12-09T02:00:00Z,2024,nhl,Edmonton Oilers,Minnesota Wild,4,3,0,401559636
2023-12-09T18:00:00Z,2024,nhl,Boston Bruins,Arizona Coyotes,5,3,0,401559637
2023-12-09T21:00:00Z,2024,nhl,Dallas Stars,Vegas Golden Knights,1,6,0,401559638
2023-12-09T21:00:00Z,2024,nhl,Calgary Flames,New Jersey Devils,2,4,0,401559639
2023-12-10T00:00:00Z,2024,nhl,Buffalo Sabres,Montreal Canadiens,2,3,0,401559640
2023-12-10T00:00:00Z,2024,nhl,Toronto Maple Leafs,Nashville Predators,4,0,0,401559641
2023-12-10T00:00:00Z,2024,nhl,Detroit Red Wings,Ottawa Senators,1,5,0,401559642
2023-12-10T00:00:00Z,2024,nhl,Washington Capitals,New York Rangers,4,0,0,401559643
2023-12-10T00:30:00Z,2024,nhl,New York Islanders,Los Angeles Kings,3,2,0,401559644
2023-12-10T01:00:00Z,2024,nhl,Chicago Blackhawks,St. Louis Blues,3,1,0,401559645
2023-12-10T02:00:00Z,2024,nhl,Colorado Avalanche,Philadelphia Flyers,2,5,0,401559646
2023-12-10T03:00:00Z,2024,nhl,Vancouver Canucks,Carolina Hurricanes,4,3,0,401559647
2023-12-10T03:00:00Z,2024,nhl,Seattle Kraken,Tampa Bay Lightning,3,4,0,401559648
2023-12-10T18:00:00Z,2024,nhl,Columbus Blue Jackets,Florida Panthers,2,5,0,401559649
2023-12-10T21:00:00Z,2024,nhl,Edmonton Oilers,New Jersey Devils,4,1,0,401559650
2023-12-11T00:00:00Z,2024,nhl,Montreal Canadiens,Nashville Predators,1,2,0,401559651
2023-12-11T00:00:00Z,2024,nhl,New York Rangers,Los Angeles Kings,4,1,0,401559652
2023-12-11T00:00:00Z,2024,nhl,Chicago Blackhawks,Washington Capitals,2,4,0,401559653
2023-12-11T01:00:00Z,2024,nhl,Anaheim Ducks,Winnipeg Jets,2,4,0,401559654
2023-12-11T02:00:00Z,2024,nhl,Seattle Kraken,Minnesota Wild,0,3,0,401559655
2023-12-11T03:00:00Z,2024,nhl,Vegas Golden Knights,San Jose Sharks,5,4,0,401559656
2023-12-12T00:00:00Z,2024,nhl,Buffalo Sabres,Arizona Coyotes,5,2,0,401559657
2023-12-12T00:00:00Z,2024,nhl,New York Islanders,Toronto Maple Leafs,4,3,0,401559658
2023-12-12T01:00:00Z,2024,nhl,Dallas Stars,Detroit Red Wings,6,3,0,401559659
2023-12-12T02:30:00Z,2024,nhl,Colorado Avalanche,Calgary Flames,6,5,0,401559660
2023-12-13T00:00:00Z,2024,nhl,Ottawa Senators,Carolina Hurricanes,1,4,0,401559661
2023-12-13T00:00:00Z,2024,nhl,New York Rangers,Toronto Maple Leafs,3,7,0,401559662
2023-12-13T00:00:00Z,2024,nhl,Pittsburgh Penguins,Arizona Coyotes,4,2,0,401559663
2023-12-13T00:30:00Z,2024,nhl,St. Louis Blues,Detroit Red Wings,4,6,0,401559664
2023-12-13T01:00:00Z,2024,nhl,Nashville Predators,Philadelphia Flyers,3,2,0,401559665
2023-12-13T03:00:00Z,2024,nhl,Vancouver Canucks,Tampa Bay Lightning,4,1,0,401559667
2023-12-13T03:00:00Z,2024,nhl,Vegas Golden Knights,Calgary Flames,5,4,0,401559668
2023-12-13T03:00:00Z,2024,nhl,Seattle Kraken,Florida Panthers,4,0,0,401559669
2023-12-13T03:15:00Z,2024,nhl,Edmonton Oilers,Chicago Blackhawks,4,1,0,401559666
2023-12-13T03:30:00Z,2024,nhl,San Jose Sharks,Winnipeg Jets,2,1,0,401559670
2023-12-14T00:00:00Z,2024,nhl,Montreal Canadiens,Pittsburgh Penguins,3,4,0,401559671
2023-12-14T00:30:00Z,2024,nhl,New Jersey Devils,Boston Bruins,2,1,0,401559672
2023-12-14T00:30:00Z,2024,nhl,New York Islanders,Anaheim Ducks,4,3,0,401559673
2023-12-14T03:00:00Z,2024,nhl,Colorado Avalanche,Buffalo Sabres,5,1,0,401559674
2023-12-14T03:30:00Z,2024,nhl,Los Angeles Kings,Winnipeg Jets,2,5,0,401559675
2023-12-15T00:00:00Z,2024,nhl,Toronto Maple Leafs,Columbus Blue Jackets,5,6,0,401559676
2023-12-15T00:00:00Z,2024,nhl,Philadelphia Flyers,Washington Capitals,4,3,0,401559678
2023-12-15T00:30:00Z,2024,nhl,Detroit Red Wings,Carolina Hurricanes,1,2,0,401559677
2023-12-15T01:00:00Z,2024,nhl,St. Louis Blues,Ottawa Senators,4,2,0,401559679
2023-12-15T01:00:00Z,2024,nhl,Minnesota Wild,Calgary Flames,3,2,0,401559680
2023-12-15T02:00:00Z,2024,nhl,Edmonton Oilers,Tampa Bay Lightning,4,7,0,401559681
2023-12-15T03:00:00Z,2024,nhl,Vancouver Canucks,Florida Panthers,4,0,0,401559682
2023-12-15T03:00:00Z,2024,nhl,Seattle Kraken,Chicago Blackhawks,7,1,0,401559683
2023-12-16T00:00:00Z,2024,nhl,New York Rangers,Anaheim Ducks,5,1,0,401559684
2023-12-16T00:30:00Z,2024,nhl,Carolina Hurricanes,Nashville Predators,5,6,0,401559685
2023-12-16T00:30:00Z,2024,nhl,New York Islanders,Boston Bruins,4,5,0,401559686
2023-12-16T01:00:00Z,2024,nhl,Dallas Stars,Ottawa Senators,5,4,0,401559687
2023-12-16T02:00:00Z,2024,nhl,Arizona Coyotes,San Jose Sharks,1,0,0,401559688
2023-12-16T03:00:00Z,2024,nhl,Vegas Golden Knights,Buffalo Sabres,2,5,0,401559689
2023-12-16T19:00:00Z,2024,nhl,Minnesota Wild,Vancouver Canucks,2,1,0,401559690
2023-12-17T00:00:00Z,2024,nhl,Boston Bruins,New York Rangers,1,2,0,401559691
2023-12-17T00:00:00Z,2024,nhl,Toronto Maple Leafs,Pittsburgh Penguins,7,0,0,401559692
2023-12-17T00:00:00Z,2024,nhl,Montreal Canadiens,New York Islanders,5,3,0,401559693
2023-12-17T00:00:00Z,2024,nhl,Philadelphia Flyers,Detroit Red Wings,1,0,0,401559694
2023-12-17T00:00:00Z,2024,nhl,Columbus Blue Jackets,New Jersey Devils,3,6,0,401559695
2023-12-17T00:00:00Z,2024,nhl,Winnipeg Jets,Colorado Avalanche,6,2,0,401559696
2023-12-17T01:00:00Z,2024,nhl,St. Louis Blues,Dallas Stars,4,3,0,401559697
2023-12-17T01:00:00Z,2024,nhl,Nashville Predators,Washington Capitals,3,1,0,401559698
2023-12-17T02:00:00Z,2024,nhl,Arizona Coyotes,Buffalo Sabres,2,0,0,401559699
2023-12-17T03:00:00Z,2024,nhl,Calgary Flames,Tampa Bay Lightning,4,2,0,401559700
2023-12-17T03:00:00Z,2024,nhl,Edmonton Oilers,Florida Panthers,1,5,0,401559701
2023-12-17T03:00:00Z,2024,nhl,Seattle Kraken,Los Angeles Kings,2,3,0,401559702
2023-12-17T20:00:00Z,2024,nhl,Chicago Blackhawks,Vancouver Canucks,3,4,0,401559703
2023-12-17T23:00:00Z,2024,nhl,Carolina Hurricanes,Washington Capitals,1,2,0,401559704
2023-12-18T00:00:00Z,2024,nhl,New Jersey Devils,Anaheim Ducks,1,5,0,401559705
2023-12-18T01:00:00Z,2024,nhl,Colorado Avalanche,San Jose Sharks,6,2,0,401559706
2023-12-18T01:00:00Z,2024,nhl,Vegas Golden Knights,Ottawa Senators,6,3,0,401559707
2023-12-19T00:00:00Z,2024,nhl,Detroit Red Wings,Anaheim Ducks,3,4,0,401559708
2023-12-19T00:00:00Z,2024,nhl,Pittsburgh Penguins,Minnesota Wild,4,3,0,401559709
2023-12-19T00:30:00Z,2024,nhl,Winnipeg Jets,Montreal Canadiens,2,3,0,401559710
2023-12-19T01:00:00Z,2024,nhl,Dallas Stars,Seattle Kraken,4,3,0,401559711
2023-12-19T02:30:00Z,2024,nhl,Calgary Flames,Florida Panthers,3,1,0,401559712
2023-12-20T00:00:00Z,2024,nhl,Boston Bruins,Minnesota Wild,3,4,0,401559713
2023-12-20T00:00:00Z,2024,nhl,Buffalo Sabres,Columbus Blue Jackets,4,9,0,401559714
2023-12-20T00:00:00Z,2024,nhl,Toronto Maple Leafs,New York Rangers,2,5,0,401559715
2023-12-20T00:00:00Z,2024,nhl,Tampa Bay Lightning,St. Louis Blues,6,1,0,401559716
2023-12-20T00:00:00Z,2024,nhl,New Jersey Devils,Philadelphia Flyers,2,3,0,401559717
2023-12-20T00:00:00Z,2024,nhl,Carolina Hurricanes,Vegas Golden Knights,6,3,0,401559718
2023-12-20T00:30:00Z,2024,nhl,New York Islanders,Edmonton Oilers,3,1,0,401559719
2023-12-20T01:00:00Z,2024,nhl,Nashville Predators,Vancouver Canucks,2,5,0,401559720
2023-12-20T01:30:00Z,2024,nhl,Chicago Blackhawks,Colorado Avalanche,3,2,0,401559721
2023-12-20T02:00:00Z,2024,nhl,Arizona Coyotes,Ottawa Senators,4,3,0,401559722
2023-12-20T03:30:00Z,2024,nhl,San Jose Sharks,Los Angeles Kings,1,4,0,401559723
2023-12-21T00:30:00Z,2024,nhl,Washington Capitals,New York Islanders,3,2,0,401559724
2023-12-21T00:30:00Z,2024,nhl,Winnipeg Jets,Detroit Red Wings,5,2,0,401559725
2023-12-21T03:00:00Z,2024,nhl,Los Angeles Kings,Seattle Kraken,1,2,0,401559726
2023-12-22T00:00:00Z,2024,nhl,Buffalo Sabres,Toronto Maple Leafs,9,3,0,401559727
2023-12-22T00:00:00Z,2024,nhl,Tampa Bay Lightning,Vegas Golden Knights,5,4,0,401559728
2023-12-22T00:00:00Z,2024,nhl,Florida Panthers,St. Louis Blues,1,4,0,401559729
2023-12-22T00:00:00Z,2024,nhl,Philadelphia Flyers,Nashville Predators,2,4,0,401559731
2023-12-22T00:00:00Z,2024,nhl,Pittsburgh Penguins,Carolina Hurricanes,2,1,0,401559732
2023-12-22T00:00:00Z,2024,nhl,Columbus Blue Jackets,Washington Capitals,2,3,0,401559733
2023-12-22T00:30:00Z,2024,nhl,New Jersey Devils,Edmonton Oilers,3,6,0,401559730
2023-12-22T01:00:00Z,2024,nhl,Dallas Stars,Vancouver Canucks,4,3,0,401559734
2023-12-22T01:00:00Z,2024,nhl,Minnesota Wild,Montreal Canadiens,4,3,0,401559735
2023-12-22T02:00:00Z,2024,nhl,Colorado Avalanche,Ottawa Senators,6,4,0,401559736
2023-12-22T03:00:00Z,2024,nhl,Anaheim Ducks,Calgary Flames,0,3,0,401559737
2023-12-22T03:30:00Z,2024,nhl,San Jose Sharks,Arizona Coyotes,2,5,0,401559738
2023-12-23T00:00:00Z,2024,nhl,Detroit Red Wings,Philadelphia Flyers,7,6,0,401559739
2023-12-23T00:30:00Z,2024,nhl,New York Rangers,Edmonton Oilers,3,4,0,401559740
2023-12-23T01:00:00Z,2024,nhl,Winnipeg Jets,Boston Bruins,5,1,0,401559741
2023-12-23T01:30:00Z,2024,nhl,Chicago Blackhawks,Montreal Canadiens,2,5,0,401559742
2023-12-23T19:00:00Z,2024,nhl,Nashville Predators,Dallas Stars,2,3,0,401559744
2023-12-23T20:00:00Z,2024,nhl,Florida Panthers,Vegas Golden Knights,4,2,0,401559743
2023-12-24T00:00:00Z,2024,nhl,Ottawa Senators,Pittsburgh Penguins,5,4,0,401559745
2023-12-24T00:00:00Z,2024,nhl,New Jersey Devils,Detroit Red Wings,3,2,0,401559746
2023-12-24T00:00:00Z,2024,nhl,Washington Capitals,Tampa Bay Lightning,1,2,0,401559747
2023-12-24T00:00:00Z,2024,nhl,Columbus Blue Jackets,Toronto Maple Leafs,1,4,0,401559749
2023-12-24T00:00:00Z,2024,nhl,Minnesota Wild,Boston Bruins,3,2,0,401559750
2023-12-24T00:30:00Z,2024,nhl,Carolina Hurricanes,New York Islanders,4,5,0,401559748
2023-12-24T00:30:00Z,2024,nhl,New York Rangers,Buffalo Sabres,4,3,0,401559751
2023-12-24T01:00:00Z,2024,nhl,St. Louis Blues,Chicago Blackhawks,7,5,0,401559752
2023-12-24T01:00:00Z,2024,nhl,Anaheim Ducks,Seattle Kraken,2,3,0,401559753
2023-12-24T02:00:00Z,2024,nhl,Colorado Avalanche,Arizona Coyotes,4,1,0,401559754
2023-12-24T03:00:00Z,2024,nhl,Vancouver Canucks,San Jose Sharks,7,4,0,401559755
2023-12-24T03:00:00Z,2024,nhl,Los Angeles Kings,Calgary Flames,5,3,0,401559756
2023-12-28T00:00:00Z,2024,nhl,Toronto Maple Leafs,Ottawa Senators,2,4,0,401559757
2023-12-28T00:00:00Z,2024,nhl,Tampa Bay Lightning,Florida Panthers,2,3,0,401559758
2023-12-28T00:00:00Z,2024,nhl,New Jersey Devils,Columbus Blue Jackets,4,3,0,401559759
2023-12-28T00:00:00Z,2024,nhl,New York Rangers,Washington Capitals,5,1,0,401559760
2023-12-28T00:30:00Z,2024,nhl,Buffalo Sabres,Boston Bruins,1,4,0,401559761
2023-12-28T00:30:00Z,2024,nhl,New York Islanders,Pittsburgh Penguins,0,7,0,401559762
2023-12-28T01:00:00Z,2024,nhl,St. Louis Blues,Dallas Stars,2,1,0,401559763
2023-12-28T01:00:00Z,2024,nhl,Nashville Predators,Carolina Hurricanes,2,5,0,401559764
2023-12-28T01:00:00Z,2024,nhl,Minnesota Wild,Detroit Red Wings,6,3,0,401559765
2023-12-28T02:00:00Z,2024,nhl,Chicago Blackhawks,Winnipeg Jets,2,1,0,401559766
2023-12-28T02:00:00Z,2024,nhl,Arizona Coyotes,Colorado Avalanche,5,4,0,401559767
2023-12-28T02:30:00Z,2024,nhl,Calgary Flames,Seattle Kraken,1,2,0,401559768
2023-12-28T03:00:00Z,2024,nhl,Anaheim Ducks,Vegas Golden Knights,5,2,0,401559769
2023-12-28T03:00:00Z,2024,nhl,Los Angeles Kings,San Jose Sharks,5,1,0,401559770
2023-12-29T00:00:00Z,2024,nhl,Carolina Hurricanes,Montreal Canadiens,5,3,0,401559771
2023-12-29T03:00:00Z,2024,nhl,Vancouver Canucks,Philadelphia Flyers,1,4,0,401559772
2023-12-29T03:00:00Z,2024,nhl,Vegas Golden Knights,Los Angeles Kings,3,2,0,401559773
2023-12-29T03:30:00Z,2024,nhl,San Jose Sharks,Edmonton Oilers,0,5,0,401559774
2023-12-30T00:00:00Z,2024,nhl,Ottawa Senators,New Jersey Devils,2,6,0,401559775
2023-12-30T00:00:00Z,2024,nhl,Detroit Red Wings,Nashville Predators,5,4,0,401559776
2023-12-30T00:00:00Z,2024,nhl,Florida Panthers,New York Rangers,4,3,0,401559777
2023-12-30T00:00:00Z,2024,nhl,Columbus Blue Jackets,Toronto Maple Leafs,6,5,0,401559778
2023-12-30T00:30:00Z,2024,nhl,New York Islanders,Washington Capitals,5,1,0,401559779
2023-12-30T01:00:00Z,2024,nhl,St. Louis Blues,Colorado Avalanche,1,2,0,401559780
2023-12-30T01:00:00Z,2024,nhl,Dallas Stars,Chicago Blackhawks,5,4,0,401559781
2023-12-30T03:00:00Z,2024,nhl,Anaheim Ducks,Arizona Coyotes,0,2,0,401559782
2023-12-30T03:00:00Z,2024,nhl,Seattle Kraken,Philadelphia Flyers,2,1,0,401559783
2023-12-30T19:00:00Z,2024,nhl,Winnipeg Jets,Minnesota Wild,4,2,0,401559784
2023-12-30T22:00:00Z,2024,nhl,Buffalo Sabres,Columbus Blue Jackets,3,2,0,401559785
2023-12-31T00:00:00Z,2024,nhl,Boston Bruins,New Jersey Devils,5,2,0,401559786
2023-12-31T00:00:00Z,2024,nhl,Toronto Maple Leafs,Carolina Hurricanes,2,3,0,401559787
2023-12-31T00:00:00Z,2024,nhl,Tampa Bay Lightning,New York Rangers,1,5,0,401559788
2023-12-31T00:00:00Z,2024,nhl,Florida Panthers,Montreal Canadiens,4,1,0,401559789
2023-12-31T00:00:00Z,2024,nhl,Pittsburgh Penguins,St. Louis Blues,4,2,0,401559790
2023-12-31T00:00:00Z,2024,nhl,Washington Capitals,Nashville Predators,2,3,0,401559791
2023-12-31T03:00:00Z,2024,nhl,Los Angeles Kings,Edmonton Oilers,2,3,0,401559792
2023-12-31T19:00:00Z,2024,nhl,Minnesota Wild,Winnipeg Jets,2,3,0,401559793
2023-12-31T22:00:00Z,2024,nhl,Detroit Red Wings,Boston Bruins,3,5,0,401559794
2023-12-31T23:00:00Z,2024,nhl,Ottawa Senators,Buffalo Sabres,5,1,0,401559795
2023-12-31T23:00:00Z,2024,nhl,Pittsburgh Penguins,New York Islanders,3,1,0,401559796
